sample_id	dataset	study_name	subject_id	body_site	study_condition	disease	age_category	country	location	non_westernized	sequencing_platform	DNA_extraction_kit	PMID	number_reads	number_bases	minimum_read_length	median_read_length	NCBI_accession	curator	disease_subtype	days_from_first_collection	visit_number	calprotectin	HBI	SCCAI	condition	antibiotics_current_use	age	gender	BMI	mgs_richness	ferm_milk_prod_consumer	diagnosis	Group
p8582_mo1	HallAB_2017	HallAB_2017	p8582	stool	IBD	IBD	adult	USA	Boston	no	IlluminaMiSeq	Qiagen	29183332	19899922	1986386907	63	101	SRR5650134	Marisa_Metzger	CD	30	1	69.02708	4		IBD								
p8582_mo10	HallAB_2017	HallAB_2017	p8582	stool	IBD	IBD	adult	USA	Boston	no	IlluminaMiSeq	Qiagen	29183332	108363978	10650811797	50	101	SRR5650133	Marisa_Metzger	CD	300	10	23.429			IBD								
p8582_mo11	HallAB_2017	HallAB_2017	p8582	stool	IBD	IBD	adult	USA	Boston	no	IlluminaMiSeq	Qiagen	29183332	119519042	11766443190	50	101	SRR5650132	Marisa_Metzger	CD	330	11	36.542	0		IBD								
p8582_mo12	HallAB_2017	HallAB_2017	p8582	stool	IBD	IBD	adult	USA	Boston	no	IlluminaMiSeq	Qiagen	29183332	32504638	3192533424	54	101	SRR5650190	Marisa_Metzger	CD	360	12	131.7301	1		IBD								
p8582_mo2	HallAB_2017	HallAB_2017	p8582	stool	IBD	IBD	adult	USA	Boston	no	IlluminaMiSeq	Qiagen	29183332	18231988	1816617641	63	101	SRR5650189	Marisa_Metzger	CD	60	2	33	3		IBD								
p8582_mo3	HallAB_2017	HallAB_2017	p8582	stool	IBD	IBD	adult	USA	Boston	no	IlluminaMiSeq	Qiagen	29183332	15206554	1515649985	63	101	SRR5650188	Marisa_Metzger	CD	90	3	49	3		IBD								
p8582_mo4	HallAB_2017	HallAB_2017	p8582	stool	IBD	IBD	adult	USA	Boston	no	IlluminaMiSeq	Qiagen	29183332	17489810	1746316854	63	101	SRR5650187	Marisa_Metzger	CD	120	4	22	1		IBD								
p8582_mo5	HallAB_2017	HallAB_2017	p8582	stool	IBD	IBD	adult	USA	Boston	no	IlluminaMiSeq	Qiagen	29183332	17718166	1767666154	63	101	SRR5650042	Marisa_Metzger	CD	150	5	40	1		IBD								
p8582_mo6	HallAB_2017	HallAB_2017	p8582	stool	IBD	IBD	adult	USA	Boston	no	IlluminaMiSeq	Qiagen	29183332	15798474	1575874446	63	101	SRR5650044	Marisa_Metzger	CD	180	6	33	2		IBD								
p8582_mo7	HallAB_2017	HallAB_2017	p8582	stool	IBD	IBD	adult	USA	Boston	no	IlluminaMiSeq	Qiagen	29183332	17190736	1713037850	63	101	SRR5650043	Marisa_Metzger	CD	210	7	26.28439	1		IBD								
p8582_mo8	HallAB_2017	HallAB_2017	p8582	stool	IBD	IBD	adult	USA	Boston	no	IlluminaMiSeq	Qiagen	29183332	43338684	4254230041	54	101	SRR5650113	Marisa_Metzger	CD	240	8	26.29514	0		IBD								
p8582_mo9	HallAB_2017	HallAB_2017	p8582	stool	IBD	IBD	adult	USA	Boston	no	IlluminaMiSeq	Qiagen	29183332	8946276	878600877	50	101	SRR5650112	Marisa_Metzger	CD	270	9	52.322	0		IBD								
p8585_mo1	HallAB_2017	HallAB_2017	p8585	stool	IBD	IBD	adult	USA	Boston	no	IlluminaMiSeq	Qiagen	29183332	47118382	4567635647	54	101	SRR5650115	Marisa_Metzger	CD	30	1	213.4963	0		IBD								
p8585_mo2	HallAB_2017	HallAB_2017	p8585	stool	IBD	IBD	adult	USA	Boston	no	IlluminaMiSeq	Qiagen	29183332	13636436	1359839891	63	101	SRR5650114	Marisa_Metzger	CD	60	2	1086	0		IBD								
p8585_mo3	HallAB_2017	HallAB_2017	p8585	stool	IBD	IBD	adult	USA	Boston	no	IlluminaMiSeq	Qiagen	29183332	14758928	1473188407	63	101	SRR5650109	Marisa_Metzger	CD	90	3	1068	1		IBD								
p8585_mo4	HallAB_2017	HallAB_2017	p8585	stool	IBD	IBD	adult	USA	Boston	no	IlluminaMiSeq	Qiagen	29183332	17202856	1717628552	63	101	SRR5650108	Marisa_Metzger	CD	120	4	737	1		IBD								
p8585_mo6	HallAB_2017	HallAB_2017	p8585	stool	IBD	IBD	adult	USA	Boston	no	IlluminaMiSeq	Qiagen	29183332	16759728	1673798539	63	101	SRR5650111	Marisa_Metzger	CD	180	6	441.19			IBD								
p8585_mo7	HallAB_2017	HallAB_2017	p8585	stool	IBD	IBD	adult	USA	Boston	no	IlluminaMiSeq	Qiagen	29183332	111587640	10994522469	50	101	SRR5650110	Marisa_Metzger	CD	210	7	596.72			IBD								
p8585_mo8	HallAB_2017	HallAB_2017	p8585	stool	IBD	IBD	adult	USA	Boston	no	IlluminaMiSeq	Qiagen	29183332	40219880	3961221292	50	101	SRR5650107	Marisa_Metzger	CD	240	8	271.05	2		IBD								
p8585_mo9	HallAB_2017	HallAB_2017	p8585	stool	IBD	IBD	adult	USA	Boston	no	IlluminaMiSeq	Qiagen	29183332	46365942	4600515029	50	101	SRR5650106	Marisa_Metzger	CD	270	9	16.546			IBD								
p8600_mo1	HallAB_2017	HallAB_2017	p8600	stool	IBD	IBD	adult	USA	Boston	no	IlluminaMiSeq	Qiagen	29183332	18426822	1842986760	63	101	SRR5650076	Marisa_Metzger	UC	30	1	25			IBD								
p8600_mo10	HallAB_2017	HallAB_2017	p8600	stool	IBD	IBD	adult	USA	Boston	no	IlluminaMiSeq	Qiagen	29183332	42838038	4212021181	50	101	SRR5650077	Marisa_Metzger	UC	300	10	55.657			IBD								
p8600_mo11	HallAB_2017	HallAB_2017	p8600	stool	IBD	IBD	adult	USA	Boston	no	IlluminaMiSeq	Qiagen	29183332	41763066	4103239463	54	101	SRR5650078	Marisa_Metzger	UC	330	11	41.69086		0	IBD								
p8600_mo12	HallAB_2017	HallAB_2017	p8600	stool	IBD	IBD	adult	USA	Boston	no	IlluminaMiSeq	Qiagen	29183332	37104818	3632294925	54	101	SRR5650079	Marisa_Metzger	UC	360	12	57.18498		0	IBD								
p8600_mo2	HallAB_2017	HallAB_2017	p8600	stool	IBD	IBD	adult	USA	Boston	no	IlluminaMiSeq	Qiagen	29183332	43026742	4236932263	54	101	SRR5650080	Marisa_Metzger	UC	60	2	66			IBD								
p8600_mo3	HallAB_2017	HallAB_2017	p8600	stool	IBD	IBD	adult	USA	Boston	no	IlluminaMiSeq	Qiagen	29183332	16839892	1682659597	63	101	SRR5650081	Marisa_Metzger	UC	90	3	88			IBD								
p8600_mo4	HallAB_2017	HallAB_2017	p8600	stool	IBD	IBD	adult	USA	Boston	no	IlluminaMiSeq	Qiagen	29183332	16468096	1644603428	63	101	SRR5650082	Marisa_Metzger	UC	120	4	19			IBD								
p8600_mo5	HallAB_2017	HallAB_2017	p8600	stool	IBD	IBD	adult	USA	Boston	no	IlluminaMiSeq	Qiagen	29183332	17652094	1761067871	63	101	SRR5650083	Marisa_Metzger	UC	150	5	30		0	IBD								
p8600_mo6	HallAB_2017	HallAB_2017	p8600	stool	IBD	IBD	adult	USA	Boston	no	IlluminaMiSeq	Qiagen	29183332	17354316	1729694895	63	101	SRR5650084	Marisa_Metzger	UC	180	6	28.743		0	IBD								
p8600_mo7	HallAB_2017	HallAB_2017	p8600	stool	IBD	IBD	adult	USA	Boston	no	IlluminaMiSeq	Qiagen	29183332	41011432	4024112515	54	101	SRR5650085	Marisa_Metzger	UC	210	7	22.182		0	IBD								
p8600_mo8	HallAB_2017	HallAB_2017	p8600	stool	IBD	IBD	adult	USA	Boston	no	IlluminaMiSeq	Qiagen	29183332	106166204	10382211900	50	101	SRR5650062	Marisa_Metzger	UC	240	8	25.705		0	IBD								
p8600_mo9	HallAB_2017	HallAB_2017	p8600	stool	IBD	IBD	adult	USA	Boston	no	IlluminaMiSeq	Qiagen	29183332	96566006	9515267834	50	101	SRR5650061	Marisa_Metzger	UC	270	9	18.561		1	IBD								
p8646_mo1	HallAB_2017	HallAB_2017	p8646	stool	IBD	IBD	adult	USA	Boston	no	IlluminaMiSeq	Qiagen	29183332	17198616	1718106431	63	101	SRR5650060	Marisa_Metzger	UC	30	1	25			IBD								
p8646_mo10	HallAB_2017	HallAB_2017	p8646	stool	IBD	IBD	adult	USA	Boston	no	IlluminaMiSeq	Qiagen	29183332	37496970	3685738087	54	101	SRR5650059	Marisa_Metzger	UC	300	10	283.7161		2	IBD								
p8646_mo11	HallAB_2017	HallAB_2017	p8646	stool	IBD	IBD	adult	USA	Boston	no	IlluminaMiSeq	Qiagen	29183332	39182144	3855711151	54	101	SRR5650058	Marisa_Metzger	UC	330	11	188.628		2	IBD								
p8646_mo12	HallAB_2017	HallAB_2017	p8646	stool	IBD	IBD	adult	USA	Boston	no	IlluminaMiSeq	Qiagen	29183332	34562218	3404915902	54	101	SRR5650057	Marisa_Metzger	UC	360	12	327.166		2	IBD								
p8646_mo2	HallAB_2017	HallAB_2017	p8646	stool	IBD	IBD	adult	USA	Boston	no	IlluminaMiSeq	Qiagen	29183332	20251554	2019568569	63	101	SRR5650056	Marisa_Metzger	UC	60	2	102		2	IBD								
p8646_mo3	HallAB_2017	HallAB_2017	p8646	stool	IBD	IBD	adult	USA	Boston	no	IlluminaMiSeq	Qiagen	29183332	19415372	1937406386	63	101	SRR5650055	Marisa_Metzger	UC	90	3	93		2	IBD								
p8646_mo4	HallAB_2017	HallAB_2017	p8646	stool	IBD	IBD	adult	USA	Boston	no	IlluminaMiSeq	Qiagen	29183332	20357584	2031037059	63	101	SRR5650064	Marisa_Metzger	UC	120	4	172.55		1	IBD								
p8646_mo5	HallAB_2017	HallAB_2017	p8646	stool	IBD	IBD	adult	USA	Boston	no	IlluminaMiSeq	Qiagen	29183332	118326242	11645652799	50	101	SRR5650063	Marisa_Metzger	UC	150	5	76.717			IBD								
p8646_mo6	HallAB_2017	HallAB_2017	p8646	stool	IBD	IBD	adult	USA	Boston	no	IlluminaMiSeq	Qiagen	29183332	118988250	11567664942	50	101	SRR5650034	Marisa_Metzger	UC	180	6	467.14		5	IBD								
p8646_mo7	HallAB_2017	HallAB_2017	p8646	stool	IBD	IBD	adult	USA	Boston	no	IlluminaMiSeq	Qiagen	29183332	111949894	10988958061	50	101	SRR5650035	Marisa_Metzger	UC	210	7	188.628		2	IBD								
p8646_mo8	HallAB_2017	HallAB_2017	p8646	stool	IBD	IBD	adult	USA	Boston	no	IlluminaMiSeq	Qiagen	29183332	47010222	4625783746	50	101	SRR5650032	Marisa_Metzger	UC	240	8	78.562		2	IBD								
p8646_mo9	HallAB_2017	HallAB_2017	p8646	stool	IBD	IBD	adult	USA	Boston	no	IlluminaMiSeq	Qiagen	29183332	38751836	3805908648	54	101	SRR5650033	Marisa_Metzger	UC	270	9	87.76245		2	IBD								
p8649_mo1	HallAB_2017	HallAB_2017	p8649	stool	IBD	IBD	adult	USA	Boston	no	IlluminaMiSeq	Qiagen	29183332	124010576	12277736150	50	101	SRR5650038	Marisa_Metzger	CD	30	1	1322	11		IBD								
p8649_mo10	HallAB_2017	HallAB_2017	p8649	stool	IBD	IBD	adult	USA	Boston	no	IlluminaMiSeq	Qiagen	29183332	34225100	3358315261	54	101	SRR5650039	Marisa_Metzger	CD	300	10	238.8871	1		IBD								
p8649_mo11	HallAB_2017	HallAB_2017	p8649	stool	IBD	IBD	adult	USA	Boston	no	IlluminaMiSeq	Qiagen	29183332	24538426	2411565242	54	101	SRR5650036	Marisa_Metzger	CD	330	11	266.4148	0		IBD								
p8649_mo12	HallAB_2017	HallAB_2017	p8649	stool	IBD	IBD	adult	USA	Boston	no	IlluminaMiSeq	Qiagen	29183332	39182280	3843570423	54	101	SRR5650037	Marisa_Metzger	CD	360	12	302.0094	0		IBD								
p8649_mo2	HallAB_2017	HallAB_2017	p8649	stool	IBD	IBD	adult	USA	Boston	no	IlluminaMiSeq	Qiagen	29183332	118276174	11671588256	50	101	SRR5650040	Marisa_Metzger	CD	60	2	163	1		IBD								
p8649_mo3	HallAB_2017	HallAB_2017	p8649	stool	IBD	IBD	adult	USA	Boston	no	IlluminaMiSeq	Qiagen	29183332	120281418	11867775099	50	101	SRR5650041	Marisa_Metzger	CD	90	3	437	0		IBD								
p8649_mo4	HallAB_2017	HallAB_2017	p8649	stool	IBD	IBD	adult	USA	Boston	no	IlluminaMiSeq	Qiagen	29183332	102300978	10110344335	50	101	SRR5650178	Marisa_Metzger	CD	120	4	462.72	1		IBD								
p8649_mo5	HallAB_2017	HallAB_2017	p8649	stool	IBD	IBD	adult	USA	Boston	no	IlluminaMiSeq	Qiagen	29183332	9064634	901693237	63	101	SRR5650177	Marisa_Metzger	CD	150	5	463.82	1		IBD								
p8649_mo6	HallAB_2017	HallAB_2017	p8649	stool	IBD	IBD	adult	USA	Boston	no	IlluminaMiSeq	Qiagen	29183332	125695006	12377707589	50	101	SRR5650180	Marisa_Metzger	CD	180	6	269.76	1		IBD								
p8649_mo7	HallAB_2017	HallAB_2017	p8649	stool	IBD	IBD	adult	USA	Boston	no	IlluminaMiSeq	Qiagen	29183332	106251630	10454588457	50	101	SRR5650179	Marisa_Metzger	CD	210	7	340.53			IBD								
p8649_mo8	HallAB_2017	HallAB_2017	p8649	stool	IBD	IBD	adult	USA	Boston	no	IlluminaMiSeq	Qiagen	29183332	62917202	6186340887	50	101	SRR5650182	Marisa_Metzger	CD	240	8	272.99	1		IBD								
p8649_mo9	HallAB_2017	HallAB_2017	p8649	stool	IBD	IBD	adult	USA	Boston	no	IlluminaMiSeq	Qiagen	29183332	35018914	3420501735	54	101	SRR5650181	Marisa_Metzger	CD	270	9	378.97	0		IBD								
p8712_mo1	HallAB_2017	HallAB_2017	p8712	stool	IBD	IBD	adult	USA	Boston	no	IlluminaMiSeq	Qiagen	29183332	38728762	3800705889	54	101	SRR5650184	Marisa_Metzger	UC	30	1	57.678			IBD								
p8712_mo10	HallAB_2017	HallAB_2017	p8712	stool	IBD	IBD	adult	USA	Boston	no	IlluminaMiSeq	Qiagen	29183332	29928888	2981382092	50	101	SRR5650183	Marisa_Metzger	UC	300	10	142.1399		0	IBD								
p8712_mo11	HallAB_2017	HallAB_2017	p8712	stool	IBD	IBD	adult	USA	Boston	no	IlluminaMiSeq	Qiagen	29183332	15860894	1571396908	50	101	SRR5650186	Marisa_Metzger	UC	330	11	11.20533		2	IBD								
p8712_mo12	HallAB_2017	HallAB_2017	p8712	stool	IBD	IBD	adult	USA	Boston	no	IlluminaMiSeq	Qiagen	29183332	29454758	2928661752	50	101	SRR5650185	Marisa_Metzger	UC	360	12	164.1592		2	IBD								
p8712_mo2	HallAB_2017	HallAB_2017	p8712	stool	IBD	IBD	adult	USA	Boston	no	IlluminaMiSeq	Qiagen	29183332	103976626	10245954651	50	101	SRR5650161	Marisa_Metzger	UC	60	2	39.244		3	IBD								
p8712_mo3	HallAB_2017	HallAB_2017	p8712	stool	IBD	IBD	adult	USA	Boston	no	IlluminaMiSeq	Qiagen	29183332	113888924	11182617559	50	101	SRR5650162	Marisa_Metzger	UC	90	3	138.33			IBD								
p8712_mo4	HallAB_2017	HallAB_2017	p8712	stool	IBD	IBD	adult	USA	Boston	no	IlluminaMiSeq	Qiagen	29183332	127737328	12571566480	50	101	SRR5650163	Marisa_Metzger	UC	120	4	176.28		0	IBD								
p8712_mo5	HallAB_2017	HallAB_2017	p8712	stool	IBD	IBD	adult	USA	Boston	no	IlluminaMiSeq	Qiagen	29183332	38546744	3780120901	54	101	SRR5650164	Marisa_Metzger	UC	150	5	114.1			IBD								
p8712_mo6	HallAB_2017	HallAB_2017	p8712	stool	IBD	IBD	adult	USA	Boston	no	IlluminaMiSeq	Qiagen	29183332	32216418	3136288098	54	101	SRR5650157	Marisa_Metzger	UC	180	6	268.9461		7	IBD								
p8712_mo7	HallAB_2017	HallAB_2017	p8712	stool	IBD	IBD	adult	USA	Boston	no	IlluminaMiSeq	Qiagen	29183332	45897854	4518739178	54	101	SRR5650158	Marisa_Metzger	UC	210	7	222.0344		5	IBD								
p8712_mo8	HallAB_2017	HallAB_2017	p8712	stool	IBD	IBD	adult	USA	Boston	no	IlluminaMiSeq	Qiagen	29183332	40116142	3931634644	54	101	SRR5650159	Marisa_Metzger	UC	240	8	190.5567		5	IBD								
p8712_mo9	HallAB_2017	HallAB_2017	p8712	stool	IBD	IBD	adult	USA	Boston	no	IlluminaMiSeq	Qiagen	29183332	36693514	3565056676	54	101	SRR5650160	Marisa_Metzger	UC	270	9	27.78147		1	IBD								
p8748_mo10	HallAB_2017	HallAB_2017	p8748	stool	IBD	IBD	adult	USA	Boston	no	IlluminaMiSeq	Qiagen	29183332	29871652	2967311886	50	101	SRR5650165	Marisa_Metzger	CD	300	10	8.256693	0		IBD								
p8748_mo11	HallAB_2017	HallAB_2017	p8748	stool	IBD	IBD	adult	USA	Boston	no	IlluminaMiSeq	Qiagen	29183332	6625834	656332568	50	101	SRR5650166	Marisa_Metzger	CD	330	11	38.94441	1		IBD								
p8748_mo12	HallAB_2017	HallAB_2017	p8748	stool	IBD	IBD	adult	USA	Boston	no	IlluminaMiSeq	Qiagen	29183332	34368046	3406878769	50	101	SRR5650142	Marisa_Metzger	CD	360	12	4.508561	0		IBD								
p8748_mo4	HallAB_2017	HallAB_2017	p8748	stool	IBD	IBD	adult	USA	Boston	no	IlluminaMiSeq	Qiagen	29183332	52691978	5231233838	50	101	SRR5650141	Marisa_Metzger	CD	120	4	7.082242	0		IBD								
p8748_mo5	HallAB_2017	HallAB_2017	p8748	stool	IBD	IBD	adult	USA	Boston	no	IlluminaMiSeq	Qiagen	29183332	47426868	4656691604	50	101	SRR5650140	Marisa_Metzger	CD	150	5	7.611717	0		IBD								
p8748_mo6	HallAB_2017	HallAB_2017	p8748	stool	IBD	IBD	adult	USA	Boston	no	IlluminaMiSeq	Qiagen	29183332	34742692	3462677566	50	101	SRR5650139	Marisa_Metzger	CD	180	6	5.672762	0		IBD								
p8748_mo7	HallAB_2017	HallAB_2017	p8748	stool	IBD	IBD	adult	USA	Boston	no	IlluminaMiSeq	Qiagen	29183332	29933750	2987313073	50	101	SRR5650146	Marisa_Metzger	CD	210	7	35.9348	1		IBD								
p8748_mo8	HallAB_2017	HallAB_2017	p8748	stool	IBD	IBD	adult	USA	Boston	no	IlluminaMiSeq	Qiagen	29183332	29196962	2913017079	50	101	SRR5650145	Marisa_Metzger	CD	240	8	8.498529	0		IBD								
p8748_mo9	HallAB_2017	HallAB_2017	p8748	stool	IBD	IBD	adult	USA	Boston	no	IlluminaMiSeq	Qiagen	29183332	19637810	1943672134	50	101	SRR5650144	Marisa_Metzger	CD	270	9	8.044389	0		IBD								
p8775_mo1	HallAB_2017	HallAB_2017	p8775	stool	IBD	IBD	adult	USA	Boston	no	IlluminaMiSeq	Qiagen	29183332	130374852	12780652342	50	101	SRR5650143	Marisa_Metzger	CD	30	1	541.31			IBD								
p8775_mo10	HallAB_2017	HallAB_2017	p8775	stool	IBD	IBD	adult	USA	Boston	no	IlluminaMiSeq	Qiagen	29183332	29637256	2907541884	50	101	SRR5650138	Marisa_Metzger	CD	300	10	92.23927	2		IBD								
p8775_mo11	HallAB_2017	HallAB_2017	p8775	stool	IBD	IBD	adult	USA	Boston	no	IlluminaMiSeq	Qiagen	29183332	19976408	1979937979	50	101	SRR5650137	Marisa_Metzger	CD	330	11	58.16085	2		IBD								
p8775_mo12	HallAB_2017	HallAB_2017	p8775	stool	IBD	IBD	adult	USA	Boston	no	IlluminaMiSeq	Qiagen	29183332	45474356	4468246746	50	101	SRR5650092	Marisa_Metzger	CD	360	12	25.88511	2		IBD								
p8775_mo2	HallAB_2017	HallAB_2017	p8775	stool	IBD	IBD	adult	USA	Boston	no	IlluminaMiSeq	Qiagen	29183332	115067222	11326053931	50	101	SRR5650093	Marisa_Metzger	CD	60	2	57.404	3		IBD								
p8775_mo3	HallAB_2017	HallAB_2017	p8775	stool	IBD	IBD	adult	USA	Boston	no	IlluminaMiSeq	Qiagen	29183332	40250330	3948559941	54	101	SRR5650090	Marisa_Metzger	CD	90	3	29.295	4		IBD								
p8775_mo4	HallAB_2017	HallAB_2017	p8775	stool	IBD	IBD	adult	USA	Boston	no	IlluminaMiSeq	Qiagen	29183332	37991682	3728810238	50	101	SRR5650091	Marisa_Metzger	CD	120	4	18.48407	3		IBD								
p8775_mo5	HallAB_2017	HallAB_2017	p8775	stool	IBD	IBD	adult	USA	Boston	no	IlluminaMiSeq	Qiagen	29183332	34599892	3390945765	54	101	SRR5650088	Marisa_Metzger	CD	150	5	29.31427	3		IBD								
p8775_mo6	HallAB_2017	HallAB_2017	p8775	stool	IBD	IBD	adult	USA	Boston	no	IlluminaMiSeq	Qiagen	29183332	40953308	4026230987	54	101	SRR5650089	Marisa_Metzger	CD	180	6	13.88455	1		IBD								
p8775_mo7	HallAB_2017	HallAB_2017	p8775	stool	IBD	IBD	adult	USA	Boston	no	IlluminaMiSeq	Qiagen	29183332	42851276	4220193144	54	101	SRR5650086	Marisa_Metzger	CD	210	7	29.81886	2		IBD								
p8775_mo8	HallAB_2017	HallAB_2017	p8775	stool	IBD	IBD	adult	USA	Boston	no	IlluminaMiSeq	Qiagen	29183332	44274006	4347099950	54	101	SRR5650087	Marisa_Metzger	CD	240	8	37.60738	2		IBD								
p8775_mo9	HallAB_2017	HallAB_2017	p8775	stool	IBD	IBD	adult	USA	Boston	no	IlluminaMiSeq	Qiagen	29183332	34303592	3422225077	50	101	SRR5650094	Marisa_Metzger	CD	270	9	36.40512	1		IBD								
p8808_mo10	HallAB_2017	HallAB_2017	p8808	stool	IBD	IBD	adult	USA	Boston	no	IlluminaMiSeq	Qiagen	29183332	2026214	198223313	50	101	SRR5650095	Marisa_Metzger	CD	300	10	95.12998	1		IBD								
p8808_mo11	HallAB_2017	HallAB_2017	p8808	stool	IBD	IBD	adult	USA	Boston	no	IlluminaMiSeq	Qiagen	29183332	65730070	6456279598	50	101	SRR5650070	Marisa_Metzger	CD	330	11	236.9778	8		IBD								
p8808_mo12	HallAB_2017	HallAB_2017	p8808	stool	IBD	IBD	adult	USA	Boston	no	IlluminaMiSeq	Qiagen	29183332	27005552	2675192683	50	101	SRR5650069	Marisa_Metzger	CD	360	12	16.30497	5		IBD								
p8808_mo4	HallAB_2017	HallAB_2017	p8808	stool	IBD	IBD	adult	USA	Boston	no	IlluminaMiSeq	Qiagen	29183332	23215066	2280662104	50	101	SRR5650072	Marisa_Metzger	CD	120	4	44.43848	3		IBD								
p8808_mo5	HallAB_2017	HallAB_2017	p8808	stool	IBD	IBD	adult	USA	Boston	no	IlluminaMiSeq	Qiagen	29183332	17631256	1730186418	50	101	SRR5650126	Marisa_Metzger	CD	150	5	63.86416	4		IBD								
p8808_mo6	HallAB_2017	HallAB_2017	p8808	stool	IBD	IBD	adult	USA	Boston	no	IlluminaMiSeq	Qiagen	29183332	6048058	593798003	50	101	SRR5650066	Marisa_Metzger	CD	180	6	229.4985	1		IBD								
p8808_mo7	HallAB_2017	HallAB_2017	p8808	stool	IBD	IBD	adult	USA	Boston	no	IlluminaMiSeq	Qiagen	29183332	56691360	5576087866	50	101	SRR5650065	Marisa_Metzger	CD	210	7	129.5681	0		IBD								
p8808_mo8	HallAB_2017	HallAB_2017	p8808	stool	IBD	IBD	adult	USA	Boston	no	IlluminaMiSeq	Qiagen	29183332	47659550	4686473362	50	101	SRR5650068	Marisa_Metzger	CD	240	8	12.67518	3		IBD								
p8808_mo9	HallAB_2017	HallAB_2017	p8808	stool	IBD	IBD	adult	USA	Boston	no	IlluminaMiSeq	Qiagen	29183332	10094950	992124167	50	101	SRR5650067	Marisa_Metzger	CD	270	9	36.01283	1		IBD								
p8816_mo1	HallAB_2017	HallAB_2017	p8816	stool	IBD	IBD	adult	USA	Boston	no	IlluminaMiSeq	Qiagen	29183332	97391286	9574312377	50	101	SRR5650074	Marisa_Metzger	CD	30	1	102.5644	4		IBD								
p8816_mo10	HallAB_2017	HallAB_2017	p8816	stool	IBD	IBD	adult	USA	Boston	no	IlluminaMiSeq	Qiagen	29183332	81743748	8119253669	50	101	SRR5650073	Marisa_Metzger	CD	300	10	4.512866	1		IBD								
p8816_mo11	HallAB_2017	HallAB_2017	p8816	stool	IBD	IBD	adult	USA	Boston	no	IlluminaMiSeq	Qiagen	29183332	29411698	2932233442	50	101	SRR5650102	Marisa_Metzger	CD	330	11	46.15817	2		IBD								
p8816_mo12	HallAB_2017	HallAB_2017	p8816	stool	IBD	IBD	adult	USA	Boston	no	IlluminaMiSeq	Qiagen	29183332	63462432	6299899474	50	101	SRR5650103	Marisa_Metzger	CD	360	12	53.13326	4		IBD								
p8816_mo2	HallAB_2017	HallAB_2017	p8816	stool	IBD	IBD	adult	USA	Boston	no	IlluminaMiSeq	Qiagen	29183332	89796326	8848618797	50	101	SRR5650104	Marisa_Metzger	CD	60	2	19.326	4		IBD								
p8816_mo3	HallAB_2017	HallAB_2017	p8816	stool	IBD	IBD	adult	USA	Boston	no	IlluminaMiSeq	Qiagen	29183332	41784052	4097171348	54	101	SRR5650105	Marisa_Metzger	CD	90	3	21.53758			IBD								
p8816_mo4	HallAB_2017	HallAB_2017	p8816	stool	IBD	IBD	adult	USA	Boston	no	IlluminaMiSeq	Qiagen	29183332	36448302	3580735508	54	101	SRR5650098	Marisa_Metzger	CD	120	4	53.08782	3		IBD								
p8816_mo5	HallAB_2017	HallAB_2017	p8816	stool	IBD	IBD	adult	USA	Boston	no	IlluminaMiSeq	Qiagen	29183332	45306042	4442411213	50	101	SRR5650099	Marisa_Metzger	CD	150	5	107.854	3		IBD								
p8816_mo6	HallAB_2017	HallAB_2017	p8816	stool	IBD	IBD	adult	USA	Boston	no	IlluminaMiSeq	Qiagen	29183332	41520430	4074875776	54	101	SRR5650100	Marisa_Metzger	CD	180	6	36.21383	8		IBD								
p8816_mo7	HallAB_2017	HallAB_2017	p8816	stool	IBD	IBD	adult	USA	Boston	no	IlluminaMiSeq	Qiagen	29183332	36190694	3558332550	54	101	SRR5650101	Marisa_Metzger	CD	210	7	6.226483	5		IBD								
p8816_mo8	HallAB_2017	HallAB_2017	p8816	stool	IBD	IBD	adult	USA	Boston	no	IlluminaMiSeq	Qiagen	29183332	35476288	3490310779	54	101	SRR5650096	Marisa_Metzger	CD	240	8	35.59169	1		IBD								
p8816_mo9	HallAB_2017	HallAB_2017	p8816	stool	IBD	IBD	adult	USA	Boston	no	IlluminaMiSeq	Qiagen	29183332	26138200	2594506373	50	101	SRR5650097	Marisa_Metzger	CD	270	9	10.19851	1		IBD								
p8855_mo10	HallAB_2017	HallAB_2017	p8855	stool	IBD	IBD	adult	USA	Boston	no	IlluminaMiSeq	Qiagen	29183332	17282984	1712405995	50	101	SRR5650121	Marisa_Metzger	CD	300	10	10.69241	1		IBD								
p8855_mo11	HallAB_2017	HallAB_2017	p8855	stool	IBD	IBD	adult	USA	Boston	no	IlluminaMiSeq	Qiagen	29183332	39525016	3888687662	50	101	SRR5650120	Marisa_Metzger	CD	330	11	144.6745	0		IBD								
p8855_mo12	HallAB_2017	HallAB_2017	p8855	stool	IBD	IBD	adult	USA	Boston	no	IlluminaMiSeq	Qiagen	29183332	45785130	4502259635	50	101	SRR5650119	Marisa_Metzger	CD	360	12	24.56768	1		IBD								
p8855_mo3	HallAB_2017	HallAB_2017	p8855	stool	IBD	IBD	adult	USA	Boston	no	IlluminaMiSeq	Qiagen	29183332	36906934	3620999125	50	101	SRR5650118	Marisa_Metzger	CD	90	3	320.1074	6		IBD								
p8855_mo4	HallAB_2017	HallAB_2017	p8855	stool	IBD	IBD	adult	USA	Boston	no	IlluminaMiSeq	Qiagen	29183332	41356952	4060831795	50	101	SRR5650125	Marisa_Metzger	CD	120	4	248.0301	3		IBD								
p8855_mo8	HallAB_2017	HallAB_2017	p8855	stool	IBD	IBD	adult	USA	Boston	no	IlluminaMiSeq	Qiagen	29183332	19467202	1927019450	50	101	SRR5650124	Marisa_Metzger	CD	240	8	111.5392	0		IBD								
p8855_mo9	HallAB_2017	HallAB_2017	p8855	stool	IBD	IBD	adult	USA	Boston	no	IlluminaMiSeq	Qiagen	29183332	24802650	2434246957	50	101	SRR5650123	Marisa_Metzger	CD	270	9	22.41812	0		IBD								
p8883_mo10	HallAB_2017	HallAB_2017	p8883	stool	IBD	IBD	adult	USA	Boston	no	IlluminaMiSeq	Qiagen	29183332	14283096	1414621317	50	101	SRR5650122	Marisa_Metzger	UC	300	10	172.5982		4	IBD								
p8883_mo11	HallAB_2017	HallAB_2017	p8883	stool	IBD	IBD	adult	USA	Boston	no	IlluminaMiSeq	Qiagen	29183332	33994888	3336589185	50	101	SRR5650117	Marisa_Metzger	UC	330	11	185.5263		4	IBD								
p8883_mo12	HallAB_2017	HallAB_2017	p8883	stool	IBD	IBD	adult	USA	Boston	no	IlluminaMiSeq	Qiagen	29183332	14495182	1437571767	50	101	SRR5650116	Marisa_Metzger	UC	360	12	226.2		5	IBD								
p8883_mo2	HallAB_2017	HallAB_2017	p8883	stool	IBD	IBD	adult	USA	Boston	no	IlluminaMiSeq	Qiagen	29183332	45829310	4502308058	50	101	SRR5650071	Marisa_Metzger	UC	60	2	0.236875			IBD								
p8883_mo3	HallAB_2017	HallAB_2017	p8883	stool	IBD	IBD	adult	USA	Boston	no	IlluminaMiSeq	Qiagen	29183332	42846530	4214743051	50	101	SRR5650075	Marisa_Metzger	UC	90	3	19.89626			IBD								
p8883_mo4	HallAB_2017	HallAB_2017	p8883	stool	IBD	IBD	adult	USA	Boston	no	IlluminaMiSeq	Qiagen	29183332	6439428	632310649	50	101	SRR5650131	Marisa_Metzger	UC	120	4	12.81397		2	IBD								
p8883_mo6	HallAB_2017	HallAB_2017	p8883	stool	IBD	IBD	adult	USA	Boston	no	IlluminaMiSeq	Qiagen	29183332	33334936	3320167296	50	101	SRR5650021	Marisa_Metzger	UC	180	6	234.1497		3	IBD								
p8883_mo7	HallAB_2017	HallAB_2017	p8883	stool	IBD	IBD	adult	USA	Boston	no	IlluminaMiSeq	Qiagen	29183332	53153950	5222519132	50	101	SRR5650129	Marisa_Metzger	UC	210	7	136.8974		4	IBD								
p8883_mo8	HallAB_2017	HallAB_2017	p8883	stool	IBD	IBD	adult	USA	Boston	no	IlluminaMiSeq	Qiagen	29183332	21498658	2108533478	50	101	SRR5650130	Marisa_Metzger	UC	240	8	297.4967		2	IBD								
p8883_mo9	HallAB_2017	HallAB_2017	p8883	stool	IBD	IBD	adult	USA	Boston	no	IlluminaMiSeq	Qiagen	29183332	16480066	1633088849	50	101	SRR5650127	Marisa_Metzger	UC	270	9	232.2546		3	IBD								
p9061_mo1	HallAB_2017	HallAB_2017	p9061	stool	IBD	IBD	adult	USA	Boston	no	IlluminaMiSeq	Qiagen	29183332	38565654	3785751209	50	101	SRR5650128	Marisa_Metzger	UC	30	1	216.6		0	IBD								
p9061_mo2	HallAB_2017	HallAB_2017	p9061	stool	IBD	IBD	adult	USA	Boston	no	IlluminaMiSeq	Qiagen	29183332	16397502	1609173858	50	101	SRR5650135	Marisa_Metzger	UC	60	2	231.5		6	IBD								
p9061_mo3	HallAB_2017	HallAB_2017	p9061	stool	IBD	IBD	adult	USA	Boston	no	IlluminaMiSeq	Qiagen	29183332	40877072	4050121147	50	101	SRR5650136	Marisa_Metzger	UC	90	3	70.556		0	IBD								
p9061_mo4	HallAB_2017	HallAB_2017	p9061	stool	IBD	IBD	adult	USA	Boston	no	IlluminaMiSeq	Qiagen	29183332	38090164	3791369164	50	101	SRR5650152	Marisa_Metzger	UC	120	4	228.9		1	IBD								
p9061_mo5	HallAB_2017	HallAB_2017	p9061	stool	IBD	IBD	adult	USA	Boston	no	IlluminaMiSeq	Qiagen	29183332	28693852	2862264009	50	101	SRR5650151	Marisa_Metzger	UC	150	5	10.097		1	IBD								
p9061_mo6	HallAB_2017	HallAB_2017	p9061	stool	IBD	IBD	adult	USA	Boston	no	IlluminaMiSeq	Qiagen	29183332	11997866	1188110129	50	101	SRR5650154	Marisa_Metzger	UC	180	6	29.8		0	IBD								
p9061_mo7	HallAB_2017	HallAB_2017	p9061	stool	IBD	IBD	adult	USA	Boston	no	IlluminaMiSeq	Qiagen	29183332	16599802	1645915738	50	101	SRR5650153	Marisa_Metzger	UC	210	7	17.169		0	IBD								
p9061_mo8	HallAB_2017	HallAB_2017	p9061	stool	IBD	IBD	adult	USA	Boston	no	IlluminaMiSeq	Qiagen	29183332	46056568	4532510719	50	101	SRR5650148	Marisa_Metzger	UC	240	8	151.85		2	IBD								
p9193_mo1	HallAB_2017	HallAB_2017	p9193	stool	IBD	IBD	adult	USA	Boston	no	IlluminaMiSeq	Qiagen	29183332	44587400	4426313239	50	101	SRR5650147	Marisa_Metzger	UC	30	1	67.885		1	IBD								
p9193_mo2	HallAB_2017	HallAB_2017	p9193	stool	IBD	IBD	adult	USA	Boston	no	IlluminaMiSeq	Qiagen	29183332	51087648	5069971594	50	101	SRR5650150	Marisa_Metzger	UC	60	2	22.038		2	IBD								
p9193_mo4	HallAB_2017	HallAB_2017	p9193	stool	IBD	IBD	adult	USA	Boston	no	IlluminaMiSeq	Qiagen	29183332	31804448	3161970651	50	101	SRR5650149	Marisa_Metzger	UC	120	4	8.6781		1	IBD								
p9193_mo5	HallAB_2017	HallAB_2017	p9193	stool	IBD	IBD	adult	USA	Boston	no	IlluminaMiSeq	Qiagen	29183332	53598480	5268025188	50	101	SRR5650156	Marisa_Metzger	UC	150	5	0.8524		0	IBD								
p9193_mo6	HallAB_2017	HallAB_2017	p9193	stool	IBD	IBD	adult	USA	Boston	no	IlluminaMiSeq	Qiagen	29183332	19082138	1875136628	50	101	SRR5650155	Marisa_Metzger	UC	180	6	0.0901		0	IBD								
p9193_mo7	HallAB_2017	HallAB_2017	p9193	stool	IBD	IBD	adult	USA	Boston	no	IlluminaMiSeq	Qiagen	29183332	9820404	972579996	50	101	SRR5650167	Marisa_Metzger	UC	210	7	16.342		0	IBD								
p9216_mo1	HallAB_2017	HallAB_2017	p9216	stool	IBD	IBD	adult	USA	Boston	no	IlluminaMiSeq	Qiagen	29183332	33771820	3348438058	50	101	SRR5650168	Marisa_Metzger	CD	30	1	134.56			IBD								
p9216_mo2	HallAB_2017	HallAB_2017	p9216	stool	IBD	IBD	adult	USA	Boston	no	IlluminaMiSeq	Qiagen	29183332	48368	4424527	54	93	SRR5650169	Marisa_Metzger	CD	60	2	119.81	3		IBD								
p9216_mo3	HallAB_2017	HallAB_2017	p9216	stool	IBD	IBD	adult	USA	Boston	no	IlluminaMiSeq	Qiagen	29183332	52348810	5153786892	50	101	SRR5650170	Marisa_Metzger	UC	90	3				IBD								
p9216_mo4	HallAB_2017	HallAB_2017	p9216	stool	IBD	IBD	adult	USA	Boston	no	IlluminaMiSeq	Qiagen	29183332	55277496	5481880214	50	101	SRR5650171	Marisa_Metzger	CD	120	4	107.64	4		IBD								
p9216_mo5	HallAB_2017	HallAB_2017	p9216	stool	IBD	IBD	adult	USA	Boston	no	IlluminaMiSeq	Qiagen	29183332	43925802	4362226782	50	101	SRR5650172	Marisa_Metzger	CD	150	5	191.34	2		IBD								
p9216_mo6	HallAB_2017	HallAB_2017	p9216	stool	IBD	IBD	adult	USA	Boston	no	IlluminaMiSeq	Qiagen	29183332	49828270	4940395214	50	101	SRR5650173	Marisa_Metzger	CD	180	6	12.949	2		IBD								
p9216_mo7	HallAB_2017	HallAB_2017	p9216	stool	IBD	IBD	adult	USA	Boston	no	IlluminaMiSeq	Qiagen	29183332	60261428	5976908899	50	101	SRR5650174	Marisa_Metzger	CD	210	7	134.22	2		IBD								
p9216_mo8	HallAB_2017	HallAB_2017	p9216	stool	IBD	IBD	adult	USA	Boston	no	IlluminaMiSeq	Qiagen	29183332	49999492	4957603042	50	101	SRR5650175	Marisa_Metzger	CD	240	8	12.271	0		IBD								
p9220_mo1	HallAB_2017	HallAB_2017	p9220	stool	control	healthy	adult	USA	Boston	no	IlluminaMiSeq	Qiagen	29183332	10288000	1018666815	50	101	SRR5650176	Marisa_Metzger		30	1	21.832			Healthy								
p9220_mo2	HallAB_2017	HallAB_2017	p9220	stool	control	healthy	adult	USA	Boston	no	IlluminaMiSeq	Qiagen	29183332	24653778	2441542962	50	101	SRR5650031	Marisa_Metzger		60	2	12.817			Healthy								
p9220_mo3	HallAB_2017	HallAB_2017	p9220	stool	control	healthy	adult	USA	Boston	no	IlluminaMiSeq	Qiagen	29183332	25261684	2512820257	50	101	SRR5650030	Marisa_Metzger		90	3	93.657			Healthy								
p9220_mo4	HallAB_2017	HallAB_2017	p9220	stool	control	healthy	adult	USA	Boston	no	IlluminaMiSeq	Qiagen	29183332	44343976	4356897499	50	101	SRR5650029	Marisa_Metzger		120	4	2.5227			Healthy								
p9220_mo5	HallAB_2017	HallAB_2017	p9220	stool	control	healthy	adult	USA	Boston	no	IlluminaMiSeq	Qiagen	29183332	43467148	4312472068	50	101	SRR5650028	Marisa_Metzger		150	5	5.7473			Healthy								
p9220_mo6	HallAB_2017	HallAB_2017	p9220	stool	control	healthy	adult	USA	Boston	no	IlluminaMiSeq	Qiagen	29183332	43524458	4281678085	50	101	SRR5650027	Marisa_Metzger		180	6	66.614			Healthy								
p9220_mo7	HallAB_2017	HallAB_2017	p9220	stool	control	healthy	adult	USA	Boston	no	IlluminaMiSeq	Qiagen	29183332	12035324	1192711557	50	101	SRR5650026	Marisa_Metzger		210	7	0.6131			Healthy								
p9223_mo1	HallAB_2017	HallAB_2017	p9223	stool	control	healthy	adult	USA	Boston	no	IlluminaMiSeq	Qiagen	29183332	39535080	3920680427	50	101	SRR5650025	Marisa_Metzger		30	1	5.0293			Healthy								
p9223_mo2	HallAB_2017	HallAB_2017	p9223	stool	control	healthy	adult	USA	Boston	no	IlluminaMiSeq	Qiagen	29183332	40847204	4050562825	50	101	SRR5650024	Marisa_Metzger		60	2	3.7909			Healthy								
p9223_mo3	HallAB_2017	HallAB_2017	p9223	stool	control	healthy	adult	USA	Boston	no	IlluminaMiSeq	Qiagen	29183332	35806690	3553994671	50	101	SRR5650023	Marisa_Metzger		90	3	35.26			Healthy								
p9223_mo4	HallAB_2017	HallAB_2017	p9223	stool	control	healthy	adult	USA	Boston	no	IlluminaMiSeq	Qiagen	29183332	28967180	2888819400	50	101	SRR5650022	Marisa_Metzger		120	4	6.1613			Healthy								
p9223_mo5	HallAB_2017	HallAB_2017	p9223	stool	control	healthy	adult	USA	Boston	no	IlluminaMiSeq	Qiagen	29183332	12749314	1262264357	50	101	SRR5650049	Marisa_Metzger		150	5	0			Healthy								
p9223_mo6	HallAB_2017	HallAB_2017	p9223	stool	control	healthy	adult	USA	Boston	no	IlluminaMiSeq	Qiagen	29183332	30918614	3067611992	50	101	SRR5650050	Marisa_Metzger		180	6	1.2802			Healthy								
p9223_mo7	HallAB_2017	HallAB_2017	p9223	stool	control	healthy	adult	USA	Boston	no	IlluminaMiSeq	Qiagen	29183332	31864464	3174060286	50	101	SRR5650047	Marisa_Metzger		210	7	0.4498			Healthy								
p9223_mo8	HallAB_2017	HallAB_2017	p9223	stool	control	healthy	adult	USA	Boston	no	IlluminaMiSeq	Qiagen	29183332	37352720	3702701360	50	101	SRR5650048	Marisa_Metzger		240	8	0.1464			Healthy								
p9281_mo1	HallAB_2017	HallAB_2017	p9281	stool	control	healthy	adult	USA	Boston	no	IlluminaMiSeq	Qiagen	29183332	28122452	2800474331	50	101	SRR5650053	Marisa_Metzger		30	1	2.7169			Healthy								
p9281_mo2	HallAB_2017	HallAB_2017	p9281	stool	control	healthy	adult	USA	Boston	no	IlluminaMiSeq	Qiagen	29183332	49051550	4863527867	50	101	SRR5650054	Marisa_Metzger		60	2	3.0823			Healthy								
p9281_mo3	HallAB_2017	HallAB_2017	p9281	stool	control	healthy	adult	USA	Boston	no	IlluminaMiSeq	Qiagen	29183332	14154446	1401159829	50	101	SRR5650051	Marisa_Metzger		90	3	0.0159			Healthy								
p9281_mo4	HallAB_2017	HallAB_2017	p9281	stool	control	healthy	adult	USA	Boston	no	IlluminaMiSeq	Qiagen	29183332	36529280	3617478981	50	101	SRR5650052	Marisa_Metzger		120	4	0.0744			Healthy								
p9281_mo5	HallAB_2017	HallAB_2017	p9281	stool	control	healthy	adult	USA	Boston	no	IlluminaMiSeq	Qiagen	29183332	33000810	3290590181	50	101	SRR5650045	Marisa_Metzger		150	5	18.644			Healthy								
p9281_mo6	HallAB_2017	HallAB_2017	p9281	stool	control	healthy	adult	USA	Boston	no	IlluminaMiSeq	Qiagen	29183332	193002	18033621	50	99	SRR5650046	Marisa_Metzger		180	6	0.3319			Healthy								
SKST006_1_G102959	HallAB_2017	HallAB_2017	SKST006	stool	IBD	IBD	adult	USA	Atlanta	no	IlluminaMiSeq	other	29183332	11595922	1154090908	50	101	SRR5651398	Marisa_Metzger	UC	30	1				IBD								
SKST006_10_G102994	HallAB_2017	HallAB_2017	SKST006	stool	control	healthy	adult	USA	Atlanta	no	IlluminaMiSeq	other	29183332	7308752	728956828	50	101	SRR5651397	Marisa_Metzger		300	10				Healthy								
SKST006_2_G102960	HallAB_2017	HallAB_2017	SKST006	stool	IBD	IBD	adult	USA	Atlanta	no	IlluminaMiSeq	other	29183332	13027960	1295022367	50	101	SRR5651395	Marisa_Metzger	UC	60	2				IBD								
SKST006_3_G102961	HallAB_2017	HallAB_2017	SKST006	stool	IBD	IBD	adult	USA	Atlanta	no	IlluminaMiSeq	other	29183332	8680844	862893635	50	101	SRR5651396	Marisa_Metzger	UC	90	3				IBD								
SKST006_4_G102962	HallAB_2017	HallAB_2017	SKST006	stool	IBD	IBD	adult	USA	Atlanta	no	IlluminaMiSeq	other	29183332	12073898	1203906363	50	101	SRR5651393	Marisa_Metzger	UC	120	4				IBD								
SKST006_5_G102963	HallAB_2017	HallAB_2017	SKST006	stool	IBD	IBD	adult	USA	Atlanta	no	IlluminaMiSeq	other	29183332	8312632	829324141	50	101	SRR5651394	Marisa_Metzger	UC	150	5				IBD								
SKST006_6_G102964	HallAB_2017	HallAB_2017	SKST006	stool	IBD	IBD	adult	USA	Atlanta	no	IlluminaMiSeq	other	29183332	6458544	647139014	50	101	SRR5651391	Marisa_Metzger	UC	180	6				IBD								
SKST006_7_G102965	HallAB_2017	HallAB_2017	SKST006	stool	IBD	IBD	adult	USA	Atlanta	no	IlluminaMiSeq	other	29183332	1128218	112812111	51	101	SRR5651392	Marisa_Metzger	UC	210	7				IBD								
SKST006_9_G103014	HallAB_2017	HallAB_2017	SKST006	stool	IBD	IBD	adult	USA	Atlanta	no	IlluminaMiSeq	other	29183332	2215948	221173810	50	101	SRR5651400	Marisa_Metzger	UC	270	9				IBD								
SKST007_1_G102966	HallAB_2017	HallAB_2017	SKST007	stool	control	healthy	adult	USA	Atlanta	no	IlluminaMiSeq	other	29183332	31321434	3136203607	50	101	SRR5651471	Marisa_Metzger		30	1				Healthy								
SKST007_2_G102967	HallAB_2017	HallAB_2017	SKST007	stool	control	healthy	adult	USA	Atlanta	no	IlluminaMiSeq	other	29183332	30849722	3090591843	50	101	SRR5651472	Marisa_Metzger		60	2				Healthy								
SKST007_3_G102949	HallAB_2017	HallAB_2017	SKST007	stool	control	healthy	adult	USA	Atlanta	no	IlluminaMiSeq	other	29183332	35683932	3574561472	50	101	SRR5651469	Marisa_Metzger		90	3				Healthy								
SKST007_4_G102948	HallAB_2017	HallAB_2017	SKST007	stool	control	healthy	adult	USA	Atlanta	no	IlluminaMiSeq	other	29183332	45183508	4529145321	50	101	SRR5651470	Marisa_Metzger		120	4				Healthy								
SKST007_6_G102995	HallAB_2017	HallAB_2017	SKST007	stool	control	healthy	adult	USA	Atlanta	no	IlluminaMiSeq	other	29183332	33397538	3348547001	50	101	SRR5651467	Marisa_Metzger		180	6				Healthy								
SKST007_7_G103016	HallAB_2017	HallAB_2017	SKST007	stool	control	healthy	adult	USA	Atlanta	no	IlluminaMiSeq	other	29183332	39784786	3982927506	50	101	SRR5651468	Marisa_Metzger		210	7				Healthy								
SKST007_8_G102999	HallAB_2017	HallAB_2017	SKST007	stool	control	healthy	adult	USA	Atlanta	no	IlluminaMiSeq	other	29183332	24672328	2471538532	50	101	SRR5651465	Marisa_Metzger		240	8				Healthy								
SKST010_1_G102968	HallAB_2017	HallAB_2017	SKST010	stool	control	healthy	adult	USA	Atlanta	no	IlluminaMiSeq	other	29183332	29414048	2945332394	50	101	SRR5651466	Marisa_Metzger		30	1				Healthy								
SKST010_2_G102969	HallAB_2017	HallAB_2017	SKST010	stool	control	healthy	adult	USA	Atlanta	no	IlluminaMiSeq	other	29183332	28795094	2886140786	50	101	SRR5651463	Marisa_Metzger		60	2				Healthy								
SKST010_3_G102970	HallAB_2017	HallAB_2017	SKST010	stool	control	healthy	adult	USA	Atlanta	no	IlluminaMiSeq	other	29183332	9548806	955334283	50	101	SRR5651464	Marisa_Metzger		90	3				Healthy								
SKST010_4_G102956	HallAB_2017	HallAB_2017	SKST010	stool	control	healthy	adult	USA	Atlanta	no	IlluminaMiSeq	other	29183332	15757472	1579018344	50	101	SRR5651428	Marisa_Metzger		120	4				Healthy								
SKST010_5_G102990	HallAB_2017	HallAB_2017	SKST010	stool	control	healthy	adult	USA	Atlanta	no	IlluminaMiSeq	other	29183332	30370118	3043746444	50	101	SRR5651427	Marisa_Metzger		150	5				Healthy								
SKST010_6_G103004	HallAB_2017	HallAB_2017	SKST010	stool	control	healthy	adult	USA	Atlanta	no	IlluminaMiSeq	other	29183332	8318322	833359162	50	101	SRR5651426	Marisa_Metzger		180	6				Healthy								
SKST010_7_G103003	HallAB_2017	HallAB_2017	SKST010	stool	control	healthy	adult	USA	Atlanta	no	IlluminaMiSeq	other	29183332	26384618	2643156346	50	101	SRR5651425	Marisa_Metzger		210	7				Healthy								
SKST010_8_G102998	HallAB_2017	HallAB_2017	SKST010	stool	control	healthy	adult	USA	Atlanta	no	IlluminaMiSeq	other	29183332	35773120	3581287287	50	101	SRR5651424	Marisa_Metzger		240	8				Healthy								
SKST011_1_G102971	HallAB_2017	HallAB_2017	SKST011	stool	control	healthy	adult	USA	Atlanta	no	IlluminaMiSeq	other	29183332	33341438	3338815499	50	101	SRR5651423	Marisa_Metzger		30	1				Healthy								
SKST011_2_G102972	HallAB_2017	HallAB_2017	SKST011	stool	control	healthy	adult	USA	Atlanta	no	IlluminaMiSeq	other	29183332	35890852	3588516009	50	101	SRR5651422	Marisa_Metzger		60	2				Healthy								
SKST011_3_G102973	HallAB_2017	HallAB_2017	SKST011	stool	control	healthy	adult	USA	Atlanta	no	IlluminaMiSeq	other	29183332	25591224	2564668531	50	101	SRR5651421	Marisa_Metzger		90	3				Healthy								
SKST011_4_G102952	HallAB_2017	HallAB_2017	SKST011	stool	control	healthy	adult	USA	Atlanta	no	IlluminaMiSeq	other	29183332	26306100	2635439825	50	101	SRR5651430	Marisa_Metzger		120	4				Healthy								
SKST011_5_G102993	HallAB_2017	HallAB_2017	SKST011	stool	control	healthy	adult	USA	Atlanta	no	IlluminaMiSeq	other	29183332	31163812	3119706989	50	101	SRR5651429	Marisa_Metzger		150	5				Healthy								
SKST011_6_G103002	HallAB_2017	HallAB_2017	SKST011	stool	control	healthy	adult	USA	Atlanta	no	IlluminaMiSeq	other	29183332	37488188	3755564194	50	101	SRR5651441	Marisa_Metzger		180	6				Healthy								
SKST011_7_G103017	HallAB_2017	HallAB_2017	SKST011	stool	control	healthy	adult	USA	Atlanta	no	IlluminaMiSeq	other	29183332	17276988	1728614996	50	101	SRR5651442	Marisa_Metzger		210	7				Healthy								
SKST011_8_G103000	HallAB_2017	HallAB_2017	SKST011	stool	control	healthy	adult	USA	Atlanta	no	IlluminaMiSeq	other	29183332	18138272	1812513446	50	101	SRR5651443	Marisa_Metzger		240	8				Healthy								
SKST012_1_G102974	HallAB_2017	HallAB_2017	SKST012	stool	control	healthy	adult	USA	Atlanta	no	IlluminaMiSeq	other	29183332	36851916	3689461566	50	101	SRR5651444	Marisa_Metzger		30	1				Healthy								
SKST012_2_G102975	HallAB_2017	HallAB_2017	SKST012	stool	control	healthy	adult	USA	Atlanta	no	IlluminaMiSeq	other	29183332	21598976	2163084548	50	101	SRR5651445	Marisa_Metzger		60	2				Healthy								
SKST012_3_G102950	HallAB_2017	HallAB_2017	SKST012	stool	control	healthy	adult	USA	Atlanta	no	IlluminaMiSeq	other	29183332	21880380	2192845566	50	101	SRR5651446	Marisa_Metzger		90	3				Healthy								
SKST012_4_G102954	HallAB_2017	HallAB_2017	SKST012	stool	control	healthy	adult	USA	Atlanta	no	IlluminaMiSeq	other	29183332	48239336	4830684685	50	101	SRR5651447	Marisa_Metzger		120	4				Healthy								
SKST012_5_G102992	HallAB_2017	HallAB_2017	SKST012	stool	control	healthy	adult	USA	Atlanta	no	IlluminaMiSeq	other	29183332	28317352	2837832533	50	101	SRR5651448	Marisa_Metzger		150	5				Healthy								
SKST012_6_G102997	HallAB_2017	HallAB_2017	SKST012	stool	control	healthy	adult	USA	Atlanta	no	IlluminaMiSeq	other	29183332	22510594	2256435809	50	101	SRR5651449	Marisa_Metzger		180	6				Healthy								
SKST014_1_G102976	HallAB_2017	HallAB_2017	SKST014	stool	IBD	IBD	adult	USA	Atlanta	no	IlluminaMiSeq	other	29183332	13873918	1373734456	50	101	SRR5651450	Marisa_Metzger	UC	30	1				IBD								
SKST014_2_G102977	HallAB_2017	HallAB_2017	SKST014	stool	IBD	IBD	adult	USA	Atlanta	no	IlluminaMiSeq	other	29183332	24705316	2471405095	50	101	SRR5651412	Marisa_Metzger	UC	60	2				IBD								
SKST014_3_G102978	HallAB_2017	HallAB_2017	SKST014	stool	IBD	IBD	adult	USA	Atlanta	no	IlluminaMiSeq	other	29183332	9866070	982731964	50	101	SRR5651411	Marisa_Metzger	UC	90	3				IBD								
SKST014_4_G102979	HallAB_2017	HallAB_2017	SKST014	stool	IBD	IBD	adult	USA	Atlanta	no	IlluminaMiSeq	other	29183332	3298912	328822398	50	101	SRR5651414	Marisa_Metzger	UC	120	4				IBD								
SKST014_5_G102980	HallAB_2017	HallAB_2017	SKST014	stool	IBD	IBD	adult	USA	Atlanta	no	IlluminaMiSeq	other	29183332	24745142	2478608995	50	101	SRR5651413	Marisa_Metzger	UC	150	5				IBD								
SKST014_6_G102951	HallAB_2017	HallAB_2017	SKST014	stool	IBD	IBD	adult	USA	Atlanta	no	IlluminaMiSeq	other	29183332	14332680	1431092263	50	101	SRR5651416	Marisa_Metzger	UC	180	6				IBD								
SKST014_7_G102940	HallAB_2017	HallAB_2017	SKST014	stool	IBD	IBD	adult	USA	Atlanta	no	IlluminaMiSeq	other	29183332	9931246	991177759	50	101	SRR5651415	Marisa_Metzger	UC	210	7				IBD								
SKST023_1_G102981	HallAB_2017	HallAB_2017	SKST023	stool	control	healthy	adult	USA	Atlanta	no	IlluminaMiSeq	other	29183332	32427586	3250099270	50	101	SRR5651418	Marisa_Metzger		30	1				Healthy								
SKST023_2_G102987	HallAB_2017	HallAB_2017	SKST023	stool	control	healthy	adult	USA	Atlanta	no	IlluminaMiSeq	other	29183332	33789206	3385424670	50	101	SRR5651417	Marisa_Metzger		60	2				Healthy								
SKST023_3_G102941	HallAB_2017	HallAB_2017	SKST023	stool	control	healthy	adult	USA	Atlanta	no	IlluminaMiSeq	other	29183332	24416288	2443393696	50	101	SRR5651420	Marisa_Metzger		90	3				Healthy								
SKST023_4_G102937	HallAB_2017	HallAB_2017	SKST023	stool	control	healthy	adult	USA	Atlanta	no	IlluminaMiSeq	other	29183332	10417336	1039970096	50	101	SRR5651419	Marisa_Metzger		120	4				Healthy								
SKST023_5_G103007	HallAB_2017	HallAB_2017	SKST023	stool	control	healthy	adult	USA	Atlanta	no	IlluminaMiSeq	other	29183332	19247682	1929987702	50	101	SRR5651433	Marisa_Metzger		150	5				Healthy								
SKST023_6_G103009	HallAB_2017	HallAB_2017	SKST023	stool	control	healthy	adult	USA	Atlanta	no	IlluminaMiSeq	other	29183332	10883450	1088047950	50	101	SRR5651434	Marisa_Metzger		180	6				Healthy								
SKST023_7_G103015	HallAB_2017	HallAB_2017	SKST023	stool	control	healthy	adult	USA	Atlanta	no	IlluminaMiSeq	other	29183332	15697234	1570590744	50	101	SRR5651431	Marisa_Metzger		210	7				Healthy								
SKST024_1_G102982	HallAB_2017	HallAB_2017	SKST024	stool	control	healthy	adult	USA	Atlanta	no	IlluminaMiSeq	other	29183332	13860192	1388781535	50	101	SRR5651432	Marisa_Metzger		30	1				Healthy								
SKST024_2_G102953	HallAB_2017	HallAB_2017	SKST024	stool	control	healthy	adult	USA	Atlanta	no	IlluminaMiSeq	other	29183332	13796082	1377860997	50	101	SRR5651437	Marisa_Metzger		60	2				Healthy								
SKST024_3_G102944	HallAB_2017	HallAB_2017	SKST024	stool	control	healthy	adult	USA	Atlanta	no	IlluminaMiSeq	other	29183332	35713926	3576255106	50	101	SRR5651438	Marisa_Metzger		90	3				Healthy								
SKST024_4_G102938	HallAB_2017	HallAB_2017	SKST024	stool	control	healthy	adult	USA	Atlanta	no	IlluminaMiSeq	other	29183332	27548712	2756183703	50	101	SRR5651435	Marisa_Metzger		120	4				Healthy								
SKST024_5_G103001	HallAB_2017	HallAB_2017	SKST024	stool	control	healthy	adult	USA	Atlanta	no	IlluminaMiSeq	other	29183332	5727016	573921965	50	101	SRR5651436	Marisa_Metzger		150	5				Healthy								
SKST024_6_G103012	HallAB_2017	HallAB_2017	SKST024	stool	control	healthy	adult	USA	Atlanta	no	IlluminaMiSeq	other	29183332	25927882	2589859584	50	101	SRR5651439	Marisa_Metzger		180	6				Healthy								
SKST024_7_G103022	HallAB_2017	HallAB_2017	SKST024	stool	control	healthy	adult	USA	Atlanta	no	IlluminaMiSeq	other	29183332	20828622	2085323458	50	101	SRR5651440	Marisa_Metzger		210	7				Healthy								
SKST024_8_G103031	HallAB_2017	HallAB_2017	SKST024	stool	control	healthy	adult	USA	Atlanta	no	IlluminaMiSeq	other	29183332	8244636	823698988	50	101	SRR5651478	Marisa_Metzger		240	8				Healthy								
SKST025_1_G102983	HallAB_2017	HallAB_2017	SKST025	stool	IBD	IBD	adult	USA	Atlanta	no	IlluminaMiSeq	other	29183332	18346088	1835371478	50	101	SRR5651476	Marisa_Metzger	UC	30	1				IBD								
SKST025_2_G102986	HallAB_2017	HallAB_2017	SKST025	stool	IBD	IBD	adult	USA	Atlanta	no	IlluminaMiSeq	other	29183332	36898460	3694744912	50	101	SRR5651475	Marisa_Metzger	UC	60	2				IBD								
SKST025_3_G102942	HallAB_2017	HallAB_2017	SKST025	stool	IBD	IBD	adult	USA	Atlanta	no	IlluminaMiSeq	other	29183332	29599830	2959858511	50	101	SRR5651482	Marisa_Metzger	UC	90	3				IBD								
SKST025_4_G102939	HallAB_2017	HallAB_2017	SKST025	stool	IBD	IBD	adult	USA	Atlanta	no	IlluminaMiSeq	other	29183332	12406748	1242356204	50	101	SRR5651481	Marisa_Metzger	UC	120	4				IBD								
SKST025_5_G103006	HallAB_2017	HallAB_2017	SKST025	stool	IBD	IBD	adult	USA	Atlanta	no	IlluminaMiSeq	other	29183332	18093010	1808844628	50	101	SRR5651480	Marisa_Metzger	UC	150	5				IBD								
SKST025_6_G103010	HallAB_2017	HallAB_2017	SKST025	stool	IBD	IBD	adult	USA	Atlanta	no	IlluminaMiSeq	other	29183332	524452	52424690	50	101	SRR5651479	Marisa_Metzger	UC	180	6				IBD								
SKST025_9_G103021	HallAB_2017	HallAB_2017	SKST025	stool	IBD	IBD	adult	USA	Atlanta	no	IlluminaMiSeq	other	29183332	20147592	2018606010	50	101	SRR5651474	Marisa_Metzger	UC	270	9				IBD								
SKST027_1_G102984	HallAB_2017	HallAB_2017	SKST027	stool	IBD	IBD	adult	USA	Atlanta	no	IlluminaMiSeq	other	29183332	4015630	400560238	50	101	SRR5651407	Marisa_Metzger	UC	30	1				IBD								
SKST027_10_G102936	HallAB_2017	HallAB_2017	SKST027	stool	IBD	IBD	adult	USA	Atlanta	no	IlluminaMiSeq	other	29183332	3589150	356887418	50	101	SRR5651473	Marisa_Metzger	UC	300	10				IBD								
SKST027_11_G102996	HallAB_2017	HallAB_2017	SKST027	stool	IBD	IBD	adult	USA	Atlanta	no	IlluminaMiSeq	other	29183332	8768360	878228414	50	101	SRR5651405	Marisa_Metzger	UC	330	11				IBD								
SKST027_12_G103011	HallAB_2017	HallAB_2017	SKST027	stool	IBD	IBD	adult	USA	Atlanta	no	IlluminaMiSeq	other	29183332	1222818	122303649	50	101	SRR5651406	Marisa_Metzger	UC	360	12				IBD								
SKST027_2_G102985	HallAB_2017	HallAB_2017	SKST027	stool	IBD	IBD	adult	USA	Atlanta	no	IlluminaMiSeq	other	29183332	10655448	1059916944	50	101	SRR5651408	Marisa_Metzger	UC	60	2				IBD								
SKST027_3_G102945	HallAB_2017	HallAB_2017	SKST027	stool	IBD	IBD	adult	USA	Atlanta	no	IlluminaMiSeq	other	29183332	15845322	1579006310	50	101	SRR5651401	Marisa_Metzger	UC	90	3				IBD								
SKST027_4_G102958	HallAB_2017	HallAB_2017	SKST027	stool	IBD	IBD	adult	USA	Atlanta	no	IlluminaMiSeq	other	29183332	15313816	1528997316	50	101	SRR5651402	Marisa_Metzger	UC	120	4				IBD								
SKST027_9_G102947	HallAB_2017	HallAB_2017	SKST027	stool	IBD	IBD	adult	USA	Atlanta	no	IlluminaMiSeq	other	29183332	8689194	869046253	50	101	SRR5651404	Marisa_Metzger	UC	270	9				IBD								
SKST032_1_G102943	HallAB_2017	HallAB_2017	SKST032	stool	IBD	IBD	adult	USA	Atlanta	no	IlluminaMiSeq	other	29183332	14705932	1468219836	50	101	SRR5651409	Marisa_Metzger	UC	30	1				IBD								
SKST032_2_G102946	HallAB_2017	HallAB_2017	SKST032	stool	IBD	IBD	adult	USA	Atlanta	no	IlluminaMiSeq	other	29183332	53668992	5378730700	50	101	SRR5651410	Marisa_Metzger	UC	60	2				IBD								
SKST032_3_G102989	HallAB_2017	HallAB_2017	SKST032	stool	IBD	IBD	adult	USA	Atlanta	no	IlluminaMiSeq	other	29183332	24837324	2483184378	50	101	SRR5651456	Marisa_Metzger	UC	90	3				IBD								
SKST032_4_G103008	HallAB_2017	HallAB_2017	SKST032	stool	IBD	IBD	adult	USA	Atlanta	no	IlluminaMiSeq	other	29183332	42473122	4258378697	50	101	SRR5651455	Marisa_Metzger	UC	120	4				IBD								
SKST032_5_G103024	HallAB_2017	HallAB_2017	SKST032	stool	IBD	IBD	adult	USA	Atlanta	no	IlluminaMiSeq	other	29183332	31857932	3191985731	50	101	SRR5651458	Marisa_Metzger	UC	150	5				IBD								
SKST036_1_G103013	HallAB_2017	HallAB_2017	SKST036	stool	control	healthy	adult	USA	Atlanta	no	IlluminaMiSeq	other	29183332	15740004	1575841078	50	101	SRR5651457	Marisa_Metzger		30	1				Healthy								
SKST036_2_G103020	HallAB_2017	HallAB_2017	SKST036	stool	control	healthy	adult	USA	Atlanta	no	IlluminaMiSeq	other	29183332	1279750	127791821	50	101	SRR5651452	Marisa_Metzger		60	2				Healthy								
SKST036_3_G103025	HallAB_2017	HallAB_2017	SKST036	stool	control	healthy	adult	USA	Atlanta	no	IlluminaMiSeq	other	29183332	29309570	2934300706	50	101	SRR5651451	Marisa_Metzger		90	3				Healthy								
SKST037_2_G103023	HallAB_2017	HallAB_2017	SKST037	stool	control	healthy	adult	USA	Atlanta	no	IlluminaMiSeq	other	29183332	29565332	2962809737	50	101	SRR5651453	Marisa_Metzger		60	2				Healthy								
SKST037_3_G103026	HallAB_2017	HallAB_2017	SKST037	stool	control	healthy	adult	USA	Atlanta	no	IlluminaMiSeq	other	29183332	221392	22094593	60	101	SRR5651460	Marisa_Metzger		90	3				Healthy								
SKST041_1_G103005	HallAB_2017	HallAB_2017	SKST041	stool	control	healthy	adult	USA	Atlanta	no	IlluminaMiSeq	other	29183332	12769366	1277445271	50	101	SRR5651459	Marisa_Metzger		30	1				Healthy								
SKST041_2_G103027	HallAB_2017	HallAB_2017	SKST041	stool	control	healthy	adult	USA	Atlanta	no	IlluminaMiSeq	other	29183332	37792970	3788227997	50	101	SRR5651461	Marisa_Metzger		60	2				Healthy								
SKST041_3_G103028	HallAB_2017	HallAB_2017	SKST041	stool	control	healthy	adult	USA	Atlanta	no	IlluminaMiSeq	other	29183332	38610932	3869584514	50	101	SRR5651462	Marisa_Metzger		90	3				Healthy								
MH0001	NielsenHB_2014	NielsenHB_2014	MH0001	stool	control	healthy	adult	DNK		no	IlluminaHiSeq		24997787	45014922	1980656568	44	44	ERR209908;ERR209907;ERR209056;ERR209055	Paolo_Manghi		0					Healthy	no	49	female	25.6	156			
MH0002	NielsenHB_2014	NielsenHB_2014	MH0002	stool	control	healthy	adult	DNK		no	IlluminaHiSeq		24997787	46564054	3492304050	75	75	ERR209911;ERR209910;ERR209909;ERR209059;ERR209058;ERR209057	Paolo_Manghi		0					Healthy	no	59	female	27.3	164			
MH0003	NielsenHB_2014	NielsenHB_2014	MH0003	stool	control	healthy	senior	DNK		no	IlluminaHiSeq		24997787	50381662	3778624650	75	75	ERR209914;ERR209913;ERR209912;ERR209062;ERR209061;ERR209060	Paolo_Manghi		0					Healthy	no	69	male	33.2	127			
MH0004	NielsenHB_2014	NielsenHB_2014	MH0004	stool	control	healthy	adult	DNK		no	IlluminaHiSeq		24997787	40277026	1772189144	44	44	ERR209916;ERR209915;ERR209064;ERR209063	Paolo_Manghi		0					Healthy	no	59	male	31.2	164			
MH0005	NielsenHB_2014	NielsenHB_2014	MH0005	stool	control	healthy	adult	DNK		no	IlluminaHiSeq		24997787	39402462	1733708328	44	44	ERR209918;ERR209917;ERR209066;ERR209065	Paolo_Manghi		0					Healthy	no	64	male	21.7	155			
MH0006	NielsenHB_2014	NielsenHB_2014	MH0006	stool	control	healthy	adult	DNK		no	IlluminaHiSeq		24997787	161145974	10901069708	44	75	ERR209924;ERR209923;ERR209922;ERR209921;ERR209920;ERR209919;ERR209072;ERR209071;ERR209070;ERR209069;ERR209068;ERR209067	Paolo_Manghi		0					Healthy	no	59	female	22.4	214			
MH0007	NielsenHB_2014	NielsenHB_2014	MH0007	stool	control	healthy	senior	DNK		no	IlluminaHiSeq		24997787	36951094	1625848136	44	44	ERR209926;ERR209925;ERR209074;ERR209073	Paolo_Manghi		0					Healthy	no	69	male	33.6	214			
MH0008	NielsenHB_2014	NielsenHB_2014	MH0008	stool	control	healthy	adult	DNK		no	IlluminaHiSeq		24997787	38154256	1678787264	44	44	ERR209928;ERR209927;ERR209076;ERR209075	Paolo_Manghi		0					Healthy	no	59	male	24.3	111			
MH0009	NielsenHB_2014	NielsenHB_2014	MH0009	stool	control	healthy	adult	DNK		no	IlluminaHiSeq		24997787	58446132	4383459900	75	75	ERR209931;ERR209930;ERR209929;ERR209079;ERR209078;ERR209077	Paolo_Manghi		0					Healthy	no	64	male	29	204			
MH0010	NielsenHB_2014	NielsenHB_2014	MH0010	stool	control	healthy	adult	DNK		no	IlluminaHiSeq		24997787	39167030	1723349320	44	44	ERR209933;ERR209932;ERR209081;ERR209080	Paolo_Manghi		0					Healthy	no	64	male	33.3	102			
MH0011	NielsenHB_2014	NielsenHB_2014	MH0011	stool	control	healthy	adult	DNK		no	IlluminaHiSeq		24997787	58492736	4386955200	75	75	ERR209936;ERR209935;ERR209934;ERR209083;ERR209082;ERR209084	Paolo_Manghi		0					Healthy	no	59	female	22.3	208			
MH0012	NielsenHB_2014	NielsenHB_2014	MH0012	stool	control	healthy	adult	DNK		no	IlluminaHiSeq		24997787	186050798	13953809850	75	75	ERR209943;ERR209942;ERR209941;ERR209940;ERR209939;ERR209938;ERR209937;ERR209091;ERR209090;ERR209089;ERR209088;ERR209087;ERR209086;ERR209085	Paolo_Manghi		0					Healthy	no	49	female	32.1	186			
MH0013	NielsenHB_2014	NielsenHB_2014	MH0013	stool	control	healthy	adult	DNK		no	IlluminaHiSeq		24997787	40004484	1760197296	44	44	ERR209945;ERR209944;ERR209093;ERR209092	Paolo_Manghi		0					Healthy	no	54	male	20.5	156			
MH0014	NielsenHB_2014	NielsenHB_2014	MH0014	stool	control	healthy	adult	DNK		no	IlluminaHiSeq		24997787	56295656	4222174200	75	75	ERR209948;ERR209947;ERR209946;ERR209096;ERR209095;ERR209094	Paolo_Manghi		0					Healthy	no	54	female	38.5	163			
MH0015	NielsenHB_2014	NielsenHB_2014	MH0015	stool	control	healthy	adult	DNK		no	IlluminaHiSeq		24997787	33012850	1452565400	44	44	ERR209950;ERR209949;ERR209098;ERR209097	Paolo_Manghi		0					Healthy	no	59	male	25.5	138			
MH0016	NielsenHB_2014	NielsenHB_2014	MH0016	stool	control	healthy	adult	DNK		no	IlluminaHiSeq		24997787	54391486	4079361450	75	75	ERR209953;ERR209952;ERR209951;ERR209101;ERR209100;ERR209099	Paolo_Manghi		0					Healthy	no	49	female	30.5	130			
MH0017	NielsenHB_2014	NielsenHB_2014	MH0017	stool	control	healthy	adult	DNK		no	IlluminaHiSeq		24997787	36152668	1590717392	44	44	ERR209955;ERR209954;ERR209103;ERR209102	Paolo_Manghi		0					Healthy	no	64	male	21.8	207			
MH0018	NielsenHB_2014	NielsenHB_2014	MH0018	stool	control	healthy	adult	DNK		no	IlluminaHiSeq		24997787	36577566	1609412904	44	44	ERR209957;ERR209956;ERR209105;ERR209104	Paolo_Manghi		0					Healthy	no	49	male	31.4	101			
MH0019	NielsenHB_2014	NielsenHB_2014	MH0019	stool	control	healthy	adult	DNK		no	IlluminaHiSeq		24997787	38853986	1709575384	44	44	ERR209959;ERR209958;ERR209107;ERR209106	Paolo_Manghi		0					Healthy	no	44	female	20	141			
MH0020	NielsenHB_2014	NielsenHB_2014	MH0020	stool	control	healthy	adult	DNK		no	IlluminaHiSeq		24997787	45794576	3434593200	75	75	ERR209961;ERR209960;ERR209109;ERR209108	Paolo_Manghi		0					Healthy	no	64	female	33.2	82			
MH0021	NielsenHB_2014	NielsenHB_2014	MH0021	stool	control	healthy	adult	DNK		no	IlluminaHiSeq		24997787	26254116	1969058700	75	75	ERR209963;ERR209962;ERR209111;ERR209110	Paolo_Manghi		0					Healthy	no	49	female	25.4	194			
MH0022	NielsenHB_2014	NielsenHB_2014	MH0022	stool	control	healthy	adult	DNK		no	IlluminaHiSeq		24997787	37108408	1632769952	44	44	ERR209965;ERR209964;ERR209113;ERR209112	Paolo_Manghi		0					Healthy	no	64	male	24.4	220			
MH0023	NielsenHB_2014	NielsenHB_2014	MH0023	stool	control	healthy	senior	DNK		no	IlluminaHiSeq		24997787	37780892	1662359248	44	44	ERR209967;ERR209966;ERR209115;ERR209114	Paolo_Manghi		0					Healthy	no	69	male	31.7	172			
MH0024	NielsenHB_2014	NielsenHB_2014	MH0024	stool	control	healthy	adult	DNK		no	IlluminaHiSeq		24997787	54906872	3615740280	45	75	ERR209969;ERR209968;ERR209117;ERR209116	Paolo_Manghi		0					Healthy	no	59	female	22.7	182			
MH0025	NielsenHB_2014	NielsenHB_2014	MH0025	stool	control	healthy	adult	DNK		no	IlluminaHiSeq		24997787	55597758	3678992940	45	75	ERR209971;ERR209970;ERR209119;ERR209118	Paolo_Manghi		0					Healthy	no	49	female	34.2	203			
MH0026	NielsenHB_2014	NielsenHB_2014	MH0026	stool	control	healthy	adult	DNK		no	IlluminaHiSeq		24997787	37481422	2811106650	75	75	ERR209973;ERR209972;ERR209121;ERR209120	Paolo_Manghi		0					Healthy	no	49	female	37.3	124			
MH0027	NielsenHB_2014	NielsenHB_2014	MH0027	stool	control	healthy	adult	DNK		no	IlluminaHiSeq		24997787	32375364	1424516016	44	44	ERR209975;ERR209974;ERR209123;ERR209122	Paolo_Manghi		0					Healthy	no	59	female	23.1	216			
MH0028	NielsenHB_2014	NielsenHB_2014	MH0028	stool	control	healthy	adult	DNK		no	IlluminaHiSeq		24997787	55147450	3618371490	45	75	ERR209977;ERR209976;ERR209125;ERR209124	Paolo_Manghi		0					Healthy	no	44	female	22.7	143			
MH0030	NielsenHB_2014	NielsenHB_2014	MH0030	stool	control	healthy	adult	DNK		no	IlluminaHiSeq		24997787	51598890	3399735120	45	75	ERR209979;ERR209978;ERR209127;ERR209126	Paolo_Manghi		0					Healthy	no	59	male	35.2	205			
MH0031	NielsenHB_2014	NielsenHB_2014	MH0031	stool	control	healthy	senior	DNK		no	IlluminaHiSeq		24997787	55512226	3653785380	45	75	ERR209981;ERR209980;ERR209129;ERR209128	Paolo_Manghi		0					Healthy	no	69	male	22.3	255			
MH0032	NielsenHB_2014	NielsenHB_2014	MH0032	stool	control	healthy	senior	DNK		no	IlluminaHiSeq		24997787	50094084	3279648690	45	75	ERR209983;ERR209982;ERR209131;ERR209130	Paolo_Manghi		0					Healthy	no	69	male	35.3	177			
MH0033	NielsenHB_2014	NielsenHB_2014	MH0033	stool	control	healthy	adult	DNK		no	IlluminaHiSeq		24997787	44993368	3374502600	75	75	ERR209985;ERR209984;ERR209133;ERR209132	Paolo_Manghi		0					Healthy	no	59	female	32	190			
MH0034	NielsenHB_2014	NielsenHB_2014	MH0034	stool	control	healthy	adult	DNK		no	IlluminaHiSeq		24997787	37399690	2804976750	75	75	ERR209987;ERR209986;ERR209135;ERR209134	Paolo_Manghi		0					Healthy	no	54	male	40	127			
MH0035	NielsenHB_2014	NielsenHB_2014	MH0035	stool	control	healthy	adult	DNK		no	IlluminaHiSeq		24997787	49255994	3694199550	75	75	ERR209989;ERR209988;ERR209137;ERR209136	Paolo_Manghi		0					Healthy	no	49	male	22.7	197			
MH0036	NielsenHB_2014	NielsenHB_2014	MH0036	stool	control	healthy	adult	DNK		no	IlluminaHiSeq		24997787	47700842	3577563150	75	75	ERR209991;ERR209990;ERR209139;ERR209138	Paolo_Manghi		0					Healthy	no	64	male	30.7	151			
MH0037	NielsenHB_2014	NielsenHB_2014	MH0037	stool	control	healthy	adult	DNK		no	IlluminaHiSeq		24997787	42030812	3152310900	75	75	ERR209993;ERR209992;ERR209141;ERR209140	Paolo_Manghi		0					Healthy	no	44	male	24	148			
MH0038	NielsenHB_2014	NielsenHB_2014	MH0038	stool	control	healthy	adult	DNK		no	IlluminaHiSeq		24997787	45459094	3409432050	75	75	ERR209995;ERR209994;ERR209143;ERR209142	Paolo_Manghi		0					Healthy	no	54	female	22	192			
MH0039	NielsenHB_2014	NielsenHB_2014	MH0039	stool	control	healthy	adult	DNK		no	IlluminaHiSeq		24997787	42715114	3203633550	75	75	ERR209997;ERR209996;ERR209145;ERR209144	Paolo_Manghi		0					Healthy	no	59	male	23.1	156			
MH0040	NielsenHB_2014	NielsenHB_2014	MH0040	stool	control	healthy	senior	DNK		no	IlluminaHiSeq		24997787	44247598	3318569850	75	75	ERR209999;ERR209998;ERR209147;ERR209146	Paolo_Manghi		0					Healthy	no	67	female	20.9	188			
MH0041	NielsenHB_2014	NielsenHB_2014	MH0041	stool	control	healthy	adult	DNK		no	IlluminaHiSeq		24997787	44369418	3327706350	75	75	ERR210001;ERR210000;ERR209149;ERR209148	Paolo_Manghi		0					Healthy	no	59	male	23.2	138			
MH0042	NielsenHB_2014	NielsenHB_2014	MH0042	stool	control	healthy	adult	DNK		no	IlluminaHiSeq		24997787	43406328	3255474600	75	75	ERR210003;ERR210002;ERR209151;ERR209150	Paolo_Manghi		0					Healthy	no	49	male	24.5	228			
MH0043	NielsenHB_2014	NielsenHB_2014	MH0043	stool	control	healthy	senior	DNK		no	IlluminaHiSeq		24997787	49336750	3700256250	75	75	ERR210005;ERR210004;ERR209153;ERR209152	Paolo_Manghi		0					Healthy	no	69	male	23.7	154			
MH0044	NielsenHB_2014	NielsenHB_2014	MH0044	stool	control	healthy	adult	DNK		no	IlluminaHiSeq		24997787	44861872	3364640400	75	75	ERR210007;ERR210006;ERR209155;ERR209154	Paolo_Manghi		0					Healthy	no	64	male	24.5	173			
MH0045	NielsenHB_2014	NielsenHB_2014	MH0045	stool	control	healthy	adult	DNK		no	IlluminaHiSeq		24997787	49429392	3707204400	75	75	ERR210009;ERR210008;ERR209157;ERR209156	Paolo_Manghi		0					Healthy	no	59	male	25.1	124			
MH0046	NielsenHB_2014	NielsenHB_2014	MH0046	stool	control	healthy	adult	DNK		no	IlluminaHiSeq		24997787	35794106	2684557950	75	75	ERR210011;ERR210010;ERR209159;ERR209158	Paolo_Manghi		0					Healthy	no	54	male	23.7	178			
MH0047	NielsenHB_2014	NielsenHB_2014	MH0047	stool	control	healthy	senior	DNK		no	IlluminaHiSeq		24997787	26929148	2019686100	75	75	ERR210013;ERR210012;ERR209161;ERR209160	Paolo_Manghi		0					Healthy	no	69	female	30.4	112			
MH0048	NielsenHB_2014	NielsenHB_2014	MH0048	stool	control	healthy	adult	DNK		no	IlluminaHiSeq		24997787	26967604	2022570300	75	75	ERR210015;ERR210014;ERR209163;ERR209162	Paolo_Manghi		0					Healthy	no	54	female	19.4	193			
MH0049	NielsenHB_2014	NielsenHB_2014	MH0049	stool	control	healthy	adult	DNK		no	IlluminaHiSeq		24997787	30653092	2298981900	75	75	ERR210017;ERR210016;ERR209165;ERR209164	Paolo_Manghi		0					Healthy	no	44	female	35.5	100			
MH0050	NielsenHB_2014	NielsenHB_2014	MH0050	stool	control	healthy	adult	DNK		no	IlluminaHiSeq		24997787	47789610	3584220750	75	75	ERR210019;ERR210018;ERR209167;ERR209166	Paolo_Manghi		0					Healthy	no	49	male	25.1	202			
MH0051	NielsenHB_2014	NielsenHB_2014	MH0051	stool	control	healthy	senior	DNK		no	IlluminaHiSeq		24997787	25954644	1946598300	75	75	ERR210021;ERR210020;ERR209169;ERR209168	Paolo_Manghi		0					Healthy	no	69	female	23.2	153			
MH0052	NielsenHB_2014	NielsenHB_2014	MH0052	stool	control	healthy	adult	DNK		no	IlluminaHiSeq		24997787	28572586	2142943950	75	75	ERR210023;ERR210022;ERR209171;ERR209170	Paolo_Manghi		0					Healthy	no	49	female	33.2	206			
MH0053	NielsenHB_2014	NielsenHB_2014	MH0053	stool	control	healthy	adult	DNK		no	IlluminaHiSeq		24997787	43280824	3246061800	75	75	ERR210025;ERR210024;ERR209173;ERR209172	Paolo_Manghi		0					Healthy	no	49	female	32.7	198			
MH0054	NielsenHB_2014	NielsenHB_2014	MH0054	stool	control	healthy	adult	DNK		no	IlluminaHiSeq		24997787	42258418	3169381350	75	75	ERR210027;ERR210026;ERR209175;ERR209174	Paolo_Manghi		0					Healthy	no	49	male	20.3	151			
MH0055	NielsenHB_2014	NielsenHB_2014	MH0055	stool	control	healthy	adult	DNK		no	IlluminaHiSeq		24997787	47108026	3533101950	75	75	ERR210029;ERR210028;ERR209177;ERR209176	Paolo_Manghi		0					Healthy	no	59	male	30.3	173			
MH0056	NielsenHB_2014	NielsenHB_2014	MH0056	stool	control	healthy	adult	DNK		no	IlluminaHiSeq		24997787	49134840	3685113000	75	75	ERR210031;ERR210030;ERR209179;ERR209178	Paolo_Manghi		0					Healthy	no	54	male	25.3	229			
MH0057	NielsenHB_2014	NielsenHB_2014	MH0057	stool	control	healthy	adult	DNK		no	IlluminaHiSeq		24997787	43046732	3228504900	75	75	ERR210033;ERR210032;ERR209181;ERR209180	Paolo_Manghi		0					Healthy	no	54	female	33	109			
MH0058	NielsenHB_2014	NielsenHB_2014	MH0058	stool	control	healthy	adult	DNK		no	IlluminaHiSeq		24997787	49812516	3735938700	75	75	ERR210035;ERR210034;ERR209183;ERR209182	Paolo_Manghi		0					Healthy	no	54	female	22	202			
MH0059	NielsenHB_2014	NielsenHB_2014	MH0059	stool	control	healthy	adult	DNK		no	IlluminaHiSeq		24997787	41014368	3076077600	75	75	ERR210037;ERR210036;ERR209185;ERR209184	Paolo_Manghi		0					Healthy	no	59	male	33.3	194			
MH0060	NielsenHB_2014	NielsenHB_2014	MH0060	stool	control	healthy	adult	DNK		no	IlluminaHiSeq		24997787	41109952	3083246400	75	75	ERR210039;ERR210038;ERR209187;ERR209186	Paolo_Manghi		0					Healthy	no	64	male	23.5	190			
MH0061	NielsenHB_2014	NielsenHB_2014	MH0061	stool	control	healthy	senior	DNK		no	IlluminaHiSeq		24997787	44444004	3333300300	75	75	ERR210041;ERR210040;ERR209189;ERR209188	Paolo_Manghi		0					Healthy	no	69	female	30	92			
MH0062	NielsenHB_2014	NielsenHB_2014	MH0062	stool	control	healthy	adult	DNK		no	IlluminaHiSeq		24997787	36512292	2738421900	75	75	ERR210043;ERR210042;ERR209191;ERR209190	Paolo_Manghi		0					Healthy	no	49	female	37.5	143			
MH0063	NielsenHB_2014	NielsenHB_2014	MH0063	stool	control	healthy	adult	DNK		no	IlluminaHiSeq		24997787	45957518	3446813850	75	75	ERR210045;ERR210044;ERR209193;ERR209192	Paolo_Manghi		0					Healthy	no	59	male	30.2	212			
MH0064	NielsenHB_2014	NielsenHB_2014	MH0064	stool	control	healthy	adult	DNK		no	IlluminaHiSeq		24997787	44727782	3354583650	75	75	ERR210047;ERR210046;ERR209195;ERR209194	Paolo_Manghi		0					Healthy	no	54	female	23.2	158			
MH0065	NielsenHB_2014	NielsenHB_2014	MH0065	stool	control	healthy	adult	DNK		no	IlluminaHiSeq		24997787	44573964	3343047300	75	75	ERR210049;ERR210048;ERR209197;ERR209196	Paolo_Manghi		0					Healthy	no	59	male	28.2	227			
MH0066	NielsenHB_2014	NielsenHB_2014	MH0066	stool	control	healthy	adult	DNK		no	IlluminaHiSeq		24997787	36112910	2708468250	75	75	ERR210051;ERR210050;ERR209199;ERR209198	Paolo_Manghi		0					Healthy	no	44	female	20.8	173			
MH0067	NielsenHB_2014	NielsenHB_2014	MH0067	stool	control	healthy	adult	DNK		no	IlluminaHiSeq		24997787	44483444	3336258300	75	75	ERR210053;ERR210052;ERR209201;ERR209200	Paolo_Manghi		0					Healthy	no	54	male	21.1	114			
MH0068	NielsenHB_2014	NielsenHB_2014	MH0068	stool	control	healthy	adult	DNK		no	IlluminaHiSeq		24997787	43864016	3289801200	75	75	ERR210055;ERR210054;ERR209203;ERR209202	Paolo_Manghi		0					Healthy	no	54	female	29	102			
MH0069	NielsenHB_2014	NielsenHB_2014	MH0069	stool	control	healthy	adult	DNK		no	IlluminaHiSeq		24997787	69711626	5228371950	75	75	ERR210058;ERR210057;ERR210056;ERR209206;ERR209205;ERR209204	Paolo_Manghi		0					Healthy	no	59	female	36.7	195			
MH0070	NielsenHB_2014	NielsenHB_2014	MH0070	stool	control	healthy	adult	DNK		no	IlluminaHiSeq		24997787	47913662	3593524650	75	75	ERR210060;ERR210059;ERR209208;ERR209207	Paolo_Manghi		0					Healthy	no	49	male	22.7	216			
MH0071	NielsenHB_2014	NielsenHB_2014	MH0071	stool	control	healthy	adult	DNK		no	IlluminaHiSeq		24997787	46234872	3467615400	75	75	ERR210062;ERR210061;ERR209210;ERR209209	Paolo_Manghi		0					Healthy	no	45	female	25.4	165			
MH0072	NielsenHB_2014	NielsenHB_2014	MH0072	stool	control	healthy	adult	DNK		no	IlluminaHiSeq		24997787	49276126	3695709450	75	75	ERR210064;ERR210063;ERR209212;ERR209211	Paolo_Manghi		0					Healthy	no	64	female	40.2	105			
MH0073	NielsenHB_2014	NielsenHB_2014	MH0073	stool	control	healthy	adult	DNK		no	IlluminaHiSeq		24997787	47228584	3542143800	75	75	ERR210066;ERR210065;ERR209214;ERR209213	Paolo_Manghi		0					Healthy	no	54	male	32.5	129			
MH0074	NielsenHB_2014	NielsenHB_2014	MH0074	stool	control	healthy	adult	DNK		no	IlluminaHiSeq		24997787	46028996	3452174700	75	75	ERR210068;ERR210067;ERR209216;ERR209215	Paolo_Manghi		0					Healthy	no	49	female	20.5	82			
MH0075	NielsenHB_2014	NielsenHB_2014	MH0075	stool	control	healthy	adult	DNK		no	IlluminaHiSeq		24997787	47063604	3529770300	75	75	ERR210070;ERR210069;ERR209218;ERR209217	Paolo_Manghi		0					Healthy	no	64	male	30.6	187			
MH0076	NielsenHB_2014	NielsenHB_2014	MH0076	stool	control	healthy	senior	DNK		no	IlluminaHiSeq		24997787	30642366	2298177450	75	75	ERR210072;ERR210071;ERR209220;ERR209219	Paolo_Manghi		0					Healthy	no	69	female	34.8	208			
MH0077	NielsenHB_2014	NielsenHB_2014	MH0077	stool	control	healthy	adult	DNK		no	IlluminaHiSeq		24997787	49649746	3723730950	75	75	ERR210074;ERR210073;ERR209222;ERR209221	Paolo_Manghi		0					Healthy	no	49	female	24.9	219			
MH0078	NielsenHB_2014	NielsenHB_2014	MH0078	stool	control	healthy	adult	DNK		no	IlluminaHiSeq		24997787	26012006	1950900450	75	75	ERR210076;ERR210075;ERR209224;ERR209223	Paolo_Manghi		0					Healthy	no	49	female	36.9	155			
MH0079	NielsenHB_2014	NielsenHB_2014	MH0079	stool	control	healthy	senior	DNK		no	IlluminaHiSeq		24997787	27414950	2056121250	75	75	ERR210078;ERR210077;ERR209226;ERR209225	Paolo_Manghi		0					Healthy	no	65	female	20	158			
MH0080	NielsenHB_2014	NielsenHB_2014	MH0080	stool	control	healthy	adult	DNK		no	IlluminaHiSeq		24997787	46584102	3493807650	75	75	ERR210080;ERR210079;ERR209228;ERR209227	Paolo_Manghi		0					Healthy	no	60	female	18.6	152			
MH0081	NielsenHB_2014	NielsenHB_2014	MH0081	stool	control	healthy	adult	DNK		no	IlluminaHiSeq		24997787	47850158	3588761850	75	75	ERR210082;ERR210081;ERR209230;ERR209229	Paolo_Manghi		0					Healthy	no	50	female	38	196			
MH0082	NielsenHB_2014	NielsenHB_2014	MH0082	stool	control	healthy	adult	DNK		no	IlluminaHiSeq		24997787	48342310	3625673250	75	75	ERR210084;ERR210083;ERR209232;ERR209231	Paolo_Manghi		0					Healthy	no	60	female	22.6	184			
MH0083	NielsenHB_2014	NielsenHB_2014	MH0083	stool	control	healthy	adult	DNK		no	IlluminaHiSeq		24997787	47902174	3592663050	75	75	ERR210086;ERR210085;ERR209234;ERR209233	Paolo_Manghi		0					Healthy	no	55	female	30.6	158			
MH0084	NielsenHB_2014	NielsenHB_2014	MH0084	stool	control	healthy	adult	DNK		no	IlluminaHiSeq		24997787	53561048	4017078600	75	75	ERR210088;ERR210087;ERR209236;ERR209235	Paolo_Manghi		0					Healthy	no	64	male	31.7	130			
MH0085	NielsenHB_2014	NielsenHB_2014	MH0085	stool	control	healthy	adult	DNK		no	IlluminaHiSeq		24997787	49432344	3707425800	75	75	ERR210090;ERR210089;ERR209238;ERR209237	Paolo_Manghi		0					Healthy	no	59	female	36.5	128			
MH0086	NielsenHB_2014	NielsenHB_2014	MH0086	stool	control	healthy	adult	DNK		no	IlluminaHiSeq		24997787	55430592	4157294400	75	75	ERR210092;ERR210091;ERR209240;ERR209239	Paolo_Manghi		0					Healthy	no	60	female	21.6	158			
MH0087	NielsenHB_2014	NielsenHB_2014	MH0087	stool	control	healthy	adult	DNK		no	IlluminaHiSeq		24997787	63207452	4666725299	72	74	ERR210096;ERR210095;ERR210094;ERR210093;ERR209244;ERR209243;ERR209242;ERR209241	Paolo_Manghi		0					Healthy	no	55	female	23	50			
MH0088	NielsenHB_2014	NielsenHB_2014	MH0088	stool	control	healthy	adult	DNK		no	IlluminaHiSeq		24997787	63915880	4793691000	75	75	ERR210097;ERR209245	Paolo_Manghi		0					Healthy	no	59	male	31.6	124			
MH0089	NielsenHB_2014	NielsenHB_2014	MH0089	stool	control	healthy	adult	DNK		no	IlluminaHiSeq		24997787	58781294	4349815756	73	74	ERR210101;ERR210100;ERR210099;ERR210098;ERR209249;ERR209248;ERR209247;ERR209246	Paolo_Manghi		0					Healthy	no	55	female	22.5	140			
MH0090	NielsenHB_2014	NielsenHB_2014	MH0090	stool	control	healthy	adult	DNK		no	IlluminaHiSeq		24997787	55336872	4091085908	72	74	ERR210105;ERR210104;ERR210103;ERR210102;ERR209253;ERR209252;ERR209251;ERR209250	Paolo_Manghi		0					Healthy	no	64	female	28.2	235			
MH0091	NielsenHB_2014	NielsenHB_2014	MH0091	stool	control	healthy	adult	DNK		no	IlluminaHiSeq		24997787	62462910	4622255340	73	74	ERR210106;ERR209254	Paolo_Manghi		0					Healthy	no	50	female	31.1	185			
MH0092	NielsenHB_2014	NielsenHB_2014	MH0092	stool	control	healthy	adult	DNK		no	IlluminaHiSeq		24997787	83848974	6198782326	73	73	ERR210113;ERR210112;ERR210111;ERR210110;ERR210109;ERR210108;ERR210107;ERR209261;ERR209260;ERR209259;ERR209258;ERR209257;ERR209256;ERR209255	Paolo_Manghi		0					Healthy	no	50	male	35.5	148			
MH0093	NielsenHB_2014	NielsenHB_2014	MH0093	stool	control	healthy	adult	DNK		no	IlluminaHiSeq		24997787	58782054	4339805688	73	73	ERR210119;ERR210118;ERR210117;ERR210116;ERR210115;ERR210114;ERR209267;ERR209266;ERR209265;ERR209264;ERR209263;ERR209262	Paolo_Manghi		0					Healthy	no	49	female	34.5	107			
MH0094	NielsenHB_2014	NielsenHB_2014	MH0094	stool	control	healthy	adult	DNK		no	IlluminaHiSeq		24997787	68315370	5047719386	73	73	ERR210125;ERR210124;ERR210123;ERR210122;ERR210121;ERR210120;ERR209273;ERR209272;ERR209271;ERR209270;ERR209269;ERR209268	Paolo_Manghi		0					Healthy	no	49	female	33.5	178			
MH0095	NielsenHB_2014	NielsenHB_2014	MH0095	stool	control	healthy	adult	DNK		no	IlluminaHiSeq		24997787	55253594	4079217306	73	73	ERR210131;ERR210130;ERR210129;ERR210128;ERR210127;ERR210126;ERR209279;ERR209278;ERR209277;ERR209276;ERR209275;ERR209274	Paolo_Manghi		0					Healthy	no	64	male	38.7	173			
MH0096	NielsenHB_2014	NielsenHB_2014	MH0096	stool	control	healthy	adult	DNK		no	IlluminaHiSeq		24997787	66517084	4915916254	73	73	ERR210137;ERR210136;ERR210135;ERR210134;ERR210133;ERR210132;ERR209285;ERR209284;ERR209283;ERR209282;ERR209281;ERR209280	Paolo_Manghi		0					Healthy	no	64	female	40.2	211			
MH0097	NielsenHB_2014	NielsenHB_2014	MH0097	stool	control	healthy	adult	DNK		no	IlluminaHiSeq		24997787	57085690	4215657824	73	73	ERR210143;ERR210142;ERR210141;ERR210140;ERR210139;ERR210138;ERR209291;ERR209290;ERR209289;ERR209288;ERR209287;ERR209286	Paolo_Manghi		0					Healthy	no	53	female	34.7	163			
MH0098	NielsenHB_2014	NielsenHB_2014	MH0098	stool	control	healthy	adult	DNK		no	IlluminaHiSeq		24997787	75593728	5587557002	73	73	ERR210147;ERR210146;ERR210145;ERR210144;ERR209295;ERR209294;ERR209293;ERR209292	Paolo_Manghi		0					Healthy	no	55	male	23.9	194			
MH0099	NielsenHB_2014	NielsenHB_2014	MH0099	stool	control	healthy	adult	DNK		no	IlluminaHiSeq		24997787	59039162	4368897988	73	74	ERR210150;ERR210149;ERR210148;ERR210152;ERR210151;ERR209300;ERR209299;ERR209298;ERR209297;ERR209296	Paolo_Manghi		0					Healthy	no	59	male	32.4	168			
MH0100	NielsenHB_2014	NielsenHB_2014	MH0100	stool	control	healthy	adult	DNK		no	IlluminaHiSeq		24997787	71308972	5271577124	73	73	ERR210156;ERR210155;ERR210154;ERR210153;ERR209304;ERR209303;ERR209302;ERR209301	Paolo_Manghi		0					Healthy	no	64	female	30.2	224			
MH0101	NielsenHB_2014	NielsenHB_2014	MH0101	stool	control	healthy	senior	DNK		no	IlluminaHiSeq		24997787	58483976	4327814224	73	74	ERR210161;ERR210160;ERR210159;ERR210158;ERR210157;ERR209309;ERR209308;ERR209307;ERR209306;ERR209305	Paolo_Manghi		0					Healthy	no	69	male	32.3	147			
MH0102	NielsenHB_2014	NielsenHB_2014	MH0102	stool	control	healthy	adult	DNK		no	IlluminaHiSeq		24997787	58830590	4353463660	73	74	ERR210166;ERR210165;ERR210164;ERR210163;ERR210162;ERR209314;ERR209313;ERR209312;ERR209311;ERR209310	Paolo_Manghi		0					Healthy	no	49	male	31.3	187			
MH0103	NielsenHB_2014	NielsenHB_2014	MH0103	stool	control	healthy	adult	DNK		no	IlluminaHiSeq		24997787	63505154	4699381396	73	74	ERR210171;ERR210170;ERR210169;ERR210168;ERR210167;ERR209319;ERR209318;ERR209317;ERR209316;ERR209315	Paolo_Manghi		0					Healthy	no	59	female	30	197			
MH0104	NielsenHB_2014	NielsenHB_2014	MH0104	stool	control	healthy	adult	DNK		no	IlluminaHiSeq		24997787	77929132	5756951038	73	73	ERR210178;ERR210177;ERR210176;ERR210175;ERR210174;ERR210173;ERR210172;ERR209326;ERR209325;ERR209324;ERR209323;ERR209322;ERR209321;ERR209320	Paolo_Manghi		0					Healthy	no	53	female	28.9	148			
MH0105	NielsenHB_2014	NielsenHB_2014	MH0105	stool	control	healthy	adult	DNK		no	IlluminaHiSeq		24997787	63784510	4720053740	73	74	ERR210183;ERR210182;ERR210181;ERR210180;ERR210179;ERR209331;ERR209330;ERR209329;ERR209328;ERR209327	Paolo_Manghi		0					Healthy	no	54	male	32.5	151			
MH0106	NielsenHB_2014	NielsenHB_2014	MH0106	stool	control	healthy	adult	DNK		no	IlluminaHiSeq		24997787	81706032	6033376616	73	73	ERR210190;ERR210189;ERR210188;ERR210187;ERR210186;ERR210185;ERR210184;ERR209338;ERR209337;ERR209336;ERR209335;ERR209334;ERR209333;ERR209332	Paolo_Manghi		0					Healthy	no	44	female	30.1	130			
MH0107	NielsenHB_2014	NielsenHB_2014	MH0107	stool	control	healthy	adult	DNK		no	IlluminaHiSeq		24997787	80721308	5973376792	73	74	ERR210196;ERR210195;ERR210194;ERR210193;ERR210192;ERR210191;ERR209344;ERR209343;ERR209342;ERR209341;ERR209340;ERR209339	Paolo_Manghi		0					Healthy	no	60	female	19.6	184			
MH0109	NielsenHB_2014	NielsenHB_2014	MH0109	stool	control	healthy	adult	DNK		no	IlluminaHiSeq		24997787	65783028	4867944072	73	74	ERR210201;ERR210200;ERR210199;ERR210198;ERR210197;ERR209349;ERR209348;ERR209347;ERR209346;ERR209345	Paolo_Manghi		0					Healthy	no	49	male	29.6	89			
MH0110	NielsenHB_2014	NielsenHB_2014	MH0110	stool	control	healthy	adult	DNK		no	IlluminaHiSeq		24997787	66082082	4883101150	73	73	ERR210207;ERR210206;ERR210205;ERR210204;ERR210203;ERR210202;ERR209355;ERR209354;ERR209353;ERR209352;ERR209351;ERR209350	Paolo_Manghi		0					Healthy	no	54	male	31.6	87			
MH0111	NielsenHB_2014	NielsenHB_2014	MH0111	stool	control	healthy	adult	DNK		no	IlluminaHiSeq		24997787	61923532	4582341368	73	74	ERR210210;ERR210209;ERR210208;ERR209358;ERR209357;ERR209356	Paolo_Manghi		0					Healthy	no	44	female	31.1	165			
MH0113	NielsenHB_2014	NielsenHB_2014	MH0113	stool	control	healthy	adult	DNK		no	IlluminaHiSeq		24997787	55011540	4070853960	73	74	ERR210214;ERR210213;ERR210212;ERR210211;ERR209362;ERR209361;ERR209360;ERR209359	Paolo_Manghi		0					Healthy	no	55	male	23.1	204			
MH0114	NielsenHB_2014	NielsenHB_2014	MH0114	stool	control	healthy	adult	DNK		no	IlluminaHiSeq		24997787	61669500	4563543000	73	74	ERR210219;ERR210218;ERR210217;ERR210216;ERR210215;ERR209367;ERR209366;ERR209365;ERR209364;ERR209363	Paolo_Manghi		0					Healthy	no	45	male	31.4	89			
MH0115	NielsenHB_2014	NielsenHB_2014	MH0115	stool	control	healthy	adult	DNK		no	IlluminaHiSeq		24997787	55119888	4073745278	73	73	ERR210222;ERR210221;ERR210220;ERR209370;ERR209369;ERR209368	Paolo_Manghi		0					Healthy	no	59	female	23.9	214			
MH0116	NielsenHB_2014	NielsenHB_2014	MH0116	stool	control	healthy	adult	DNK		no	IlluminaHiSeq		24997787	62436508	4614283398	73	73	ERR210228;ERR210227;ERR210226;ERR210225;ERR210224;ERR210223;ERR209376;ERR209375;ERR209374;ERR209373;ERR209372;ERR209371	Paolo_Manghi		0					Healthy	no	59	male	30.9	191			
MH0117	NielsenHB_2014	NielsenHB_2014	MH0117	stool	control	healthy	adult	DNK		no	IlluminaHiSeq		24997787	59372568	4393570032	73	74	ERR210232;ERR210231;ERR210230;ERR210229;ERR209380;ERR209379;ERR209378;ERR209377	Paolo_Manghi		0					Healthy	no	54	female	34	242			
MH0118	NielsenHB_2014	NielsenHB_2014	MH0118	stool	control	healthy	adult	DNK		no	IlluminaHiSeq		24997787	59291100	4387541400	73	74	ERR210235;ERR210234;ERR210233;ERR209383;ERR209382;ERR209381	Paolo_Manghi		0					Healthy	no	54	male	31.5	182			
MH0120	NielsenHB_2014	NielsenHB_2014	MH0120	stool	control	healthy	adult	DNK		no	IlluminaHiSeq		24997787	59954722	4436649428	73	74	ERR210239;ERR210238;ERR210237;ERR210236;ERR209387;ERR209386;ERR209385;ERR209384	Paolo_Manghi		0					Healthy	no	54	male	30.7	202			
MH0121	NielsenHB_2014	NielsenHB_2014	MH0121	stool	control	healthy	adult	DNK		no	IlluminaHiSeq		24997787	59394708	4454603100	75	75	ERR210240;ERR209388	Paolo_Manghi		0					Healthy	no	59	female	35.1	99			
MH0122	NielsenHB_2014	NielsenHB_2014	MH0122	stool	control	healthy	senior	DNK		no	IlluminaHiSeq		24997787	61291372	4526990536	72	74	ERR210245;ERR210244;ERR210243;ERR210242;ERR210241;ERR209393;ERR209392;ERR209391;ERR209390;ERR209389	Paolo_Manghi		0					Healthy	no	65	male	30.5	101			
MH0123	NielsenHB_2014	NielsenHB_2014	MH0123	stool	control	healthy	adult	DNK		no	IlluminaHiSeq		24997787	58109206	4290550859	72	74	ERR210249;ERR210248;ERR210247;ERR210246;ERR209394;ERR209397;ERR209396;ERR209395	Paolo_Manghi		0					Healthy	no	64	male	31.5	176			
MH0124	NielsenHB_2014	NielsenHB_2014	MH0124	stool	control	healthy	adult	DNK		no	IlluminaHiSeq		24997787	55503418	4103713347	72	74	ERR210254;ERR210253;ERR210252;ERR210251;ERR210250;ERR209402;ERR209401;ERR209400;ERR209399;ERR209398	Paolo_Manghi		0					Healthy	no	49	male	33.7	235			
MH0125	NielsenHB_2014	NielsenHB_2014	MH0125	stool	control	healthy	senior	DNK		no	IlluminaHiSeq		24997787	60358690	4457238216	72	74	ERR210258;ERR210257;ERR210256;ERR210255;ERR209406;ERR209405;ERR209404;ERR209403	Paolo_Manghi		0					Healthy	no	65	female	22.1	202			
MH0126	NielsenHB_2014	NielsenHB_2014	MH0126	stool	control	healthy	adult	DNK		no	IlluminaHiSeq		24997787	56779510	4197745916	72	74	ERR210262;ERR210261;ERR210260;ERR210259;ERR209410;ERR209409;ERR209408;ERR209407	Paolo_Manghi		0					Healthy	no	60	female	21.2	264			
MH0127	NielsenHB_2014	NielsenHB_2014	MH0127	stool	control	healthy	adult	DNK		no	IlluminaHiSeq		24997787	52676404	3898053896	73	74	ERR210266;ERR210265;ERR210264;ERR210263;ERR209414;ERR209413;ERR209412;ERR209411	Paolo_Manghi		0					Healthy	no	55	male	32.3	105			
MH0128	NielsenHB_2014	NielsenHB_2014	MH0128	stool	control	healthy	adult	DNK		no	IlluminaHiSeq		24997787	61219810	4520172383	72	74	ERR210270;ERR210269;ERR210268;ERR210267;ERR209418;ERR209417;ERR209416;ERR209415	Paolo_Manghi		0					Healthy	no	59	male	36.5	95			
MH0129	NielsenHB_2014	NielsenHB_2014	MH0129	stool	control	healthy	adult	DNK		no	IlluminaHiSeq		24997787	55066474	4074919076	73	74	ERR210274;ERR210273;ERR210272;ERR210271;ERR209422;ERR209421;ERR209420;ERR209419	Paolo_Manghi		0					Healthy	no	44	male	28.9	195			
MH0130	NielsenHB_2014	NielsenHB_2014	MH0130	stool	control	healthy	adult	DNK		no	IlluminaHiSeq		24997787	59978710	4434771523	72	74	ERR210278;ERR210277;ERR210276;ERR210275;ERR209426;ERR209425;ERR209424;ERR209423	Paolo_Manghi		0					Healthy	no	54	male	33.3	197			
MH0132	NielsenHB_2014	NielsenHB_2014	MH0132	stool	control	healthy	adult	DNK		no	IlluminaHiSeq		24997787	59979754	4438501796	73	74	ERR210282;ERR210281;ERR210280;ERR210279;ERR209430;ERR209429;ERR209428;ERR209427	Paolo_Manghi		0					Healthy	no	55	male	24	234			
MH0133	NielsenHB_2014	NielsenHB_2014	MH0133	stool	control	healthy	adult	DNK		no	IlluminaHiSeq		24997787	59204228	4381112872	73	74	ERR210286;ERR210285;ERR210284;ERR210283;ERR209434;ERR209433;ERR209432;ERR209431	Paolo_Manghi		0					Healthy	no	45	female	22.7	109			
MH0134	NielsenHB_2014	NielsenHB_2014	MH0134	stool	control	healthy	adult	DNK		no	IlluminaHiSeq		24997787	56533614	4183487436	73	74	ERR210290;ERR210289;ERR210288;ERR210287;ERR209438;ERR209437;ERR209436;ERR209435	Paolo_Manghi		0					Healthy	no	59	female	32.1	122			
MH0135	NielsenHB_2014	NielsenHB_2014	MH0135	stool	control	healthy	senior	DNK		no	IlluminaHiSeq		24997787	55141002	4080434148	73	74	ERR210294;ERR210293;ERR210292;ERR210291;ERR209442;ERR209441;ERR209440;ERR209439	Paolo_Manghi		0					Healthy	no	70	male	22.6	180			
MH0136	NielsenHB_2014	NielsenHB_2014	MH0136	stool	control	healthy	senior	DNK		no	IlluminaHiSeq		24997787	58240556	4306031449	72	74	ERR210298;ERR210297;ERR210296;ERR210295;ERR209446;ERR209445;ERR209444;ERR209443	Paolo_Manghi		0					Healthy	no	65	male	30.9	156			
MH0137	NielsenHB_2014	NielsenHB_2014	MH0137	stool	control	healthy	adult	DNK		no	IlluminaHiSeq		24997787	52914788	3906729681	72	74	ERR210302;ERR210301;ERR210300;ERR210299;ERR209450;ERR209449;ERR209448;ERR209447	Paolo_Manghi		0					Healthy	no	54	female	30.2	171			
MH0138	NielsenHB_2014	NielsenHB_2014	MH0138	stool	control	healthy	adult	DNK		no	IlluminaHiSeq		24997787	60425092	4471456808	73	74	ERR210303;ERR209451	Paolo_Manghi		0					Healthy	no	59	male	31.1	131			
MH0139	NielsenHB_2014	NielsenHB_2014	MH0139	stool	control	healthy	adult	DNK		no	IlluminaHiSeq		24997787	71831300	5387347500	75	75	ERR210304;ERR209452	Paolo_Manghi		0					Healthy	no	40	female	27.6	132			
MH0140	NielsenHB_2014	NielsenHB_2014	MH0140	stool	control	healthy	adult	DNK		no	IlluminaHiSeq		24997787	70427028	5282027100	75	75	ERR210305;ERR209453	Paolo_Manghi		0					Healthy	no	49	male	31.3	173			
MH0141	NielsenHB_2014	NielsenHB_2014	MH0141	stool	control	healthy	adult	DNK		no	IlluminaHiSeq		24997787	70759866	5306989950	75	75	ERR210306;ERR209454	Paolo_Manghi		0					Healthy	no	64	female	30.5	176			
MH0142	NielsenHB_2014	NielsenHB_2014	MH0142	stool	control	healthy	adult	DNK		no	IlluminaHiSeq		24997787	67012594	5025944550	75	75	ERR210307;ERR209455	Paolo_Manghi		0					Healthy	no	63	female	29.4	157			
MH0143	NielsenHB_2014	NielsenHB_2014	MH0143	stool	control	healthy	adult	DNK		no	IlluminaHiSeq		24997787	67997802	5099835150	75	75	ERR210308;ERR209456	Paolo_Manghi		0					Healthy	no	59	female	28.7	212			
MH0144	NielsenHB_2014	NielsenHB_2014	MH0144	stool	control	healthy	adult	DNK		no	IlluminaHiSeq		24997787	70338286	5275371450	75	75	ERR210309;ERR209457	Paolo_Manghi		0					Healthy	no	49	female	30.9	215			
MH0145	NielsenHB_2014	NielsenHB_2014	MH0145	stool	control	healthy	adult	DNK		no	IlluminaHiSeq		24997787	66595596	4979323690	73	75	ERR210311;ERR210310;ERR209459;ERR209458	Paolo_Manghi		0					Healthy	no	60	female	25.7	194			
MH0146	NielsenHB_2014	NielsenHB_2014	MH0146	stool	control	healthy	adult	DNK		no	IlluminaHiSeq		24997787	57592966	4319472450	75	75	ERR210312;ERR209460	Paolo_Manghi		0					Healthy	no	49	female	25.7	106			
MH0147	NielsenHB_2014	NielsenHB_2014	MH0147	stool	control	healthy	adult	DNK		no	IlluminaHiSeq		24997787	62261122	4640340488	72	75	ERR210316;ERR210315;ERR210314;ERR210313;ERR209464;ERR209463;ERR209462;ERR209461	Paolo_Manghi		0					Healthy	no	49	female	35.9	173			
MH0148	NielsenHB_2014	NielsenHB_2014	MH0148	stool	control	healthy	adult	DNK		no	IlluminaHiSeq		24997787	64804260	4837155414	73	75	ERR210320;ERR210319;ERR210318;ERR210317;ERR209468;ERR209467;ERR209466;ERR209465	Paolo_Manghi		0					Healthy	no	53	female	42	159			
MH0149	NielsenHB_2014	NielsenHB_2014	MH0149	stool	control	healthy	adult	DNK		no	IlluminaHiSeq		24997787	58869090	4415181750	75	75	ERR210321;ERR209469	Paolo_Manghi		0					Healthy	no	50	female	22.4	144			
MH0151	NielsenHB_2014	NielsenHB_2014	MH0151	stool	control	healthy	adult	DNK		no	IlluminaHiSeq		24997787	63513832	4763537400	75	75	ERR210322;ERR209470	Paolo_Manghi		0					Healthy	no	45	male	23	184			
MH0152	NielsenHB_2014	NielsenHB_2014	MH0152	stool	control	healthy	adult	DNK		no	IlluminaHiSeq		24997787	60898546	4567390950	75	75	ERR210323;ERR209471	Paolo_Manghi		0					Healthy	no	59	male	34.6	168			
MH0153	NielsenHB_2014	NielsenHB_2014	MH0153	stool	control	healthy	adult	DNK		no	IlluminaHiSeq		24997787	61157996	4586849700	75	75	ERR210324;ERR209472	Paolo_Manghi		0					Healthy	no	50	female	32.3	181			
MH0154	NielsenHB_2014	NielsenHB_2014	MH0154	stool	control	healthy	adult	DNK		no	IlluminaHiSeq		24997787	59646896	4473517200	75	75	ERR210325;ERR209473	Paolo_Manghi		0					Healthy	no	59	female	36.1	172			
MH0155	NielsenHB_2014	NielsenHB_2014	MH0155	stool	control	healthy	adult	DNK		no	IlluminaHiSeq		24997787	59466402	4459980150	75	75	ERR210326;ERR209474	Paolo_Manghi		0					Healthy	no	64	male	31.8	118			
MH0156	NielsenHB_2014	NielsenHB_2014	MH0156	stool	control	healthy	adult	DNK		no	IlluminaHiSeq		24997787	59688950	4476671250	75	75	ERR210327;ERR209475	Paolo_Manghi		0					Healthy	no	49	female	36.1	67			
MH0157	NielsenHB_2014	NielsenHB_2014	MH0157	stool	control	healthy	adult	DNK		no	IlluminaHiSeq		24997787	58429724	4382229300	75	75	ERR210328;ERR209476	Paolo_Manghi		0					Healthy	no	40	male	38.6	188			
MH0158	NielsenHB_2014	NielsenHB_2014	MH0158	stool	control	healthy	senior	DNK		no	IlluminaHiSeq		24997787	59409144	4455685800	75	75	ERR210329;ERR209477	Paolo_Manghi		0					Healthy	no	65	female	30.4	164			
MH0159	NielsenHB_2014	NielsenHB_2014	MH0159	stool	control	healthy	adult	DNK		no	IlluminaHiSeq		24997787	58836624	4412746800	75	75	ERR210330;ERR209478	Paolo_Manghi		0					Healthy	no	64	female	34	156			
MH0160	NielsenHB_2014	NielsenHB_2014	MH0160	stool	control	healthy	adult	DNK		no	IlluminaHiSeq		24997787	56395546	4229665950	75	75	ERR210331;ERR209479	Paolo_Manghi		0					Healthy	no	54	male	31.8	150			
MH0162	NielsenHB_2014	NielsenHB_2014	MH0162	stool	control	healthy	adult	DNK		no	IlluminaHiSeq		24997787	68547286	5141046450	75	75	ERR210332;ERR209480	Paolo_Manghi		0					Healthy	no	44	male	33.5	142			
MH0163	NielsenHB_2014	NielsenHB_2014	MH0163	stool	control	healthy	adult	DNK		no	IlluminaHiSeq		24997787	61347790	4539736460	73	74	ERR210334;ERR210333;ERR209482;ERR209481	Paolo_Manghi		0					Healthy	no	60	male	32.7	185			
MH0164	NielsenHB_2014	NielsenHB_2014	MH0164	stool	control	healthy	adult	DNK		no	IlluminaHiSeq		24997787	63093720	4668935280	73	74	ERR210335;ERR209483	Paolo_Manghi		0					Healthy	no	45	male	25.2	149			
MH0165	NielsenHB_2014	NielsenHB_2014	MH0165	stool	control	healthy	adult	DNK		no	IlluminaHiSeq		24997787	63102046	4669551404	73	74	ERR210340;ERR210339;ERR210338;ERR210337;ERR210336;ERR209488;ERR209487;ERR209486;ERR209485;ERR209484	Paolo_Manghi		0					Healthy	no	59	male	37.2	203			
MH0166	NielsenHB_2014	NielsenHB_2014	MH0166	stool	control	healthy	senior	DNK		no	IlluminaHiSeq		24997787	55584816	4113276384	73	74	ERR210343;ERR210342;ERR210341;ERR209491;ERR209490;ERR209489	Paolo_Manghi		0					Healthy	no	70	male	32	95			
MH0167	NielsenHB_2014	NielsenHB_2014	MH0167	stool	control	healthy	adult	DNK		no	IlluminaHiSeq		24997787	58559028	4333368072	73	74	ERR210347;ERR210346;ERR210345;ERR210344;ERR209495;ERR209494;ERR209493;ERR209492	Paolo_Manghi		0					Healthy	no	49	female	41.9	129			
MH0168	NielsenHB_2014	NielsenHB_2014	MH0168	stool	control	healthy	adult	DNK		no	IlluminaHiSeq		24997787	59111322	4374237828	73	74	ERR210351;ERR210350;ERR210349;ERR210348;ERR209499;ERR209498;ERR209497;ERR209496	Paolo_Manghi		0					Healthy	no	59	male	41.2	212			
MH0169	NielsenHB_2014	NielsenHB_2014	MH0169	stool	control	healthy	adult	DNK		no	IlluminaHiSeq		24997787	61639412	4611832936	73	75	ERR210353;ERR210352;ERR209501;ERR209500	Paolo_Manghi		0					Healthy	no	50	male	25.8	192			
MH0170	NielsenHB_2014	NielsenHB_2014	MH0170	stool	control	healthy	adult	DNK		no	IlluminaHiSeq		24997787	69993022	5225223056	73	75	ERR210357;ERR210356;ERR210355;ERR210354;ERR209505;ERR209504;ERR209503;ERR209502	Paolo_Manghi		0					Healthy	no	50	male	32.6	153			
MH0172	NielsenHB_2014	NielsenHB_2014	MH0172	stool	control	healthy	adult	DNK		no	IlluminaHiSeq		24997787	66181294	4963597050	75	75	ERR210358;ERR209506	Paolo_Manghi		0					Healthy	no	54	male	31.3	168			
MH0173	NielsenHB_2014	NielsenHB_2014	MH0173	stool	control	healthy	senior	DNK		no	IlluminaHiSeq		24997787	66887276	5016545700	75	75	ERR210359;ERR209507	Paolo_Manghi		0					Healthy	no	65	male	29.2	221			
MH0174	NielsenHB_2014	NielsenHB_2014	MH0174	stool	control	healthy	adult	DNK		no	IlluminaHiSeq		24997787	65626772	4922007900	75	75	ERR210360;ERR209508	Paolo_Manghi		0					Healthy	no	49	female	36.2	192			
MH0175	NielsenHB_2014	NielsenHB_2014	MH0175	stool	control	healthy	adult	DNK		no	IlluminaHiSeq		24997787	65331138	4899835350	75	75	ERR210361;ERR209509	Paolo_Manghi		0					Healthy	no	50	female	24.5	168			
MH0177	NielsenHB_2014	NielsenHB_2014	MH0177	stool	control	healthy	adult	DNK		no	IlluminaHiSeq		24997787	54546370	4036431380	73	74	ERR210365;ERR210364;ERR210363;ERR210362;ERR209513;ERR209512;ERR209511;ERR209510	Paolo_Manghi		0					Healthy	no	39	male	33.9	171			
MH0178	NielsenHB_2014	NielsenHB_2014	MH0178	stool	control	healthy	adult	DNK		no	IlluminaHiSeq		24997787	64217132	4816284900	75	75	ERR210366;ERR209514	Paolo_Manghi		0					Healthy	no	59	female	21.9	103			
MH0179	NielsenHB_2014	NielsenHB_2014	MH0179	stool	control	healthy	adult	DNK		no	IlluminaHiSeq		24997787	66357610	4976820750	75	75	ERR210367;ERR209515	Paolo_Manghi		0					Healthy	no	60	female	24.4	72			
MH0180	NielsenHB_2014	NielsenHB_2014	MH0180	stool	control	healthy	adult	DNK		no	IlluminaHiSeq		24997787	59658146	4474360950	75	75	ERR210368;ERR209516	Paolo_Manghi		0					Healthy	no	44	male	30.1	135			
MH0181	NielsenHB_2014	NielsenHB_2014	MH0181	stool	control	healthy	adult	DNK		no	IlluminaHiSeq		24997787	69823068	5236730100	75	75	ERR210369;ERR209517	Paolo_Manghi		0					Healthy	no	55	female	22.7	172			
MH0182	NielsenHB_2014	NielsenHB_2014	MH0182	stool	control	healthy	adult	DNK		no	IlluminaHiSeq		24997787	74372028	5577902100	75	75	ERR210370;ERR209518	Paolo_Manghi		0					Healthy	no	59	female	37.7	88			
MH0183	NielsenHB_2014	NielsenHB_2014	MH0183	stool	control	healthy	adult	DNK		no	IlluminaHiSeq		24997787	76565854	5720205292	73	75	ERR210374;ERR210373;ERR210372;ERR210371;ERR209522;ERR209521;ERR209520;ERR209519	Paolo_Manghi		0					Healthy	no	55	female	23.3	203			
MH0184	NielsenHB_2014	NielsenHB_2014	MH0184	stool	control	healthy	adult	DNK		no	IlluminaHiSeq		24997787	67762098	5051772511	72	75	ERR210378;ERR210377;ERR210376;ERR210375;ERR209526;ERR209525;ERR209524;ERR209523	Paolo_Manghi		0					Healthy	no	59	female	41.3	160			
MH0185	NielsenHB_2014	NielsenHB_2014	MH0185	stool	control	healthy	adult	DNK		no	IlluminaHiSeq		24997787	73808044	5535603300	75	75	ERR210379;ERR209527	Paolo_Manghi		0					Healthy	no	60	female	31.3	145			
MH0186	NielsenHB_2014	NielsenHB_2014	MH0186	stool	control	healthy	adult	DNK		no	IlluminaHiSeq		24997787	74388704	5579152800	75	75	ERR210380;ERR209528	Paolo_Manghi		0					Healthy	no	39	female	34.8	88			
O2_UC1_0	NielsenHB_2014	NielsenHB_2014	O2_UC1	stool	IBD	IBD	adult	ESP		no	IlluminaHiSeq		24997787	33294381	1836643480	30	57	ERR210382;ERR210381;ERR209530;ERR209529	Paolo_Manghi	UC	0					IBD		37	male	31.02040816	184			
O2_UC1_2	NielsenHB_2014	NielsenHB_2014	O2_UC1	stool	IBD	IBD	adult	ESP		no	IlluminaHiSeq		24997787	62870546	4288230740	30	71	ERR210388;ERR209536	Paolo_Manghi	UC	81					IBD		37	male	31.02040816	203	dfmp		
O2_UC11_0	NielsenHB_2014	NielsenHB_2014	O2_UC11	stool	IBD	IBD	adult	ESP		no	IlluminaHiSeq		24997787	24992105	1540301907	30	65	ERR210384;ERR210383;ERR209532;ERR209531	Paolo_Manghi	UC	0					IBD		34	female	18.68512111	94			
O2_UC11_2	NielsenHB_2014	NielsenHB_2014	O2_UC11	stool	IBD	IBD	adult	ESP		no	IlluminaHiSeq		24997787	68437230	4684248134	30	71	ERR210385;ERR209533	Paolo_Manghi	UC	88					IBD		34	female	18.68512111	102			
O2_UC12_0	NielsenHB_2014	NielsenHB_2014	O2_UC12	stool	IBD	IBD	adult	ESP		no	IlluminaHiSeq		24997787	22601787	1491685958	30	71	ERR210387;ERR210386;ERR209535;ERR209534	Paolo_Manghi	UC	0					IBD		43	male	21.60493827	157			
O2_UC12_2	NielsenHB_2014	NielsenHB_2014	O2_UC12	stool	IBD	IBD	adult	ESP		no	IlluminaHiSeq		24997787	66853516	4577106161	30	70	ERR210389;ERR209537	Paolo_Manghi	UC	90					IBD		43	male	21.60493827	172	dfmp		
O2_UC13_0	NielsenHB_2014	NielsenHB_2014	O2_UC13	stool	IBD	IBD	senior	ESP		no	IlluminaHiSeq		24997787	27871822	1544154220	30	56	ERR210391;ERR210390;ERR209539;ERR209538	Paolo_Manghi	UC	0					IBD		68	female	23.38435374	199			
O2_UC13_2	NielsenHB_2014	NielsenHB_2014	O2_UC13	stool	IBD	IBD	adult	ESP		no	IlluminaHiSeq		24997787	62414089	4277347347	30	71	ERR210392;ERR209540	Paolo_Manghi	UC	90					IBD		31	male	32.65306122	221			
O2_UC14_0	NielsenHB_2014	NielsenHB_2014	O2_UC14	stool	IBD	IBD	adult	ESP		no	IlluminaHiSeq		24997787	12556947	823579166	30	71	ERR210394;ERR210393;ERR209542;ERR209541	Paolo_Manghi	UC	0					IBD		31	male	32.65306122				
O2_UC14_2	NielsenHB_2014	NielsenHB_2014	O2_UC14	stool	IBD	IBD	senior	ESP		no	IlluminaHiSeq		24997787	60955900	4109597523	30	71	ERR210395;ERR209543	Paolo_Manghi	UC	89					IBD		68	female	23.38435374	209	dfmp		
O2_UC16_0	NielsenHB_2014	NielsenHB_2014	O2_UC16	stool	IBD	IBD	adult	ESP		no	IlluminaHiSeq		24997787	28403605	1544964896	30	55	ERR210397;ERR210396;ERR209545;ERR209544	Paolo_Manghi	UC	0					IBD		47	male	26.42356982	171			
O2_UC16_2	NielsenHB_2014	NielsenHB_2014	O2_UC16	stool	IBD	IBD	adult	ESP		no	IlluminaHiSeq		24997787	64992303	4539702113	30	72	ERR210398;ERR209546	Paolo_Manghi	UC	87					IBD		47	male	26.42356982	198			
O2_UC17_0	NielsenHB_2014	NielsenHB_2014	O2_UC17	stool	IBD	IBD	adult	ESP		no	IlluminaHiSeq		24997787	28959418	1640715288	30	58	ERR210400;ERR210399;ERR209548;ERR209547	Paolo_Manghi	UC	0					IBD		56	female	21.875	118			
O2_UC17_2	NielsenHB_2014	NielsenHB_2014	O2_UC17	stool	IBD	IBD	adult	ESP		no	IlluminaHiSeq		24997787	53740927	3756136562	30	71	ERR210401;ERR209549	Paolo_Manghi	UC	86					IBD		56	female	21.875	132	dfmp		
O2_UC18_0	NielsenHB_2014	NielsenHB_2014	O2_UC18	stool	IBD	IBD	adult	ESP		no	IlluminaHiSeq		24997787	27333406	1694085464	30	65	ERR210403;ERR210402;ERR209551;ERR209550	Paolo_Manghi	UC	0					IBD		42	male	24.15881797	188			
O2_UC18_2	NielsenHB_2014	NielsenHB_2014	O2_UC18	stool	IBD	IBD	adult	ESP		no	IlluminaHiSeq		24997787	57724728	3929142695	30	69	ERR210405;ERR210404;ERR209553;ERR209552	Paolo_Manghi	UC	90					IBD		48	male	25.7255174	204			
O2_UC19_0	NielsenHB_2014	NielsenHB_2014	O2_UC19	stool	IBD	IBD	adult	ESP		no	IlluminaHiSeq		24997787	29617728	1754730821	30	62	ERR210407;ERR210406;ERR209555;ERR209554	Paolo_Manghi	UC	0					IBD		48	male	25.7255174	41			
O2_UC19_2	NielsenHB_2014	NielsenHB_2014	O2_UC19	stool	IBD	IBD	adult	ESP		no	IlluminaHiSeq		24997787	61599901	4205661553	30	71	ERR210409;ERR210408;ERR209557;ERR209556	Paolo_Manghi	UC	96					IBD		42	male	24.15881797	93			
O2_UC2_0	NielsenHB_2014	NielsenHB_2014	O2_UC2	stool	IBD	IBD	adult	ESP		no	IlluminaHiSeq		24997787	56495420	3841424921	30	71	ERR210414;ERR210413;ERR210412;ERR209562;ERR209561;ERR209560	Paolo_Manghi	UC	0					IBD		46	male	24.02380867	179			
O2_UC2_2	NielsenHB_2014	NielsenHB_2014	O2_UC2	stool	IBD	IBD	adult	ESP		no	IlluminaHiSeq		24997787	65875944	4582498759	30	72	ERR210421;ERR209569	Paolo_Manghi	UC	88					IBD		46	male	24.02380867	147			
O2_UC20_0	NielsenHB_2014	NielsenHB_2014	O2_UC20	stool	IBD	IBD	adult	ESP		no	IlluminaHiSeq		24997787	27413692	1685966621	30	65	ERR210411;ERR210410;ERR209559;ERR209558	Paolo_Manghi	UC	0					IBD		51	female	24.03460984	138			
O2_UC20_2	NielsenHB_2014	NielsenHB_2014	O2_UC20	stool	IBD	IBD	adult	ESP		no	IlluminaHiSeq		24997787	57702921	3968060761	30	71	ERR210415;ERR209563	Paolo_Manghi	UC	90					IBD		51	female	24.03460984	132	dfmp		
O2_UC21_0	NielsenHB_2014	NielsenHB_2014	O2_UC21	stool	IBD	IBD	adult	ESP		no	IlluminaHiSeq		24997787	13847036	726098874	30	56	ERR210417;ERR210416;ERR209565;ERR209564	Paolo_Manghi	UC	0					IBD		49	female	30.46111831				
O2_UC21_2	NielsenHB_2014	NielsenHB_2014	O2_UC21	stool	IBD	IBD	adult	ESP		no	IlluminaHiSeq		24997787	54261776	3695265034	30	70	ERR210418;ERR209566	Paolo_Manghi	UC	91					IBD		49	female	30.46111831	154			
O2_UC22_0	NielsenHB_2014	NielsenHB_2014	O2_UC22	stool	IBD	IBD	adult	ESP		no	IlluminaHiSeq		24997787	31446215	1731900892	30	56	ERR210420;ERR210419;ERR209568;ERR209567	Paolo_Manghi	UC	0					IBD		44	male	25.39343112	143			
O2_UC22_2	NielsenHB_2014	NielsenHB_2014	O2_UC22	stool	IBD	IBD	adult	ESP		no	IlluminaHiSeq		24997787	57556429	3959151936	30	71	ERR210423;ERR210422;ERR209571;ERR209570	Paolo_Manghi	UC	90					IBD		44	male	25.39343112	140			
O2_UC23_0	NielsenHB_2014	NielsenHB_2014	O2_UC23	stool	IBD	IBD	adult	ESP		no	IlluminaHiSeq		24997787	23667792	1499810123	30	69	ERR210425;ERR210424;ERR209573;ERR209572	Paolo_Manghi	UC	0					IBD		41	female	28.16249373	138			
O2_UC23_2	NielsenHB_2014	NielsenHB_2014	O2_UC23	stool	IBD	IBD	adult	ESP		no	IlluminaHiSeq		24997787	62804847	4288188840	30	71	ERR210427;ERR210426;ERR209575;ERR209574	Paolo_Manghi	UC	92					IBD		41	female	28.16249373	180	dfmp		
O2_UC24_0	NielsenHB_2014	NielsenHB_2014	O2_UC24	stool	IBD	IBD	adult	ESP		no	IlluminaHiSeq		24997787	31962758	1985316241	30	65	ERR210429;ERR210428;ERR209577;ERR209576	Paolo_Manghi	UC	0					IBD		55	female	28.76397107	169			
O2_UC24_2	NielsenHB_2014	NielsenHB_2014	O2_UC24	stool	IBD	IBD	adult	ESP		no	IlluminaHiSeq		24997787	53258200	3681061892	30	72	ERR210430;ERR209578	Paolo_Manghi	UC	89					IBD		55	female	28.76397107	185	dfmp		
O2_UC26_0	NielsenHB_2014	NielsenHB_2014	O2_UC26	stool	IBD	IBD	adult	ESP		no	IlluminaHiSeq		24997787	63080961	4353474846	30	70	ERR210431;ERR209579	Paolo_Manghi	UC	0					IBD		41	male	23.99945917	39			
O2_UC26_2	NielsenHB_2014	NielsenHB_2014	O2_UC26	stool	IBD	IBD	adult	ESP		no	IlluminaHiSeq		24997787	61174125	4262268789	30	71	ERR210432;ERR209580	Paolo_Manghi	UC	83					IBD		41	male	23.99945917	44	dfmp		
O2_UC27_0	NielsenHB_2014	NielsenHB_2014	O2_UC27	stool	IBD	IBD	adult	ESP		no	IlluminaHiSeq		24997787	58314228	4039542698	30	71	ERR210433;ERR209581	Paolo_Manghi	UC	0					IBD		52	female	23.33768443	130			
O2_UC27_2	NielsenHB_2014	NielsenHB_2014	O2_UC27	stool	IBD	IBD	adult	ESP		no	IlluminaHiSeq		24997787	50950648	3523817631	30	69	ERR210434;ERR209582	Paolo_Manghi	UC	91					IBD		52	female	23.33768443	126			
O2_UC29_0	NielsenHB_2014	NielsenHB_2014	O2_UC29	stool	IBD	IBD	adult	ESP		no	IlluminaHiSeq		24997787	55508259	3738924027	30	69	ERR210435;ERR209583	Paolo_Manghi	UC	0					IBD		55	female	26.03749399	192			
O2_UC29_2	NielsenHB_2014	NielsenHB_2014	O2_UC29	stool	IBD	IBD	adult	ESP		no	IlluminaHiSeq		24997787	53644944	3668551643	30	71	ERR210437;ERR210436;ERR209585;ERR209584	Paolo_Manghi	UC	95					IBD		55	female	26.03749399	199			
O2_UC3_0	NielsenHB_2014	NielsenHB_2014	O2_UC3	stool	IBD	IBD	adult	ESP		no	IlluminaHiSeq		24997787	56880535	3880716074	30	71	ERR210441;ERR210440;ERR209588;ERR209589	Paolo_Manghi	UC	0					IBD		41	female	18.90359168	170			
O2_UC3_2	NielsenHB_2014	NielsenHB_2014	O2_UC3	stool	IBD	IBD	adult	ESP		no	IlluminaHiSeq		24997787	55608090	3818617604	30	70	ERR210452;ERR209600	Paolo_Manghi	UC	82					IBD		41	female	18.90359168	167			
O2_UC30_0	NielsenHB_2014	NielsenHB_2014	O2_UC30	stool	IBD	IBD	adult	ESP		no	IlluminaHiSeq		24997787	58175450	3944384055	30	71	ERR210439;ERR210438;ERR209587;ERR209586	Paolo_Manghi	UC	0					IBD		51	male	23.30668005	156			
O2_UC30_2	NielsenHB_2014	NielsenHB_2014	O2_UC30	stool	IBD	IBD	adult	ESP		no	IlluminaHiSeq		24997787	63984808	4298853846	30	71	ERR210444;ERR210443;ERR210442;ERR209592;ERR209591;ERR209590	Paolo_Manghi	UC	89					IBD		51	male	23.30668005	164	dfmp		
O2_UC31_0	NielsenHB_2014	NielsenHB_2014	O2_UC31	stool	IBD	IBD	adult	ESP		no	IlluminaHiSeq		24997787	62587460	4211826756	30	71	ERR210447;ERR210446;ERR210445;ERR209595;ERR209594;ERR209593	Paolo_Manghi	UC	0					IBD		30	male	22.71468144	208			
O2_UC31_2	NielsenHB_2014	NielsenHB_2014	O2_UC31	stool	IBD	IBD	adult	ESP		no	IlluminaHiSeq		24997787	63476445	4265213362	30	71	ERR210450;ERR210449;ERR210448;ERR209598;ERR209597;ERR209596	Paolo_Manghi	UC	95					IBD		30	male	22.71468144	209			
O2_UC32_0	NielsenHB_2014	NielsenHB_2014	O2_UC32	stool	IBD	IBD	adult	ESP		no	IlluminaHiSeq		24997787	57405719	3992228807	30	72	ERR210451;ERR209599	Paolo_Manghi	UC	0					IBD		54	female	26.77593411	134			
O2_UC32_2	NielsenHB_2014	NielsenHB_2014	O2_UC32	stool	IBD	IBD	adult	ESP		no	IlluminaHiSeq		24997787	61640036	4185059730	30	71	ERR210454;ERR210453;ERR209602;ERR209601	Paolo_Manghi	UC	60					IBD		54	female	26.77593411	137	dfmp		
O2_UC34_0	NielsenHB_2014	NielsenHB_2014	O2_UC34	stool	IBD	IBD	adult	ESP		no	IlluminaHiSeq		24997787	60489950	4153386624	30	72	ERR210455;ERR209603	Paolo_Manghi	UC	0					IBD		64	female	24.97398543	119			
O2_UC34_2	NielsenHB_2014	NielsenHB_2014	O2_UC34	stool	IBD	IBD	adult	ESP		no	IlluminaHiSeq		24997787	61656447	4313082780	30	73	ERR210456;ERR209604	Paolo_Manghi	UC	89					IBD		64	female	24.97398543	87	dfmp		
O2_UC35_0	NielsenHB_2014	NielsenHB_2014	O2_UC35	stool	IBD	IBD	adult	ESP		no	IlluminaHiSeq		24997787	51671185	3485248875	30	69	ERR210457;ERR209605	Paolo_Manghi	UC	0					IBD		39	female	30.29778393	172			
O2_UC35_2	NielsenHB_2014	NielsenHB_2014	O2_UC35	stool	IBD	IBD	adult	ESP		no	IlluminaHiSeq		24997787	59556921	3990935683	30	68	ERR210458;ERR209606	Paolo_Manghi	UC	92					IBD		39	female	30.29778393	196	dfmp		
O2_UC36_2	NielsenHB_2014	NielsenHB_2014	O2_UC36	stool	IBD	IBD	adult	ESP		no	IlluminaHiSeq		24997787	60221917	4085309064	30	70	ERR210459;ERR209607	Paolo_Manghi	UC	180					IBD		43	male	26.36560303	118			
O2_UC37_0	NielsenHB_2014	NielsenHB_2014	O2_UC37	stool	IBD	IBD	adult	ESP		no	IlluminaHiSeq		24997787	58388283	4079037106	30	72	ERR210460;ERR209608	Paolo_Manghi	UC	0					IBD		44	female	23.30905307	105			
O2_UC37_2	NielsenHB_2014	NielsenHB_2014	O2_UC37	stool	IBD	IBD	adult	ESP		no	IlluminaHiSeq		24997787	64097090	4453610809	30	72	ERR210462;ERR210461;ERR209610;ERR209609	Paolo_Manghi	UC	78					IBD		44	female	23.30905307	122	dfmp		
O2_UC38_0	NielsenHB_2014	NielsenHB_2014	O2_UC38	stool	IBD	IBD	adult	ESP		no	IlluminaHiSeq		24997787	56626394	3847223767	30	70	ERR210463;ERR209611	Paolo_Manghi	UC	0					IBD		55	male	31.0137051	128			
O2_UC38_2	NielsenHB_2014	NielsenHB_2014	O2_UC38	stool	IBD	IBD	adult	ESP		no	IlluminaHiSeq		24997787	62211307	4265416879	30	70	ERR210464;ERR209612	Paolo_Manghi	UC	95					IBD		55	male	31.0137051	133	dfmp		
O2_UC4_0	NielsenHB_2014	NielsenHB_2014	O2_UC4	stool	IBD	IBD	adult	ESP		no	IlluminaHiSeq		24997787	27985035	1510003495	30	54	ERR210467;ERR210466;ERR209615;ERR209614	Paolo_Manghi	UC	0					IBD		57	female	28.53745541	167			
O2_UC4_2	NielsenHB_2014	NielsenHB_2014	O2_UC4	stool	IBD	IBD	adult	ESP		no	IlluminaHiSeq		24997787	65279432	4477103400	30	71	ERR210471;ERR209619	Paolo_Manghi	UC	90					IBD		57	female	28.53745541	197			
O2_UC40_0	NielsenHB_2014	NielsenHB_2014	O2_UC40	stool	IBD	IBD	adult	ESP		no	IlluminaHiSeq		24997787	55319711	3763696990	30	69	ERR210465;ERR209613	Paolo_Manghi	UC	0					IBD		35	male	22.66270867	217			
O2_UC40_2	NielsenHB_2014	NielsenHB_2014	O2_UC40	stool	IBD	IBD	adult	ESP		no	IlluminaHiSeq		24997787	59903961	4071748885	30	68	ERR210468;ERR209616	Paolo_Manghi	UC	95					IBD		35	male	22.66270867	236	dfmp		
O2_UC41_0	NielsenHB_2014	NielsenHB_2014	O2_UC41	stool	IBD	IBD	adult	ESP		no	IlluminaHiSeq		24997787	57875919	3967083282	30	69	ERR210469;ERR209617	Paolo_Manghi	UC	0					IBD		43	female	29.34003963	192			
O2_UC41_2	NielsenHB_2014	NielsenHB_2014	O2_UC41	stool	IBD	IBD	adult	ESP		no	IlluminaHiSeq		24997787	29044027	1988578656	30	70	ERR210470;ERR209618	Paolo_Manghi	UC	244					IBD		43	female	29.34003963	207			
O2_UC43_0	NielsenHB_2014	NielsenHB_2014	O2_UC43	stool	IBD	IBD	adult	ESP		no	IlluminaHiSeq		24997787	54493200	3755362115	30	70	ERR210472;ERR209620	Paolo_Manghi	UC	0					IBD		24	male	20.24489796	124			
O2_UC43_2	NielsenHB_2014	NielsenHB_2014	O2_UC43	stool	IBD	IBD	adult	ESP		no	IlluminaHiSeq		24997787	51911391	3577360203	30	70	ERR210473;ERR209621	Paolo_Manghi	UC	82					IBD		24	male	20.24489796	99	dfmp		
O2_UC44_0	NielsenHB_2014	NielsenHB_2014	O2_UC44	stool	IBD	IBD	adult	ESP		no	IlluminaHiSeq		24997787	58448777	3969077036	30	72	ERR210475;ERR210474;ERR209623;ERR209622	Paolo_Manghi	UC	0					IBD		45	female	30.29778393	274			
O2_UC44_2	NielsenHB_2014	NielsenHB_2014	O2_UC44	stool	IBD	IBD	adult	ESP		no	IlluminaHiSeq		24997787	53366097	3620735438	30	70	ERR210476;ERR209624	Paolo_Manghi	UC	91					IBD		45	female	30.29778393	222			
O2_UC46_0	NielsenHB_2014	NielsenHB_2014	O2_UC46	stool	IBD	IBD	adult	ESP		no	IlluminaHiSeq		24997787	58503552	3979510017	30	69	ERR210477;ERR209625	Paolo_Manghi	UC	0					IBD		32	male	35.62371694	134			
O2_UC46_2	NielsenHB_2014	NielsenHB_2014	O2_UC46	stool	IBD	IBD	adult	ESP		no	IlluminaHiSeq		24997787	61770071	4187739857	30	71	ERR210480;ERR210479;ERR210478;ERR209628;ERR209627;ERR209626	Paolo_Manghi	UC	84					IBD		32	male	35.62371694	156	dfmp		
O2_UC47_0	NielsenHB_2014	NielsenHB_2014	O2_UC47	stool	IBD	IBD	adult	ESP		no	IlluminaHiSeq		24997787	54228631	3596591035	30	72	ERR210483;ERR210482;ERR210481;ERR209631;ERR209630;ERR209629	Paolo_Manghi	UC	0					IBD		29	female	21.484375	195			
O2_UC47_2	NielsenHB_2014	NielsenHB_2014	O2_UC47	stool	IBD	IBD	adult	ESP		no	IlluminaHiSeq		24997787	50959433	3369149157	30	72	ERR210486;ERR210485;ERR210484;ERR209633;ERR209632;ERR209634	Paolo_Manghi	UC	88					IBD		29	female	21.484375	169	dfmp		
O2_UC48_0	NielsenHB_2014	NielsenHB_2014	O2_UC48	stool	IBD	IBD	adult	ESP		no	IlluminaHiSeq		24997787	62642591	4289371898	30	72	ERR210488;ERR210487;ERR209636;ERR209635	Paolo_Manghi	UC	0					IBD		46	female	18.81892431	154			
O2_UC48_2	NielsenHB_2014	NielsenHB_2014	O2_UC48	stool	IBD	IBD	adult	ESP		no	IlluminaHiSeq		24997787	57838640	3855937672	30	71	ERR210491;ERR210490;ERR210489;ERR209639;ERR209638;ERR209637	Paolo_Manghi	UC	228					IBD		46	female	18.81892431	161			
O2_UC49_0	NielsenHB_2014	NielsenHB_2014	O2_UC49	stool	control	healthy	adult	ESP		no	IlluminaHiSeq		24997787	60584637	4099971709	30	70	ERR210493;ERR210492;ERR209641;ERR209640	Paolo_Manghi		0					Healthy		22	female	23.046875	104			
O2_UC49_2	NielsenHB_2014	NielsenHB_2014	O2_UC49	stool	control	healthy	adult	ESP		no	IlluminaHiSeq		24997787	56508214	3775477360	30	70	ERR210495;ERR210494;ERR209643;ERR209642	Paolo_Manghi		76					Healthy			female	23.046875	154			
O2_UC5_0	NielsenHB_2014	NielsenHB_2014	O2_UC5	stool	IBD	IBD	adult	ESP		no	IlluminaHiSeq		24997787	55626759	3866492795	30	72	ERR210499;ERR210498;ERR209647;ERR209646	Paolo_Manghi	UC	0					IBD		40	female	20.93663912	123			
O2_UC5_2	NielsenHB_2014	NielsenHB_2014	O2_UC5	stool	IBD	IBD	adult	ESP		no	IlluminaHiSeq		24997787	44963221	3189903229	30	71	ERR210507;ERR209655	Paolo_Manghi	UC	82					IBD		40	female	20.93663912	115	dfmp		
O2_UC50_0	NielsenHB_2014	NielsenHB_2014	O2_UC50	stool	control	healthy	adult	ESP		no	IlluminaHiSeq		24997787	65105855	4392994984	30	71	ERR210497;ERR210496;ERR209645;ERR209644	Paolo_Manghi		0					Healthy		24	male	22.67573696	223			
O2_UC50_2	NielsenHB_2014	NielsenHB_2014	O2_UC50	stool	control	healthy	adult	ESP		no	IlluminaHiSeq		24997787	53260679	3596382411	30	70	ERR210500;ERR209648	Paolo_Manghi		55					Healthy			male	22.67573696	182			
O2_UC51_0	NielsenHB_2014	NielsenHB_2014	O2_UC51	stool	control	healthy	adult	ESP		no	IlluminaHiSeq		24997787	57486896	3923766102	30	72	ERR210502;ERR210501;ERR209650;ERR209649	Paolo_Manghi		0					Healthy		32	female	17.56965112	193			
O2_UC51_2	NielsenHB_2014	NielsenHB_2014	O2_UC51	stool	control	healthy	adult	ESP		no	IlluminaHiSeq		24997787	117575131	8027754392	30	72	ERR210505;ERR210504;ERR210503;ERR209653;ERR209652;ERR209651	Paolo_Manghi		69					Healthy			female	17.56965112	195			
O2_UC52_0	NielsenHB_2014	NielsenHB_2014	O2_UC52	stool	control	healthy	adult	ESP		no	IlluminaHiSeq		24997787	60333297	4124557215	30	72	ERR210506;ERR209654	Paolo_Manghi		0					Healthy		32	female	19.77769867	187			
O2_UC52_2	NielsenHB_2014	NielsenHB_2014	O2_UC52	stool	control	healthy	adult	ESP		no	IlluminaHiSeq		24997787	56855341	3934376047	30	72	ERR210508;ERR209656	Paolo_Manghi		76					Healthy			female	19.77769867	201			
O2_UC53_0	NielsenHB_2014	NielsenHB_2014	O2_UC53	stool	control	healthy	adult	ESP		no	IlluminaHiSeq		24997787	50010311	3513330846	30	72	ERR210510;ERR210509;ERR209658;ERR209657	Paolo_Manghi		0					Healthy		21	male	27.77777778	179			
O2_UC53_2	NielsenHB_2014	NielsenHB_2014	O2_UC53	stool	control	healthy	adult	ESP		no	IlluminaHiSeq		24997787	58698482	4219423072	30	75	ERR210511;ERR209659	Paolo_Manghi		76					Healthy			male	27.77777778	139			
O2_UC54_0	NielsenHB_2014	NielsenHB_2014	O2_UC54	stool	control	healthy	adult	ESP		no	IlluminaHiSeq		24997787	54368659	3711775542	30	69	ERR210512;ERR209660	Paolo_Manghi		0					Healthy		20	male	21.15885417	148			
O2_UC54_2	NielsenHB_2014	NielsenHB_2014	O2_UC54	stool	control	healthy	adult	ESP		no	IlluminaHiSeq		24997787	54803418	3709665483	30	68	ERR210513;ERR209661	Paolo_Manghi		76					Healthy			male	21.15885417	127			
O2_UC55_0	NielsenHB_2014	NielsenHB_2014	O2_UC55	stool	control	healthy	adult	ESP		no	IlluminaHiSeq		24997787	59382449	4004887578	30	69	ERR210514;ERR209662	Paolo_Manghi		0					Healthy		44	female	19.55555556	183			
O2_UC55_2	NielsenHB_2014	NielsenHB_2014	O2_UC55	stool	control	healthy	adult	ESP		no	IlluminaHiSeq		24997787	63095758	4249553951	30	68	ERR210515;ERR209663	Paolo_Manghi		71					Healthy			female	19.55555556	159			
O2_UC56_0	NielsenHB_2014	NielsenHB_2014	O2_UC56	stool	control	healthy	adult	ESP		no	IlluminaHiSeq		24997787	63918706	4322932710	30	68	ERR210516;ERR209664	Paolo_Manghi		0					Healthy		29	male	26.2345679	135			
O2_UC56_2	NielsenHB_2014	NielsenHB_2014	O2_UC56	stool	control	healthy	adult	ESP		no	IlluminaHiSeq		24997787	57970854	3931625089	30	68	ERR210517;ERR209665	Paolo_Manghi		70					Healthy			male	26.2345679	133			
O2_UC57_0	NielsenHB_2014	NielsenHB_2014	O2_UC57	stool	control	healthy	adult	ESP		no	IlluminaHiSeq		24997787	55003892	3684617619	30	70	ERR210518;ERR209666	Paolo_Manghi		0					Healthy		29	male	23.14814815	195			
O2_UC57_2	NielsenHB_2014	NielsenHB_2014	O2_UC57	stool	control	healthy	adult	ESP		no	IlluminaHiSeq		24997787	57468976	3863964488	30	70	ERR210519;ERR209667	Paolo_Manghi		70					Healthy			male	23.14814815	194			
O2_UC58_0	NielsenHB_2014	NielsenHB_2014	O2_UC58	stool	control	healthy	adult	ESP		no	IlluminaHiSeq		24997787	55002337	3717557355	30	71	ERR210520;ERR209668	Paolo_Manghi		0					Healthy		42	female	26.66666667	240			
O2_UC58_2	NielsenHB_2014	NielsenHB_2014	O2_UC58	stool	control	healthy	adult	ESP		no	IlluminaHiSeq		24997787	56144736	3831052340	30	72	ERR210521;ERR209669	Paolo_Manghi		70					Healthy			female	26.66666667	236			
O2_UC59_0	NielsenHB_2014	NielsenHB_2014	O2_UC59	stool	control	healthy	adult	ESP		no	IlluminaHiSeq		24997787	57086946	3893629508	30	71	ERR210522;ERR209670	Paolo_Manghi		0					Healthy		41	male	23.66143862	125			
O2_UC59_2	NielsenHB_2014	NielsenHB_2014	O2_UC59	stool	control	healthy	adult	ESP		no	IlluminaHiSeq		24997787	56991169	3919741672	30	72	ERR210523;ERR209671	Paolo_Manghi		70					Healthy			male	23.66143862	117			
O2_UC60_0	NielsenHB_2014	NielsenHB_2014	O2_UC60	stool	control	healthy	adult	ESP		no	IlluminaHiSeq		24997787	53130630	3573638052	30	71	ERR210525;ERR210524;ERR209673;ERR209672	Paolo_Manghi		0					Healthy		35	male	27.42857143	209			
O2_UC60_2	NielsenHB_2014	NielsenHB_2014	O2_UC60	stool	control	healthy	adult	ESP		no	IlluminaHiSeq		24997787	55278304	3763418735	30	71	ERR210526;ERR209674	Paolo_Manghi		70					Healthy			male	27.42857143	196			
O2_UC9_0	NielsenHB_2014	NielsenHB_2014	O2_UC9	stool	IBD	IBD	adult	ESP		no	IlluminaHiSeq		24997787	57994542	4022417509	30	72	ERR210528;ERR210527;ERR209676;ERR209675	Paolo_Manghi	UC	0					IBD		52	female	24.23822715	152			
O2_UC9_2	NielsenHB_2014	NielsenHB_2014	O2_UC9	stool	IBD	IBD	adult	ESP		no	IlluminaHiSeq		24997787	59018311	4035288451	30	69	ERR210530;ERR210529;ERR209678;ERR209677	Paolo_Manghi	UC	81					IBD		52	female	24.23822715	164			
V1_CD1_0	NielsenHB_2014	NielsenHB_2014	V1_CD1	stool	IBD	IBD	adult	ESP		no	IlluminaHiSeq		24997787	34761798	2041971009	30	61	ERR210533;ERR210532;ERR209681;ERR209680	Paolo_Manghi	CD	0					IBD		25	female	17.92821543	80			
V1_CD10_0	NielsenHB_2014	NielsenHB_2014	V1_CD10	stool	IBD	IBD	adult	ESP		no	IlluminaHiSeq		24997787	17997503	1210923564	30	72	ERR210531;ERR209679	Paolo_Manghi	CD	0					IBD		38	female	29.38475666	35			
V1_CD11_0	NielsenHB_2014	NielsenHB_2014	V1_CD11	stool	control	healthy	adult	ESP		no	IlluminaHiSeq		24997787	21642657	1191646755	30	56	ERR210535;ERR210534;ERR209683;ERR209682	Paolo_Manghi		0					Healthy		62	female	35.45644837	87			
V1_CD12_0	NielsenHB_2014	NielsenHB_2014	V1_CD12	stool	IBD	IBD	adult	ESP		no	IlluminaHiSeq		24997787	35853020	2272881135	30	68	ERR210537;ERR210536;ERR209685;ERR209684	Paolo_Manghi	CD	0					IBD		41	female	20.2020202	39			
V1_CD13_0	NielsenHB_2014	NielsenHB_2014	V1_CD13	stool	control	healthy	senior	ESP		no	IlluminaHiSeq		24997787	38284304	2338126573	30	65	ERR210539;ERR210538;ERR209687;ERR209686	Paolo_Manghi		0					Healthy		68	male	25.68956193	195			
V1_CD14_0	NielsenHB_2014	NielsenHB_2014	V1_CD14	stool	control	healthy	adult	ESP		no	IlluminaHiSeq		24997787	39786315	2511721791	30	67	ERR210541;ERR210540;ERR209689;ERR209688	Paolo_Manghi		0					Healthy		41	female	23.1206236	169			
V1_CD15_0	NielsenHB_2014	NielsenHB_2014	V1_CD15	stool	IBD	IBD	adult	ESP		no	IlluminaHiSeq		24997787	39161146	2498597031	30	67	ERR210543;ERR210542;ERR209691;ERR209690	Paolo_Manghi	CD	0					IBD		34	female	19.00390835	64			
V1_CD15_3	NielsenHB_2014	NielsenHB_2014	V1_CD15	stool	IBD	IBD	adult	ESP		no	IlluminaHiSeq		24997787	105117800	8446181122	30	85	ERR210545;ERR210544;ERR209693;ERR209692	Paolo_Manghi	CD	251					IBD		34	female	19.36247266	84			
V1_CD16_0	NielsenHB_2014	NielsenHB_2014	V1_CD16	stool	control	healthy	senior	ESP		no	IlluminaHiSeq		24997787	55963168	3864191357	30	71	ERR210546;ERR209694	Paolo_Manghi		0					Healthy		68	female	21.61281179	167			
V1_CD17_0	NielsenHB_2014	NielsenHB_2014	V1_CD17	stool	IBD	IBD	adult	ESP		no	IlluminaHiSeq		24997787	54990967	3819364747	30	71	ERR210547;ERR209695	Paolo_Manghi	CD	0					IBD		21	male	21.6788068	85			
V1_CD17_4	NielsenHB_2014	NielsenHB_2014	V1_CD17	stool	IBD	IBD	adult	ESP		no	IlluminaHiSeq		24997787	72411406	5992612252	30	86	ERR210549;ERR210548;ERR209697;ERR209696	Paolo_Manghi	CD	377					IBD		21	male	23.41311134	76			
V1_CD18_0	NielsenHB_2014	NielsenHB_2014	V1_CD18	stool	IBD	IBD	adult	ESP		no	IlluminaHiSeq		24997787	68937737	5646442915	30	85	ERR210551;ERR210550;ERR209699;ERR209698	Paolo_Manghi	CD	0					IBD		18	male	19.59645812	49			
V1_CD18_3	NielsenHB_2014	NielsenHB_2014	V1_CD18	stool	IBD	IBD	adult	ESP		no	IlluminaHiSeq		24997787	57450480	4729928293	30	86	ERR210553;ERR210552;ERR209701;ERR209700	Paolo_Manghi	CD	254					IBD		18	male	17.96341994	60			
V1_CD19_0	NielsenHB_2014	NielsenHB_2014	V1_CD19	stool	control	healthy	adult	ESP		no	IlluminaHiSeq		24997787	69123016	5602978064	30	85	ERR210555;ERR210554;ERR209703;ERR209702	Paolo_Manghi		0					Healthy		42	male	25.95155709	175			
V1_CD2_0	NielsenHB_2014	NielsenHB_2014	V1_CD2	stool	control	healthy	adult	ESP		no	IlluminaHiSeq		24997787	34144719	1966506452	30	60	ERR210557;ERR210556;ERR209705;ERR209704	Paolo_Manghi		0					Healthy		49	male	27.75510204	178			
V1_CD20_4	NielsenHB_2014	NielsenHB_2014	V1_CD20	stool	IBD	IBD	adult	ESP		no	IlluminaHiSeq		24997787	102705667	8354096294	30	87	ERR210559;ERR210558;ERR209707;ERR209706	Paolo_Manghi	CD	0					IBD		26	male	21.55594748	106			
V1_CD21_0	NielsenHB_2014	NielsenHB_2014	V1_CD21	stool	IBD	IBD	adult	ESP		no	IlluminaHiSeq		24997787	65246911	5373567524	30	86	ERR210561;ERR210560;ERR209709;ERR209708	Paolo_Manghi	CD	0					IBD		34	female	19.05197378	46			
V1_CD21_4	NielsenHB_2014	NielsenHB_2014	V1_CD21	stool	IBD	IBD	adult	ESP		no	IlluminaHiSeq		24997787	61860507	4952377481	30	84	ERR210563;ERR210562;ERR209711;ERR209710	Paolo_Manghi	CD	340					IBD		34	female	19.05197378	69			
V1_CD22_0	NielsenHB_2014	NielsenHB_2014	V1_CD22	stool	control	healthy	senior	ESP		no	IlluminaHiSeq		24997787	71102943	5851862947	30	87	ERR210565;ERR210564;ERR209713;ERR209712	Paolo_Manghi		0					Healthy		68	male	24.24242424	221			
V1_CD24_0	NielsenHB_2014	NielsenHB_2014	V1_CD24	stool	control	healthy	adult	ESP		no	IlluminaHiSeq		24997787	57426985	3918923879	30	71	ERR210566;ERR209714	Paolo_Manghi		0					Healthy		41	female	20.57613169	182			
V1_CD25_0	NielsenHB_2014	NielsenHB_2014	V1_CD25	stool	IBD	IBD	adult	ESP		no	IlluminaHiSeq		24997787	57684444	3992938636	30	72	ERR210567;ERR209715	Paolo_Manghi	CD	0					IBD		41	female	16.93703188	87			
V1_CD25_4	NielsenHB_2014	NielsenHB_2014	V1_CD25	stool	IBD	IBD	adult	ESP		no	IlluminaHiSeq		24997787	120510670	9707902920	30	86	ERR210569;ERR210568;ERR209717;ERR209716	Paolo_Manghi	CD	364					IBD		41	female	17.31341037	85			
V1_CD27_0	NielsenHB_2014	NielsenHB_2014	V1_CD27	stool	control	healthy	adult	ESP		no	IlluminaHiSeq		24997787	55489408	3808368330	30	70	ERR210570;ERR209718	Paolo_Manghi		0					Healthy		36	male	24.81096408	126			
V1_CD28_0	NielsenHB_2014	NielsenHB_2014	V1_CD28	stool	control	healthy	adult	ESP		no	IlluminaHiSeq		24997787	78081082	6425283225	30	86	ERR210572;ERR210571;ERR209720;ERR209719	Paolo_Manghi		0					Healthy		24	male	21.46193662	83			
V1_CD29_0	NielsenHB_2014	NielsenHB_2014	V1_CD29	stool	control	healthy	adult	ESP		no	IlluminaHiSeq		24997787	59869770	4181771052	30	72	ERR210573;ERR209721	Paolo_Manghi		0					Healthy		60	male	31.24914339	234			
V1_CD3_0	NielsenHB_2014	NielsenHB_2014	V1_CD3	stool	control	healthy	adult	ESP		no	IlluminaHiSeq		24997787	33566706	1993654507	30	62	ERR210576;ERR210575;ERR209724;ERR209723	Paolo_Manghi		0					Healthy		18	female	21.51385851	138			
V1_CD30_0	NielsenHB_2014	NielsenHB_2014	V1_CD30	stool	control	healthy	adult	ESP		no	IlluminaHiSeq		24997787	59780589	4106196095	30	71	ERR210574;ERR209722	Paolo_Manghi		0					Healthy		59	female	19.81767737	307			
V1_CD31_0	NielsenHB_2014	NielsenHB_2014	V1_CD31	stool	control	healthy	adult	ESP		no	IlluminaHiSeq		24997787	56479609	3863212531	30	71	ERR210578;ERR210577;ERR209726;ERR209725	Paolo_Manghi		0					Healthy		28	female	22.5981405	160			
V1_CD34_0	NielsenHB_2014	NielsenHB_2014	V1_CD34	stool	control	healthy	adult	ESP		no	IlluminaHiSeq		24997787	74813261	6212556056	30	87	ERR210580;ERR210579;ERR209728;ERR209727	Paolo_Manghi		0					Healthy		54	female	23.61275089	229			
V1_CD35_0	NielsenHB_2014	NielsenHB_2014	V1_CD35	stool	IBD	IBD	adult	ESP		no	IlluminaHiSeq		24997787	81639678	6855165539	30	90	ERR210582;ERR210581;ERR209730;ERR209729	Paolo_Manghi	CD	0					IBD		27	female	28.71972318	33			
V1_CD35_1	NielsenHB_2014	NielsenHB_2014	V1_CD35	stool	IBD	IBD	adult	ESP		no	IlluminaHiSeq		24997787	66288934	5442956057	30	85	ERR210584;ERR210583;ERR209732;ERR209731	Paolo_Manghi	CD	97					IBD		27	female	29.41176471	58			
V1_CD36_0	NielsenHB_2014	NielsenHB_2014	V1_CD36	stool	control	healthy	adult	ESP		no	IlluminaHiSeq		24997787	75633645	6509598630	30	90	ERR210586;ERR210585;ERR209734;ERR209733	Paolo_Manghi		0					Healthy		20	male	22.03840116	98			
V1_CD38_0	NielsenHB_2014	NielsenHB_2014	V1_CD38	stool	control	healthy	adult	ESP		no	IlluminaHiSeq		24997787	72640088	5941773951	30	86	ERR210587;ERR210588;ERR209736;ERR209735	Paolo_Manghi		0					Healthy		63	female	26.83864765	146			
V1_CD4_0	NielsenHB_2014	NielsenHB_2014	V1_CD4	stool	control	healthy	adult	ESP		no	IlluminaHiSeq		24997787	29312531	1771664902	30	63	ERR210590;ERR210589;ERR209738;ERR209737	Paolo_Manghi		0					Healthy		46	female	29.6875	174			
V1_CD41_0	NielsenHB_2014	NielsenHB_2014	V1_CD41	stool	IBD	IBD	adult	ESP		no	IlluminaHiSeq		24997787	120613155	9331812496	30	85	ERR210592;ERR210591;ERR209740;ERR209739	Paolo_Manghi	CD	0					IBD		25	female	19.04432133	103			
V1_CD42_0	NielsenHB_2014	NielsenHB_2014	V1_CD42	stool	control	healthy	adult	ESP		no	IlluminaHiSeq		24997787	157758475	12415937211	30	85	ERR210594;ERR210593;ERR209742;ERR209741	Paolo_Manghi		0					Healthy		48	male	24.81632653	101			
V1_CD6_0	NielsenHB_2014	NielsenHB_2014	V1_CD6	stool	IBD	IBD	adult	ESP		no	IlluminaHiSeq		24997787	27327395	1629211216	30	63	ERR210596;ERR210595;ERR209744;ERR209743	Paolo_Manghi	CD	0					IBD		36	female	18.52237253	111			
V1_CD6_4	NielsenHB_2014	NielsenHB_2014	V1_CD6	stool	IBD	IBD	adult	ESP		no	IlluminaHiSeq		24997787	72057219	5774389982	30	84	ERR210598;ERR210597;ERR209746;ERR209745	Paolo_Manghi	CD	371					IBD		36	female	19.7710718	111			
V1_CD7_0	NielsenHB_2014	NielsenHB_2014	V1_CD7	stool	IBD	IBD	adult	ESP		no	IlluminaHiSeq		24997787	56144153	3860534779	30	71	ERR210599;ERR209747	Paolo_Manghi	CD	0					IBD		22	male	18.16620425	61			
V1_CD7_4	NielsenHB_2014	NielsenHB_2014	V1_CD7	stool	IBD	IBD	adult	ESP		no	IlluminaHiSeq		24997787	71248916	5806849066	30	86	ERR210601;ERR210600;ERR209749;ERR209748	Paolo_Manghi	CD	348					IBD		22	male	19.48738275	54			
V1_CD8_0	NielsenHB_2014	NielsenHB_2014	V1_CD8	stool	control	healthy	adult	ESP		no	IlluminaHiSeq		24997787	31556313	1750757491	30	56	ERR210603;ERR210602;ERR209751;ERR209750	Paolo_Manghi		0					Healthy		51	male	29.38475666	230			
V1_CD9_0	NielsenHB_2014	NielsenHB_2014	V1_CD9	stool	control	healthy	adult	ESP		no	IlluminaHiSeq		24997787	32398171	1887900830	30	61	ERR210605;ERR210604;ERR209753;ERR209752	Paolo_Manghi		0					Healthy		48	female	27.54820937	138			
V1_UC1_0	NielsenHB_2014	NielsenHB_2014	V1_UC1	stool	IBD	IBD	adult	ESP		no	IlluminaHiSeq		24997787	59904841	4044314763	30	71	ERR210608;ERR209756	Paolo_Manghi	UC	0					IBD		31	female	17.14677641	166			
V1_UC10_0	NielsenHB_2014	NielsenHB_2014	V1_UC10	stool	IBD	IBD	adult	ESP		no	IlluminaHiSeq		24997787	35254111	2020553811	30	60	ERR210607;ERR210606;ERR209755;ERR209754	Paolo_Manghi	UC	0					IBD		45	male	27.30996814	218			
V1_UC10_2	NielsenHB_2014	NielsenHB_2014	V1_UC10	stool	IBD	IBD	adult	ESP		no	IlluminaHiSeq		24997787	53404796	4279187837	30	86	ERR210610;ERR210609;ERR209758;ERR209757	Paolo_Manghi	UC	165					IBD		45	male	27.30996814	213			
V1_UC11_0	NielsenHB_2014	NielsenHB_2014	V1_UC11	stool	IBD	IBD	adult	ESP		no	IlluminaHiSeq		24997787	58689898	3800632157	30	71	ERR210612;ERR210611;ERR209760;ERR209759	Paolo_Manghi	UC	0					IBD		48	female	22.32142857	67			
V1_UC11_5	NielsenHB_2014	NielsenHB_2014	V1_UC11	stool	IBD	IBD	adult	ESP		no	IlluminaHiSeq		24997787	102169144	8231796785	30	87	ERR210614;ERR210613;ERR209762;ERR209761	Paolo_Manghi	UC	466					IBD		48	female	23.03004535	83			
V1_UC12_0	NielsenHB_2014	NielsenHB_2014	V1_UC12	stool	IBD	IBD	adult	ESP		no	IlluminaHiSeq		24997787	41721417	2819242811	30	72	ERR210615;ERR209763	Paolo_Manghi	UC	0					IBD		41	female	19.90031912	147			
V1_UC12_4	NielsenHB_2014	NielsenHB_2014	V1_UC12	stool	IBD	IBD	adult	ESP		no	IlluminaHiSeq		24997787	72882104	5857028008	30	85	ERR210617;ERR210616;ERR209765;ERR209764	Paolo_Manghi	UC	351					IBD		41	female	19.79274983	148			
V1_UC13_0	NielsenHB_2014	NielsenHB_2014	V1_UC13	stool	IBD	IBD	adult	ESP		no	IlluminaHiSeq		24997787	35913195	2084004023	30	61	ERR210619;ERR210618;ERR209767;ERR209766	Paolo_Manghi	UC	0					IBD		51	female	28.5075216	84			
V1_UC13_3	NielsenHB_2014	NielsenHB_2014	V1_UC13	stool	IBD	IBD	adult	ESP		no	IlluminaHiSeq		24997787	49164626	3901138706	30	85	ERR210621;ERR210620;ERR209769;ERR209768	Paolo_Manghi	UC	451					IBD		51	female	28.94609886	100			
V1_UC14_0	NielsenHB_2014	NielsenHB_2014	V1_UC14	stool	IBD	IBD	adult	ESP		no	IlluminaHiSeq		24997787	40329584	2139884021	30	53	ERR210623;ERR210622;ERR209771;ERR209770	Paolo_Manghi	UC	0					IBD		53	female	20.25384823	188			
V1_UC14_1	NielsenHB_2014	NielsenHB_2014	V1_UC14	stool	IBD	IBD	adult	ESP		no	IlluminaHiSeq		24997787	92619963	7477842547	30	85	ERR210625;ERR210624;ERR209773;ERR209772	Paolo_Manghi	UC	76					IBD		53	female	20.06095444	64			
V1_UC15_0	NielsenHB_2014	NielsenHB_2014	V1_UC15	stool	IBD	IBD	adult	ESP		no	IlluminaHiSeq		24997787	35393912	1807848702	30	50	ERR210627;ERR210626;ERR209775;ERR209774	Paolo_Manghi	UC	0					IBD		25	female	22.76943835	105			
V1_UC15_3	NielsenHB_2014	NielsenHB_2014	V1_UC15	stool	IBD	IBD	adult	ESP		no	IlluminaHiSeq		24997787	62498778	5046921875	30	86	ERR210628;ERR210629;ERR209777;ERR209776	Paolo_Manghi	UC	255					IBD		25	female	23.19109462	113			
V1_UC16_0	NielsenHB_2014	NielsenHB_2014	V1_UC16	stool	control	healthy	adult	ESP		no	IlluminaHiSeq		24997787	43997981	2944073899	30	69	ERR210631;ERR210630;ERR209779;ERR209778	Paolo_Manghi		0					Healthy		25	male	23.87511478	81			
V1_UC17_0	NielsenHB_2014	NielsenHB_2014	V1_UC17	stool	IBD	IBD	adult	ESP		no	IlluminaHiSeq		24997787	19324582	1007897211	30	52	ERR210633;ERR210632;ERR209781;ERR209780	Paolo_Manghi	UC	0					IBD		41	female	24.4646016	147			
V1_UC17_2	NielsenHB_2014	NielsenHB_2014	V1_UC17	stool	IBD	IBD	adult	ESP		no	IlluminaHiSeq		24997787	49619846	3994482577	30	87	ERR210635;ERR210634;ERR209783;ERR209782	Paolo_Manghi	UC	127					IBD		41	female	24.84098009	131			
V1_UC18_0	NielsenHB_2014	NielsenHB_2014	V1_UC18	stool	control	healthy	adult	ESP		no	IlluminaHiSeq		24997787	36901636	1972684617	30	54	ERR210637;ERR210636;ERR209785;ERR209784	Paolo_Manghi		0					Healthy		63	female	28.67262608	104			
V1_UC19_0	NielsenHB_2014	NielsenHB_2014	V1_UC19	stool	control	healthy	adult	ESP		no	IlluminaHiSeq		24997787	38903260	2086198286	30	54	ERR210639;ERR210638;ERR209787;ERR209786	Paolo_Manghi		0					Healthy		37	female	21.19274242	172			
V1_UC2_0	NielsenHB_2014	NielsenHB_2014	V1_UC2	stool	IBD	IBD	adult	ESP		no	IlluminaHiSeq		24997787	43795950	2965798141	30	70	ERR210640;ERR209788	Paolo_Manghi	UC	0					IBD		62	male	27.76342975	156			
V1_UC2_4	NielsenHB_2014	NielsenHB_2014	V1_UC2	stool	IBD	IBD	adult	ESP		no	IlluminaHiSeq		24997787	29515448	2404015054	30	86	ERR210652;ERR210651;ERR209800;ERR209799	Paolo_Manghi	UC	247					IBD		62	male	30.0232438	128			
V1_UC21_0	NielsenHB_2014	NielsenHB_2014	V1_UC21	stool	IBD	IBD	adult	ESP		no	IlluminaHiSeq		24997787	31761719	1807668661	30	59	ERR210642;ERR210641;ERR209790;ERR209789	Paolo_Manghi	UC	0					IBD		62	male	25.20920136	142			
V1_UC21_4	NielsenHB_2014	NielsenHB_2014	V1_UC21	stool	IBD	IBD	adult	ESP		no	IlluminaHiSeq		24997787	63672660	5024449111	30	85	ERR210644;ERR210643;ERR209792;ERR209791	Paolo_Manghi	UC	386					IBD		62	male	26.25958475	153			
V1_UC23_0	NielsenHB_2014	NielsenHB_2014	V1_UC23	stool	IBD	IBD	adult	ESP		no	IlluminaHiSeq		24997787	50665556	3554456248	30	73	ERR210646;ERR210645;ERR209794;ERR209793	Paolo_Manghi	UC	0					IBD		43	male	28.72737719	125			
V1_UC23_1	NielsenHB_2014	NielsenHB_2014	V1_UC23	stool	IBD	IBD	adult	ESP		no	IlluminaHiSeq		24997787	32120226	2602861094	30	86	ERR210648;ERR210647;ERR209796;ERR209795	Paolo_Manghi	UC	86					IBD		43	male	26.49302563	142			
V1_UC24_0	NielsenHB_2014	NielsenHB_2014	V1_UC24	stool	control	healthy	adult	ESP		no	IlluminaHiSeq		24997787	52922194	3551707425	30	69	ERR210650;ERR210649;ERR209798;ERR209797	Paolo_Manghi		0					Healthy		62	female	33.32756233	174			
V1_UC25_0	NielsenHB_2014	NielsenHB_2014	V1_UC25	stool	IBD	IBD	adult	ESP		no	IlluminaHiSeq		24997787	61787416	4354365336	30	71	ERR210654;ERR210653;ERR209802;ERR209801	Paolo_Manghi	UC	0					IBD		52	female	23.4375	119			
V1_UC25_1	NielsenHB_2014	NielsenHB_2014	V1_UC25	stool	IBD	IBD	adult	ESP		no	IlluminaHiSeq		24997787	65944940	5363777840	30	87	ERR210656;ERR210655;ERR209804;ERR209803	Paolo_Manghi	UC	79					IBD		52	female	23.046875	107			
V1_UC26_0	NielsenHB_2014	NielsenHB_2014	V1_UC26	stool	IBD	IBD	adult	ESP		no	IlluminaHiSeq		24997787	57166801	3912351405	30	72	ERR210658;ERR210657;ERR209806;ERR209805	Paolo_Manghi	UC	0					IBD		36	female	28.57796068	134			
V1_UC26_4	NielsenHB_2014	NielsenHB_2014	V1_UC26	stool	IBD	IBD	adult	ESP		no	IlluminaHiSeq		24997787	71326185	5637661961	30	87	ERR210660;ERR210659;ERR209808;ERR209807	Paolo_Manghi	UC	385					IBD		36	female	26.29172382	137			
V1_UC27_0	NielsenHB_2014	NielsenHB_2014	V1_UC27	stool	control	healthy	senior	ESP		no	IlluminaHiSeq		24997787	53916176	3736313188	30	72	ERR210661;ERR209809	Paolo_Manghi		0					Healthy		66	male	26.6727633	219			
V1_UC28_0	NielsenHB_2014	NielsenHB_2014	V1_UC28	stool	control	healthy	adult	ESP		no	IlluminaHiSeq		24997787	54568913	3726216039	30	71	ERR210663;ERR210662;ERR209811;ERR209810	Paolo_Manghi		0					Healthy		61	female	24.55775234	134			
V1_UC29_0	NielsenHB_2014	NielsenHB_2014	V1_UC29	stool	control	healthy	adult	ESP		no	IlluminaHiSeq		24997787	52473191	3529318214	30	67	ERR210665;ERR210664;ERR209813;ERR209812	Paolo_Manghi		0					Healthy		46	male	24.38271605	134			
V1_UC3_0	NielsenHB_2014	NielsenHB_2014	V1_UC3	stool	IBD	IBD	adult	ESP		no	IlluminaHiSeq		24997787	56928225	3942569348	30	72	ERR210667;ERR209815	Paolo_Manghi	UC	0					IBD		44	male	20.57142857	103			
V1_UC3_2	NielsenHB_2014	NielsenHB_2014	V1_UC3	stool	IBD	IBD	adult	ESP		no	IlluminaHiSeq		24997787	12820392	1047749877	30	86	ERR210674;ERR210673;ERR209822;ERR209821	Paolo_Manghi	UC	193					IBD		44	male	19.26530612				
V1_UC30_0	NielsenHB_2014	NielsenHB_2014	V1_UC30	stool	control	healthy	adult	ESP		no	IlluminaHiSeq		24997787	58383886	3957950318	30	69	ERR210666;ERR209814	Paolo_Manghi		0					Healthy		41	female	23.25501864	154			
V1_UC31_0	NielsenHB_2014	NielsenHB_2014	V1_UC31	stool	IBD	IBD	adult	ESP		no	IlluminaHiSeq		24997787	53595180	3615991708	30	71	ERR210668;ERR209816	Paolo_Manghi	UC	0					IBD		26	female	20.44444444	107			
V1_UC31_4	NielsenHB_2014	NielsenHB_2014	V1_UC31	stool	IBD	IBD	adult	ESP		no	IlluminaHiSeq		24997787	92804655	7411080111	30	85	ERR210670;ERR210669;ERR209818;ERR209817	Paolo_Manghi	UC	347					IBD		26	female	22.22222222	114			
V1_UC32_0	NielsenHB_2014	NielsenHB_2014	V1_UC32	stool	control	healthy	adult	ESP		no	IlluminaHiSeq		24997787	70549507	5596429982	30	85	ERR210672;ERR210671;ERR209820;ERR209819	Paolo_Manghi		0					Healthy		56	male	25.71166208	146			
V1_UC33_0	NielsenHB_2014	NielsenHB_2014	V1_UC33	stool	control	healthy	adult	ESP		no	IlluminaHiSeq		24997787	64411655	5071063453	30	85	ERR210676;ERR210675;ERR209824;ERR209823	Paolo_Manghi		0					Healthy		53	female	26.53061224	139			
V1_UC34_0	NielsenHB_2014	NielsenHB_2014	V1_UC34	stool	control	healthy	adult	ESP		no	IlluminaHiSeq		24997787	81656161	6692307335	30	86	ERR210678;ERR210677;ERR209826;ERR209825	Paolo_Manghi		0					Healthy		31	male	23.05175491	89			
V1_UC35_0	NielsenHB_2014	NielsenHB_2014	V1_UC35	stool	IBD	IBD	adult	ESP		no	IlluminaHiSeq		24997787	54958127	4408076934	30	86	ERR210680;ERR210679;ERR209828;ERR209827	Paolo_Manghi	UC	0					IBD		33	female	19.42797629	144			
V1_UC35_4	NielsenHB_2014	NielsenHB_2014	V1_UC35	stool	IBD	IBD	adult	ESP		no	IlluminaHiSeq		24997787	87262789	7239399745	30	90	ERR210682;ERR210681;ERR209830;ERR209829	Paolo_Manghi	UC	364					IBD		33	female	20.42941836	136			
V1_UC36_0	NielsenHB_2014	NielsenHB_2014	V1_UC36	stool	control	healthy	adult	ESP		no	IlluminaHiSeq		24997787	59259860	4074833246	30	71	ERR210684;ERR210683;ERR209832;ERR209831	Paolo_Manghi		0					Healthy		34	female	20.42941836	215			
V1_UC37_0	NielsenHB_2014	NielsenHB_2014	V1_UC37	stool	control	healthy	adult	ESP		no	IlluminaHiSeq		24997787	56382351	3903467648	30	72	ERR210685;ERR209833	Paolo_Manghi		0					Healthy		19	male	23.98687034	220			
V1_UC38_0	NielsenHB_2014	NielsenHB_2014	V1_UC38	stool	IBD	IBD	adult	ESP		no	IlluminaHiSeq		24997787	70482214	5610437564	30	85	ERR210687;ERR210686;ERR209835;ERR209834	Paolo_Manghi	UC	0					IBD		24	male	18.06563349	101			
V1_UC39_0	NielsenHB_2014	NielsenHB_2014	V1_UC39	stool	IBD	IBD	adult	ESP		no	IlluminaHiSeq		24997787	58689788	4039441758	30	71	ERR210689;ERR210688;ERR209837;ERR209836	Paolo_Manghi	UC	0					IBD		26	male	22.39541342	141			
V1_UC4_0	NielsenHB_2014	NielsenHB_2014	V1_UC4	stool	IBD	IBD	adult	ESP		no	IlluminaHiSeq		24997787	57777178	3872400972	30	71	ERR210692;ERR209840	Paolo_Manghi	UC	0					IBD		47	female	26.37023814	138			
V1_UC4_5	NielsenHB_2014	NielsenHB_2014	V1_UC4	stool	IBD	IBD	adult	ESP		no	IlluminaHiSeq		24997787	95288820	7615502699	30	85	ERR210702;ERR210701;ERR209850;ERR209849	Paolo_Manghi	UC	494					IBD		47	female	26.37023814	134			
V1_UC40_0	NielsenHB_2014	NielsenHB_2014	V1_UC40	stool	IBD	IBD	adult	ESP		no	IlluminaHiSeq		24997787	57109655	3916203557	30	72	ERR210691;ERR210690;ERR209839;ERR209838	Paolo_Manghi	UC	0					IBD		32	female	25.88757396	165			
V1_UC41_0	NielsenHB_2014	NielsenHB_2014	V1_UC41	stool	control	healthy	adult	ESP		no	IlluminaHiSeq		24997787	59081774	4825562409	30	87	ERR210694;ERR210693;ERR209842;ERR209841	Paolo_Manghi		0					Healthy		54	female	23.91883029	106			
V1_UC42_0	NielsenHB_2014	NielsenHB_2014	V1_UC42	stool	control	healthy	adult	ESP		no	IlluminaHiSeq		24997787	56880530	3926082586	30	72	ERR210695;ERR209843	Paolo_Manghi		0					Healthy		32	female	19.56295525	158			
V1_UC43_0	NielsenHB_2014	NielsenHB_2014	V1_UC43	stool	control	healthy	adult	ESP		no	IlluminaHiSeq		24997787	89105927	7068233360	30	85	ERR210697;ERR210696;ERR209845;ERR209844	Paolo_Manghi		0					Healthy		27	female	17.70857697	190			
V1_UC44_0	NielsenHB_2014	NielsenHB_2014	V1_UC44	stool	control	healthy	adult	ESP		no	IlluminaHiSeq		24997787	55123975	3811751809	30	71	ERR210698;ERR209846	Paolo_Manghi		0					Healthy		20	male	20.28650791	164			
V1_UC45_0	NielsenHB_2014	NielsenHB_2014	V1_UC45	stool	IBD	IBD	adult	ESP		no	IlluminaHiSeq		24997787	52529023	3533464667	30	71	ERR210700;ERR210699;ERR209848;ERR209847	Paolo_Manghi	UC	0					IBD		50	female	23.046875	162			
V1_UC46_0	NielsenHB_2014	NielsenHB_2014	V1_UC46	stool	control	healthy	adult	ESP		no	IlluminaHiSeq		24997787	60095449	4175817778	30	72	ERR210704;ERR210703;ERR209852;ERR209851	Paolo_Manghi		0					Healthy		55	female	35.03345537	168			
V1_UC47_0	NielsenHB_2014	NielsenHB_2014	V1_UC47	stool	IBD	IBD	adult	ESP		no	IlluminaHiSeq		24997787	57545140	4035652103	30	70	ERR210705;ERR209853	Paolo_Manghi	UC	0					IBD		46	male	25.71166208	184			
V1_UC48_0	NielsenHB_2014	NielsenHB_2014	V1_UC48	stool	control	healthy	adult	ESP		no	IlluminaHiSeq		24997787	63501957	5007032684	30	84	ERR210707;ERR210706;ERR209855;ERR209854	Paolo_Manghi		0					Healthy		26	male	20.90238586	237			
V1_UC49_0	NielsenHB_2014	NielsenHB_2014	V1_UC49	stool	IBD	IBD	adult	ESP		no	IlluminaHiSeq		24997787	51072737	4143102905	30	86	ERR210709;ERR210708;ERR209857;ERR209856	Paolo_Manghi	UC	0					IBD		25	female	19.83471074	232			
V1_UC49_1	NielsenHB_2014	NielsenHB_2014	V1_UC49	stool	IBD	IBD	adult	ESP		no	IlluminaHiSeq		24997787	54803632	4418815247	30	86	ERR210711;ERR210710;ERR209859;ERR209858	Paolo_Manghi	UC	34					IBD		25	female	20.2020202	158			
V1_UC5_0	NielsenHB_2014	NielsenHB_2014	V1_UC5	stool	IBD	IBD	adult	ESP		no	IlluminaHiSeq		24997787	50750337	3373980402	30	72	ERR210712;ERR209860	Paolo_Manghi	UC	0					IBD		30	female	20.32443826	145			
V1_UC5_3	NielsenHB_2014	NielsenHB_2014	V1_UC5	stool	IBD	IBD	adult	ESP		no	IlluminaHiSeq		24997787	104012798	8413074578	30	87	ERR210728;ERR210727;ERR209876;ERR209875	Paolo_Manghi	UC	271					IBD		30	female	20.70081674	146			
V1_UC50_1	NielsenHB_2014	NielsenHB_2014	V1_UC50	stool	IBD	IBD	adult	ESP		no	IlluminaHiSeq		24997787	69633679	5585240609	30	87	ERR210714;ERR210713;ERR209862;ERR209861	Paolo_Manghi	UC	0					IBD		45	female	20.70939917	117			
V1_UC51_0	NielsenHB_2014	NielsenHB_2014	V1_UC51	stool	IBD	IBD	adult	ESP		no	IlluminaHiSeq		24997787	47611420	3846746485	30	85	ERR210716;ERR210715;ERR209864;ERR209863	Paolo_Manghi	UC	0					IBD		44	female	23.30905307	156			
V1_UC51_4	NielsenHB_2014	NielsenHB_2014	V1_UC51	stool	IBD	IBD	adult	ESP		no	IlluminaHiSeq		24997787	47818339	4057783828	30	90	ERR210718;ERR210717;ERR209866;ERR209865	Paolo_Manghi	UC	408					IBD		44	female	23.30905307	205			
V1_UC52_0	NielsenHB_2014	NielsenHB_2014	V1_UC52	stool	IBD	IBD	adult	ESP		no	IlluminaHiSeq		24997787	48191090	3909214978	30	86	ERR210720;ERR210719;ERR209868;ERR209867	Paolo_Manghi	UC	0					IBD		43	female	29.34003963	219			
V1_UC52_1	NielsenHB_2014	NielsenHB_2014	V1_UC52	stool	IBD	IBD	adult	ESP		no	IlluminaHiSeq		24997787	76176273	5997950321	30	85	ERR210723;ERR210722;ERR210721;ERR209871;ERR209870;ERR209869	Paolo_Manghi	UC	94					IBD		43	female	29.34003963	202			
V1_UC53_0	NielsenHB_2014	NielsenHB_2014	V1_UC53	stool	IBD	IBD	adult	ESP		no	IlluminaHiSeq		24997787	107758101	8704280261	30	87	ERR210726;ERR210725;ERR210724;ERR209874;ERR209873;ERR209872	Paolo_Manghi	UC	0					IBD		24	male	20.24489796	126			
V1_UC53_4	NielsenHB_2014	NielsenHB_2014	V1_UC53	stool	IBD	IBD	adult	ESP		no	IlluminaHiSeq		24997787	108081159	8760911603	30	87	ERR210731;ERR210730;ERR210729;ERR209879;ERR209878;ERR209877	Paolo_Manghi	UC	379					IBD		24	male	19.59183673	112			
V1_UC54_0	NielsenHB_2014	NielsenHB_2014	V1_UC54	stool	IBD	IBD	adult	ESP		no	IlluminaHiSeq		24997787	116829662	9572350913	30	85	ERR210734;ERR210733;ERR210732;ERR209882;ERR209881;ERR209880	Paolo_Manghi	UC	0					IBD		32	male	35.62371694	131			
V1_UC55_0	NielsenHB_2014	NielsenHB_2014	V1_UC55	stool	IBD	IBD	adult	ESP		no	IlluminaHiSeq		24997787	108048687	8687917101	30	85	ERR210737;ERR210736;ERR210735;ERR209885;ERR209884;ERR209883	Paolo_Manghi	UC	0					IBD		46	female	18.81892431	152			
V1_UC55_4	NielsenHB_2014	NielsenHB_2014	V1_UC55	stool	IBD	IBD	adult	ESP		no	IlluminaHiSeq		24997787	109314362	9174963218	30	90	ERR210740;ERR210739;ERR210738;ERR209888;ERR209887;ERR209886	Paolo_Manghi	UC	362					IBD		46	female	18.81892431	135			
V1_UC56_0	NielsenHB_2014	NielsenHB_2014	V1_UC56	stool	IBD	IBD	adult	ESP		no	IlluminaHiSeq		24997787	66319270	5421725371	30	85	ERR210742;ERR210741;ERR209889;ERR209890	Paolo_Manghi	UC	0					IBD		35	female	18.82711104	62			
V1_UC57_0	NielsenHB_2014	NielsenHB_2014	V1_UC57	stool	control	healthy	adult	ESP		no	IlluminaHiSeq		24997787	61188865	4995659771	30	84	ERR210744;ERR210743;ERR209892;ERR209891	Paolo_Manghi		0					Healthy		41	female	28.3530572	218			
V1_UC58_0	NielsenHB_2014	NielsenHB_2014	V1_UC58	stool	IBD	IBD	adult	ESP		no	IlluminaHiSeq		24997787	71386086	5824924094	30	84	ERR210746;ERR210745;ERR209894;ERR209893	Paolo_Manghi	UC	0					IBD		32	female	19.97918835	192			
V1_UC6_0	NielsenHB_2014	NielsenHB_2014	V1_UC6	stool	control	healthy	adult	ESP		no	IlluminaHiSeq		24997787	41187742	2554650528	30	66	ERR210748;ERR210747;ERR209896;ERR209895	Paolo_Manghi		0					Healthy		38	female	23.183391	172			
V1_UC61_0	NielsenHB_2014	NielsenHB_2014	V1_UC61	stool	control	healthy	adult	ESP		no	IlluminaHiSeq		24997787	81100246	6615668723	30	86	ERR210750;ERR210749;ERR209898;ERR209897	Paolo_Manghi		0					Healthy		33	male	27.77777778	124			
V1_UC62_0	NielsenHB_2014	NielsenHB_2014	V1_UC62	stool	control	healthy	adult	ESP		no	IlluminaHiSeq		24997787	75085883	6109952849	30	85	ERR210752;ERR210751;ERR209900;ERR209899	Paolo_Manghi		0					Healthy		37	female	22.58270917	166			
V1_UC7_0	NielsenHB_2014	NielsenHB_2014	V1_UC7	stool	control	healthy	adult	ESP		no	IlluminaHiSeq		24997787	35153121	2229256892	30	68	ERR210754;ERR210753;ERR209902;ERR209901	Paolo_Manghi		0					Healthy		19	female	23.05175491	107			
V1_UC8_0	NielsenHB_2014	NielsenHB_2014	V1_UC8	stool	control	healthy	adult	ESP		no	IlluminaHiSeq		24997787	43583133	2470322954	30	58	ERR210756;ERR210755;ERR209904;ERR209903	Paolo_Manghi		0					Healthy		22	male	25.40170132	156			
V1_UC9_0	NielsenHB_2014	NielsenHB_2014	V1_UC9	stool	control	healthy	adult	ESP		no	IlluminaHiSeq		24997787	41253939	2284875215	30	56	ERR210758;ERR210757;ERR209906;ERR209905	Paolo_Manghi		0					Healthy		32	male	30.36734694	153			
S117_a_WGS	cohort_A																									Healthy		7					healthy	
S130_a_WGS	cohort_A																									Healthy		7					healthy	
S142_a_WGS	cohort_A																									Healthy		9					healthy	
S148_a_WGS	cohort_A																									IBD		9					IBD	
S150_a_WGS	cohort_A																									IBD		9					IBD	
S154_a_WGS	cohort_A																									Healthy		42					healthy	
S158_a_WGS	cohort_A																									Healthy		36					healthy	
S159_a_WGS	cohort_A																									Healthy		55					healthy	
S15_a_WGS	cohort_A																									IBD		12					IBD	
S161_a_WGS	cohort_A																									Healthy		61					healthy	
S163_a_WGS	cohort_A																									Healthy		40					healthy	
S167_a_WGS	cohort_A																									Healthy		49					healthy	
S26_a_WGS	cohort_A																									Healthy		37	female				healthy	
S2_a_WGS	cohort_A																									IBD		8					IBD	
S31_a_WGS	cohort_A																									IBD		12					IBD	
S35_a_WGS	cohort_A																									IBD		7					IBD	
S54_a_WGS	cohort_A																									IBD		12					IBD	
S58_a_WGS	cohort_A																									IBD		14					IBD	
S64_a_WGS	cohort_A																									IBD		13					IBD	
S68_a_WGS	cohort_A																									IBD		13					IBD	
S72_a_WGS	cohort_A																									Healthy		45	male				healthy	
S81_a_WGS	cohort_A																									IBD		11					IBD	
S82_a_WGS	cohort_A																									IBD		11					IBD	
S84_a_WGS	cohort_A																									Healthy		42	female				healthy	
NLF009-IE	cohort_B																									Healthy								Control
MH0336	cohort_B																									Healthy		68						Control
NOF007-IE	cohort_B																									Healthy								Control
NLM009-IE	cohort_B																									Healthy								Control
MH0290	cohort_B																									Healthy		50						Control
NLF002-IE	cohort_B																									Healthy								Control
MH0340	cohort_B																									Healthy		68						Control
NLM025-IE	cohort_B																									Healthy								Control
NOF002-IE	cohort_B																									Healthy								Control
NOF013-IE	cohort_B																									Healthy								Control
V1.CD4-0-PN	cohort_B																									IBD		60						Patient
V1.CD44-0	cohort_B																									IBD		47						Patient
O2.UC43-1	cohort_B																									IBD		24						Patient
V1.FI21	cohort_B																									IBD		26						Patient
O2.UC21-1	cohort_B																									IBD		49						Patient
O2.UC46-1	cohort_B																									IBD		32						Patient
V1.FI31	cohort_B																									IBD		42						Patient
V1.CD6-0-PN	cohort_B																									IBD		69						Patient
V1.UC64-0	cohort_B																									IBD		41						Patient
V1.UC56-1	cohort_B																									IBD		35						Patient
O2.UC40-1	cohort_B																									IBD		35						Patient
O2.UC27-1	cohort_B																									IBD		52						Patient
V1.FI29	cohort_B																									IBD		47						Patient
V1.FI30	cohort_B																									IBD		53						Patient
