"","V1","V2"
"CSM5FZ3N_P",-0.336881002366744,0.0865708893192487
"CSM5FZ4C_P",-0.169923132796905,-0.053162637407088
"CSM5MCVV_P",-0.121321683244498,-0.187797899475579
"CSM5FZ3R_P",-0.383947965497324,0.123207104282846
"CSM5MCVF_P",-0.303624752233755,0.0344961460409766
"CSM5MCVD_P",-0.366032117228948,0.172745854108795
"CSM5FZ3V_P",-0.304677504012817,0.0278523236518117
"CSM5MCWI_P",-0.339080257166512,0.0542358531845663
"CSM5YRY7_P",-0.319904149653186,0.0426900789514406
"CSM67UGC",0.020167884481464,-0.0335882107783802
"CSM67U9J",-0.304848687282322,0.0340960709617456
"CSM67UA2",-0.350036632852392,0.0825171454375913
"CSM5MCXD",-0.332936984371948,0.122138787778851
"CSM5MCYS",-0.000888879812539779,-0.0690067069396909
"CSM79HG5",-0.393752600332569,0.101711937466753
"CSM79HGP",-0.351179388209446,0.0612832802249185
"CSM5FZ3T_P",-0.307232038591451,0.320900148504555
"CSM5FZ3X_P",-0.288653874408075,0.314124181888506
"CSM5FZ46_P",-0.300976239210454,0.317339552203026
"CSM5FZ44_P",-0.295359338773083,0.309237429396177
"CSM5FZ3Z_P",-0.287154308996472,0.294971005958038
"CSM5MCVJ_P",-0.294339110722845,0.314638902829364
"CSM5FZ42_P",-0.289353881284945,0.320170414549148
"CSM67UBR",-0.298056027309052,0.313324993518946
"CSM67UBF",-0.300285484179716,0.323181802724259
"CSM79HJY",-0.289707461686836,0.314987269670088
"CSM67UBN",-0.287889026723404,0.315263532734884
"CSM5MCVL",-0.297840221667141,0.310778112343047
"CSM5MCVN",-0.300255717005987,0.314446813029844
"CSM67UBH",-0.274378507290225,0.297174871116436
"CSM79HJW",-0.30704621068768,0.3251103933525
"CSM5FZ4K_P",-0.0114695531873805,-0.353117738430421
"CSM5MCWM_P",-0.0125786466410943,-0.34714274262398
"CSM5FZ4E_P",-0.0652382708633325,-0.311349957996843
"CSM5FZ4G_P",-0.0196663713886746,-0.345399355421241
"CSM5MCWQ",0.0234187820412145,-0.353397344315474
"CSM79HLM",-0.059893145293397,-0.343447256228954
"CSM67UBZ",-0.0360519340425968,-0.338763938173263
"CSM67UBX",-0.0299330688071387,-0.341803754283245
"CSM5FZ4M",-0.0307809457719497,-0.342316656214288
"CSM67UC6",0.00259266738606733,-0.333732657686146
"CSM5FZ4A_P",-0.389547461848353,0.0123459838389568
"CSM5MCUE_P",-0.282126478838236,-0.0469366839921523
"CSM5MCU8_P",-0.241241238795776,-0.0332741736014006
"CSM5MCUA_P",-0.354352263502715,-0.0161844079308816
"CSM5MCUC_P",-0.229236009630865,-0.116415771435854
"CSM79HLK",-0.278662148781828,-0.0634190609678898
"CSM67UDR",-0.264885441549354,0.079723050386889
"CSM67UDY",-0.359288972293323,0.0219862329848413
"CSM67UDR_TR",-0.236827859010532,0.11074055763767
"CSM79HLA_TR",-0.210228842344197,-0.0735913409875201
"CSM79HLE",-0.402787846011373,0.0681223266206542
"CSM67UDF",-0.379885267629436,0.0225463727328825
"CSM5MCXR",-0.327710157360561,-0.0105362394858861
"CSM67UDN",-0.344866795485761,0.0404620076020926
"CSM79HLG",-0.277222078689529,-0.0140763742870685
"CSM5MCXJ",-0.306174535484362,-0.0488858744599852
"CSM79HLI",-0.293137885929265,-0.0133868021412779
"CSM5MCXN",-0.0609136881938823,-0.0847369868772933
"CSM67UDJ",-0.356219872845992,-0.00055324701241613
"CSM5MCXH",-0.350414655370939,-0.0099879153715186
"CSM79HLA",-0.149508997676146,-0.0522092699842766
"CSM5MCXP",-0.312048212572447,-0.00718296002382372
"CSM79HLC",-0.253728300258394,-0.0562055692218673
"CSM5MCXL",-0.357162178292951,0.0381631421853529
"CSM5MCUS_P",0.0599215513951064,-0.245324610577063
"CSM5MCUW_P",0.0157325282749154,-0.276085537552829
"CSM5MCUQ_P",0.0152300453834251,-0.294265198824176
"CSM5MCUY_P",-0.0284804166604027,-0.302563100540862
"CSM67UEM",-0.0672107711078668,-0.286391960844657
"CSM67UEA",-0.265264798328469,0.0958533384523266
"CSM67UE7",-0.121085063610479,-0.12034182084238
"CSM5MCY4",-0.016039337905368,-0.295012402015402
"CSM79HO1",-0.0486923498877816,-0.247065245393924
"CSM67UEI",-0.0216436418378282,-0.27893721103573
"CSM67UE3",-0.0258699361038503,-0.286858586914364
"CSM5MCY8",-0.0385560256869273,-0.305043341533364
"CSM5MCTZ_P",-0.195818808662158,0.0653997700643302
"CSM5MCUG_P",-0.278132097543287,0.173599573217842
"CSM5MCUK_P",-0.203166981587911,0.143300818471787
"CSM79HMN",-0.216711039692528,0.0980036632429269
"CSM79HMP",-0.20434677013674,0.141670883981279
"CSM79HMT",-0.273950814156965,0.0904766038036004
"CSM67UFZ",-0.292143332991438,0.0814700207255872
"CSM67UFV",-0.24231845916383,0.0649144342571533
"CSM5MCX3",-0.185160520807055,0.141614797061146
"CSM67UG8",-0.234610048109894,0.0670102985306651
"CSM5MCUO",-0.189634972847845,0.124035438608641
"CSM5MCV5_P",-0.286409262621918,0.00257004757230751
"CSM5MCVB_P",0.178430683570591,-0.192229551984406
"CSM5MCV1_P",0.134812787593755,-0.234375068682263
"CSM5MCW4_P",0.204835699496114,-0.212769170983123
"CSM5MCU4_P",0.199350389457764,-0.211464453611468
"CSM5MCVZ_P",0.197854828476473,-0.211565883990548
"CSM5MCW6",0.208248842399741,-0.220290583892424
"CSM79HQB",0.0199029668669233,-0.0140138425114821
"CSM5MCYW",0.20022846814569,-0.214243399918188
"CSM79HQF",0.198791085577817,-0.211600108589071
"CSM5MCZ7",0.204594883103354,-0.218488307856875
"CSM5MCZ3",0.208953898647538,-0.220235144794718
"CSM79HKT",0.214535351906921,-0.220252383582021
"CSM5MCZ5",0.214099705690144,-0.219848812898307
"CSM79HKV",0.210314032471206,-0.220955146930851
"CSM79HQ9",0.203054904714652,-0.21343757969733
"CSM5MCWA_P",0.178619965473547,0.0909922014922254
"CSM67UAG",0.219897716979245,0.0325267954042849
"CSM67UAA",0.177689428023193,0.0568570801283915
"CSM7KOJE",0.20716854612638,0.0323244220433516
"CSM5MCWG",0.200447088312161,0.0345191268837604
"CSM79HI7",0.216570659676485,0.0353201737091845
"CSM7KOJO",0.208408673404693,0.0312013561176313
"CSM5MCWC",0.234005056928317,0.0030914026220421
"CSM5MCWE",0.240043013124956,0.0133938768732506
"CSM79HIB",0.216670391840265,0.0321917265912373
"CSM7KOJG",0.228001527434466,0.0467158014982198
"CSM79HI3",0.212695293788153,0.0334630343280167
"CSM5MCXZ_P",-0.124651136894658,-0.122563913289961
"CSM5MCXX_P",-0.277336011342388,0.0597008499814006
"CSM5MCWK_P",-0.284149275149466,0.0962207768434553
"CSM5MCXT",-0.274384743001739,0.0675044276813633
"CSM7KOLE",-0.253277887897222,0.151472358408741
"CSM5MCY2",-0.275310050033787,0.0952110662457072
"CSM67UCK",-0.203210485300765,-0.0492657694273877
"CSM79HOF",-0.276853218511852,0.0330855577421473
"CSM79HKB",-0.322058593085561,0.142889463424681
"CSM5MCXV",-0.265272967290227,0.0837940596008095
"CSM79HK9",-0.291831979901337,0.137897852452083
"CSM7KOLA",-0.160412070958889,0.014325342268449
"CSM7KOL4",-0.319379347455142,0.092630463408135
"CSM79HOH",-0.295362112166146,0.135831844102823
"CSM67UET_P",0.0881328357861799,-0.0546556336795646
"CSM79HM5_P",-0.0395669650858991,-0.150780067444166
"CSM67UEP_P",0.0902931461706177,-0.0450210705756391
"CSM79HQT_P",0.119491968591439,-0.0535035278967795
"CSM5MCYI_P",0.0707747581700074,-0.0394278120429188
"CSM7KOMR_P",0.193928823446817,-0.07289104632362
"CSM67UEW_P",0.141810526049474,-0.0636433531608165
"CSM5MCYO_P",-0.0307458355224811,0.110387058127472
"CSM7KOMV_P",0.0460480610252213,-0.0739833325672194
"CSM5MCXB_P",0.0637661868830795,-0.0581112439767264
"CSM5MCYM_P",-0.0545615452847561,-0.0995035408568535
"CSM67UF1_P",0.0162542084407151,-0.0290673497979381
"CSM5MCYQ_P",0.0121816386002446,-0.110112696146302
"CSM79HM9_P",0.257905803986954,0.192955017797279
"CSM67UEW_TR",0.115782151986172,-0.0692018987233813
"CSM67UEW",0.100262229263954,-0.0610264253217783
"CSM67UF5",0.209459508408413,-0.0549934674387906
"CSM67UF1",0.0229877670242394,-0.0231239909389361
"CSM7KOMT",0.136306670072727,-0.0837709183621124
"CSM79HM1",-0.0388682111479807,-0.105251742461048
"CSM7KOMP",0.0592038247617781,-0.0665805679317646
"CSM79HM7",0.139406073094704,-0.0637256423126384
"CSM5MCXF_P",-0.245354764380718,0.0598735517650832
"CSM67UGO",-0.0861588020658274,-0.0615741408905612
"CSM7KOMZ",-0.234786271539132,-0.0466849988514489
"CSM7KON2",-0.137876560359371,-0.0604155298592796
"CSM5MCZF",-0.12084817267467,-0.110697325564522
"CSM7KON8",-0.187521073671226,-0.0618318143992481
"CSM67U9B",-0.0515458214511311,-0.0754219060831077
"CSM67U9D",-0.10120935108857,-0.11752624519191
"CSM79HOT",-0.213523826060969,-0.0308710892828965
"CSM7KOMX",-0.25741739837211,-0.0582048712324969
"CSM5MCZD",-0.102715489348879,-0.0867749731298355
"CSM5MCZB",-0.192179608691275,-0.106529916999098
"CSM79HOL",-0.222435182397085,-0.0545824305559609
"CSM79HOJ",-0.128040051055482,-0.113707696383391
"CSM79HGJ_P",-0.00729521033166985,0.0868635214139484
"CSM5MCYU_P",0.399961270527112,0.316719495505984
"CSM67U9P_P",-0.111770804737722,-0.131004153047488
"CSM79HPM_P",0.204032689016367,0.213006308259665
"CSM67U9R_P",-0.222239356581501,0.0183714550379424
"CSM79HGH_P",-0.118245367312903,-0.0915896331532074
"CSM79HGL_P",0.00538014304285889,-0.0558126052822649
"CSM79HGD_P",-0.100821014323589,-0.0861437684446272
"CSM7KONS_P",0.431420206557426,0.415355052842828
"CSM79HPQ_P",0.376413987906348,0.355536483358182
"CSM79HGF_P",-0.0147058247821059,-0.127728806310098
"CSM7KONW_P",0.0504014854986107,0.0666968391149883
"CSM79HGN_P",0.370457314697639,0.406989717269831
"CSM67U9H_P",0.437332811951162,0.401055145223169
"CSM79HPU",0.138716878222701,0.563277357627582
"CSM79HPO",-0.0212724509934286,-0.0233724287139694
"CSM7KONU",0.29058910489141,0.25405184712011
"CSM67U9N",0.0538464273305865,0.00217979350625325
"CSM79HGF",-0.00997119395849756,-0.11681795127317
"CSM67U9H",0.433726054721592,0.396199041527728
"CSM79HPS",0.317696984706089,0.326439699074347
"CSM79HPK",0.430934014445622,0.416646126031939
"CSM67U9T_P",-0.0799431376798154,-0.289614874128279
"CSM7KOJW",-0.054975254312368,-0.327070940119879
"CSM67UAO",-0.0759549118461549,-0.322334596090858
"CSM7KOPO",-0.0673806611897814,-0.295346981621035
"CSM7KOJU",-0.0537900222344095,-0.282253624254965
"CSM67UAK",-0.0484603976549736,-0.323510363686325
"CSM79HIL",-0.0669387437980037,-0.317874740801039
"CSM7KOPK",-0.0697552014962896,-0.325356753129463
"CSM7KOJY",-0.0718551664100759,-0.302690185256485
"CSM7KOPM",-0.0434730496964179,-0.319357215980063
"CSM79HIJ",-0.0755108000902462,-0.329495324850259
"CSM7KOPI",-0.0596754594361278,-0.31986314060804
"CSM79HIN",-0.0276767091894548,-0.319542893375755
"CSM7KOPG",-0.0622327216699595,-0.32950721857272
"CSM67UAQ",-0.0695818567479815,-0.305418712038827
"CSM79HIH",-0.0803340090674921,-0.315216848774083
"CSM79HIF",-0.0618857679120033,-0.301828753082552
"CSM7KOJQ",-0.0574609905945025,-0.342478168936373
"CSM67UAS",-0.069702657324562,-0.303204979162413
"CSM79HID",-0.0262160323835264,-0.28642138847626
"CSM7KOJS",-0.0548013258373248,-0.295082099948169
"CSM67UAM",0.018364507205822,-0.270818588372946
"CSM7KOK1",-0.068094798203574,-0.320212737737063
"CSM67U9V_P",-0.28755602608419,-0.0361423082910472
"CSM7KOK3",-0.223008321265125,-0.0632148167454866
"CSM7KOQ1",-0.168011042558741,0.0840398407240133
"CSM7KOK5",-0.184249167844515,-0.0298475026930839
"CSM7KOK7",-0.247868463445589,-0.0457188643164356
"CSM7KOKB",-0.308872818764752,0.0223614595800684
"CSM79HIT",-0.199273312671897,0.0767574338612076
"CSM7KOPW",-0.317987805535866,0.024386043629392
"CSM67UAW",-0.245750110911371,0.136036080043333
"CSM67UAY",-0.234180234228266,0.144864963233969
"CSM67UB3",-0.263851808790436,0.182793870309751
"CSM7KOPU",-0.324740972110388,0.074330465148288
"CSM7KOKD",-0.269072427941001,-0.03852763804547
"CSM79HIZ",-0.170277718997178,-0.0863425881110966
"CSM7KOPS",-0.184955204370198,-0.0385077984240408
"CSM79HIV",-0.302777431528512,0.0939082505193516
"CSM79HIR",-0.315275154228433,0.118278593484336
"CSM67UB1",-0.284780568928253,0.142907842550229
"CSM79HIX",-0.334838227682774,0.0586422815675188
"CSM67UAU",-0.233196979316071,0.0935750145689059
"CSM79HJ6_P",-0.102535490438104,0.0754857774768734
"CSM67UB5_P",-0.30636316502425,0.096484178518255
"CSM7KOR4_P",-0.333530658970047,0.0892835343865951
"CSM7KOKP_P",-0.33698842861554,0.171965259825126
"CSM7KOKL_P",-0.276421415389357,0.190368242320171
"CSM79HJC_P",-0.267242882698942,0.165885332601065
"CSM67UB7_P",-0.349143740833526,0.0906220338358311
"CSM7KOR8_P",-0.312886958277185,0.0490144303102175
"CSM7KOQZ_P",-0.318424896091579,0.11904631861141
"CSM79HJ4_P",-0.376566645508261,0.220815854517907
"CSM79HJ2_P",-0.288909122634822,0.227016216485977
"CSM67U9X_P",-0.297163564766662,0.244207036378013
"CSM79HJ8_P",-0.251176842469303,0.0983613719268173
"CSM7KOKH_P",-0.356340122212465,0.174480044493152
"CSM67UB9_P",-0.38283162999785,0.186029596451052
"CSM79HJA",-0.341468542775458,0.113036414851384
"CSM7KOQX",-0.260330424578653,0.0218757271019183
"CSM7KOKN",-0.318941122867134,0.173799233495463
"CSM7KOKJ",-0.295040704077654,0.21134804678842
"CSM67UBB",0.0247155573651696,-0.0776076540246904
"CSM7KOR2",-0.35194216141609,0.167237188191669
"CSM67UB9",-0.37283919597613,0.205665523382299
"CSM7KOKF",-0.306657577134307,0.203893335623276
"CSM67UCU_P",-0.204305812688982,-0.135001682113448
"CSM67UAI_P",0.228831369880897,0.00201902375245019
"CSM79HHO",-0.00359430855708627,-0.27443043533739
"CSM79HN6",-0.0511309809283541,-0.308528128257864
"CSM7KOSX",-0.0311827894453978,-0.3125766920891
"CSM7KOLK",-0.0494602731689864,-0.279524338334039
"CSM79HHU",-0.064145980838993,-0.327402885966792
"CSM7KOSV",-0.10055120677988,-0.326932857421504
"CSM79HHM",-0.0376195396420774,-0.260442611321597
"CSM79HN2",0.0574636005162453,-0.263812302683297
"CSM7KOLM",-0.0984322010352647,-0.285795521048525
"CSM79HGR_P",-0.158304447277711,0.0958021797754424
"CSM79HGV_P",-0.108205569551882,0.112371766192947
"CSM79HOV",-0.304377199790562,0.0958616769387158
"CSM79HGX",-0.26210024005056,0.115381054335705
"CSM7KOOL",-0.210234188602854,0.0161931226676998
"CSM79HP4",-0.0700224630531553,0.0401299347724688
"CSM7KOOH",-0.0827004607330107,-0.0657907188809868
"CSM79HP6",-0.094933866343096,0.0439945909246523
"CSMAHYLR",-0.0283362987442875,-0.212318324720947
"CSM79HGZ",-0.109717461551043,0.0607775808337712
"CSMAG78W",-0.00408754467479434,-0.221612203086307
"CSM7KOON",-0.114556610379625,-0.0638260402343736
"CSM79HOZ",-0.149299104153585,0.0855203173370113
"CSM67UH7",-0.0565219334884833,0.102374573058743
"CSM7KOOP",-0.121087565756144,-0.0518415694400906
"CSMAAEUA",-0.248301023883265,-0.00308951252648175
"CSMAE44D",-0.24251641827556,0.0949287332253449
"CSM7KOOJ",-0.146592230808799,-0.00314306088135464
"CSM79HOX",-0.120812589950513,0.075885582361543
"CSMA8M9R",-0.190105568169898,-0.00504038271820366
"CSM79HP2",-0.127959708744017,0.0645162474437208
"CSM79HH2_P",-0.128145326084893,0.0637917922350407
"CSM7KONA",-0.195717517302335,0.0784635007641611
"CSM7KOTC",-0.0916105045297251,0.0179587757732197
"CSM79HPA",-0.034366513106002,-0.00416915214472751
"CSM79HH8",-0.106002927621252,0.013972129429774
"CSM7KOTK",-0.09768686031023,0.0479621929725355
"CSM79HH4",-0.0838936804826022,0.0759809503282826
"CSM79HPC",-0.0720214991480577,-0.0230724978187461
"CSM79HHA",0.011008048861656,0.0381819192649372
"CSM79HPA_TR",0.00406933072900534,0.0156286940757255
"CSM7KONK",-0.255893685501117,0.0829644470038125
"CSM7KOTA",-0.0932068872080842,0.0629386566600334
"CSM79HG7_P",-0.28926073994127,0.119317620796972
"CSM79HHW_P",-0.281344599212978,0.142627332232418
"CSM79HJQ",0.242239117808252,0.0070745235411951
"CSMA9J65",-0.250519474329002,0.120261897639351
"CSM7KOOV",-0.276351348010715,0.114579687501704
"CSM79HR4",-0.296225046680334,0.125297524014641
"CSMA88CB",-0.0691010044568001,-0.00434208894253864
"CSMAIG7X",-0.252785849445313,0.0724743873671744
"CSM79HHW",-0.288186173491987,0.149067690914955
"CSM79HR6",-0.226569151691509,0.0724359161852796
"CSMAH393",-0.0352507310512552,-0.0854122632308534
"CSM79HJS",-0.24359809860677,0.12671497021015
"CSM7KOOX",-0.293726008446643,0.20963470368229
"CSM79HR2",-0.295579706862407,0.162540732441043
"CSMACTZP",-0.225961009903693,0.109156209790695
"CSM79HQX",-0.267601506369863,0.0810047423822921
"CSM79HJU",0.066791122453726,-0.0723365197150873
"CSM79HJO",-0.275502215311391,0.141015482944084
"CSMAF72L",-0.223599534436817,0.0408121244048286
"CSM7KOP2",-0.280971251728936,0.126981718382615
"CSM79HJM",-0.253675587335265,0.110703419514299
"CSM7KOOT",-0.255550127426248,0.0901884376084591
"CSM79HQZ",-0.249927392268584,0.10672023234553
"CSM7KOOZ",-0.230023137468775,0.0630700017238614
"CSM79HQV",-0.282721191583291,0.169320261960662
"CSM7KORC",-0.269720788619914,0.152124757196859
"CSM7KOKT",-0.233449659154987,-0.0646419115846581
"CSM79HL6",-0.220685730444286,-0.0080285799034454
"CSM79HL4",-0.228346277849728,-0.0245048915253747
"CSM7KOKR",-0.244121453656078,0.00610398164987365
"CSM7KORI",-0.368864568974279,0.153226811408547
"CSM7KORG",-0.257624779601234,0.186480201753226
"CSM7KORK",-0.277070824450093,0.143716653220564
"CSM7KOL2",-0.305054259936198,0.174135240219144
"CSM7KOKZ",-0.321247552558535,0.160907625914631
"CSM79HKX",-0.284918818338666,0.0313995792023495
"CSM79HKZ",-0.338592860920768,0.0642789561089365
"CSM79HNG_P",0.138014302409626,-0.0639446974586596
"CSM79HNE",0.155391998702563,-0.0240233377970941
"CSM79HNK",0.143612843521883,-0.0816356873754329
"CSM9X1Y5",0.179388473205866,-0.0821401748803498
"CSM7KOSH",0.130921363565924,-0.0845524525613259
"CSM7KOS7",0.162635137590271,-0.0699253832616928
"CSM79HNI",0.157966867763262,-0.0881813476058618
"CSM79HNM",0.142894389973355,-0.0698476577607504
"CSM7KOLY",0.152848742445155,-0.0617856909384649
"CSM79HJI_P",-0.0356689939188948,0.109109088127072
"CSM7KOSJ",0.211298190649403,-0.0247902936575369
"CSM7KOSL",0.162543000223557,-0.0104346343442175
"CSM79HNW",0.160282783879416,-0.00115020842690824
"CSM79HNU",0.142574404003331,-0.00148168912084504
"CSM7KOMB",-0.0481474969964008,-0.188799449313165
"CSM79HNO",0.184058908023716,-0.0195996379669452
"CSM7KOST",0.209197078773066,-0.0488356747933105
"CSM7KOSP",0.19661170680025,-0.0390088370680287
"CSM7KOMH",0.162742867007339,-0.0280750263035
"CSM79HNY_P",-0.311797715385209,0.0480977762211178
"CSM79HR8",-0.323359787224562,0.0682808397357764
"CSM79HRG",-0.197759488234552,-0.029640166259731
"CSM9X1ZC",-0.247097350923503,-0.0272242195609878
"CSM7KOOF",-0.143381303940523,-0.112994054374072
"CSM7KOO9",-0.276679508888314,-0.0106830255149232
"CSM9X1Z4",-0.198310568964319,-0.0667061310652715
"CSM79HRC",-0.204456450179311,-0.0152014635332927
"CSM7KOOD",-0.244852566205482,-0.0270066642543393
"CSM7KOO5",-0.300154396051161,0.012439208543184
"CSM79HRE",-0.291961344685003,0.0239220554170579
"CSM7KOU7_P",-0.190525059011953,-0.137875402176616
"CSM9X1ZY",-0.251285387705034,-0.0856850314145635
"CSM9X22K",-0.168590254632218,-0.141527512751933
"CSM7KOP6",-0.16283551579887,-0.161592292468752
"CSM7KOUB",-0.124626453994696,-0.189085933254414
"CSM7KOU9",-0.0862094812248294,-0.261644620476747
"CSM7KOPE",-0.164580335335831,-0.116223542944752
"CSM9X22G",-0.130738404660465,-0.178609502819519
"CSM9X1ZO",-0.211075684348516,-0.0860783492454024
"CSM7KOP8",-0.166188310209457,-0.154892239932745
"CSM9X22I",-0.102917491561676,-0.192358816537597
"CSM9X1ZQ",-0.200331948196043,-0.11881010144971
"CSM7KOQP_P",0.226996641131667,0.0214628066012773
"CSM79HQR_P",0.0558958372867532,0.0327172612087655
"CSM7KORO",-0.28767377510971,0.144379234456427
"CSM7KORU",-0.320936661804507,0.204119820777548
"CSM9X1XU",-0.341395000603122,0.211050438972872
"CSM7KORM",-0.302591183707536,0.10656118347768
"CSM9X1Y3",-0.236242951367898,0.128278811293923
"CSM9X21L",-0.24968349978017,0.131596904355985
"CSM9X21J",-0.276939342396439,0.158491189862881
"CSM7KORS",-0.309177914123403,0.176664284776188
"CSM9X21N",-0.317180494535865,0.168390823034796
"CSM7KOTS",0.0312856861529822,-0.0515799711091028
"CSM9X235",-0.0460389863993368,-0.053016373100213
"CSM7KOTU",-0.0541536323541396,-0.0286524287115469
"CSM9X21T",-0.100795839526067,-0.0256779854771164
"CSM7KOTQ",-0.0474356436984333,-0.0444476929540801
"CSM9X237",0.15003778772663,-0.0501325801859301
"CSM7KOTO",-0.127153815451657,-0.0370626408513968
"CSM9X233",0.080575566585636,-0.0532681462348388
"CSM9X222",0.0340830518517564,-0.0588686076028651
"CSM9X23B",-0.0231715072238237,-0.0653212686550723
"CSM9X1YV",-0.133354302389915,-0.00923283672578297
"CSM9X21R",-0.136075343249498,0.00408271477441362
"CSM7KOQ5_P",-0.208312397384799,0.268968328456197
"CSM7KOUJ_P",-0.328945151685814,0.0380740888095528
"CSM7KOUL",-0.22462726583409,-0.0494253986603992
"CSM9X22S",-0.293307782463472,0.0918411730469637
"CSM9X219",-0.264714689743596,0.057953068078419
"CSM9X23N",-0.324195168701139,0.0292090169627544
"CSM7KOUN",-0.190390843402469,-0.064397145785111
"CSM9X22U",-0.252966951224625,0.101462902370923
"CSM9X213",-0.262009780652665,0.0506694412693075
"CSM9X23H",-0.207982978491353,-0.00895379665076033
"CSM9X211",-0.245680592715476,-0.00334629309040676
"CSM9X215",-0.254063114087054,0.0514098066544651
"ESM5MEBA_P",-0.238622779334157,0.240014027186283
"ESM5ME9G_P",-0.257338214240185,0.250089943796721
"ESM5MEDZ_P",-0.26323169066041,0.230562207331328
"HSM5MEE5_P",-0.279456026568459,0.285208078482273
"ESM5ME9D_P",-0.248130812519758,0.239319479366394
"ESM5MEE2_P",-0.250151364896919,0.248621966674809
"ESM5MEE6_P",-0.212822498851679,0.209367189913043
"ESM5MEBE",-0.235462588735794,0.244493506647489
"ESM5MECQ",-0.180246002966179,0.233461393244131
"ESM5MEBG",-0.239026439476074,0.256482305604714
"ESM5GEXY",-0.218979118857179,0.275929016926917
"ESM5MECL",-0.246552334838113,0.22693902050025
"ESM5MEBI",-0.254026376511313,0.248389897000066
"ESM5GEZ3_P",-0.154572485570959,0.0525092725451811
"ESM5MEBP_P",-0.201595939084588,0.125656098678329
"ESM5GEYU_P",-0.238103525966829,0.152750686844313
"ESM5GEZ1_P",-0.111074128294643,0.0750170667503753
"ESM5ME9H_P",-0.30480513044091,0.109571596568158
"ESM5GEYX_P",-0.0240506156870608,-0.178025726637164
"ESM5MEEJ_P",-0.267391367719021,0.0316080232447971
"ESM5GEZ6_P",-0.164063079780995,-0.050389746402658
"ESM5GEZA_P",-0.282877672226232,-0.011173279275036
"ESM5GEZ4_P",-0.286741144804988,-0.0220074901111705
"ESM5MEC5",-0.329401370196633,0.0169869933305004
"ESM5MEDU",-0.26783402828336,0.0130689199100344
"ESM5MEBU",-0.274973661358734,0.0253379118468049
"ESM5MEC3",-0.240130024542301,-0.0298821674661166
"ESM5MEBS",-0.307435514832162,0.0075880225777078
"ESM5ME9U",-0.232475581541025,-0.00133733964298634
"ESM718SY",-0.306498832720416,-0.0246871495772113
"ESM5MEC9",-0.211763553672761,0.0290862013081356
"ESM5GEYW_P",0.119884578053462,-0.132642906271846
"ESM5GEYY_P",-0.103684630879589,0.153012795220237
"ESM5MEAB_P",-0.133127192246542,-0.0092176629634618
"ESM5MEA7_P",-0.156396544183341,0.101305445528367
"ESM5MEA9_P",-0.181657879976427,-0.0594403119227439
"ESM5MEDP_P",-0.094430960320761,-0.34243573322211
"ESM5MEDN",0.011155240605661,-0.277910307001716
"ESM718UH",-0.0378238896101951,-0.313218449094014
"ESM5MEDF",0.193086580162476,-0.140430728994225
"ESM7F5CB",-0.0550871547791642,-0.270462852978523
"ESM7F5AK",0.0832643153400206,-0.252395259018293
"ESM7F5CD",-0.0405238580808758,-0.268379065550593
"ESM5MEDK",-0.0669231793391368,-0.324410007278019
"ESM7F5CF",-0.0229195405364125,-0.263263090110958
"ESM7F5AM",-0.039217250863314,-0.278260853870926
"ESM5MEDD",-0.059377869137691,-0.342092795528906
"ESM5MEB9_P",-0.0781409348723968,0.339695424395339
"ESM718TM",0.372012066222439,0.373430805192799
"ESM9IEP1",0.357400031676408,0.347500079027193
"ESM7F5C5",0.434404301849998,0.317477350165675
"ESM718T9",0.40350966842248,0.359514836826455
"ESM718TF",0.421592130697668,0.375782844900897
"ESM7F5C7",0.37107399383469,0.349242796186867
"ESM5MEB7",0.379666525448758,0.294880242321531
"ESM718TK",0.446299168935419,0.410740235672702
"ESM718V4",0.45101652368723,0.397727439899127
"ESM718V8",0.391674135077301,0.347741468359727
"ESM718T7",0.419262534432592,0.348152881477803
"ESM5MED2",0.412251350832569,0.347272067956307
"ESM7F5AE_P",0.0404837754998934,0.169857644250219
"ESM5MEC7_P",-0.33125186860432,0.143457384938351
"ESM718U9_P",-0.0523312000551889,0.0532579837843649
"HSM5FZBQ_P",0.047062999225818,0.478364505883495
"HSM5MD5H_P",0.125074972344532,0.40434827819021
"HSM5MD5K_P",0.349717233975061,0.458833904186691
"HSM5FZBP_P",0.246336394923416,0.399244297935976
"HSM5FZC2_P",0.0392106383900869,0.517858710750481
"HSM5MD7W_P",0.312364378125238,0.452906192800205
"HSM5FZBR_P",0.0821366781140918,0.487396703595076
"HSM67VDZ",0.367642105198813,0.461597644468965
"HSM67VE4",0.267498407228211,0.467144358940045
"HSM5MD79",0.0392334872740681,0.370497561228005
"HSM5FZBZ",0.331152044376676,0.430728065778035
"HSM5MD7J",0.338532467170499,0.442689041826337
"HSM5MD4U_P",0.00850186229381618,-0.171906347825545
"HSM5MD4W_P",0.004969924860181,-0.178849485652608
"HSM5MD4Y",0.0184719511155601,-0.168611529477805
"HSM7CYZT",-0.275611244556749,0.336253574526732
"HSM67VDP",-0.276640934024495,0.331645797956093
"HSM5MD53",-0.331548851785279,0.0944225401341635
"HSM7CZ14",-0.276683482544361,0.329008186843259
"HSM6XRSI",-0.253482832299628,0.353762671908063
"HSM6XRSG",-0.271729645270308,0.357535131914867
"HSM7CYZV",-0.287137557983533,0.33828379014957
"HSM5MD5P",-0.348547146838597,0.0635809290661842
"HSM5MD4B_P",0.175358038019286,-0.0500604027120164
"HSM5MD4A_P",0.19485542445038,-0.0734057731437959
"HSM5MD49_P",0.188167616622791,-0.0715074402262902
"HSM5MD7O",0.217419492020906,0.0182288906182615
"HSM5MD7M",0.21743699303409,-0.0659455265921507
"HSM67VEG",0.223493753330432,-0.0720277794404614
"HSM5MD7Q",0.212295238563626,0.0210071113077232
"HSM5MD7S",0.215763457093203,-0.0375803705729567
"HSM67VEC",0.175317074886689,-0.0144707816926205
"HSM7CYXC",0.0312381315517258,-0.174125665189327
"HSM5MD7U",0.21685923749731,-0.0495465633706075
"HSM67VEI",0.0960694627239748,-0.157273892131603
"HSM67VEM_TR",0.0980970151449053,-0.162308731282088
"HSM67VEE",0.208769928309617,-0.0366435544612529
"HSM7CYXA",0.0599953376755179,-0.209900619767337
"HSM5MD48",-0.0200350319993411,-0.178974555999729
"HSM7CYX6",0.0910615438645108,-0.177224806448036
"HSM7CYX8",0.0681784459762107,-0.187706707117405
"HSM5MD7K",0.0239305934973119,-0.18104404355645
"HSM67VEK",0.184156541920252,-0.0837418057170477
"HSM7CYX4",0.00670817363356103,-0.20461913776401
"HSM67VEM",0.0679267589601647,-0.183381952074391
"HSM7CYX2",0.125361861180352,-0.133730326852408
"HSM5MD4P_P",-0.278616699281047,0.161824949958782
"HSM5MD7Z_P",-0.319898547611891,0.117494372356151
"HSM7CYXQ",-0.298190370055073,0.117220635521519
"HSM67VHS",-0.292873278833234,0.170176839731381
"HSM67VHQ",-0.308830855912164,0.121716186294586
"HSM67VI1",-0.321112540084314,0.108153901670708
"HSM7CYXS",-0.241134583800732,0.086750838507349
"HSM67VHW",-0.275094244692514,0.152571159552848
"HSM5MD4O",-0.257007013338048,0.148682600996631
"HSM5MD4N",-0.269158540474978,0.135149806841618
"HSM6XRSN",-0.292427324374348,0.194607997259908
"HSM6XRST",-0.256735296417147,0.159933004258392
"HSM7CZ2J_P",-0.187193459623057,-0.0178472090014289
"HSM7CZ2L_P",-0.0829809367411731,-0.0793771312416277
"HSM6XRT6_P",0.0105635268567765,0.035682211640428
"HSM6XRT2_P",-0.308903917108226,0.0722772008194119
"CSM7CZ2F_P",-0.200247742115773,0.0240333246440036
"HSM5MD57_P",-0.251596316295881,0.0840180792798943
"HSM67VG6_P",-0.103471459448987,-0.0748232330346521
"HSM6XRSZ_P",-0.272572105655504,0.170537261886229
"HSM67VFX_P",-0.1240164188647,0.065741181439638
"HSM5MD5F_P",0.0314823619641187,0.0305241607076097
"HSM6XRSX_P",-0.195603939669646,0.104980943440486
"HSM5MD5D_P",-0.134821454319958,0.0602900496749307
"HSM5MD8A_P",-0.204071402476261,-0.00659829347794504
"HSM67VG2_P",0.0150728422403346,0.013489773488709
"HSM6XRT4_P",-0.264946872639853,0.180461257903801
"HSM5MD5B_P",-0.00797256380785201,-0.0196833339198187
"HSM5MD59_P",-0.0852813425497087,-0.0197651369152766
"HSM7CZ2H",-0.250320942987967,0.0963293879451926
"HSM67VFX",-0.15130112511041,0.0780490311769517
"HSM5MD5D",-0.107897313809824,0.0495422365615845
"HSM6XRSX",-0.172749075100098,0.0937166138703955
"HSM67VFZ",-0.25458239802488,0.0923265310336729
"HSM5MD5B",0.0916605528541931,-0.0541322913501472
"HSM67VG8",-0.132430713303287,-0.134586306754865
"HSM67VGI_P",0.114258574160678,0.296250980915524
"HSM7CYYV_P",0.335915410454682,0.297751386051785
"HSM67VGA_P",-0.248020923573963,-0.0114583100408844
"HSM6XRTA_P",-0.0198394303401873,0.188150230126958
"HSM6XRTC_P",0.233835673818338,0.245758896017279
"HSM5MD8P_P",0.241302099207013,0.41833065090733
"HSM5MD8D_P",0.338496537026703,0.34624701592961
"HSM6XRTE_P",-0.000756544126615331,0.0793997078561387
"HSM7CYYR_P",0.0553608493237409,0.3222595846716
"HSM67VGE_P",0.155371249850095,0.269547136823509
"HSM5MD82_P",0.121497183768708,0.239708831249889
"HSM6XRTG_P",0.310723471749774,0.32526295872268
"HSM5MD8L_P",0.373051869395408,0.347103471482
"HSM5MD8B_P",0.291519922877638,0.31992074647072
"HSM5MD8N_P",-0.0524204396237371,0.0548683001706099
"HSM67VGA",-0.215001545873632,-0.00699325115991349
"HSM6XRT8",-0.0556420531098796,-0.0253631160898454
"HSM67VGC",-0.1149790890382,-0.00783381113928389
"HSM67VGK",0.357674674217403,0.344455073137214
"HSM67VGG",-0.0414081238807835,0.0202209465703057
"HSM6XRTG",0.312519233199476,0.331573426904072
"HSM67VGK_TR",0.35008354538975,0.348060194042489
"HSM5MD47_P",0.16830614921113,-0.170998306362008
"HSM5MD44_P",0.252789436412074,-0.0501725455127952
"HSM5MD87_P",-0.0103142816764385,-0.261826344873191
"HSM5MD43_P",-0.0628448060822897,-0.264369865371037
"HSM6XRTQ",0.160116445878507,-0.224798775397873
"HSM5MD3Y",0.0466669321972356,-0.244132112357845
"HSM6XRTM",-0.0117678672432895,-0.298730852692676
"HSM67VH1",0.0615758295505726,-0.231914607627311
"HSM5MD43",-0.0680867920226778,-0.259320106502863
"HSM6XRTS",-0.051306522484284,-0.303475849702714
"HSM5MD41",-0.138618342511475,-0.243520420289728
"HSM67VGY",-0.0225158448957785,-0.318928663711334
"HSM6XRTO",-0.00739451583741653,-0.285024618730101
"HSM5MD8J_P",0.0926232470441875,0.183791030085704
"HSM5MD8F_P",-0.163156457159347,0.146203036434668
"HSM5MD8H_P",0.0878367186916709,-0.115202180909083
"HSM5MD6I_P",0.0363104605505133,-0.0860480586337987
"HSM5MD6K_P",0.0459618266987439,-0.094413142895682
"HSM5MD6E_P",0.0298250260240775,-0.0816216200370165
"HSM5MD6M",0.066382093099572,-0.0832826811125631
"HSM6XRVK",0.174910076575613,-0.083782410769388
"HSM6XRVA",0.0592171210590558,-0.100264797275779
"HSM7J4QZ",0.124739650344282,-0.118328696926762
"HSM5MD6K",0.0556749740464767,-0.0977300453918049
"HSM6XRVC_TR",0.110897816764921,-0.0930192160305231
"HSM6XRRJ",0.0132661423346834,-0.0622618325963631
"HSM5MD6I",0.0487622527112449,-0.0925957792577937
"HSM7J4R2",0.0677538460190169,-0.0909103654873713
"HSM6XRVC",0.0781814731979522,-0.103755652894944
"HSM5MD3L_P",-0.0546603940792935,0.00518977530381202
"HSM6XRS2",-0.0964608287165134,0.0582671391725328
"HSM7J4QT",-0.173250874962363,-0.0313502418865926
"HSM5MD6C",-0.109581905475351,0.00146825514122793
"HSM5MD66",-0.260653981754873,0.10816126664806
"HSM6XRVM",-0.0438794880238577,-0.0274507457124366
"HSM6XRVO",-0.0873524413320551,0.0539626129848287
"HSM6XRRV",-0.166824919319042,0.0411561448687977
"HSM5MD6A",-0.256046399343295,0.0469748482008971
"HSM5MD6A_TR",-0.275174971301734,0.0656855084181494
"HSM6XRVU",-0.195585919396508,0.000186807562442638
"HSM6XRVW",-0.0474010183632725,0.0598052748957016
"HSM5MD5X_P",-0.214432359842926,0.146861201923216
"HSM7J4QJ",0.199269771623251,0.0138541249809595
"HSM6XRS8",0.142590697430939,0.0642272096892563
"HSM7J4QD",0.189512258659761,-0.0465781221148268
"HSM5MD75",-0.226254884273558,0.152468131214724
"HSM7CYZD",0.136540464556469,-0.0369614156870828
"HSM6XRS4",0.20521775839828,0.031638645763734
"HSM6XRSE",0.0280907457278814,0.0403276260155821
"HSM7CYZF",0.144860540087764,-0.0161020026361369
"HSM7CYZB",0.129296070188234,-0.0384015043732553
"HSM6XRS6",0.225235964008895,0.0186252284516778
"HSM7J4QB",0.179509437503465,-0.0265912420756094
"HSM7J4QH",0.218631031685226,-0.0410366480959685
"HSM7CYZ9",0.126053766274644,-0.00667944120566342
"HSM5MD71",-0.173513413171717,0.0757114216906034
"HSM7J4QL",0.138171173089901,-0.0465707311997794
"HSM5MD73",-0.223146849030103,0.0798787585214969
"HSM7CYZ5",0.0977031892219236,0.00202578219971379
"HSM7CYZ7",0.171774372858153,0.00431427623265672
"HSM5MD6Y",-0.0873696069273272,0.049090186106798
"HSM5MD62",-0.322172392597053,0.0605771829508276
"HSM7J4QF",0.133895112225222,-0.0301436883652873
"HSM5MD5Z_P",-0.322201671988804,-0.0399619058716425
"HSM5MD6O_P",-0.265923267836379,-0.0665048226852108
"HSM5MD6S_P",-0.232756136207473,-0.0405702206202152
"HSM5MD6U_P",-0.228962742582182,4.6827629016689e-05
"HSM7CYXI",-0.294426765025677,0.00661363522443328
"HSM5MD6Q",-0.23656457759704,-0.0425677505226479
"HSM7CYXG",-0.331779382390944,0.184725226403693
"HSM7J4KO",-0.337596500320235,0.188187586581111
"HSM7CYXE",-0.395475486568509,0.141704228171195
"HSM5MD6W",-0.248427687726241,0.121939014282873
"HSM7CYXO",-0.36024746755836,0.107416066837525
"HSM7J4KQ",-0.310858150444233,0.0817890827297144
"HSM67VF3",-0.361929600056416,0.0834630843979657
"HSM7J4I3",-0.371686575879252,0.134267460422309
"HSM6XRQB_P",0.0170688479676735,0.0218044497982169
"HSM67VHK",-0.308636027827872,0.314431787678895
"HSM6XRQI",-0.368038815776271,0.124267243715864
"HSM67VFH",-0.198258469820506,0.174151613839766
"HSM7CYYB",0.201522929302788,0.0260855563229412
"HSM6XRQO",-0.335086992381042,0.132221108796679
"HSM7CYY5",-0.295766260173646,0.10594250500859
"HSM67VFF",-0.308487621181297,0.213611118181574
"HSM7CYY3",-0.288558110219312,0.0423521401172695
"HSM6XRQK",-0.378852994129475,0.140889593426499
"HSM6XRQB",-0.108906109941612,0.0608935260616388
"HSM67VFD",-0.295223714617565,0.34499333436558
"HSM67VFJ",-0.217828159865869,0.135240981774453
"HSM6XRQM",-0.356239668065229,0.137208116173481
"HSM7CYY7",-0.1152476662665,-0.135916972181505
"HSM67VF9",-0.257257022434278,0.321359500809731
"HSM7CYYD",-0.267927031939534,0.0845740980574708
"HSM7CYY9",0.141077234278499,0.281841593114808
"HSM6XRQC_P",0.0330023757180744,0.0428127824329617
"HSM7CYYP",-0.346867543163615,0.211897655069441
"HSM6XRQY",-0.323117096894959,0.171028392766422
"HSM7J4LF",-0.360918653016727,0.235946483975741
"HSM6XRQS",-0.278200699810702,0.129769539669627
"HSM6XRQW",-0.306645716547181,0.190293427795168
"HSM67VFR",-0.346505366461874,0.251091191363293
"HSM7CYYF",-0.230074200963302,0.119388004446244
"HSM6XRQU",-0.278830613550732,0.140299607499372
"HSM7J4LD",-0.264954162430048,0.143108453252736
"HSM7CYYH",-0.301447940778771,0.240986811873154
"HSM6XRQE_P",0.0792140181041341,0.0828340186907614
"HSM7J4PK",-0.0292002976337838,0.0977517358530298
"HSM6XRR5",-0.0172467944088565,-0.0891257720537947
"HSM6XRV2",0.0156606077653966,-0.0422500324666554
"HSM7J4PC",0.0795847089935211,-0.0723049687566479
"HSM6XRUZ",-0.0455117380493513,-0.00305287942553403
"HSM7J4M4",0.0283089197589947,0.0853531646377312
"HSM7J4PI",0.0399387466009641,-0.00325892002539772
"HSM7J4M6",-0.11705165332036,-0.00470765036499831
"HSM7J4PE",0.00206240731648923,-0.0332773031020308
"HSM6XRR7",-0.0616034797470203,-0.0663490717352387
"HSM7J4PM",-0.0221435882044407,-0.00210082553081813
"HSM6XRUX",-0.142919267315972,-0.0518610844947997
"HSM7J4M8",-0.0649091543273115,-0.0750285778118864
"HSM7J4PG",-0.247660660446168,0.0712144055071907
"HSM7J4ME",0.0644742186430709,-0.0477653016030677
"HSM6XRV4",-0.0152568098767023,-0.145505722643721
"HSM7J4MC",-0.0913245198838075,-0.0656746168937682
"HSM7J4MA",-0.0273313693270893,-0.0693648524160193
"HSM6XRV8",0.185329877609876,-0.0352147861426162
"HSM6XRRD",0.0251087003728008,-0.00582979696822263
"HSM6XRRB",0.211902564313663,-0.214398452211052
"HSM6XRV6",0.0139989668516025,-0.0416710953964406
"HSM67VCX_P",-0.136698866561089,-0.152134261269547
"HSM7J4PU",-0.121239180032595,-0.185190093330711
"HSM67VHH",-0.066654537143217,-0.149644259230124
"HSM67VHD",-0.129286346357998,-0.197473971887289
"HSM7J4IO",0.197974801892767,-0.0594149281089527
"HSM7J4PW",-0.0505977615134353,-0.19516941400761
"HSM7J4PY",-0.112232275701409,-0.164298406436138
"HSM7J4IS",-0.0887709237092722,-0.141575438404495
"HSM67VCZ",-0.146189677400595,-0.158234563792357
"HSM7J4IP",-0.0610677273990441,-0.162791772531135
"HSM67VD6",-0.120369705117586,-0.162184503762095
"HSM7J4PO",-0.0263861243311475,-0.161939188277673
"HSM67VHB",-0.140339841216036,-0.174365719809367
"HSM67VD4",-0.003383344006363,-0.0790934166136854
"HSM6XRR3",-0.0778881086846987,-0.0914936153985104
"HSM7J4PS",-0.092227775190705,-0.163385373683235
"HSM7J4IR",-0.0765241575665788,-0.140595579779233
"HSM7J4PQ",-0.136491952849624,-0.164367818403764
"HSM7J4IQ",-0.0717394624691984,-0.141658487666917
"HSM67VHF",-0.15787382020535,-0.191038305459208
"HSM6XRUV",-0.15985464884391,-0.194097397286003
"HSM67VD2",-0.158841257713701,-0.204133531605386
"HSM67VHJ",-0.102306236230108,-0.145208610816143
"HSM67VDX_P",0.0483435910631873,-0.236095198194997
"HSM67VEW",-0.0123735058837021,-0.299256381666617
"HSM7J4IW",0.00942522119080214,-0.295966047295687
"HSM7J4G1",0.0829570386437135,-0.18862564238367
"HSM7J4IU",0.0161764110501042,-0.286312416670654
"HSM67VEQ",0.01086795327661,-0.274136913566932
"HSM7J4G8",0.0509459022932169,-0.249363961245853
"HSM7CYZL",0.024885015640776,-0.267885341386119
"HSM7J4RE",-0.004923303477614,-0.317372439900903
"HSM7CYZJ",-0.00379640464634415,-0.226655092589302
"HSM67VEO",-0.0142700017087182,-0.291699221671201
"HSM7CYZR",0.052935094394113,-0.291796176195543
"HSM67VEU",0.00828279313647088,-0.28274988892974
"HSM67VES",-0.0223520963222722,-0.298203198182389
"HSM67VDR_P",-0.276636725381471,0.0905165496952047
"HSM7CZ18",0.033682034965579,0.206734817195599
"HSM7J4HG",0.0320985704015231,0.296410208976722
"HSM7CZ16",0.327990165215129,0.396114615235301
"HSM7J4KG",0.151165978432537,0.366845088863323
"HSM7J4HA",0.0605655629045927,0.313304083701487
"HSM7J4HK",-0.0956091353536774,0.166323489098185
"HSM7CZ1G",0.280311123690463,0.402096856797739
"HSM7J4KM",0.18193205278058,0.320907152433925
"HSM6XRUN",-0.299889667457882,0.0474633632506708
"HSM7J4KI",-0.142858985847406,0.0746652083759701
"HSM6XRUL",-0.323142983465565,0.0359054098918586
"HSM7J4HE",0.293599100553245,0.438684637538019
"HSM7CZ1E",0.355043585121017,0.447408490480377
"HSM7J4HI",0.0395597230041212,0.305929512786336
"HSM7J4HC",-0.0625412622601214,0.349726591641878
"HSM6XRQ8",0.321964963845906,0.406898465402673
"HSM7J4KC",0.332928596417782,0.437029104756764
"HSM6XRUR",0.385680439089755,0.442700535643648
"HSM7CZ1C",-0.114596263192723,-0.0598211847910354
"HSM7J4KK",-0.101334221240208,0.0713886335918478
"HSM7CZ1A",-0.10760213986081,0.232531660422131
"HSM67VDT_P",-0.315239412288291,0.0341895934620198
"HSM7J4I9",-0.154538186132667,-0.0576716991148354
"HSM7CZ2A",-0.3056324067768,-0.0143048213439686
"HSM7CZ24",-0.299276020320627,0.0728873354700683
"HSM7J4I7",-0.247220140527383,-0.0247350385889538
"HSM7J4I5",-0.300071513037947,-0.0444433644688504
"HSM67VI7",-0.266946492487008,0.0526577353767691
"HSM7CZ2E",-0.360976353537234,-0.00298985256710274
"HSM7J4HW",-0.266953937009006,-0.0407519996673424
"HSM7J4O5",-0.273641751463634,-0.0832553682799884
"HSM7CZ26",-0.250693242502289,-0.0534841581302131
"HSM67VI3",-0.296405250507011,0.11703649075611
"HSM7CZ28",-0.283939670674651,0.0990792955693884
"HSM7J4NY",-0.306840341253247,0.0130296114558256
"HSM67VI5",-0.174825423159499,0.0271837565945669
"HSM7J4O1",-0.242183165854806,-0.0645468275191893
"HSM7J4O3",-0.271772662354373,-0.0648502364874601
"HSM67VDT",-0.302729731556848,0.0219172390745163
"HSM7J4HY",-0.369995860628465,0.0114349446774571
"HSM67VIB",-0.223065258002152,-0.0309584121394803
"HSM7J4O9",-0.284305851540383,-0.00546271427512956
"HSM67VI9",-0.292165464284974,0.0341525234340833
"HSM7J4O7",-0.23787859785646,0.0389144013677248
"HSM7CZ1T_P",-0.358735548760701,0.0982667859457753
"HSMA33O3",-0.295182381754631,0.187722515376118
"HSMA33O1",-0.291467689406177,0.155845762268344
"HSM7CZ22",-0.297625711001761,0.0453384265478223
"HSM7J4NE",-0.290870640671373,0.120591871440513
"HSM7J4NC",-0.233600653969188,0.0330641310533969
"HSM7CZ1Z",-0.24837706567659,0.129070445340695
"HSM7J4GR",-0.363980364697988,0.122087600959921
"HSM7J4NM",-0.201369201788101,0.071871773264162
"HSM7J4GP",-0.28187935188386,0.0841346174141037
"HSM7CZ1V",-0.369760226253512,0.126935607418881
"HSM67VIJ_P",0.22153472728428,0.374282131133094
"HSM67VID",0.299434947092501,0.386024154899099
"HSM67VIF",0.289278850041221,0.343597344682275
"HSM7J4N4",0.00541615956900064,0.296528907844898
"HSM7J4NA",-0.067897056320974,0.235418209964248
"HSM67VIL",0.309351727594192,0.446126494187724
"HSM7J4GD",0.0879940088384319,0.403535986261255
"HSM7J4MY",0.139656558401183,0.370255999455332
"HSM7J4N8",0.155981019991244,0.407369493103679
"HSM7J4N6",0.29365979465972,0.420161406406506
"HSM7CYWS_P",-0.270019115014587,0.0769073241448987
"HSMA33JZ",-0.178986521596809,0.183210912815754
"HSM7CZ2Z",-0.131271926631501,-0.196271550279207
"HSM7J4OP",-0.330519815615634,0.0233929055303842
"HSM7J4OV",0.232280570459585,-0.00056003074034271
"HSM7CZ32",-0.300113653008609,0.155686404751329
"HSM7J4ON",-0.295182190632015,0.00464061993476246
"HSM7J4OT",0.178488158488745,0.0266055843853406
"HSM7CZ36",0.0105614562767282,0.0458563969029428
"HSM7J4L9",-0.316845069524644,0.0186624732509911
"HSM7J4L5",-0.355931353142449,0.0857690616036202
"HSM7J4OX",-0.0754689210334737,0.15727194262014
"HSM7CZ38",-0.404429402821685,0.13870844094024
"HSM7CZ2V_P",-0.326572718509186,0.113062098115824
"HSM7J4PA",-0.330792984756557,0.152856161356843
"HSM7CZ3G",-0.359768872040662,0.0452062321607121
"HSM7CZ3E",-0.284599851909442,0.023775153248417
"HSMA33JD",-0.273867865440528,0.047950899660648
"HSM7J4MK",-0.285714462069658,0.0388218362641241
"HSM7CZ3C",-0.293391289188986,0.0957640743546341
"HSM7CZ3A",-0.304099713663382,0.0949415057250232
"HSM7J4OB",-0.252577349132642,0.0925458013499242
"HSM7J4OE",-0.324005411058246,0.0794529525922214
"HSMA33JB",-0.287369474154031,-0.0455568602574822
"HSM7J4OL",-0.367287550988584,0.130557953788104
"HSM7J4Q3_P",0.151143459186254,-0.255746267302495
"HSM7J4OZ",0.0474535311386397,-0.273571579199487
"HSM7J4MS",-0.0334033220992781,-0.274494845366498
"HSM7J4MW",-0.00198919346952024,-0.29465461302022
"HSM7J4Q7",0.0928395247076771,-0.230116358914744
"HSMA33JR",0.00276680970938415,-0.253559731527733
"HSMA33MV",-0.0220915995766985,-0.263970641220803
"HSM7J4IC",-0.0173816747529824,-0.299044654219432
"HSM7J4Q9",-0.0283892294850048,-0.281643104388945
"HSM7J4Q1",0.0535734247334457,-0.237815023740182
"HSMA33JN",0.00906951499137418,-0.231311193882978
"HSM7J4P2",0.00105747864010173,-0.286402443439104
"HSMA33JP",-0.0348755937068059,-0.257773214903508
"HSM7CZ2X_P",-0.271781371406856,0.261000094722086
"HSM7J4KA",-0.196776188263975,0.224166312538502
"HSM7J4K4",-0.0522722362609151,0.0385635566774537
"HSMA33MI",-0.290478580691015,0.171738842379078
"HSMA33OP",-0.354634694760953,0.179392385365437
"HSMA33MK",-0.22972647075595,0.223072740004103
"HSMA33OT",-0.31035683352105,0.0714035312152727
"HSM7J4JZ",-0.11209339079902,0.105698320321114
"HSMA33MG",-0.207456148133986,0.122326417179897
"HSMA33ME",-0.261421177208937,0.129940718495997
"HSMA33OR",-0.218691266731803,0.141651715822594
"HSM7J4HU",-0.308065099820421,0.181761925607969
"HSM7J4HS",-0.031231461576076,0.0751694184049821
"HSMA33MC",-0.270857819762611,0.0524870627101301
"HSM7J4K8",-0.104369815416211,0.0531339733039934
"HSM7J4K6",-0.189173423571927,-0.0135139662280682
"HSMA33MA",-0.128918242267303,0.0281292133657158
"HSM7J4K2",-0.280078744284968,-0.00728129975879921
"HSMA33OX",-0.194008279544263,0.0541044654429298
"HSM7J4HQ",-0.234777710023699,0.255524838913618
"HSM7J4HO",-0.169619203823387,0.172777303850626
"HSM7J4HM",-0.145213918603777,0.153357744516959
"HSMA33OV",-0.267071143459574,0.073680848155547
"HSMA33OZ",-0.300143162697703,0.195533547695283
"HSMA33NG_P",-0.384951092719724,0.141061392253504
"HSMA33KO",-0.308960481800058,-0.00217302148243889
"HSM7J4J9",-0.342920960300162,0.21466215948974
"HSMA33KE",-0.289682856170432,0.0856299579411819
"HSMA33Q6",-0.342693617811294,0.133193933281068
"HSMA33PX",-0.307280417829269,0.209386269539884
"HSMA33KM",-0.183148467385837,-0.019013790567198
"HSM7J4J7",-0.342951680001267,0.209149560624842
"HSMA33NA",-0.341522630599459,0.0401870090824468
"HSMA33NC",-0.150297730932027,0.033386207792575
"HSM7J4JD",-0.338347568166532,0.135095750764323
"HSM7J4JF",-0.353821850226412,0.095744897056155
"HSMA33PZ",-0.38319881936267,0.160028009147813
"HSM7J4LP",0.179412284411017,0.0248830034069026
"HSM7J4JH",0.213567505836825,0.00591749084096234
"HSM7J4JN",0.220606924516267,-0.0494498734446829
"HSMA33NQ",0.198228217276132,-0.0232435852587567
"HSMA33KQ",0.245215688819861,-0.048594423027069
"HSM7J4JP",0.228442607394817,-0.0601398372364836
"HSMA33L1",0.256812625705058,-0.0747042980937783
"HSMA33PL",0.239722807953783,-0.0584434848163746
"HSMA33KU",0.246848480877767,-0.0602909602425427
"HSMA33PN",0.246840638832526,-0.0717586919729288
"HSMA33KS",0.235564298198319,-0.0485057527319061
"HSM7J4JJ",0.246206176116552,-0.0713292985947424
"HSMA33NO",0.207451400859178,-0.0245380525157635
"HSM7J4JT_P",0.273055366651578,0.393793272320727
"HSMA33M2",0.119979189245751,0.260039622891639
"HSMA33M8",0.250084163673853,0.475402359996108
"HSMA33OD",-0.0930812256669502,0.271841088398572
"HSM7J4NS",0.169579206085371,0.287541930814443
"HSMA33OL",0.236672758524517,0.4692454481645
"HSM7J4NU",0.123004139555551,0.191254670852762
"HSMA33OJ",0.0834500661561098,0.424211235506396
"HSMA33LX",0.149486779401801,0.257932919562817
"HSMA33LZ",0.175035922297786,0.396386632006564
"HSM7J4NO",0.238872529753419,0.486893546643709
"HSM7J4JV_P",0.297059733000636,0.407845804752904
"HSMA33IO",-0.282287834750867,0.359348309696187
"HSMA33N4",0.112634852080824,0.00949997454696013
"HSMA33MX",0.328920449028927,0.517037230665997
"HSMA33IS",0.17304410194068,0.115129659754003
"HSMA33MZ",0.436625445832951,0.42757932019936
"HSMA33RF",0.277030150556468,0.350568752570545
"HSMA33RD",0.427066043768938,0.331749668631723
"HSMA33R9",-0.129971480772486,-0.0492560215487015
"HSMA33QY",-0.112747416600071,-0.0557940179477379
"HSMA33IE",-0.250251435186193,0.00351308908800761
"HSMA33R7",-0.268339172350173,0.110645197490311
"HSMA33S4",-0.254938243678711,-0.0449462614751811
"HSMA33IK",-0.293880820874264,0.0545750191196232
"HSMA33IG",-0.257710688647327,-0.0553941440712243
"HSMA33R1",-0.270760199191267,-0.0181888309838919
"HSMA33R5",-0.166678586819662,-0.0210748447016939
"HSMA33LP",-0.194932461468515,-0.0295393259723733
"HSMA33P2_P",-0.119337900464275,-0.116031166442955
"HSMA33LB",-0.153849940083007,0.108220770800216
"HSMA33RR",-0.197514716804869,0.128398343504728
"HSMA33LH",-0.330799686291985,0.0700804656912497
"HSMA33LH_TR",-0.297407766004522,0.0567227638124992
"HSMA33NW",-0.311263393118427,0.0713821966623039
"HSMA33P6",-0.207541811480812,-0.0798346154977416
"HSMA33LJ",-0.279394813656395,0.0748570485407274
"HSMA33RT",-0.305633475809481,-0.0444684404516048
"HSMA33RX_TR",-0.241417032967942,-0.105210672718674
"HSMA33IC",-0.169355224536566,-0.0537965674414071
"HSMA33IA",-0.200651306685043,-0.0971927518486558
"HSMA33RX",-0.284608575647567,-0.076837568409472
"HSMA33J1_P",-0.214548214328086,0.12735101428152
"HSMA33SG",-0.0764675066085056,-0.0218620064595967
"HSMA33J7",-0.174785231448456,0.13380583167647
"HSMA33J9",-0.122906732300985,0.0421633250958592
"HSMA33NY",-0.0516917891313041,0.279964427575173
"HSMA33SI",0.0783820732649334,0.0243248813311868
"HSMA33SK",-0.0308662967288778,0.0933449677154534
"HSMA33MS",0.171705604385455,0.357148283551806
"HSMA33J5",0.288242795327114,0.331351563530672
"HSMA33QM",-0.178715680322057,0.0335549143484137
"HSMA33SE",0.0550572230400864,0.110512446505001
"HSMA33QO",0.27943868127215,0.406457599603681
"HSMA33J3",0.175960061149812,0.433867085724136
"MSM5LLD6_P",-0.0128579325790352,-0.0523329821378769
"MSM5LLI4_P",0.0178825368424201,-0.102283139022147
"MSM5LLHQ_P",0.0103193384057958,-0.0777108008937618
"MSM5LLHX_P",0.0276498711840906,-0.112093877280836
"MSM5LLI6_P",-0.0313119927243489,-0.0876501695514462
"MSM5LLI2_P",-0.0103500542897767,-0.078476875100302
"MSM5LLI8_P",-0.016341639632259,-0.0712913715928329
"MSM5LLDU",-0.00400668078307619,-0.0591128420506762
"MSM6J2LB",-0.102310796784496,0.00769257602578418
"MSM5LLDE",0.0226845727825429,-0.0667445863817529
"MSM5LLDS",-0.0439525435843791,-0.0783125044936388
"MSM5LLDI",-0.0555118410590558,-0.0865374839117045
"MSM5LLDK",-0.0148902732253702,-0.086127539569909
"MSM5LLDA",0.00326372973138025,-0.0985072926598395
"MSM5LLDM",-0.0345741796320948,-0.0980143457442687
"MSM5LLDC",0.00303855474054089,-0.0466329269801269
"MSM5LLDQ",-0.00616235388564678,-0.0882834118471212
"MSM5LLE9_P",0.261484882633905,-0.0262648275292493
"MSM5LLE3_P",0.245066101188952,-0.012511542171637
"MSM5FZ9N_P",0.222319027843161,0.0600858949109335
"MSM633FF_P",0.268335979291814,-0.039030050219793
"MSM5FZ9X_P",0.243251687381061,-0.0361058392558342
"MSM5FZA2_P",0.248136736616057,-0.0335636171032542
"MSM5ZOJY_P",0.265822295227865,-0.0424436125110691
"MSM5LLGF_P",0.0111636739890877,-0.244523546068784
"MSM5LLGH_P",-0.194968355645942,-0.0778780354348267
"CSM5LLGB_P",-0.173764447364657,0.260718093117272
"MSM5LLGD_P",-0.0798082907544548,-0.226564320138804
"MSM5LLGJ_P",-0.107935850351134,-0.0473360044004248
"MSM6J2J1",-0.185661785248143,0.0165352317521669
"MSM6J2QR",-0.284195324909565,0.0620162970176209
"MSM6J2IQ",-0.146592361185114,-0.121550885168378
"MSM5LLGL",-0.246923653150679,0.0152245732624916
"MSM6J2IY",-0.250673400166866,0.0870878281592957
"MSM5LLIG_P",-0.244051698727278,0.144060461715458
"MSM5LLIE_P",-0.203735007547351,0.0480395627611981
"MSM5LLHR_P",-0.260624026855422,0.10129394587806
"MSM5LLIK_P",-0.351337676932066,0.0717534849188163
"MSM5LLIM_P",-0.265212713886036,0.177380713676664
"MSM5LLER",-0.271011925600258,0.182271381379116
"MSM5LLEP",-0.231774402823687,0.110912745688463
"MSM6J2LT",-0.189500720017662,0.0661425646593929
"MSM5LLHV_P",-0.105443266228711,-0.161128057507139
"MSM5LLHE_P",-0.165393019891698,0.0180552490646758
"MSM5LLHG_P",-0.193174899584557,0.0608302676149562
"MSM5LLIC_P",0.00846277317024978,0.011663452037937
"MSM5LLHI_P",-0.231331399265587,-0.0240670937012416
"MSM5LLHO_P",-0.174757714209437,0.0400508419512414
"MSM6J2JB",-0.282224340909959,-0.018219983717487
"MSM6J2J3",0.0555815103338687,-0.0742014047832288
"MSM6J2J5",-0.169636679063029,0.0464747369931087
"MSM6J2JD",-0.187611742279505,-0.0858204692586394
"MSM6J2PK",-0.16878048967006,-0.119300406847807
"MSM6J2PM",-0.156769117345624,0.0338964781882832
"MSM5LLFK_P",-0.318357619668599,0.210878744373611
"MSM5LLFM_P",-0.38609503166402,0.124155417983464
"MSM5LLFU_P",-0.363479137493366,0.145459108912599
"MSM5LLIQ_P",-0.258467519628656,0.346207712909343
"MSM5LLFO_P",-0.336639957348285,0.199190733963242
"MSM6J2HH",-0.306219317821148,0.122842543619775
"MSM6J2OH",-0.356629256386871,0.16611313264061
"MSM6J2HJ",-0.307270278228812,0.149459340027057
"MSM6J2HD",-0.391003710265411,0.145264843299704
"MSM6J2HF",-0.376737660818066,0.136387646555049
"MSM6J2HL",-0.365483351405931,0.134539337043275
"MSM6J2ON",-0.357489937479816,0.204855570366321
"MSM6J2OL",-0.326564650770236,0.196605282253993
"MSM6J2OP",-0.351354137804028,0.165871201794931
"MSM79HEA",-0.350398379246964,0.125498672086257
"MSM6J2OJ",-0.311683316157325,0.220084420691815
"MSM5LLHA_P",0.350880601406301,0.405749724813192
"MSM5LLH2_P",0.396843170706084,0.335953092622842
"MSM5LLIS_P",0.401426647131947,0.414003712431331
"MSM5LLH8_P",0.372606923362664,0.416597312648322
"MSM5LLH4_P",0.373920241477135,0.41450527094229
"MSM6J2KM",0.334189312034771,0.376776225809039
"MSM6J2KE",0.416389574488465,0.38803294570064
"MSM6J2RA",0.262709145078466,0.374683225498176
"MSM5LLHC",0.39533898577103,0.355029449422971
"MSM6J2R8",0.316984853375222,0.398926460732548
"MSM6J2KC",0.390195125511056,0.390156739675017
"MSM6J2R2",0.382119832368497,0.41871591551457
"MSM6J2RC",0.171111185538053,0.389429244130542
"MSM5LLFG_P",-0.180375409961182,-0.1067973336212
"MSM5LLGR_P",-0.166383385936434,-0.142639097292103
"MSM5LLGN_P",-0.297624477563632,-0.056214519320476
"MSM6J2II",-0.0492415812450403,-0.127532601077409
"MSM79H67",-0.301793814588603,0.0891469292666606
"MSM6J2IM",-0.143261507948839,-0.0746365888565756
"MSM6J2Q3",-0.341431356090819,0.0300848508385696
"MSM6J2IG",-0.2110102198149,-0.0593799600459422
"MSM6J2QD",-0.265861350937311,-0.100772493213764
"MSM79H69",-0.21800921159031,-0.0874737186894684
"MSM6J2IE",-0.341098451814638,0.0245011375480493
"MSM6J2Q9",-0.18864059537815,-0.135185453573998
"MSM6J2QB",-0.223236587229589,-0.0954938485503532
"MSM6J2IO",-0.288875449433079,-0.00680359428172454
"MSM6J2IK",-0.138148744674037,-0.0687771178125955
"MSM79H65",-0.120527045968525,-0.125566357569273
"MSM79H63",-0.330632090726338,-0.00833896558121843
"MSM6J2Q5",-0.245215509450745,-0.0542291013434338
"MSM6J2Q7",-0.183294421976214,-0.116397105452223
"MSM79H6B",-0.254040640309058,-0.0903435294532836
"MSM5LLF2_P",0.144983422633525,0.0687619141341212
"MSM79HBP",-0.0758212964015766,0.0916955357827117
"MSM5LLF4",0.250584035262005,-0.00448125726348932
"MSM79HBV",0.220904687327241,0.0337281144141542
"MSM79HBT",0.216597993062147,0.0342127597443854
"MSM6J2MJ",0.259681716972617,-0.0524659232877224
"MSM79HBN",0.239755986659345,0.00347506729276744
"MSM6J2LH",0.26804094121985,-0.0484993024416623
"MSM5LLF8",0.244137450054649,-0.0266420619078637
"MSM6J2LR",0.258511608571506,-0.0275035717546941
"MSM6J2ML",0.261862083224837,-0.00639828266333144
"MSM6J2MB",0.273444234254386,-0.0478634990264043
"MSM6J2LL",0.278812277788724,-0.0455083498122721
"MSM79HBR",0.200901384376705,0.0315943731743335
"MSM6J2LJ",0.25670205054485,-0.0446022443331374
"MSM6J2MH",0.26912748525357,-0.060011039015736
"MSM6J2MF",0.275404509738436,-0.0517844784338198
"MSM5LLF6",0.25598104662523,-0.0425157343053594
"MSM6J2MD",0.251286756130039,-0.0452469601996785
"MSM6J2LN",0.263022889909822,-0.0528913152233259
"CSM6J2H9_P",-0.22187987832987,-0.00926422854615652
"MSM6J2HP",-0.179984073800993,-0.118510133752031
"MSM79H5U",-0.115240328854348,-0.199120098954755
"MSM6J2QJ",-0.106541073429552,-0.0544018151910605
"MSM79HAH",-0.31191306436843,-0.0174695751552639
"MSM79H5S",-0.283403966009454,0.00854842454569771
"MSM6J2QH",-0.270619195229533,-0.030995987737346
"MSM79H5Q",-0.238660309932375,-0.118216653772526
"MSM6J2QF",-0.291488968695676,-0.0674773759222375
"MSM6J2QP",-0.315662429843564,-0.0421366849403427
"MSM79H5Y",-0.3345532163919,0.0545026255277507
"MSM6J2HR",-0.327319604788898,-0.000286413178366377
"MSM6J2QL",-0.329986164320007,0.0378825514824855
"MSM6J2HT",-0.383904046651414,-0.00736551803466948
"MSM6J2HN",-0.320302162748718,0.0711929513288137
"MSM6J2JF_P",-0.243310480750827,0.00273614251208992
"MSM79HEW",-0.13249087841954,-0.0113843536000531
"MSM6J2JP",-0.0947345194961456,-0.0806851511296848
"MSM6J2LV",-0.239307314946478,0.0080347997254426
"MSM79HB6",-0.234485218623164,-0.0562826878356193
"MSM79HEU",-0.26511423513314,-0.00435197212589867
"MSM79HEY",-0.362511155472969,0.141007912049778
"MSM6J2SI",-0.299424180042329,0.0197984325019918
"MSM79HES",-0.236696874356773,0.00393730026884966
"MSM6J2JT",-0.0979696667676138,-0.166552695089863
"MSM6J2SE",-0.270609225523497,0.000123780587734455
"MSM6J2SK",-0.402588888732428,0.120152337291373
"MSM6J2JR",-0.124774359679167,0.0103760729266064
"MSM6J2JN",-0.290222555850406,-0.0146888007518694
"MSM6J2JH_P",0.382345342781531,0.323110557470097
"MSM79H6F",0.0677618474339903,0.0429574832304857
"MSM6J2K8",0.114731872968831,0.0610907155688154
"MSM6J2K2",0.384029636442729,0.371184292901711
"MSM6J2JZ",0.326809552743886,0.378505468975783
"MSM79H9Y",0.221122916860135,0.0475010251224734
"MSM6J2KA",0.155648265733028,0.174712256299182
"MSM79H6H",0.321895902920801,0.306068095878596
"MSM6J2RO",0.33898200572299,0.360243633837398
"MSM79HA7",0.203197195422375,0.207762492077996
"MSM79H6L",0.212135308598381,0.145727717716323
"MSM79HA3",0.371613605086741,0.362378298743425
"MSM79H6J",0.268751318803997,0.168557899291453
"MSM6J2RS",0.414343602689615,0.420741901757162
"MSM6J2K6",0.27306201880721,0.371193287640738
"MSM6J2RM",-0.19564429391259,0.0019888251972406
"MSM79H6N",0.187087343462137,0.165023511345086
"MSM79HA1",0.280302419862045,0.226807932218205
"MSM79H6D",0.163135138950122,0.150296886170036
"MSM6J2RK",0.205849581887312,0.245821999663386
"MSM6J2RU",0.227572442714211,0.188668102057842
"MSM6J2K4",0.204804755337956,0.275990416790426
"MSM6J2RQ",0.244511008026806,0.263736505349822
"MSM6J2PQ_P",0.12568484470576,-0.0126539102499705
"MSM6J2PU",0.139860014847982,-0.0291358054930824
"MSM6J2PO",-0.113549254348151,0.0171987095232925
"MSM9VZNH_TR",0.105007331318479,-0.00120809313053419
"MSM6J2PW",-0.0117438422290524,0.0645812796332706
"MSM9VZNL",0.094037860409169,-0.123797544121139
"MSM79H7Y",-0.0299920543841357,-0.0878219147510233
"MSM79HC8",0.0892263850933348,-0.073242515809996
"MSM9VZNH",0.126853860568411,-0.00435425787036813
"MSM79H7W",0.0572492369355262,-0.0931874131339787
"MSM6J2PS",0.0842177942215204,-0.0648515682075056
"MSM79H7O",-0.0708600762812944,-0.0757086971849853
"MSM79HC4",0.08717413493046,-0.00950809591575629
"MSM79H7Q",-0.0154038336532957,-0.00823197829442207
"MSM6J2M3_P",0.0289115026398189,-0.0495140187140082
"MSM79H6Y",-0.0964335990151531,-0.0743774873269573
"MSM79HBB",-0.0201074267284732,-0.109840120011832
"MSM6J2LY",-0.190185280746375,-0.0431667368920762
"MSM6J2M3",0.0123135598885983,-0.0412087965208273
"MSM79HBL",-0.0492281377939386,-0.106304422855086
"MSM79HFW",-0.116122142667823,-0.111505076829149
"MSM79HFY",-0.126910602722354,-0.117657440601229
"MSM6J2Q1",-0.0703816734708198,-0.108229257460997
"MSM6J2LW",0.00361994095590573,-0.0537994715125476
"MSM6J2RG_P",0.0365579913363061,-0.303811128469895
"MSM6J2N6_P",0.401568901964881,0.421853623505377
"MSM79H52_P",-0.0404430195059486,-0.168984024503891
"MSM79H9K",-0.0233197772122314,-0.210636992552189
"MSM79H5A",-0.0257775417053326,-0.205167602161983
"MSM79H9C",-0.0390663270201275,-0.174103820885946
"MSM79H54",-0.0317354681760293,-0.225060302395553
"MSM79H58",-0.0231107203704626,-0.178793266888033
"MSM9VZFH",-0.0603063928208252,-0.1942308329516
"MSM79H9G",-0.0319359089175036,-0.216496133824378
"MSM9VZFF",-0.0217186697300173,-0.210199269547496
"MSM79H9A",-0.0617138012481488,-0.200389374526261
"MSM9VZPT",-0.0692452924137879,-0.155329647640108
"MSM9VZF7",-0.0644299733019832,-0.229301114515623
"MSM9VZGS",0.262054139323737,-0.0123516393807366
"MSM9VZHF",0.216510229041946,0.0112811630574519
"MSM9VZGU",0.268636373256197,0.051585521999863
"MSM79H5E",0.0480073573063405,0.203164079092055
"MSM79H9Q",0.322900467128861,0.289807371916194
"MSM9VZGO",0.27579545880919,0.0522570633748078
"MSM79H5G",0.0679235540950792,0.210421516284294
"MSM9VZHB",0.298437873644127,0.299458998773167
"MSM9VZLJ",0.206914434469511,-0.0286059709717645
"MSM79H9M",0.262940691060679,0.262067081700641
"MSM79H9W",0.0179167602473655,-0.00701315510817183
"MSM79H5K",-0.0359769283035452,0.0458996047711252
"MSM79H5M",0.093632480389736,0.0522253562787223
"MSM79HF1_P",0.208635521667318,-0.108163336856657
"MSM79HF9_TR",0.0340396511042813,-0.0553842371896514
"MSMA26ER",0.196029671370756,-0.0345869878829965
"MSM79HF9",0.0501317976501059,-0.071028783213933
"MSM79HF3",0.125193773779837,-0.126772977194253
"MSM9VZLP",-0.0733315102250335,-0.0847163608873427
"MSM9VZLR",0.00307426461863461,-0.0924890106238441
"MSMA26ET",0.178872112583537,-0.0196909235734109
"MSM9VZLT",0.261200645483235,-0.0976269213801101
"MSMA26EZ",0.159013016202808,-0.0313987564473499
"MSM79HAJ",0.149925725272315,-0.148326195405202
"MSM79HAT",0.0345004943346989,-0.0984327195628041
"MSMA2688",0.120081499954921,-0.0291416764359345
"MSM79HAL",-0.00964265163007426,-0.140570324855316
"MSM9VZLV",0.226540537138267,-0.0624100359535874
"MSM79HF5",-0.0644211599628537,-0.109794634838795
"MSM9VZLN",-0.0717737405202529,-0.0812230212762025
"MSM79HAR",-0.0530523889563432,-0.132183513885465
"MSM79HAN",0.0846472280164203,-0.110590619905401
"MSM9VZLL",-0.0759711923130323,-0.0543074424996336
"MSM79HF7",0.0583923127555324,-0.12735387522593
"MSM79HFB",0.0473637882943116,-0.101474115993514
"MSM79H9U_P",0.376952689818585,0.381209994385238
"MSM79HBX_P",-0.0605963367842365,0.0122255595799658
"MSM79HDO",-0.117515030148207,-0.00883297604741008
"MSM9VZEK_TR",-0.0426561388807376,-0.0298039830113128
"MSMA26AN",-0.24101893509061,0.134020500233333
"MSM79HDS",-0.282539721286497,0.00691175592907492
"MSM9VZEK",-0.337823738451016,0.0279945512732826
"MSM79HDQ_TR",-0.248577241859875,0.0149306144063726
"MSM79HDM",-0.301465481898145,0.00399530999472192
"MSMA26AR",-0.104961124061532,0.0483829327320708
"MSMA26AL",-0.2232995767691,0.0760867963154145
"MSM9VZES",-0.207041343784193,-0.0480809809406812
"MSM7J16N",-0.0414165547022357,-0.00218796046048741
"MSM7J16J",-0.161176329989157,0.0470045218315917
"MSMA26AT",-0.246165411181799,0.0610916588493244
"MSM9VZEM",-0.326170994412442,0.0429243937176456
"MSM79HDQ",-0.252194819430878,0.029937519658703
"MSM9VZJB",-0.34137645699341,0.110880042215723
"MSMA26AP",-0.273949098888415,0.156251107770062
"MSM79HDK",-0.15810351916061,-0.0367229709993279
"MSM79HDU",-0.352033138418204,0.019052417391221
"MSM9VZEO",-0.304391612214623,-0.0246752506997642
"MSM7J16P",-0.223148496189937,0.0725705182662567
"MSM9VZEQ",-0.38262430895443,0.0666954915620295
"MSM7J16R",-0.251385207693875,0.112950177576111
"MSM7J16L",-0.289025762689436,0.187305037307374
"MSM79H98",-0.323660271900521,0.00920251286085793
"MSM79HD8_P",0.124360000521324,0.0900429959932143
"MSMA26EP",0.204225611463368,0.0335195440982804
"MSMA26EH",0.213798242531022,0.0315676501564603
"MSM79HBZ",0.213532582643088,-0.00360557239431184
"MSM9VZOU",0.194006912665253,-0.0334764390983849
"MSMA26EN",0.258059360729854,-0.0762915133102158
"MSMA26EL",0.246129384470208,-0.0577643873858138
"MSM9VZF5",0.228145840918385,-0.0647555511420535
"MSM79HDA",0.222551993120288,-0.0225272828885441
"MSM79HDG",0.251243001037259,-0.069847577822715
"MSM9VZOY",0.237705329022576,-0.0685852297649999
"MSM9VZF1",0.239897260442986,-0.0663478890797029
"MSMA26EJ",0.258493392269565,-0.0518138027833639
"MSM9VZP3",0.190818871604117,-0.0150683158044719
"MSM79HDI",0.263885399818384,-0.0704427143819873
"MSM9VZOS",0.190201804416017,-0.0190099160494462
"MSM79HDG_TR",0.24359140864262,-0.065228166868745
"MSM9VZP1",0.191846749596371,-0.0218769553405448
"MSM9VZEU",0.238746996013271,-0.0693964458826109
"MSM9VZEW",0.219259915728165,-0.0560844732319163
"MSM9VZF3",0.237431235986627,-0.0555132597184482
"MSM79HDE",0.246692175761601,-0.0681697264326431
"MSM79HDC",0.239337581693404,-0.0514335757376185
"MSM9VZOW",0.187889191185002,-0.0327955291132968
"MSM9VZEY",0.225402238705375,-0.0651595459615665
"MSM79HD6_P",-0.280286150123934,0.105998645744573
"MSMA26AX",-0.172810557921041,-0.00762953029147499
"MSMA26AV",-0.0499527632723278,-0.0570305480421953
"MSMA26AZ_TR",-0.18068813166596,0.0259865471800196
"MSM79H7M",-0.287086807376804,0.086596145422413
"MSMB4LZ4",0.0251509728250101,-0.0207020102356162
"MSMA26AZ",-0.18242082493755,0.0446360737841533
"MSM79H7E",-0.179072440579266,0.0865666319007911
"MSM79H7G",-0.275337019407025,0.0926289161015563
"MSM79H7C",-0.222565507690136,0.0721182915419354
"MSM79HCN_P",0.153607100037017,-0.237053196275682
"MSM9VZHL",0.224683504366689,-0.221174134702458
"MSM79HCR",0.168987163551462,-0.222850212619979
"MSM9VZOK",0.205607432780051,-0.246289364133472
"MSM9VZHT",0.209351347957006,-0.246815270131756
"MSM9VZOQ",0.173235354905995,-0.222722949497255
"MSM9VZHP",0.209417666409057,-0.23094653064883
"MSM9VZHJ",0.180615830328112,-0.238280898804858
"MSM79H89",0.187787176489952,-0.241421879654161
"MSM9VZOO",0.148127958569397,-0.217068509871875
"MSM79HCK",0.152259264484022,-0.228971308042142
"MSM9VZHR",0.221948327872572,-0.24854085150902
"MSM79H8B",0.176923186534599,-0.232542946416296
"MSM9VZOI",0.157211545595494,-0.22516499833415
"MSM79H81",0.19062807612872,-0.237505255214696
"MSM79HCI",0.15844950350071,-0.235522849994072
"MSM9VZOM",0.159490202645261,-0.226862055839875
"MSM79HCP",0.155704249801813,-0.232447159668481
"MSM9VZHN",0.191085813353333,-0.242625105334476
"MSM79H85",0.168962391996902,-0.230161348253093
"MSM79H87",0.160521099914776,-0.225104457600128
"MSM9VZOG",0.194690730988272,-0.212251309501485
"MSM79HCG",0.168734207857307,-0.227682746121228
"MSM79H83",0.173794366619932,-0.225197322919445
"MSM79H8J_P",0.0845459817103613,-0.215058781730759
"MSM9VZGY",0.114309563644404,-0.254993088599659
"MSM9VZH7",0.173698642962295,-0.22417489294491
"MSM79H8H",0.0831279885572218,-0.262427047941658
"MSM79H8L",-0.0058192346607609,-0.305571222013217
"MSM9VZGW",0.242202316108406,-0.196864413786377
"MSM79H8F",0.0292189621198872,-0.275088331802114
"MSMAPC7J",0.18773533852993,-0.228956919670753
"MSM79H8N",0.154079785902496,-0.213233937434569
"MSM79H8D",-0.00142521334143756,-0.323962368719681
"MSM9VZJZ",0.114146753229208,-0.191395842686611
"MSM79H94_P",-0.30973390833519,0.212929660391057
"MSM9VZHZ",-0.253961094137602,0.194727069654693
"MSMB4LZC",-0.293345323656195,0.228267400275021
"MSM9VZME",-0.336779590913002,0.185417496420496
"MSMAPC7P",-0.278954882758367,0.219169831527132
"MSMAPC7R",-0.318693807628661,0.214415767836282
"MSMAPC7T",-0.302472187554481,0.144093037131688
"MSM9VZMA_TR",-0.331052332229382,0.189019379173858
"MSM9VZI2",-0.324676174614012,0.181794376311538
"MSM9VZHX",-0.334304615557705,0.232636865207964
"MSM9VZI6",-0.264181996740643,0.301481057057463
"MSM9VZMC",-0.317309413302115,0.218030013710494
"MSM9VZMA",-0.307770412131068,0.227991101667146
"MSM9VZMI",-0.322135834595749,0.256272393828921
"MSM9VZFJ_P",-0.315645096945886,0.0533035519817649
"MSMA26BV",-0.0594982319353975,-0.0593427917514023
"MSMA26BR",-0.197348800804458,-0.0246437379062182
"MSM9VZKC",-0.186909197786122,-0.0545902170527671
"MSM9VZFT",-0.229038187423774,0.00763822535939974
"MSMA26BX",-0.246114483639067,-0.0116738248372928
"MSM9VZFN",-0.307888337602578,0.0325626318317994
"MSM9VZFL",-0.307479919047365,0.0249584854703166
"MSMB4LZ8",-0.176574970725858,0.0214734950110397
"MSM9VZKI",-0.284535283433515,0.00969639087101237
"MSMA26BN",-0.0604228916489493,-0.0759604531293639
"MSM9VZFR",-0.350086652750983,0.112496783889671
"MSM9VZKE",-0.290178008360631,0.0313372720039392
"MSMA26BT",-0.294423543194308,0.0587518163844347
"MSM9VZN4_P",0.1007209313567,-0.158153459374837
"MSM9VZLX_P",-0.33862080227617,0.137914307843066
"MSM9VZLZ",0.187982421894329,0.0287815030493007
"MSM9VZIO",-0.113929231310953,0.189581303681694
"MSMAPC5B",-0.224933126424834,0.288303364573182
"MSM9VZIM",-0.221122749020758,0.285480711989397
"MSMAPC57",-0.162626932738974,0.24210662667949
"MSMB4LZP",-0.200419326984389,0.264634541018892
"MSMAPC59",-0.0380447276372056,0.145540429824528
"MSM9VZNR",-0.257036572430952,0.321456778837763
"MSM9VZNZ",-0.167135294364302,0.2330027630379
"MSM9VZIW",-0.23924952562062,0.299322815459705
"MSMAPC5D",-0.144269956857367,0.218152255149646
"MSM9VZIS",-0.243804814281752,0.313022856854665
"MSMB4LZR",-0.260490152269947,0.31525718656639
"MSMAPC55",0.042220636811031,-0.195991261805967
"MSM9VZIQ",-0.230177211817643,0.297146821290658
"MSM9VZO2",-0.265225950466322,0.311020259709
"MSM9VZIU",-0.226835055634438,0.287083690942255
"MSM9VZNX",-0.228676473038242,0.284422407805424
"MSMB4LZV",0.174831112660315,-0.175958014251042
"MSMB4LZX",0.103425827693032,-0.165054909384111
"MSM9VZLD",0.0654750589000776,-0.199223533603478
"MSM9VZLF",0.128436363016534,-0.206957060565645
"MSM9VZL7",0.0625054030118464,-0.189018922393179
"MSMA26BD",0.0438064296857463,-0.178828296555188
"MSM9VZLH",0.0805155025137784,-0.197970759088843
"MSMAPC6O",0.0747000441052094,-0.199153424262717
"MSMA26BH",-0.00350782292464459,-0.177972998437904
"MSMA26BJ",0.127078277980082,-0.168948709036998
"MSM9VZMO",-0.0497268294506708,-0.216229348297009
"MSMA26BF",0.0392936353397604,-0.196282892260222
"MSMAPC6M",0.0936500435930467,-0.161171847933013
"MSM9VZMW",-0.0358072919108801,-0.209810292046902
"MSM9VZMS",-0.054501087395152,-0.208682682049034
"MSMB4LZZ",-0.0222806322916325,-0.171109458801525
"MSMA26BL",-0.00757317364763611,-0.179240328742439
"MSM9VZL9",0.0807388650908054,-0.172408038670492
"MSMAPC6K",0.0351859474239294,-0.180385402798774
"MSMA26BB",0.0625300253922399,-0.210237012775081
"MSM9VZMU",-0.064644439090975,-0.212564528099201
"MSM9VZLB",0.0316555318648058,-0.162597076938711
"MSM9VZMM",-0.269290975527097,-0.0845833867197915
"MSM9VZM4_P",0.0143151590952011,-0.227649115382115
"MSM9VZPN",0.0447895725623785,-0.224239501376029
"MSMAPC6A",0.00563864901808264,-0.221243060472231
"MSM9VZIY",-0.000269897200656721,-0.223187233615822
"MSMA26CV",-0.00872368864576448,-0.224931708971298
"MSMB4LYB",0.0273990846860584,-0.225492680526294
"MSM9VZPH",0.0198691534692416,-0.221391873117985
"MSMAPC6C",-0.0219558198892472,-0.204478958782308
"MSM9VZPL",0.0573279651503319,-0.21882054645903
"MSMAPC6E",-0.00797533758601953,-0.219152599615556
"MSMAPC6G",0.0204206565565758,-0.22722719179455
"MSMA26CX",-0.0228038909431323,-0.200556275702601
"MSMB4LXY",0.0623517343838791,-0.186647054852406
"MSM9VZJ3",-0.0397628013381061,-0.202763218935636
"MSM9VZJJ_P",-0.318399100403646,0.0612086738370394
"MSM9VZJF_P",0.259349820397073,0.0754410207024911
"MSMB4LXW",-0.182334439987803,-0.00816574923436227
"MSMA26DG",-0.0628882632725224,-0.0973865498007028
"MSMAPC5H",-0.209285149048968,-0.130212891824286
"MSMB4LXS",-0.210474652784821,0.173484501001329
"MSMAPC5L",-0.187973207941604,-0.120606990702408
"MSMA26DI",-0.0847434135975482,-0.0821560551685356
"MSMB4LZK",-0.236467889500265,-0.0279384157034116
"MSMA26DM",-0.237118215138466,0.00653998251340271
"MSMA26DO",-0.220596108761417,0.0363170643909183
"MSMA26DK",-0.187394769089662,-0.0924475782531581
"MSM9VZL5",-0.164529563368775,-0.0611976961719316
"MSMAPC66",0.0531523417569186,-0.067295445679797
"MSMAPC64",0.168493200541485,-0.081739475702458
"MSMB4LYH",0.0823802228989626,-0.101991607116277
"MSMA2684",-0.0366640037870095,-0.0614809931537124
"MSMA267X",0.0270301725147824,-0.0979717002444422
"MSMAPC5Z",0.0520594558138611,-0.113155553964388
"MSMA267V",0.112226334519146,-0.0565322583266987
"PSM6XBQM_P",-0.240284965129547,0.00238217292371818
"PSM6XBQY",-0.169303359137073,-0.0959662926438255
"PSM6XBQY_TR",-0.19382132454266,-0.115539501575921
"PSM6XBT1",-0.218214245601083,-0.0686917688494403
"PSM7J13E",-0.157741149452192,-0.00813463458506579
"PSM6XBQS",-0.314356463071682,0.0117159308726701
"PSM6XBSU",-0.272039392318442,-0.0517604207437123
"PSM7J136",-0.156175646942187,-0.136442028134098
"PSM6XBQU",-0.134764924592684,-0.158578824711517
"PSM6XBR1",-0.241905373604609,-0.0701681044074282
"PSM7J1CC",-0.215225790632283,-0.0676246297407407
"PSM7J1CI",-0.268305031328836,0.0051787544653801
"PSM7J1CG",-0.247605289101108,-0.092274299046675
"PSM7J1C8",-0.274666564523691,-0.0385849400299302
"PSM6XBSS",-0.215606772950018,-0.0845654644426287
"PSM7J13U_P",-0.0177399800468862,-0.286349725371535
"PSM7J1CS_P",-0.00872368145851683,-0.315986211642731
"PSM6XBSC_P",-0.148704493026044,0.0349393225056223
"PSM7J1CK_P",-0.293991359634608,0.0765481782262257
"PSM6XBTF_P",-0.282786035483191,0.0903125996287346
"PSM7J13Y_P",-0.0751828374277993,-0.238291249948453
"PSM6XBTH_P",-0.215048948744218,0.0217847567109433
"PSM7J143_P",-0.0443937307700913,-0.306778991156125
"PSM6XBTN_P",-0.170242501859503,-0.0923457216498006
"PSM6XBS2_P",-0.268276676998717,0.0351042184453114
"PSM6XBS4_P",-0.0199507722285819,0.0334072543904541
"PSM6XBRK_P",-0.317071020797541,0.0942495141439651
"PSM6XBRK_TR",-0.285099945278265,0.104222449717367
"PSM6XBRK",-0.308861204404174,0.108980581043479
"PSM6XBS8",-0.300797597866992,0.121622331118113
"PSM6XBSA",-0.105327888896978,0.00478918210824384
"PSM7J1CU",0.157449597719629,-0.261633325377457
"PSM7J13Y",-0.0714276368515065,-0.244328728591153
"PSM6XBTP",-0.217919848269379,0.0871571768934615
"PSM6XBS4",-0.021042022425996,0.0414737804367839
"PSM6XBTL",-0.251705816189199,0.126032613874376
"PSM7J141",-0.00834640271550253,-0.278079404110528
"PSM6XBRM_P",-0.265503115209883,0.0521274006473801
"PSM6XBUI",-0.123396398495147,-0.0748063459570042
"PSM6XBSO",-0.238857566418091,0.0731843005117789
"PSM6XBV2",-0.263894253884457,0.0744748670022728
"PSM7J14T",0.00225567391464776,0.0314796249578846
"PSM6XBSM",-0.133518018702056,0.00688766444157795
"PSM7J18M",-0.221148773290335,0.0670879445011185
"PSM6XBUG",-0.140704032304632,0.0172965272209745
"PSM7J14L",0.194464092266803,0.032045651234817
"PSM6XBV4",-0.336246264705748,0.211252854610385
"PSM6XBSI",-0.218450458686523,-0.07886039405312
"PSM6XBSK",-0.202834839402047,0.0950168835138387
"PSM7J14N",0.189238014284703,-0.00402698185595741
"PSM7J18K",-0.270850807231142,0.176100593699374
"PSM6XBUO",-0.149859911866796,-0.034302567672316
"PSM7J14P",-0.186277641954765,0.0595982970011198
"PSM6XBUM",-0.193226057450527,-0.00922392587866375
"PSM7J18I",-0.0377764578834727,0.0660730962167072
"PSM7J18G",-0.118469467250295,0.0704631077465212
"PSM6XBUK",-0.128070490666617,-0.0918791980339131
"PSM7J18E",-0.102127360803529,-0.01839404855258
"PSM6XBUQ",-0.202450036259638,-0.000910768529325367
"PSM7J14R",-0.118859893153449,0.0451616014456442
"PSM6XBSE_P",-0.174434488235409,0.18819827327607
"PSM6XBSE",-0.115601240224761,0.189753116106788
"PSM7J1BD",-0.132573344115912,0.0170608878480879
"PSM6XBVO",-0.316354922439828,0.154050449291423
"PSM6XBVM",-0.274952709058195,0.234519854620486
"PSM6XBVK",-0.275129888440746,0.295150518440969
"PSM7J1B9",-0.282009163164535,0.201756217095063
"PSM7J1B7",-0.343113515660732,0.121188684145005
"PSM6XBVI",-0.301539985118505,0.200540276266863
"PSM7J18Q",-0.270300307947874,0.167579707258097
"PSM7J1BF",-0.140511699227523,0.0444614335792005
"PSM6XBVS",-0.287171419849225,0.191752163311731
"PSM7J1BB",-0.221517191861116,0.178502247443922
"PSM6XBVQ",-0.245333256117374,0.231353935164964
"PSM6XBSG_P",-0.121090066054589,0.243354447727236
"PSM7J16H",0.187705878045906,0.0305262470784355
"PSM7J16B",0.178569731534067,0.0371064952384085
"PSM6XBT9",-0.183560242378072,0.190834505182812
"PSM6XBT5",-0.303087453913043,0.257997170498577
"PSM6XBT3",-0.207904786486529,0.158643618203488
"PSM6XBT7",-0.202540868909839,0.188574851369373
"PSM7J12F",-0.304569474425773,0.250554276452506
"PSM7J1AM",-0.189785363220916,0.157293116417836
"PSM6XBTB",-0.278194262979952,0.239408725385015
"PSM7J1AO",-0.257427077162726,0.226124155311704
"PSM7J169",-0.208036028064375,0.194921974631861
"PSM7J16F",-0.255248801624654,0.215500624573651
"PSM7J1AU",-0.27235045428867,0.228703619005876
"PSM7J1AQ",-0.2617155522097,0.227586872742694
"PSM7J12D",-0.281261954119707,0.217087787054815
"PSM7J193",-0.246607502477894,0.204106195586977
"PSM7J1AS",-0.262964814763317,0.223793230828039
"PSM7J12B",-0.283528335794581,0.233352782903207
"PSM7J127",-0.209444163928548,0.174154895246877
"PSM6XBTZ_P",-0.33015262389022,-0.0238802470574643
"PSM7J1DF",-0.168393279670415,-0.0816364274927917
"PSM6XBTX",-0.289852688359011,-0.0101360884284501
"PSM7J14X",0.0326573473999357,-0.118847259269125
"PSM7J156",-0.0024181919197412,-0.0997060980996693
"PSM7J1DL",-0.14627063007466,-0.18599405162581
"PSM6XBU2",-0.300660378507712,0.0893616362897077
"PSM7J154",-0.0999598921092835,-0.0958583241101568
"PSM6XBTT",-0.275323100559917,0.0642957244095027
"PSM6XBTR",-0.36269074240539,0.0676982989217588
"PSM6XBVY_P",-0.210420611882527,0.0216138795448614
"PSM7J19F",-0.315087068405302,0.13492436391456
"PSM7J19H",-0.297648101620573,0.0479389375522957
"PSMA265N",-0.245001612337306,-0.0415454887436808
"PSM7J15I",-0.233966065496739,-0.037026143888249
"PSM7J17T",-0.138441107744326,-0.145935399651476
"PSM7J15A",-0.14159122338567,-0.147590304027561
"PSM7J158",-0.215046072169585,-0.13350989808622
"PSM7J15G",-0.15351283001938,0.0399842983246912
"PSMA265T",-0.27145594601069,0.0973410498006369
"PSM7J19J",-0.193679049694299,-0.0721224363129259
"PSM7J17L",-0.197656917687231,-0.00687659731223264
"PSM7J19B",-0.371224879630401,0.0426720909863176
"PSM7J199",-0.332573523889961,-0.0310204314225448
"PSM6XBW1_P",0.191692011902646,0.329856325812831
"PSM7J171",0.323164666230849,0.377289644708926
"PSM7J16U",0.240245778071254,0.467358391553838
"PSM7J19R",0.059369255023115,0.0790069897870315
"PSM7J16Y",-0.141833859526795,0.0288870410935134
"PSM7J16W",0.344650642538894,0.353370911299673
"PSM7J19N",0.256337032230029,0.311408869538043
"PSM7J173",0.229670138514781,0.357129633305389
"PSM7J19T",0.29042745138481,0.380253230565218
"PSM7J19P",0.340117048258253,0.337723825078901
"PSM7J19X_P",0.194235375894273,0.0130455445600175
"PSM7J17X",0.21733146688047,0.0106265245396407
"PSM6XBW3",0.221716421274146,0.0202739476620563
"PSM7J19Z",0.214735156273879,-7.59513572272097e-06
"PSM7J15U",0.236521536295604,-0.034564421117402
"PSM7J15M",0.226334677462904,-0.0348339744574443
"PSM7J1A6",0.208015436252042,0.028200028554604
"PSM7J1A2",0.221992648471806,-0.00166179366867814
"PSMA265H",0.235464558380546,-0.0414272411952426
"PSM7J1A4",0.193082114714684,0.019791468111789
"PSM7J15O",0.227947497554423,-0.0321800673363711
"PSM7J15K",0.22476983001482,-0.0319530026029293
"PSMA265F",0.214421728576459,-0.0341679092599457
"PSM7J17V",0.219600877738681,0.0140637995742932
"PSM7J15Q",0.247550115761114,-0.0349399191059704
"PSM7J186",0.217792973100263,-0.0274215484566665
"PSM7J15S",0.253747048470689,-0.0406296718621695
"PSM7J17Z",0.221991473052139,-0.0289818035637039
"PSMA265D",0.235174111928859,-0.0303132354208097
"PSMA265L",0.247189936779959,-0.0546046404622037
"PSM7J184",0.2196139776031,-0.0286850042474043
"PSM7J1A8",0.21620598826639,0.0205444270911882
"PSM7J182",0.225430476452799,-0.0285377737689342
"PSMA265J",0.259117173812316,-0.0582961463317582
"PSMA265J_TR",0.259117173812316,-0.0582961463317582
"PSM7J1BN_P",0.172261258267448,0.017986473151688
"PSM7J1BL",0.207018820792283,0.0273373956314025
"PSM7J1BJ",0.203086473979824,0.0236942098339125
"PSM7J1BP",0.216953712089361,0.0259462425455744
"PSM7J1BR",0.154158790904342,0.0135772823094645
"PSMA263W",0.119854105022919,-0.0112544668308453
"PSM7J12J",0.151600886449256,0.00922726368172457
"PSMA263U",0.142463168708214,-0.0105372274284884
"PSMA263S",0.115228405647476,-0.00639610130817599
"PSM7J12R",0.110656849900731,-0.00159236825793703
"PSMA263M",0.120203126832678,-0.00944038723479916
"PSM7J1C2_P",-0.115573351827087,-0.200244635163454
"PSM7J1BX",-0.206254920177309,0.00265691437477569
"PSM7J1C4",-0.153216953476688,0.00141052102393648
"PSM7J1BV",-0.192877296539648,0.0211121174712925
"PSM7J12V",-0.0864526085323144,-0.048514036017924
"PSMA264K",-0.127880290117098,0.0545849417739839
"PSM7J12Z",-0.0542716879142147,-0.0942605046704894
"PSM7J1B3_P",0.114100607861001,0.258294404476771
"PSM7J17F",0.186357409944981,0.0303760494581074
"PSM7J17D",0.173461398364524,0.0301978471548864
"PSM7J179",0.280962861457665,0.335648129783111
"PSM7J17B",0.178114293148482,0.0253279203659671
"PSM7J15W",-0.236655669249691,0.0658328274676192
"PSM7J163",0.203902088506092,0.0361595938966737
"PSMA2668",0.190990091260659,0.0302172408736245
"PSM7J161",0.20187010986831,0.0356140758183317
"PSMA2651_P",-0.0524695849429163,-0.322833210588533
"PSM7J13K",-0.0505018723849503,-0.267991255554579
"PSMA265B",-0.048624541103673,-0.318480061414774
"PSMA2653",0.00215788082253951,-0.318470170549246
"PSM7J13I",-0.0754060556783877,-0.306129914967349
"PSMA267H",-0.0320541723599067,-0.326830849114079
"PSM7J13M",-0.0646115437594338,-0.320245282887395
"PSMA2659",-0.0338312743927843,-0.315690898605909
"PSMA267F",-0.039126240101339,-0.331105861983981
"PSMA267D",-0.0291404813359926,-0.308230824412768
"PSM7J13Q",-0.0717275161393756,-0.317160336679698
"PSMB4MC7",0.222037957672918,0.317477006323222
"PSMA264Q",0.187671780378816,0.399375265775442
"PSMB4MBK",0.125347034465476,0.0352009477342419
"PSMA264S",0.294767806581575,0.396234736882567
"PSMA264O",0.269447885995096,0.385438653496938
"PSMA264W",0.241580386057785,0.322510014960046
"PSMA267R",0.375297875002187,0.382816460488502
"PSMA264U",0.259734124167245,0.371880448955355
"PSMB4MBI",0.359143618235796,0.372349396596642
"PSMA267P",0.272269223887194,0.358125611703019
"PSMA267J",0.263454130882151,0.353937167058347
"PSM7J4EF",0.134364937921717,-0.251406957013621
"PSMA266Q",0.0290086189407055,-0.330221931394975
"PSMA269G",0.087655491382834,-0.257021755593173
"PSMA266O",0.0112002412433214,-0.326018964111473
"PSMA266I",0.0103092668556629,-0.352233545629093
"PSMB4MBS",0.0302475918832858,-0.314896130171383
"PSMA266M",0.0371959608437723,-0.333427629921484
"PSMA269O",0.00834967460060445,-0.348262546320727
"PSMA266U",-0.139757455989358,0.118083021924025
"PSMB4MC5",-0.184311173770863,0.189190644033475
"PSMB4MC3",-0.333196781877549,0.128221460141535
"PSMA269S",-0.232728313880616,0.0524662831977834
"PSMA2671",-0.270915241798391,0.121703688133922
"PSMA266Y",-0.287366673131433,0.19542791788046
"PSMA26A3",-0.237786179648179,0.109608057128595
"PSMA2675",-0.196350367466661,0.021045949172186
"PSMA269W",-0.235408574463587,0.0608801919340369
"PSMA265X",-0.308162747586104,0.110473207990465
"PSMA26A1",-0.266347271469628,0.00431613685085087
"PSMB4MC1",-0.304488565519395,0.088531633866841
"SKST006_7_G102965",0.196632264375538,0.019030910162999
"SKST006_9_G103014",0.235901074057219,0.0099693134702941
"SKST006_6_G102964",0.177377301861163,0.0261307978468269
"SKST006_5_G102963",0.182709484637115,0.0300328946035422
"SKST006_3_G102961",-0.398197806840366,0.162388220278618
"SKST006_1_G102959",0.165915950661901,0.0189768844210007
"SKST006_4_G102962",0.194198578048503,0.0318138825326757
"SKST006_2_G102960",-0.313899780133755,0.161576882093185
"SKST006_10_G102994",0.175043967680727,0.0256371173209823
"SKST007_8_G102999",-0.14469831037876,-0.163666563857017
"SKST007_2_G102967",-0.218735590333029,-0.13086146636859
"SKST007_1_G102966",-0.0806092005086712,-0.239493184423267
"SKST007_6_G102995",0.110968176737084,-0.125352543930492
"SKST007_3_G102949",-0.0783865285937593,-0.214298495692901
"SKST007_7_G103016",-0.0764054358469585,-0.190058806659988
"SKST007_4_G102948",-0.230309440699047,-0.130346556332436
"SKST010_6_G103004",-0.209481951999003,-0.0625287656897699
"SKST010_3_G102970",0.198175480701401,-0.0701350185481575
"SKST010_4_G102956",-0.107509661971598,-0.16481070937302
"SKST010_7_G103003",-0.0729922675288639,-0.168369973833473
"SKST010_2_G102969",-0.14597808279733,-0.115806997295779
"SKST010_1_G102968",0.0884943643106632,-0.123039552758318
"SKST010_5_G102990",-0.128838047345492,-0.102974035809508
"SKST010_8_G102998",-0.238802752889848,-0.0245072588503745
"SKST011_7_G103017",0.0464814445254307,-0.241722275627761
"SKST011_8_G103000",0.0458890643115271,-0.144958009714034
"SKST011_3_G102973",0.0276673900771596,-0.300265590933228
"SKST011_4_G102952",-0.00436229936240747,-0.308607063786232
"SKST011_5_G102993",0.0428435585229304,-0.248245369177439
"SKST011_1_G102971",-0.0141043062580597,-0.304316404313249
"SKST011_2_G102972",-0.00641171757531147,-0.322157706308011
"SKST011_6_G103002",0.0653077111901419,-0.21145978217769
"SKST012_2_G102975",-0.0185420432139456,-0.173166677542472
"SKST012_3_G102950",-0.181044953397499,-0.00364958412329072
"SKST012_6_G102997",-0.012582936717187,-0.168287663273121
"SKST012_5_G102992",-0.164740871340403,-0.13570148319614
"SKST012_1_G102974",-0.0570826682270464,-0.0758966363621977
"SKST012_4_G102954",-0.0736999182565997,-0.0206947389560519
"SKST014_4_G102979",0.179672028662845,0.0210756509114145
"SKST014_3_G102978",0.228742141637931,0.00387026488321383
"SKST014_7_G102940",0.239569390150487,-0.0416982134368396
"SKST014_1_G102976",0.180170366695485,0.0249887755429254
"SKST014_6_G102951",0.271071532933765,-0.0535793656923445
"SKST014_2_G102977",0.210049833888675,0.0289516709563918
"SKST014_5_G102980",0.243328219955845,-0.00633092133938445
"SKST023_4_G102937",0.235898142754582,-0.132895364300298
"SKST023_6_G103009",0.218561502471642,-0.106588340490157
"SKST023_7_G103015",0.135844184050413,-0.192799430007058
"SKST023_5_G103007",-0.120467127511283,-0.291614554059025
"SKST023_3_G102941",0.239742450611913,-0.133988969501631
"SKST023_1_G102981",-0.0540854806026447,-0.314102340927815
"SKST023_2_G102987",-0.0875811944770574,-0.315987757859294
"SKST024_5_G103001",-0.372690640923557,0.02763865594083
"SKST024_8_G103031",0.0549193354661515,-0.0856396802021529
"SKST024_2_G102953",0.193826051023566,-0.0731191436755803
"SKST024_1_G102982",-0.328859089139149,-0.00967430047859485
"SKST024_7_G103022",-0.303551145011754,0.127392251167097
"SKST024_6_G103012",0.10453915997532,-0.00355913652745681
"SKST024_4_G102938",0.0706514430308802,-0.114031170465928
"SKST024_3_G102944",0.0624611663297469,-0.0279779061403288
"SKST025_6_G103010",0.216695290230328,0.00765316197713906
"SKST025_4_G102939",0.218221142469281,0.00201637375753552
"SKST025_5_G103006",-0.0052439860687279,-0.20302563618417
"SKST025_1_G102983",0.0143628010573332,-0.147384509698462
"SKST025_9_G103021",-0.120616838514154,-0.278631985502819
"SKST025_3_G102942",0.200900117113448,-0.0180924450790579
"SKST025_2_G102986",0.109634620938781,-0.0595839588560403
"SKST027_12_G103011",0.207347144563708,0.0158225414617383
"SKST027_10_G102936",0.207071440677423,0.0319436480016537
"SKST027_1_G102984",0.0961623855834089,0.0223843280517565
"SKST027_6_G102955",0.175848800564696,0.0268342147645349
"SKST027_9_G102947",0.195385850802116,0.0235505052697178
"SKST027_11_G102996",0.215259128172336,0.0171915138207611
"SKST027_2_G102985",-0.0920319928078281,-0.035925722713021
"SKST027_4_G102958",-0.155315602946528,0.0472452946812595
"SKST027_3_G102945",-0.0832011403287863,0.0377770262528714
"SKST032_1_G102943",0.108928916568205,-0.18314116806347
"SKST032_3_G102989",0.0106711974225491,-0.197404523544799
"SKST032_5_G103024",-0.0177700093691262,-0.30374046442882
"SKST032_4_G103008",-0.0727687787704764,-0.296702693257808
"SKST032_2_G102946",0.0013813614774481,-0.174515323279003
"SKST036_2_G103020",-0.0274298931665194,-0.120283448908398
"SKST036_1_G103013",-0.3035674618141,0.045481830643459
"SKST036_3_G103025",-0.156631489660833,-0.119351578563476
"SKST037_3_G103026",0.110038828183771,-0.091296518647149
"SKST037_2_G103023",0.101276263248123,-0.046390564703308
"SKST041_1_G103005",0.00134927318483877,-0.0480649132338365
"SKST041_2_G103027",-0.0283348233534104,0.0368378228340908
"SKST041_3_G103028",-0.0558341290581828,0.00109102166354372
"p8582_mo9",0.117783643180384,-0.267865829871703
"p8582_mo3",0.19973375010443,-0.205266363025118
"p8582_mo6",0.237077442577295,-0.118266820578952
"p8582_mo7",0.176570756522413,-0.186883995888022
"p8582_mo4",0.0790069402934236,-0.24279875365653
"p8582_mo5",0.192916388485232,-0.164105076965302
"p8582_mo2",0.12911276144817,-0.232337452709294
"p8582_mo1",0.109433522911199,-0.23233971905946
"p8582_mo12",0.122572649328593,-0.272461373681434
"p8582_mo8",0.0668430109531504,-0.281824829636921
"p8582_mo10",0.0820627114420003,-0.279493115883496
"p8582_mo11",0.0711064583545088,-0.284598043586785
"p8585_mo2",0.287799498816445,0.197753915968767
"p8585_mo3",0.358547465161194,0.18680862975027
"p8585_mo6",0.101407945840596,0.308801484055794
"p8585_mo4",0.24614847939515,0.0210723125540875
"p8585_mo8",0.359814864014375,0.303580332831798
"p8585_mo9",0.162724397434237,0.169232406590676
"p8585_mo1",0.262696680490698,-0.0226586095976703
"p8585_mo7",0.269822538203802,0.265509975465707
"p8600_mo4",-0.193686970691782,-0.015426276184082
"p8600_mo3",0.232460715408542,-0.00645157973002866
"p8600_mo6",0.00299081596116413,0.0510655040033269
"p8600_mo5",-0.0234083914245395,-0.0860203186114401
"p8600_mo1",-0.147967468242403,0.211273628655372
"p8600_mo12",-0.219682827953911,0.00654900599420606
"p8600_mo7",-0.270119463899331,0.0487103021878095
"p8600_mo11",-0.23880244344082,0.0249858117195929
"p8600_mo10",-0.184823225053935,-0.0119539435655229
"p8600_mo2",-0.00220128304091803,0.0635916482775545
"p8600_mo9",-0.134349289251995,-0.0487001453554043
"p8600_mo8",-0.249722279591998,0.0556074012983943
"p8646_mo1",0.207700156089604,-0.00937445848726262
"p8646_mo3",0.240614245833499,-0.0379885261349233
"p8646_mo2",0.236180612833417,-0.0172993503083562
"p8646_mo4",-0.0183553556304696,0.0238156924112015
"p8646_mo12",-0.0572516119295317,0.00135404493929261
"p8646_mo10",-0.0613038322039147,0.0572585947229456
"p8646_mo9",0.00356825400349345,0.0545738722495881
"p8646_mo11",-0.0289741635567838,0.0333464930613076
"p8646_mo8",0.114397069066553,0.019618530906273
"p8646_mo7",0.02418959229439,0.0780380752920217
"p8646_mo5",0.0722098147846259,0.0339710020041717
"p8646_mo6",-0.118153059379003,0.143885923691966
"p8649_mo5",0.210477261266257,0.0325833750209117
"p8649_mo11",0.148689810187305,-0.0907369816125409
"p8649_mo10",0.191483747952361,0.0327172986896822
"p8649_mo9",-0.0225903037236026,-0.0300973861524115
"p8649_mo12",0.323676360103651,0.198041456426575
"p8649_mo8",-0.012367705148963,-0.0823752230576142
"p8649_mo4",0.187421470940054,0.0443778324333591
"p8649_mo7",-0.133154254338641,-0.0225939690508018
"p8649_mo2",0.117640127209549,-0.00723607859691624
"p8649_mo3",0.223028612240765,0.194725117080307
"p8649_mo1",0.121423257583047,-0.00976615310350869
"p8649_mo6",0.127978997950405,0.184886059378823
"p8712_mo11",0.0350153974554389,-0.0379672490351544
"p8712_mo12",-0.078985884807532,-0.0356083254758255
"p8712_mo10",0.00553245897851607,-0.089496227898403
"p8712_mo6",0.048677754984234,-0.0756371252400562
"p8712_mo9",0.0928130308266557,0.00696473292624961
"p8712_mo5",-0.0833001103937424,-0.0912620656085557
"p8712_mo1",-0.0306773420762756,0.0338410590064642
"p8712_mo8",0.0583768461415981,-0.127468022216855
"p8712_mo7",-0.129240703277004,-0.039680504414736
"p8712_mo2",-0.0123964077807314,0.0295471255026987
"p8712_mo3",-0.058375537377272,-0.110679432057753
"p8712_mo4",-0.0951103459763592,0.0501606671355455
"p8748_mo11",-0.0324821827329816,-0.0918582906776088
"p8748_mo9",-0.0435473400169269,-0.0390407354155304
"p8748_mo8",-0.152938806378507,0.0208743462696725
"p8748_mo10",-0.0831977040160278,-0.0122192737506977
"p8748_mo7",-0.124706448064756,-0.117955371052416
"p8748_mo12",0.0130718115268475,-0.115474734573544
"p8748_mo6",0.109658028951257,-0.0448198090239571
"p8748_mo5",0.0951756466451938,-0.10950934931238
"p8748_mo4",-0.140278769028726,-0.122398767458339
"p8775_mo11",0.0698937804249898,-0.336792016445457
"p8775_mo10",0.0779414062905825,-0.279699448956154
"p8775_mo9",-0.00167907598838174,-0.349139637005922
"p8775_mo5",0.0758759653425228,-0.325379598299756
"p8775_mo4",0.0959849345155385,-0.304420752218926
"p8775_mo3",0.061003945436361,-0.315118781629383
"p8775_mo6",0.0921313014633091,-0.261587871166025
"p8775_mo7",0.0225161775631366,-0.320677221107028
"p8775_mo8",0.137460293858607,-0.276973201619779
"p8775_mo12",0.0181093699124891,-0.319096386837374
"p8775_mo2",0.00747488506927438,-0.314069232050925
"p8775_mo1",0.0303303053042388,-0.233332901696058
"p8808_mo10",0.266419055094499,-0.0641003493141707
"p8808_mo6",0.261023864149979,-0.0641038912056771
"p8808_mo9",0.271131395321791,-0.0665267401466659
"p8808_mo5",0.254106328344635,-0.0560608127460766
"p8808_mo4",0.256034650055509,-0.0383647691151686
"p8808_mo12",0.2410374769727,-0.0217106529273037
"p8808_mo8",0.264195856062987,-0.0706987997940932
"p8808_mo7",0.265890210474704,-0.0589285870257819
"p8808_mo11",0.238104754644589,-0.00166390117976761
"p8816_mo9",-0.0726657288947961,0.0237868514820914
"p8816_mo11",0.0457896834441189,-0.0492997532443195
"p8816_mo8",-0.0834390419209001,-0.060661378783254
"p8816_mo7",-0.0272985089705561,0.0331260289909896
"p8816_mo4",-0.00426459763581224,-0.0925125128168149
"p8816_mo6",0.0395473935086384,-0.122696125580878
"p8816_mo3",0.0272158493992275,-0.0688483658960495
"p8816_mo5",-0.0672602588235969,-0.0549528024968754
"p8816_mo12",-0.151460329755555,0.0481601066721813
"p8816_mo10",-0.0790322025302915,0.00392334437082963
"p8816_mo2",0.0100311878832063,0.0462939158145035
"p8816_mo1",0.15590632772357,-0.0798773264799193
"p8855_mo10",0.233114072183654,-0.0112944605556113
"p8855_mo8",0.246647913253513,-0.0289997278889559
"p8855_mo9",0.202566043812717,0.0222808637733835
"p8855_mo3",0.227045838998264,-0.00291673954739579
"p8855_mo11",0.241765450070226,-0.019758647047827
"p8855_mo4",0.233667233326829,-0.00648218110344063
"p8855_mo12",0.260175934184479,-0.0207755602006186
"p8883_mo4",-0.0177502552654802,0.0711992999366503
"p8883_mo10",0.0998860521426094,0.00188305897371643
"p8883_mo12",-0.0960208445430963,0.0703692598680595
"p8883_mo9",0.0322104378324214,0.0427318527616255
"p8883_mo8",-0.0656975685419352,0.0776355272076199
"p8883_mo6",-0.0349548587155582,0.0526120669378112
"p8883_mo11",-0.0406087973479379,0.072987394531393
"p8883_mo3",-0.174592904384362,0.153293727475458
"p8883_mo2",-0.0963852434880231,0.096689939501578
"p8883_mo7",-0.0456635582849413,0.0660684826438796
"p9061_mo6",0.402675777311254,0.240822293117136
"p9061_mo2",0.443829447719382,0.26686838895488
"p9061_mo7",0.462571137198703,0.258257764162172
"p9061_mo5",0.474926772100407,0.299187588962137
"p9061_mo4",0.469622104572429,0.293372170528383
"p9061_mo1",0.420163798991985,0.203910270015309
"p9061_mo3",0.454220792388429,0.288261820476972
"p9061_mo8",0.465086099022843,0.340040930263385
"p9193_mo7",0.0457632874542644,-0.305165757638542
"p9193_mo6",0.086993787523273,-0.298702362259842
"p9193_mo4",0.0388327601387611,-0.331054351559336
"p9193_mo1",0.123291988000849,-0.307941915418635
"p9193_mo2",-0.0464411071420748,-0.341446526409153
"p9193_mo5",0.0677903706576748,-0.281549148186258
"p9216_mo2",-0.181637367802554,0.241586597082945
"p9216_mo1",-0.0420465740387943,-0.137451576141039
"p9216_mo5",-0.0633230714760477,-0.115895830356229
"p9216_mo6",0.0195734494764384,-0.229487313529422
"p9216_mo8",0.049246176101993,-0.242099018416212
"p9216_mo3",-0.0153296757574289,-0.155360280746846
"p9216_mo4",-0.0362020609611676,-0.162007016363628
"p9216_mo7",0.0668041973671912,-0.243309862086868
"p9220_mo1",0.221974371815829,-0.224474441789621
"p9220_mo7",0.142836928503723,-0.261009278427951
"p9220_mo2",0.138097627239753,-0.27536592793146
"p9220_mo3",0.225342934223208,-0.209954936244337
"p9220_mo5",0.145910896379301,-0.233290257736816
"p9220_mo6",0.258852408446992,-0.103267511927946
"p9220_mo4",0.189534031748593,-0.237346941925355
"p9223_mo5",0.285331671004668,0.046690035400214
"p9223_mo4",0.383456854919776,0.253172790518016
"p9223_mo6",0.340159848477558,0.173413898415521
"p9223_mo7",0.327206436410191,0.201285510077635
"p9223_mo3",0.366857543940155,0.214712202717555
"p9223_mo8",0.363340737010681,0.196588883585357
"p9223_mo1",0.44209178605299,0.31746104894464
"p9223_mo2",0.375351870743877,0.202666299158488
"p9281_mo6",0.243789972288019,0.023832581449681
"p9281_mo3",0.0948164795355566,-0.0587913828052452
"p9281_mo1",0.0162455917327302,-0.0910604086475184
"p9281_mo5",0.148771197878929,-0.0863117964369118
"p9281_mo4",0.22125482583662,-0.0809670335046131
"p9281_mo2",0.0646731500337385,-0.0285129446538328
"S1_a_WGS",0.269845114181507,-0.0386356220798054
"S5_a_WGS",0.255137221151316,-0.0406137289832664
"S3_a_WGS",0.218065691041908,-0.00544043134654309
"S2_a_WGS",0.223752729665371,-0.0118075457648612
"S4_a_WGS",0.273696284248033,-0.0548911865706689
"S57_a_WGS",0.223669746780561,0.000575375942666311
"S59_a_WGS",0.223281928086564,1.00552317634432e-05
"S56_a_WGS",0.222007783684905,0.00572819204865997
"S60_a_WGS",0.235005914917229,-0.0200389517295078
"S58_a_WGS",0.221227681091289,0.00266245202916249
"S63_a_WGS",0.224786022922557,-0.0147312682210827
"S65_a_WGS",0.233203517885644,-0.0112201093192676
"S62_a_WGS",0.175546689441077,-0.0084991289722337
"S64_a_WGS",0.259495654015661,-0.0248868260882936
"S66_a_WGS",0.15722351973556,-0.00430961583084455
"S67_a_WGS",0.275071232734218,-0.0706106643940945
"S70_a_WGS",-0.00617588722541036,0.11999708838434
"S69_a_WGS",-0.276393264687863,0.337885373888197
"S68_a_WGS",0.152039356575278,0.0397156402537023
"S71_a_WGS",0.26729117039815,-0.0354611455942837
"S72_a_WGS",0.297295461672626,-0.0684844661522329
"S73_a_WGS",0.242614329161155,-0.0557169068897999
"S79_a_WGS",0.297700766179558,-0.0922692736871851
"S81_a_WGS",0.264744013442663,-0.0412183014468192
"S82_a_WGS",0.266861848047459,-0.0309992424007911
"S80_a_WGS",0.266285425026492,-0.0563162461784232
"S83_a_WGS",0.227430521064457,-0.151992529038476
"S84_a_WGS",0.22534948654248,-0.0371001309315668
"S87_a_WGS",0.239064923264155,-0.0451669431881291
"S6_a_WGS",0.295712619098302,-0.0674087723138224
"S101_a_WGS",0.252715259024489,-0.00938889435841244
"S102_a_WGS",0.1973144780935,0.0149806786702008
"S103_a_WGS",0.175261764839108,0.0254620485180759
"S139_a_WGS",0.284104076079152,-0.0495585681756211
"S117_a_WGS",0.262874853578205,-0.0283052504289246
"S140_a_WGS",0.30056659739024,-0.00214769945159941
"S15_a_WGS",0.225472529017814,-0.000649754703148377
"S17_a_WGS",0.276676754864424,-0.0515432726580897
"S16_a_WGS",0.232271115941567,-0.00867331968322651
"S13_a_WGS",0.268190718667384,-0.0369409592143838
"S14_a_WGS",0.251059467098184,-0.0101063097105107
"S142_a_WGS",0.302614262248633,-0.0518002739566256
"S144_a_WGS",0.302053396320812,-0.084725748094167
"S146_a_WGS",0.0411461543690502,-0.099963588995695
"S148_a_WGS",0.14501067396163,-0.00471022218814347
"S149_a_WGS",0.233049461136518,-0.00929269716520959
"S152_a_WGS",0.259594610431646,-0.024151700459324
"S150_a_WGS",0.226432261253166,-0.0117728019568174
"S151_a_WGS",0.241946724372528,-0.0107821907450035
"S153_a_WGS",0.296155969984582,-0.0729995519546289
"S154_a_WGS",0.282617650719179,-0.103195279848119
"S155_a_WGS",0.0957172414897829,-0.039974560359603
"S156_a_WGS",0.278869802840911,-0.0675986088180585
"S157_a_WGS",0.202440372148096,-0.00661020640390482
"S158_a_WGS",0.275504688068284,-0.0495484640590809
"S159_a_WGS",0.284101525976806,-0.063866404321602
"S18_a_WGS",0.307558657579767,-0.0663018349831122
"S160_a_WGS",0.306631240212936,-0.0575152334950934
"S161_a_WGS",0.301782788826017,-0.0615599201881209
"S162_a_WGS",0.29035636853176,-0.0513399946861448
"S163_a_WGS",0.306742402730261,-0.099986804860638
"S164_a_WGS",0.305142313614128,-0.0662085681213203
"S165_a_WGS",0.289890293138063,-0.0615123626880852
"S166_a_WGS",0.290057757044716,-0.0700932303962473
"S167_a_WGS",0.307847287038034,-0.0968870990748163
"S26_a_WGS",0.283545040951556,-0.0364656007026589
"S29_a_WGS",0.220616671705678,0.0229242902794295
"S31_a_WGS",0.225678886606551,0.0176878578831962
"S27_a_WGS",0.166200103894888,0.0694563024442092
"S28_a_WGS",0.195256776797198,0.0308512731970874
"S30_a_WGS",0.19615916438416,0.0308840295479079
"S128_a_WGS",0.273574421812807,-0.0759180930230492
"S130_a_WGS",0.292016869936066,-0.0478130239584796
"S132_a_WGS",0.285926977973247,-0.0824443884442568
"S134_a_WGS",0.301951410500885,-0.0870406040819183
"S119_a_WGS",0.316096650758115,-0.0661363936153125
"S32_a_WGS",0.246037142715216,-0.0298861003170005
"S33_a_WGS",0.227792386228875,0.00299063432909636
"S34_a_WGS",0.220789381604383,0.00156587918471846
"S36_a_WGS",0.26630765869447,-0.0372105898028798
"S35_a_WGS",0.227514763018864,-0.00279587466817535
"S138_a_WGS",0.301729521823213,-0.0632630104660715
"S43_a_WGS",0.24206876185149,-0.0532389138496247
"S49_a_WGS",0.229246717656249,0.00225483502675804
"S45_a_WGS",0.233972472590575,0.00211780443261667
"S46_a_WGS",-0.105918961838781,0.172555522550587
"S48_a_WGS",0.204846862076648,0.0185393863598329
"S47_a_WGS",0.203019271322834,0.0196300180046133
"S50_a_WGS",0.3112872621207,-0.0776140766137778
"S51_a_WGS",0.2383065983683,-0.0414635263880472
"S53_a_WGS",0.244608861356409,-0.0123685487080532
"S52_a_WGS",0.255481036516798,-0.0216589923951075
"S54_a_WGS",0.25370532076168,-0.0203970188787593
"S55_a_WGS",0.0410159257292853,-0.142381751021623
"DLF005-IE",0.138749150292075,-0.0725529781852959
"DLM006-IE",0.145948136378178,-0.148715074377241
"DOM005-IE",0.122052560753658,-0.00351755558361138
"DOM017-IE",-0.00437711123687334,-0.186480692474381
"MH0192",0.275912884516043,0.0427465100354675
"MH0221",-0.065233478177676,-0.173556947067768
"MH0222",0.239130173404778,0.080925638957099
"MH0234",-0.00444375158114657,-0.00249842091542287
"MH0238",0.157136754142054,-0.113690622873516
"MH0245",0.251592532605994,-0.00756490272303936
"MH0246",0.013199749682652,-0.235761554765004
"MH0252",0.088182317803497,-0.124016097811894
"MH0259",0.130442672024127,-0.0355122257915663
"MH0260",0.398375725259183,0.324314890166208
"MH0261",0.425146019052764,0.32723939083803
"MH0262",0.112508341493883,-0.0533538088614934
"MH0264",0.44901743060825,0.369881820108717
"MH0265",0.13368276667933,-0.0689275292205032
"MH0266",-0.0271502673986996,-0.302773861547245
"MH0268",-0.210728394794856,0.0276679587408554
"MH0270",0.0688600210674785,-0.058645748481487
"MH0271",-0.129387325485164,-0.0384524107317506
"MH0280",0.128889345027591,-0.143070330243023
"MH0281",0.089695668276346,-0.258471265956058
"MH0283",0.433548664995925,0.388857276037475
"MH0284",0.381177477260313,0.278628750206272
"MH0290",0.154205686889203,-0.141391357786563
"MH0293",0.105111761354512,-0.179499206129929
"MH0297",-0.100361277005507,-0.168248765388325
"MH0298",0.120036098114738,-0.216601300612807
"MH0299",0.368655004683514,0.383459743194596
"MH0301",-0.1272292928654,0.0641970700139604
"MH0303",0.248014577453758,-0.107525607594259
"MH0308",0.041416849812924,-0.124832365150497
"MH0309",0.0701285322827026,-0.238514839226668
"MH0310",-0.115457317217325,-0.0980594766330377
"MH0311",-0.215495860319899,-0.0249056927687242
"MH0314",0.0504325452551336,0.0267940375560718
"MH0315",0.176536315420596,-0.235849575941892
"MH0319",0.043042608761334,0.193812890951066
"MH0323",0.245415871308477,-0.00702741188634091
"MH0325",0.0681957593189944,-0.133264174154923
"MH0326",0.140822273268802,-0.203524895077766
"MH0327",-0.00347038838367302,-0.297515783574435
"MH0328",0.278148593552723,-0.0535147068040262
"MH0329",0.142311855819309,-0.102682796496007
"MH0330",0.171585843305111,-0.0778600891007583
"MH0332",0.197454073239897,0.119217277152056
"MH0334",0.14757774997984,-0.0665444861111236
"MH0335",-0.274064705007641,0.0181187909880592
"MH0336",0.218939588176906,-0.0911895772854208
"MH0337",-0.0465791622209491,0.0876849660025925
"MH0338",0.169956148130308,-0.0688737233809281
"MH0339",0.169814901779137,-0.191538242125356
"MH0340",0.0170021218732086,-0.299499681420799
"MH0341",-0.257707473252897,0.248668225708371
"MH0342",-0.257561144486607,0.0261291118174845
"MH0343",0.0391962275801006,-0.306401863292623
"MH0345",0.141649167663882,0.030030125834251
"MH0346",-0.102087444995248,-0.0688834631527542
"MH0347",0.0621962918927325,0.0385731797345768
"MH0348",0.0797949970553166,-0.174616607605149
"MH0349",0.190195683825786,-0.084011536591629
"MH0350",0.0546890401634338,-0.058948953747909
"MH0351",-0.0394031396464686,-0.0462679345707456
"MH0354",0.355627912644786,0.235193229766471
"MH0355",0.254878599725523,-0.0886630155478651
"MH0356",0.190821005969866,-0.163445616214144
"MH0357",0.308712508160888,0.0637522264807117
"MH0358",0.0413540840905215,-0.186069280622983
"MH0359",0.00504630122467387,-0.0261404870857166
"MH0360",0.0290004987827253,-0.108751076839691
"MH0361",0.0425971716581061,-0.319026772648254
"MH0362",0.0574381531643084,-0.1662696719651
"MH0363",0.0680487621830645,-0.0762330241542163
"MH0364",0.022591569117551,-0.219704670517824
"MH0365",0.352670544545695,0.188585635548075
"MH0366",0.189590019882286,-0.0332700922795168
"MH0367",0.126786053027958,-0.223751313530766
"MH0368",0.030845596115421,-0.0786416473167397
"MH0369",0.134804977340113,-0.277725001128882
"MH0370",-0.10428069171241,-0.187969425932012
"MH0371",0.0655553271556425,-0.0802129762882284
"MH0372",-0.0503584421818221,0.00428025430289974
"MH0373",-0.0845251446219267,-0.0683306185229378
"MH0374",0.239150811128615,0.0914690325049926
"MH0375",0.0359249081102801,-0.299264734314371
"MH0376",-0.0604086345726926,0.0420273436857411
"MH0377",0.153620639081277,-0.213530241737433
"MH0378",0.0702812512040297,-0.27421101047645
"MH0379",-0.05813595683519,-0.18219807471841
"MH0381",-0.032001013124826,-0.00997645479630988
"MH0382",0.199268840920771,-0.209741730312286
"MH0383",0.399235975115982,0.277350046345468
"MH0384",0.34410358728703,0.178297993792104
"MH0385",0.209613967564149,-0.0363265365399776
"MH0386",0.126700275217849,-0.0558820522553538
"MH0387",-0.213452517437721,0.153921812877892
"MH0388",-0.175696952139708,-0.0391815804954252
"MH0389",0.0956192133774168,-0.125000856269717
"MH0390",-0.0514777324318165,0.0422622724929349
"MH0391",0.116101348769647,-0.0851242520272806
"MH0392",0.0835704829542613,0.0924615180954035
"MH0393",0.0389786706963277,-0.288743692060866
"MH0394",0.129288643043908,-0.0448915673289933
"MH0395",-0.130286847949524,0.0647223298888745
"MH0396",0.261892990297971,-0.21339865506668
"MH0397",0.218532801114258,-0.167611399135575
"MH0398",-0.00165995330771943,-0.107824811574292
"MH0399",0.0321892265467918,-0.0953855302063402
"MH0400",0.407770993714523,0.157849261658707
"MH0401",0.3967684504491,0.265204936761464
"MH0402",0.262008733968387,-0.089510427608996
"NLF002-IE",0.129868350828613,-0.209890840762004
"NLF009-IE",-0.116443464928507,-0.147371317616737
"NLM009-IE",0.43744067567637,0.385969413736482
"NLM025-IE",0.410007222998382,0.242610550247273
"NOF002-IE",0.025690999144906,-0.193746985892169
"NOF007-IE",-0.223171641296014,-0.0256026204175457
"NOF013-IE",-0.115997935236768,-0.0937663016385461
"O2.CD1-0-PT",-0.0539844732974373,0.0697805447524316
"O2.CD2-0",0.450940333563554,0.395717900499786
"O2.CD2-0-PT",0.0451161346451583,-0.238226844492773
"O2.CD3-0-PT",0.120645898952872,-0.304491633355744
"O2.CD1-0",-0.0211279388746346,-0.0169876148048299
"O2.UC1-1",0.331191688532885,0.230055388617611
"O2.UC11-1",0.0706230895760979,-0.0230419838748094
"O2.UC12-1",0.384852778273579,0.213759580427299
"O2.UC13-1",0.236493541212269,-0.129405855694178
"O2.UC14-1",0.327588381336285,0.166487979339638
"O2.UC15-1",0.218461898704988,-0.0226265492876662
"O2.UC15-2",0.338020845281868,0.260423567571222
"O2.UC15-0",-0.222472225602492,-0.0519705372605638
"O2.UC16-1",0.359169342783093,0.209389302063975
"O2.UC17-1",0.286004717191083,0.38693486221213
"O2.UC18-1",0.202270176748567,-0.117181180232226
"O2.UC19-1",0.154949321379042,-0.195949986636671
"O2.UC2-1",0.267557535810756,-0.0779730822122249
"O2.UC20-1",0.188827477604386,-0.0751920800012885
"O2.UC21-1",0.030995925910414,-0.186975906232152
"O2.UC22-1",0.125762056868937,-0.167466418614073
"O2.UC23-1",0.0108827507408701,-0.103366723281759
"O2.UC24-1",0.463484183143438,0.299375763338339
"O2.UC26-1",-0.302279769549604,0.160020052941244
"O2.UC27-1",0.170762441351113,-0.291950036912628
"O2.UC28-1",-0.0140658620882934,-0.124649676589822
"O2.UC28-2",0.264948416706804,-0.0848070290436549
"O2.UC28-0",0.174717482021448,-0.123991147199656
"O2.UC29-1",-0.036296656744389,-0.06863770325139
"O2.UC3-1",-0.14281675019438,-0.0567673500879582
"O2.UC30-1",0.0803947888887439,0.00706838847085942
"O2.UC31-1",0.0875224242799238,-0.0893785466638972
"O2.UC32-1",0.147382660921705,-0.0858484286634641
"O2.UC35-1",0.041281893396138,-0.292424812526589
"O2.UC36-1",-0.194515993201581,-0.0986413233338505
"O2.UC36-0",0.0666372201854014,-0.0558038371085061
"O2.UC37-1",0.0399072155346315,-0.0951914758231678
"O2.UC38-1",0.204270772952731,0.043843557849716
"O2.UC4-1",0.12111515804578,-0.294373734929111
"O2.UC40-1",0.197376507692688,-0.112169955787169
"O2.UC41-1",-0.0889350693728918,-0.0352930945329554
"O2.UC43-1",0.454671237968012,0.341833598535666
"O2.UC44-1",0.283981516106883,0.0842099943698471
"O2.UC46-1",0.225095542919433,-0.133981972387502
"O2.UC47-1",0.119805766961666,-0.115536571361327
"O2.UC48-1",0.101700158394941,-0.0804785217056341
"O2.UC5-1",-0.0861584921403309,0.0165106976379253
"O2.UC6-2",0.212361972585725,-0.0739571241339403
"O2.UC6-0",0.262598371234242,0.0122426620434707
"O2.UC6-1",0.195749687198678,-0.0761786181815041
"O2.UC7-1",0.146110834857381,-0.256064225153895
"O2.UC7-0",0.180648466270966,-0.208968048857984
"O2.UC8-0",0.184777222146103,-0.148056738157862
"O2.UC8-1",0.184188274019646,-0.182728358788707
"O2.UC8-2",0.16399765855319,-0.130057064671359
"O2.UC9-1",0.116182712680852,-0.139724128940673
"V1.CD1-0-PN",0.0180598650678229,-0.207217368724283
"V1.CD1-0-PT",0.0456226789358309,-0.317222871694736
"V1.CD1-3-PN",-0.0524633094373684,-0.0494757244690273
"V1.CD12-3",0.0961061164106489,-0.278139923793884
"V1.CD2-0-PN",-0.160084871087496,-0.014881139162714
"V1.CD2-0-PT",0.161188870672161,-0.00848219433246379
"V1.CD3-0-PN",0.144422818598405,-0.00783833525446583
"V1.CD3-0-PT",0.197058236223755,0.023939604220458
"V1.CD3-3-PN",0.0671850667489449,-0.255093149295736
"V1.CD32-0",0.167281496202658,-0.0117361686603618
"V1.CD32-4",0.149217512185102,-0.00980221073316974
"V1.CD37-4",-0.256293932787679,-0.0731978199351932
"V1.CD4-0-PN",0.0296773071437659,-0.308967092998012
"V1.CD4-0-PT",0.1786889064516,0.0181595877091326
"V1.CD40-0",0.404765226182318,0.250942417838438
"V1.CD43-0",0.158836589959263,-0.0708638690433274
"V1.CD44-0",0.400145687465323,0.371162301972551
"V1.CD44-4",0.285727062377639,0.348460549589175
"V1.CD45-0",0.451089525886214,0.282034887617783
"V1.CD46-0",0.202754807405328,-0.21508717695265
"V1.CD48-0",-0.106667162963451,0.141006679632358
"V1.CD49-0",-0.00264670543823093,-0.0564121615783492
"V1.CD5-0-PN",0.244492634378819,-0.0414133232168664
"V1.CD50-0",0.110594667612111,0.013249084927249
"V1.CD51-0",0.149224884318545,-0.0558592593291235
"V1.CD52-0",0.046754558083715,-0.153169336204092
"V1.CD53-0",-0.336873368276891,0.183951147981769
"V1.CD54-0",0.177477732125652,-0.0822236893498161
"V1.CD55-0",0.0584344675260098,-0.0468129377680146
"V1.CD6-0-PN",0.25632025367915,-0.107793016372145
"V1.CD6-0-PT",0.229164492538262,-0.0526986966421825
"V1.CD7-0-PN",0.195435610426466,0.0297545480003264
"V1.CD8-0-PN",0.228116030724411,-0.109928526676857
"V1.FI01",0.0610732974516175,-0.0612066994390667
"V1.FI02",-0.0433221366912498,-0.0552201323586633
"V1.FI03",0.140638726684034,-0.220838949060431
"V1.FI04",-0.00314005285453214,-0.141414394514032
"V1.FI05",0.0131370627476093,-0.135235262652202
"V1.FI06",0.15657432894627,-0.0919226633129805
"V1.FI07",0.346466052324551,0.061420823173731
"V1.FI08",0.0743203618372468,-0.0605482581206487
"V1.FI09",0.352405364681822,0.0502480629228419
"V1.FI10",0.0633775546873695,-0.0772444511332939
"V1.FI11",-0.135593637123616,-0.0372955611406911
"V1.FI12",0.185347937013778,0.00796348799374662
"V1.FI13",-0.129351335146049,-0.0617455543380681
"V1.FI14",0.180365634396211,-0.0639419636131173
"V1.FI15",0.170890318978778,-0.0735531398987196
"V1.FI16",0.284484428878384,0.12903675360779
"V1.FI17",0.129889547715956,-0.0547926640759827
"V1.FI18",-0.0313149285604157,-0.0403464908457713
"V1.FI19",0.081419471121051,-0.296747176005563
"V1.FI20",0.0932382129347704,-0.0641809028352594
"V1.FI21",0.0331515025394056,-0.153602981294211
"V1.FI22",0.0943687947510914,-0.268135576395741
"V1.FI23",-0.310386197280344,0.105442864594111
"V1.FI24",-0.188274642547449,-0.0246812040744657
"V1.FI25",-0.0138783900056288,-0.140752942122172
"V1.FI26",0.0548275324561374,-0.10081869368464
"V1.FI27",0.38979460369395,0.173542147526333
"V1.FI28",0.134782848807984,-0.159669627860226
"V1.FI29",0.264736257947555,-0.257947646519766
"V1.FI30",0.069486361391267,-0.0671445013409486
"V1.FI31",0.43032923320447,0.301133971068317
"V1.FI32",0.265684012234156,-0.084642773683927
"V1.FI33",0.173567388301816,-0.155861012177593
"V1.FI34",0.0217285923360536,-0.157451184642339
"V1.FI35",-0.21513225201845,-0.00205312903823094
"V1.FI36",0.0657287139732628,-0.0417156752151563
"V1.FI37",0.227910448180603,-0.151056746561466
"V1.CD20-0",-0.151419026606028,0.10773189870814
"V1.UC22-1",0.213170054367337,-0.0934245068123349
"V1.UC38-4",-0.137465130550735,0.100829720760331
"V1.UC39-4",0.107138908024482,-0.178699418523446
"V1.UC40-1",0.109803167358137,-0.0582595690796225
"V1.UC47-4",0.0111748847513279,-0.0763681915560106
"V1.UC54-4",0.0480110498701559,-0.194616155632501
"V1.UC56-1",0.123558956728722,0.516474746919202
"V1.UC58-4",0.0710488867237279,-0.171177342098474
"V1.UC59-4",0.262082969997526,0.170417348198363
"V1.UC59-0",-0.191042130006468,-0.104533490035797
"V1.UC60-0",0.0364902060476584,0.0328198836613036
"V1.UC63-0",0.151736922995018,-0.0912423321150028
"V1.UC64-0",0.0935649268743734,-0.0923248420340646
"MH0001",0.457505147100984,0.375858875154923
"MH0002",0.0222682033687362,-0.104125808260875
"MH0003",0.042048705725873,-0.0944127480239011
"MH0004",0.214715524473757,-0.125103700723492
"MH0005",0.459767784072801,0.378838087872609
"MH0006",0.415455914766334,0.316242253009458
"MH0007",0.161759412369411,-0.0755538832528198
"MH0008",0.0267761082401942,-0.0224756109141692
"MH0009",0.276666134920726,0.145525665090439
"MH0010",-0.126582917625519,-0.0424963960579614
"MH0011",0.0590186767698268,-0.0553784507265429
"MH0012",0.205473445696046,-0.170234426426823
"MH0013",0.0174551607296546,-0.15823533486227
"MH0014",-0.00458220488534112,-0.0750452288090061
"MH0015",0.0537541972905141,-0.122935773774639
"MH0016",-0.227588607286211,0.0355974509688765
"MH0017",-0.0127402829865408,-0.0474936100946877
"MH0018",0.249616053128703,0.449490116469907
"MH0019",-0.0999494523450426,-0.00864483432609569
"MH0020",0.109883476826722,-0.256436642946792
"MH0021",0.00153787925952533,0.0174558578304613
"MH0022",0.243036849929242,-0.112767299258435
"MH0023",0.38111570077131,0.163657247047995
"MH0024",0.031514125009674,-0.201670881639376
"MH0025",0.0261820684418867,-0.120318948419288
"MH0026",0.208643088063291,0.293948767163165
"MH0027",-0.0273681747477004,-0.146520203142953
"MH0028",0.00992354193773579,-0.0876822354592334
"MH0030",0.361780290322222,0.0577312870472392
"MH0031",0.275436579434743,0.0454282057125589
"MH0032",0.354823393808843,0.367031395751253
"MH0033",-0.0535350126990185,0.0622152656811091
"MH0034",0.403371622338496,0.404370644336452
"MH0035",-0.067897934449783,-0.00304786420507073
"MH0036",0.186133510645272,-0.193970818751631
"MH0037",-0.160059374125831,0.112151203972401
"MH0038",-0.0652988362040101,0.0126080580393187
"MH0039",-0.206361563045534,0.121619639485443
"MH0040",0.0923444270294783,-0.238015045177247
"MH0041",-0.0145346690368564,-0.162416558551209
"MH0042",-0.0800449617939837,0.0140297546124532
"MH0043",-0.172771603659796,0.039344509487825
"MH0044",-0.0635384368504626,0.0731249351952412
"MH0045",-0.0549983232382913,-0.0228601331323279
"MH0046",0.266072864783869,0.0604040957073299
"MH0047",0.112683505345402,-0.00421859075357377
"MH0048",-0.0672568399608152,-0.0884553350422816
"MH0049",0.0151571848552083,0.243953333428256
"MH0050",0.258528054343393,0.0702217790102289
"MH0051",0.0262991609491107,-0.208623637429023
"MH0052",0.185573174224351,-0.0755742902615659
"MH0053",0.351512294509335,0.0606039930604352
"MH0054",0.20009003178044,-0.0666106172053082
"MH0055",0.113522767835313,-0.0855248965271646
"MH0056",0.0365843747078999,0.0112891270239506
"MH0057",0.00667938595337244,-0.0981253632638916
"MH0058",-0.023084510446794,0.0407590179849856
"MH0059",0.0617411710769692,-0.0261467371380866
"MH0060",0.0343201849308915,-0.108130497493709
"MH0061",0.0981355987252024,-0.224746732928273
"MH0062",0.23938994822858,-0.179202707433112
"MH0063",0.379408417028721,0.256969032851712
"MH0064",0.367650884057689,0.210752238638132
"MH0065",0.228554678477556,0.21429881639728
"MH0066",0.0543097191956416,-0.164637712757553
"MH0067",0.0837273628815389,-0.244526977761024
"MH0068",-0.231205027382825,0.236974045230498
"MH0069",0.0825860442657991,-0.117821549736127
"MH0070",0.152932518046364,-0.0463078244235939
"MH0071",0.0263129078417759,-0.0485679718230495
"MH0072",-0.2357734053741,0.0413428469968227
"MH0073",0.173591150540447,-0.226833851743384
"MH0074",0.107501984468151,-0.0899375345822565
"MH0075",0.174463099623546,-0.0639763253889426
"MH0076",-0.139319837481582,0.154543899588823
"MH0077",0.343967034754684,0.010761356652909
"MH0078",0.461275559219697,0.346195149978024
"MH0079",0.141601442185403,-0.0539993292835858
"MH0080",-0.000999742921781249,0.0638123007563524
"MH0081",-0.0550581134507067,-0.0767500625136574
"MH0082",0.104593366671087,0.0491315031867812
"MH0083",0.09860430700127,-0.154416359811919
"MH0084",0.252985905867355,0.469571306163866
"MH0085",0.13852158088548,0.236831985145003
"MH0086",0.224242623399427,-0.181541865781073
"MH0087",-0.0396747956171111,-0.327989878982371
"MH0088",0.0158923656740382,-0.137317957102088
"MH0089",0.102128202597441,-0.265814749767875
"MH0090",0.0541058081394736,-0.21654151134505
"MH0091",0.26241477303345,0.299995995297908
"MH0092",-0.061178841723597,-0.0767720323019416
"MH0093",-0.114859091407159,0.030140387070349
"MH0094",0.0350369652529156,-0.0796562205682215
"MH0095",-0.0110071488767956,0.0501010284826088
"MH0096",0.442518668907995,0.314057789646934
"MH0097",-0.110211554582846,0.0852624606220415
"MH0098",0.238195314540288,0.153791396686305
"MH0099",0.0425181032318829,-0.0855483941009356
"MH0100",0.183557965134444,-0.181871002770056
"MH0101",0.173392023351475,-0.0225676433382576
"MH0102",0.174481496010027,-0.134961646596841
"MH0103",0.304015307059956,0.282669663776626
"MH0104",0.264095745565653,-0.0348142148000552
"MH0105",0.270149800203742,0.334357882866022
"MH0106",0.32489754215715,0.165648308746997
"MH0107",0.21490654788359,-0.0369190147598728
"MH0109",-0.258539951118606,0.00127041223346614
"MH0110",-0.172097431607219,-0.0155446531725814
"MH0111",0.0104057933756934,0.0304029634877597
"MH0113",0.015506464956926,-0.066632808116032
"MH0114",-0.314110791437913,0.130178933796313
"MH0115",0.107760123155363,-0.175790006041969
"MH0116",0.070057324125267,-0.156635363571035
"MH0117",0.0786506406019384,0.0490715917292719
"MH0118",0.254216972353038,-0.094983393748056
"MH0120",0.358749109809932,0.315690586640746
"MH0121",-0.1956827611223,0.119363095010785
"MH0122",0.0104602493023145,-0.0816508611243313
"MH0123",0.0867934338837338,-0.282941136621969
"MH0124",0.153811646116051,-0.0618989221587282
"MH0125",0.165033262726862,-0.150196010894404
"MH0126",0.252645080395458,-0.0344987150668274
"MH0127",0.0646893350802347,-0.206292358543263
"MH0128",0.00929767207601728,-0.307568510457022
"MH0129",-0.0822410295411805,0.0173750916331268
"MH0130",0.435289263596773,0.383149783885304
"MH0132",0.272344489904006,0.000390066908187159
"MH0133",-0.00322206684968712,-0.308989951048087
"MH0134",-0.187739998425403,0.0995815205147936
"MH0135",0.00382280702807815,-0.0671132470008103
"MH0136",-0.086595490925474,-0.113666796170865
"MH0137",0.267904482837751,0.130625524998172
"MH0138",0.459383508428242,0.410321896656327
"MH0139",-0.0743384763689671,0.0013253481729656
"MH0140",0.131044344789376,-0.115705069595252
"MH0141",0.338417695795972,0.143861863755952
"MH0142",0.0416236487002731,-0.119764743261911
"MH0143",0.264474668925627,-0.052654027705271
"MH0144",0.31439714339327,0.246237588879049
"MH0145",0.192714924948263,-0.159889038784038
"MH0146",0.0213243572773805,-0.271115658749431
"MH0147",0.0871456635891449,-0.0673123058046033
"MH0148",0.12125051690982,-0.172431067185319
"MH0149",-0.0793200334357642,-0.0369843254344463
"MH0151",0.336118861396027,0.217882710489841
"MH0152",0.304786786712776,0.0352332606317265
"MH0153",0.150692982867543,-0.261661507648982
"MH0154",0.0480060173903352,0.0229298633613454
"MH0155",0.0509062818424924,-0.25662084454937
"MH0156",-0.250916055721621,-0.000529368892858865
"MH0157",0.170004144131047,0.0669472682361163
"MH0158",-0.0937899576322091,-0.00866028437119407
"MH0159",-0.0347701761911383,-0.0886711384618276
"MH0160",0.145247153321918,-0.272420797571724
"MH0162",-0.00575747833385681,-0.183890409792263
"MH0163",0.206203166280074,-0.0213640971777066
"MH0164",0.431345507255095,0.400474031467644
"MH0165",0.201555141564834,0.153183557127548
"MH0166",0.0389947129685901,-0.357218093679563
"MH0167",-0.0851229826923544,0.0330686245893808
"MH0168",0.310907459815596,0.190199098623001
"MH0169",0.226690789388831,0.00152834073941773
"MH0170",0.133461363047251,-0.278211531777923
"MH0172",0.0636030575123268,-0.0228541102954652
"MH0173",0.295703900056563,0.205414564068983
"MH0174",0.0341301988311505,-0.021911005172604
"MH0175",0.206984325091108,-0.0307032162293362
"MH0177",-0.0121269976601653,-0.0250688217265831
"MH0178",-0.0228469728151035,-0.26208417618278
"MH0179",-0.0383223672735273,0.0965616061330786
"MH0180",-0.0555892598701787,0.0307293108125391
"MH0181",0.133561576985054,-0.107096766195785
"MH0182",-0.258474681034153,-0.0226924772155454
"MH0183",0.352767142583406,0.16653098338297
"MH0184",-0.183959213385588,0.027994678913559
"MH0185",-0.171171524989212,-0.0215881733658014
"MH0186",-0.173241530171178,0.174749597934998
"O2_UC1_0",0.377200495908456,0.189091286851137
"O2_UC1_2",0.319832049777053,0.0219455975503816
"O2_UC11_0",0.259663105124294,-0.0480949372430208
"O2_UC11_2",0.263037355687369,-0.0573193972765209
"O2_UC12_0",0.0749874331793737,0.0860384156536475
"O2_UC12_2",0.347406569801801,0.213559998902608
"O2_UC13_2",0.205719426567126,-0.122373075813617
"O2_UC13_0",0.176341860316744,-0.0846182913819765
"O2_UC14_0",0.351711886313386,0.212976771832518
"O2_UC14_2",0.154609968984446,-0.13519357176799
"O2_UC16_0",0.411865585616594,0.240733434099799
"O2_UC16_2",0.398970887637837,0.166088252571263
"O2_UC17_0",0.20857147895885,0.460882018384022
"O2_UC17_2",-0.0501526896353362,0.137282950828114
"O2_UC18_0",0.0670435246207838,-0.181603700533614
"O2_UC18_2",0.192623725650264,-0.126455633277533
"O2_UC19_0",0.109424103947931,-0.0119353989332572
"O2_UC19_2",0.0386644381465194,-0.220296643567024
"O2_UC2_0",0.289105088846321,-0.081920229885426
"O2_UC2_2",0.0840980561410267,-0.0687808785857173
"O2_UC20_0",-0.0489358898854087,-0.0957542414491437
"O2_UC20_2",0.0420011606566415,-0.0793594266593212
"O2_UC21_0",0.139191147255528,-0.117244332144383
"O2_UC21_2",0.0948659631473672,-0.144606866827304
"O2_UC22_0",-0.0928150398938116,-0.0776876526432646
"O2_UC22_2",0.0505749392151148,-0.201754222782184
"O2_UC23_0",-0.0230637725962659,-0.192072862004391
"O2_UC23_2",0.189951760454505,-0.0858231703961096
"O2_UC24_0",0.45599380470538,0.340579632150695
"O2_UC24_2",0.297137273326694,-0.0281667266267381
"O2_UC26_2",-0.29117566294546,0.167377038220991
"O2_UC26_0",-0.276277847767277,0.155005855871991
"O2_UC27_2",0.142377057268193,-0.275448123145049
"O2_UC27_0",0.193204239421015,-0.261364820789862
"O2_UC29_2",0.201547273843534,-0.158820356779772
"O2_UC29_0",0.162523398806495,-0.180403841375789
"O2_UC3_2",0.0222970234137673,-0.0597291908826375
"O2_UC3_0",0.107961421673697,-0.0748823239874146
"O2_UC30_0",0.248623752517775,-0.0505751662962162
"O2_UC30_2",-0.0387393612410091,0.00638182153626345
"O2_UC31_0",0.0682933175880492,-0.102966927759923
"O2_UC31_2",0.190165655802797,-0.0642435102349189
"O2_UC32_0",0.16805562473343,-0.080740149474364
"O2_UC32_2",0.208002453877764,-0.0848633970530858
"O2_UC34_0",0.290335555539999,0.384759299208801
"O2_UC34_2",-0.250472097580698,0.166610785751969
"O2_UC35_0",0.183792527210048,-0.250384250675105
"O2_UC35_2",0.25239765918716,-0.144004150778064
"O2_UC36_2",-0.104775279724071,-0.145366763433179
"O2_UC37_0",-0.0817329810410403,0.00262575679764596
"O2_UC37_2",0.171162809557945,-0.0772658068744308
"O2_UC38_0",0.349424635879714,0.279134831551221
"O2_UC38_2",0.331947095497906,0.288872694801721
"O2_UC4_0",0.227796631818936,-0.251988731177322
"O2_UC4_2",0.23492691292837,-0.240587107214255
"O2_UC40_0",0.128859975246329,-0.0361756284993562
"O2_UC40_2",0.133268991843454,-0.0406719388307065
"O2_UC41_2",0.00381215719705948,-0.0554974546412446
"O2_UC41_0",0.0424367142220786,-0.021790171855674
"O2_UC43_2",0.473738401414211,0.366515668179935
"O2_UC43_0",0.447877088429243,0.272522942202795
"O2_UC44_2",0.292449347575125,0.0179395025037171
"O2_UC44_0",0.19477341996826,0.0283062677262373
"O2_UC46_0",0.105486029299817,-0.123396945268132
"O2_UC46_2",0.122744545094657,-0.132864822397182
"O2_UC47_2",0.127771612272352,-0.107398317286095
"O2_UC47_0",0.153843659214861,-0.106427369000608
"O2_UC48_2",0.0158559312151642,-0.0577976422337688
"O2_UC48_0",0.153768541491305,-0.121347607788316
"O2_UC49_2",-0.0341474797972891,-0.178395635220308
"O2_UC49_0",-0.0246695062218889,-0.00802510699724184
"O2_UC5_2",0.174504927844604,-0.00260132017889078
"O2_UC5_0",0.025619660460138,-0.0179313023690727
"O2_UC50_2",0.0131829445250391,-0.095799794020154
"O2_UC50_0",0.00910921370517256,-0.162659914020955
"O2_UC51_0",0.0906200053353224,-0.232288205786991
"O2_UC51_2",0.0955955530237065,-0.224809254482804
"O2_UC52_2",0.095480841510976,-0.228561783661738
"O2_UC52_0",0.0452990288383358,-0.252339495256086
"O2_UC53_0",0.163461179424025,-0.0373835688843202
"O2_UC53_2",0.0387564912088485,-0.11718251937085
"O2_UC54_0",0.0457349918585623,-0.0776900473555562
"O2_UC54_2",-0.00952832653706328,-0.0929963198677599
"O2_UC55_0",0.126238614282661,-0.166569347294213
"O2_UC55_2",0.00508963639356407,-0.153999909515861
"O2_UC56_2",-0.102999950605488,0.0408532497018685
"O2_UC56_0",-0.145760407905182,0.0114713497305479
"O2_UC57_0",0.18790789310655,-0.0897840759981003
"O2_UC57_2",0.233179398437562,-0.037616627379763
"O2_UC58_0",0.145225302010034,-0.0942516460923808
"O2_UC58_2",0.192994770288284,-0.113918332146253
"O2_UC59_2",0.133370502631353,-0.286080792438399
"O2_UC59_0",0.142081562780458,-0.28152508520823
"O2_UC60_0",0.263124555908789,-0.046944208256541
"O2_UC60_2",0.304745077436553,0.0272686474273905
"O2_UC9_0",0.237860712559398,-0.114924141591069
"O2_UC9_2",0.156548182266371,-0.116473534736735
"V1_CD1_0",-0.351688531731799,0.0919546751757453
"V1_CD10_0",0.203521912305546,0.0194057314147841
"V1_CD11_0",0.204353450350703,-0.0816977264740082
"V1_CD12_0",0.156950450543197,-0.216918766627293
"V1_CD13_0",0.233658479730727,-0.06866417001287
"V1_CD14_0",0.0613885572728875,-0.165742886723867
"V1_CD15_0",-0.260162672598996,-0.0594941292531693
"V1_CD15_3",-0.118731680615617,-0.017896158764856
"V1_CD16_0",0.163314771726406,-0.122295843513967
"V1_CD17_0",-0.0538677005528935,0.0305300197607371
"V1_CD17_4",-0.155494738797973,-0.0290168064453501
"V1_CD18_3",0.0518260223198297,0.532050563087385
"V1_CD18_0",0.0275654098126332,0.409339674153269
"V1_CD19_0",0.240284938900764,-0.0986827257582926
"V1_CD2_0",0.440899716346789,0.394043977944527
"V1_CD20_4",-0.256625971027273,0.123531642728826
"V1_CD21_4",-0.344411556062942,0.116248668072557
"V1_CD21_0",-0.296506117111207,0.159518218809823
"V1_CD22_0",0.245444265091604,-0.0666191741193788
"V1_CD24_0",0.0512473775902006,-0.0438558781547465
"V1_CD25_0",-0.0278593400949611,-0.305178356318092
"V1_CD25_4",-0.038244462992866,-0.349205195595828
"V1_CD27_0",0.231097026840498,-0.100009746026419
"V1_CD28_0",0.223328699431105,0.399154919894744
"V1_CD29_0",0.0663329505284024,0.0196321132380458
"V1_CD3_0",0.133868523234667,-0.184792020458285
"V1_CD30_0",0.177729525968892,-0.0465539013478169
"V1_CD31_0",0.197423078995296,-0.0916315763089266
"V1_CD34_0",0.41170561630915,0.290692121179004
"V1_CD35_1",0.0452160096460774,0.0487470005702344
"V1_CD35_0",-0.316182757722694,0.160942471757316
"V1_CD36_0",-0.0042248079456146,0.0974442536226603
"V1_CD38_0",0.0474056426223772,-0.172963396778965
"V1_CD4_0",0.149708048046148,-0.255382292977223
"V1_CD41_0",0.00810162274745544,0.0957005657516176
"V1_CD42_0",-0.212106360824288,0.218410280829307
"V1_CD6_0",-0.0528512689672958,-0.126685293149149
"V1_CD6_4",-0.102967232687572,-0.0503299181551077
"V1_CD7_0",-0.257285952096363,0.251468907459569
"V1_CD7_4",0.134855183652694,-0.0575367282026815
"V1_CD8_0",-0.0222275820812192,0.0979003719395041
"V1_CD9_0",-0.0853732834157319,-0.00741283191867932
"V1_UC1_0",0.185237434964365,-0.128111779066252
"V1_UC10_0",0.196297622610539,-0.261624342543039
"V1_UC10_2",0.139699545707429,-0.157247992428428
"V1_UC11_0",0.0860610278196784,-0.238323911063397
"V1_UC11_5",-0.0995089602660051,-0.0704691795920057
"V1_UC12_0",0.283344808939433,-0.0348298864800079
"V1_UC12_4",0.413654798963844,0.12653336050395
"V1_UC13_0",-0.0513344788564556,-0.1903289831116
"V1_UC13_3",0.0650761906835039,-0.150956395093131
"V1_UC14_0",0.167536642577999,-0.0307012849141096
"V1_UC14_1",-0.258947789319427,0.306573696503736
"V1_UC15_0",0.233448662145569,-0.105230226409105
"V1_UC15_3",0.11940872666926,-0.0851097379965726
"V1_UC16_0",0.218952095897398,-0.00792281320030197
"V1_UC17_0",0.0678786025224656,-0.113023211786915
"V1_UC17_2",0.00811969788304258,-0.109749809364502
"V1_UC18_0",-0.103687963199851,0.0640753035014475
"V1_UC19_0",-0.0517289866248464,0.0524208153350566
"V1_UC2_4",0.0190377224974647,0.00925625867030202
"V1_UC2_0",0.064188796582859,-0.0694583628522733
"V1_UC21_0",0.0949116812984811,0.0977683067234687
"V1_UC21_4",0.0649942296447445,0.09545778079039
"V1_UC23_1",0.113997532331774,-0.0210937209483345
"V1_UC23_0",0.0411878737347665,0.0264997982250867
"V1_UC24_0",-0.00664692297385308,-0.0861063589357341
"V1_UC25_0",0.366521712688371,0.2409345196332
"V1_UC25_1",-0.0764243233057129,-0.293416639459207
"V1_UC26_0",0.235063177922396,-0.0489100636786402
"V1_UC26_4",0.238472338374075,0.00358532570035276
"V1_UC27_0",0.146873940930331,-0.128804379556196
"V1_UC28_0",0.231373393571627,0.222504136106617
"V1_UC29_0",-0.178022116399687,-0.0471100879770613
"V1_UC3_2",0.457311963580527,0.345736483571075
"V1_UC3_0",0.429890399002092,0.253508313983474
"V1_UC30_0",0.283349192392189,-0.0777664064030098
"V1_UC31_0",0.0731873439223148,-0.0266730582055422
"V1_UC31_4",-0.0562611299488915,-0.0389723028413572
"V1_UC32_0",0.130154645291181,-0.226971919992867
"V1_UC33_0",0.222737028940164,-0.0928325386230424
"V1_UC34_0",0.186411070345728,-0.26159111005435
"V1_UC35_0",-0.0229845271198639,-0.0653176808329418
"V1_UC35_4",-0.0521313878017811,-0.106520865764812
"V1_UC36_0",0.204355387369652,-0.0540499939404296
"V1_UC37_0",0.150296506101812,-0.0468328093266378
"V1_UC38_0",0.208510158373589,0.135711767025954
"V1_UC39_0",0.327259722892722,0.0353001964574661
"V1_UC4_0",0.303748044398193,0.106145226511583
"V1_UC4_5",0.100206800441636,-0.0591477672867004
"V1_UC40_0",0.0443394961156543,-0.0240083785078936
"V1_UC41_0",0.0522043552323854,0.109102939476933
"V1_UC42_0",0.0334950257673581,-0.0620695667293795
"V1_UC43_0",0.221797319387083,-0.097881085724647
"V1_UC44_0",0.167060790643725,0.173349739231471
"V1_UC45_0",0.18243677083386,-0.130968198979066
"V1_UC46_0",-0.119887556898817,0.0394793472604828
"V1_UC47_0",0.109294012237044,-0.0375794655458387
"V1_UC48_0",0.154739883895781,-0.167412417116384
"V1_UC49_0",0.151243735474583,-0.161452467743647
"V1_UC49_1",0.158685195463848,-0.251578582281916
"V1_UC5_0",-0.207696230651124,0.0228655376119014
"V1_UC5_3",0.159179470068822,-0.107260919033453
"V1_UC50_1",0.133253694237316,-0.181713250123017
"V1_UC51_0",-0.0132521698458901,-0.0626456390568567
"V1_UC51_4",0.108362943591114,-0.177514803209338
"V1_UC52_0",0.0860053730494986,-0.038174752458286
"V1_UC52_1",0.0279612094643363,-0.0648343757923242
"V1_UC53_0",0.43993963995169,0.235797756985093
"V1_UC53_4",0.469754476441358,0.376670067485959
"V1_UC54_0",0.153602711042237,-0.134178458175097
"V1_UC55_0",0.256613774357363,-0.0915333478147027
"V1_UC55_4",0.106607131254383,-0.119329294138745
"V1_UC56_0",0.446142515067977,0.386827609442827
"V1_UC57_0",0.356964885299784,0.160010474441995
"V1_UC58_0",0.125174722337821,-0.0985767855738947
"V1_UC6_0",0.143107475520979,-0.165694572048052
"V1_UC61_0",-0.256724277673263,0.00820972404760595
"V1_UC62_0",-0.096284314756924,-0.0545030360981638
"V1_UC7_0",0.252051224697703,0.427782714894685
"V1_UC8_0",0.160733293734373,-0.119608944221722
"V1_UC9_0",0.200447345130775,-0.032231156981348
