"","study_name","subject_id","body_site","study_condition","disease","age_category","country","non_westernized","sequencing_platform","PMID","number_reads","number_bases","minimum_read_length","median_read_length","curator","disease_subtype","age","gender","NCBI_accession","days_from_first_collection","antibiotics_current_use","calprotectin","treatment","BMI","DNA_extraction_kit","location","visit_number","HBI","SCCAI","mgs_richness","ferm_milk_prod_consumer","fasting_insulin","fasting_glucose","hba1c","family","family_role","disease_location","remission","condition","shannon_index","faiths_pd"
"CSM5FZ3N_P","HMP_2019_ibdmdb","C3001","stool","IBD","IBD","adult","USA","no","IlluminaHiSeq","29311644",19923486,1966052396,55,101,"Paolo_Manghi","CD",43,"female",NA,0,"no",NA,NA,NA,"Chemagen","Los_Angeles",1,NA,NA,NA,NA,NA,NA,NA,NA,NA,NA,NA,"IBD",1.64742592233815,5.393525
"CSM5FZ4C_P","HMP_2019_ibdmdb","C3001","stool","IBD","IBD","adult","USA","no","IlluminaHiSeq","29311644",29778336,2953088826,55,101,"Paolo_Manghi","CD",43,"female",NA,56,"no",NA,NA,NA,"Chemagen","Los_Angeles",5,NA,NA,NA,NA,NA,NA,NA,NA,NA,NA,NA,"IBD",1.86500281696412,4.920925
"CSM5MCVV_P","HMP_2019_ibdmdb","C3001","stool","IBD","IBD","adult","USA","no","IlluminaHiSeq","29311644",32181172,3135860601,50,101,"Paolo_Manghi","CD",43,"female",NA,118,"no",NA,NA,NA,"Chemagen","Los_Angeles",10,NA,NA,NA,NA,NA,NA,NA,NA,NA,NA,NA,"IBD",2.02194220836414,7.191505
"CSM5FZ3R_P","HMP_2019_ibdmdb","C3001","stool","IBD","IBD","adult","USA","no","IlluminaHiSeq","29311644",32912782,3260763260,55,101,"Paolo_Manghi","CD",43,"female",NA,14,"no",NA,NA,NA,"Chemagen","Los_Angeles",2,NA,NA,NA,NA,NA,NA,NA,NA,NA,NA,NA,"IBD",1.44981972994803,6.937485
"CSM5MCVF_P","HMP_2019_ibdmdb","C3001","stool","IBD","IBD","adult","USA","no","IlluminaHiSeq","29311644",33512196,3326189684,55,101,"Paolo_Manghi","CD",43,"female",NA,103,"no",NA,NA,NA,"Chemagen","Los_Angeles",9,NA,NA,NA,NA,NA,NA,NA,NA,NA,NA,NA,"IBD",1.56995993076723,5.832385
"CSM5MCVD_P","HMP_2019_ibdmdb","C3001","stool","IBD","IBD","adult","USA","no","IlluminaHiSeq","29311644",34129228,3328221250,50,101,"Paolo_Manghi","CD",43,"female",NA,88,"no",NA,NA,NA,"Chemagen","Los_Angeles",8,NA,NA,NA,NA,NA,NA,NA,NA,NA,NA,NA,"IBD",1.4592403983396,8.361105
"CSM5FZ3V_P","HMP_2019_ibdmdb","C3001","stool","IBD","IBD","adult","USA","no","IlluminaHiSeq","29311644",35617930,3520170487,55,101,"Paolo_Manghi","CD",43,"female",NA,45,"no",NA,NA,NA,"Chemagen","Los_Angeles",4,NA,NA,NA,NA,NA,NA,NA,NA,NA,NA,NA,"IBD",1.66692234498923,6.65192499999999
"CSM5MCWI_P","HMP_2019_ibdmdb","C3001","stool","IBD","IBD","adult","USA","no","IlluminaHiSeq","29311644",45752982,4467161949,50,101,"Paolo_Manghi","CD",43,"female",NA,130,"no",NA,NA,NA,"Chemagen","Los_Angeles",11,NA,NA,NA,NA,NA,NA,NA,NA,NA,NA,NA,"IBD",1.58373890843684,6.193725
"CSM5YRY7_P","HMP_2019_ibdmdb","C3001","stool","IBD","IBD","adult","USA","no","IlluminaHiSeq","29311644",47270672,4596924058,50,101,"Paolo_Manghi","CD",43,"female",NA,32,"no",NA,NA,NA,"Chemagen","Los_Angeles",3,NA,NA,NA,NA,NA,NA,NA,NA,NA,NA,NA,"IBD",1.73210613107849,6.603225
"CSM67UGC","HMP_2019_ibdmdb","C3001","stool","IBD","IBD","adult","USA","no","IlluminaHiSeq","31142855",4306446,388385702,50,101,"Paolo_Manghi","CD",43,"female",NA,243,"no",NA,NA,NA,"Chemagen","Los_Angeles",20,NA,NA,NA,NA,NA,NA,NA,NA,NA,NA,NA,"IBD",2.2371046544999,5.340675
"CSM67U9J","HMP_2019_ibdmdb","C3001","stool","IBD","IBD","adult","USA","no","IlluminaHiSeq","31142855",19491364,1796712272,50,101,"Paolo_Manghi","CD",43,"female",NA,187,"no",NA,NA,NA,"Chemagen","Los_Angeles",16,NA,NA,NA,NA,NA,NA,NA,NA,NA,NA,NA,"IBD",1.6958807164055,6.092795
"CSM67UA2","HMP_2019_ibdmdb","C3001","stool","IBD","IBD","adult","USA","no","IlluminaHiSeq","31142855",21433056,1994960359,50,101,"Paolo_Manghi","CD",43,"female",NA,200,"no",NA,NA,NA,"Chemagen","Los_Angeles",17,NA,NA,NA,NA,NA,NA,NA,NA,NA,NA,NA,"IBD",1.81550142801341,6.025845
"CSM5MCXD","HMP_2019_ibdmdb","C3001","stool","IBD","IBD","adult","USA","no","IlluminaHiSeq","31142855",22283814,2023180197,50,101,"Paolo_Manghi","CD",43,"female",NA,144,"no",NA,NA,NA,"Chemagen","Los_Angeles",12,NA,NA,NA,NA,NA,NA,NA,NA,NA,NA,NA,"IBD",1.82333420608644,7.02731499999999
"CSM5MCYS","HMP_2019_ibdmdb","C3001","stool","IBD","IBD","adult","USA","no","IlluminaHiSeq","31142855",26290202,2399723202,50,101,"Paolo_Manghi","CD",43,"female",NA,173,"no",NA,NA,NA,"Chemagen","Los_Angeles",15,NA,NA,NA,NA,NA,NA,NA,NA,NA,NA,NA,"IBD",2.33559477690501,8.611615
"CSM79HG5","HMP_2019_ibdmdb","C3001","stool","IBD","IBD","adult","USA","no","IlluminaHiSeq","31142855",30948940,2869870832,50,101,"Paolo_Manghi","CD",43,"female",NA,256,"no",NA,NA,NA,"Chemagen","Los_Angeles",22,NA,NA,NA,NA,NA,NA,NA,NA,NA,NA,NA,"IBD",1.44003547879819,5.451655
"CSM79HGP","HMP_2019_ibdmdb","C3001","stool","IBD","IBD","adult","USA","no","IlluminaHiSeq","31142855",31001866,2889469649,50,101,"Paolo_Manghi","CD",43,"female",NA,271,"no",NA,NA,NA,"Chemagen","Los_Angeles",23,NA,NA,NA,NA,NA,NA,NA,NA,NA,NA,NA,"IBD",1.83468237473982,7.347555
"CSM5FZ3T_P","HMP_2019_ibdmdb","C3002","stool","IBD","IBD","senior","USA","no","IlluminaHiSeq","29311644",21022896,2074146835,55,101,"Paolo_Manghi","CD",76,"female",NA,0,"no",NA,NA,NA,"Chemagen","Los_Angeles",1,NA,NA,NA,NA,NA,NA,NA,NA,NA,NA,NA,"IBD",1.07151652557953,2.705165
"CSM5FZ3X_P","HMP_2019_ibdmdb","C3002","stool","IBD","IBD","senior","USA","no","IlluminaHiSeq","29311644",26321786,2565718090,50,101,"Paolo_Manghi","CD",76,"female",NA,14,"no",NA,NA,NA,"Chemagen","Los_Angeles",2,NA,NA,NA,NA,NA,NA,NA,NA,NA,NA,NA,"IBD",1.08173051586492,4.711265
"CSM5FZ46_P","HMP_2019_ibdmdb","C3002","stool","IBD","IBD","senior","USA","no","IlluminaHiSeq","29311644",30956374,3071265436,55,101,"Paolo_Manghi","CD",76,"female",NA,70,"no",NA,NA,NA,"Chemagen","Los_Angeles",6,NA,NA,NA,NA,NA,NA,NA,NA,NA,NA,NA,"IBD",1.1325940440834,3.485905
"CSM5FZ44_P","HMP_2019_ibdmdb","C3002","stool","IBD","IBD","senior","USA","no","IlluminaHiSeq","29311644",37633396,3727844168,55,101,"Paolo_Manghi","CD",76,"female",NA,56,"no",NA,NA,NA,"Chemagen","Los_Angeles",5,NA,NA,NA,NA,NA,NA,NA,NA,NA,NA,NA,"IBD",1.26660957419211,4.627315
"CSM5FZ3Z_P","HMP_2019_ibdmdb","C3002","stool","IBD","IBD","senior","USA","no","IlluminaHiSeq","29311644",44500976,4331047237,50,101,"Paolo_Manghi","CD",76,"female",NA,29,"no",NA,NA,NA,"Chemagen","Los_Angeles",3,NA,NA,NA,NA,NA,NA,NA,NA,NA,NA,NA,"IBD",1.44952451647205,5.012255
"CSM5MCVJ_P","HMP_2019_ibdmdb","C3002","stool","IBD","IBD","senior","USA","no","IlluminaHiSeq","29311644",45271290,4428574037,50,101,"Paolo_Manghi","CD",76,"female",NA,84,"no",NA,NA,NA,"Chemagen","Los_Angeles",8,NA,NA,NA,NA,NA,NA,NA,NA,NA,NA,NA,"IBD",1.08256229758893,4.269405
"CSM5FZ42_P","HMP_2019_ibdmdb","C3002","stool","IBD","IBD","senior","USA","no","IlluminaHiSeq","29311644",59801356,5818504816,50,101,"Paolo_Manghi","CD",76,"female",NA,42,"no",NA,NA,NA,"Chemagen","Los_Angeles",4,NA,NA,NA,NA,NA,NA,NA,NA,NA,NA,NA,"IBD",1.19870511749661,6.029455
"CSM67UBR","HMP_2019_ibdmdb","C3002","stool","IBD","IBD","senior","USA","no","IlluminaHiSeq","31142855",14117936,1272496070,50,101,"Paolo_Manghi","CD",76,"female",NA,238,"no",NA,NA,NA,"Chemagen","Los_Angeles",20,NA,NA,NA,NA,NA,NA,NA,NA,NA,NA,NA,"IBD",1.3971929753188,3.460425
"CSM67UBF","HMP_2019_ibdmdb","C3002","stool","IBD","IBD","senior","USA","no","IlluminaHiSeq","31142855",18365592,1636260505,50,101,"Paolo_Manghi","CD",76,"female",NA,169,"no",NA,NA,NA,"Chemagen","Los_Angeles",15,NA,NA,NA,NA,NA,NA,NA,NA,NA,NA,NA,"IBD",1.33020488246435,3.421805
"CSM79HJY","HMP_2019_ibdmdb","C3002","stool","IBD","IBD","senior","USA","no","IlluminaHiSeq","31142855",20132794,1860186129,50,101,"Paolo_Manghi","CD",76,"female",NA,266,"no",NA,NA,NA,"Chemagen","Los_Angeles",23,NA,NA,NA,NA,NA,NA,NA,NA,NA,NA,NA,"IBD",1.56620445762457,4.021095
"CSM67UBN","HMP_2019_ibdmdb","C3002","stool","IBD","IBD","senior","USA","no","IlluminaHiSeq","31142855",20134050,1870494351,50,101,"Paolo_Manghi","CD",76,"female",NA,224,"no",NA,NA,NA,"Chemagen","Los_Angeles",19,NA,NA,NA,NA,NA,NA,NA,NA,NA,NA,NA,"IBD",1.20961600087219,4.216855
"CSM5MCVL","HMP_2019_ibdmdb","C3002","stool","IBD","IBD","senior","USA","no","IlluminaHiSeq","31142855",21229340,1989038376,50,101,"Paolo_Manghi","CD",76,"female",NA,99,"no",NA,NA,NA,"Chemagen","Los_Angeles",9,NA,NA,NA,NA,NA,NA,NA,NA,NA,NA,NA,"IBD",1.470335453678,4.390365
"CSM5MCVN","HMP_2019_ibdmdb","C3002","stool","IBD","IBD","senior","USA","no","IlluminaHiSeq","31142855",22553792,2083742199,50,101,"Paolo_Manghi","CD",76,"female",NA,112,"no",NA,NA,NA,"Chemagen","Los_Angeles",10,NA,NA,NA,NA,NA,NA,NA,NA,NA,NA,NA,"IBD",1.38192981772316,3.797295
"CSM67UBH","HMP_2019_ibdmdb","C3002","stool","IBD","IBD","senior","USA","no","IlluminaHiSeq","31142855",28789380,2664011181,50,101,"Paolo_Manghi","CD",76,"female",NA,182,"no",NA,NA,NA,"Chemagen","Los_Angeles",16,NA,NA,NA,NA,NA,NA,NA,NA,NA,NA,NA,"IBD",1.65816150816195,4.897545
"CSM79HJW","HMP_2019_ibdmdb","C3002","stool","IBD","IBD","senior","USA","no","IlluminaHiSeq","31142855",33559574,3116772878,50,101,"Paolo_Manghi","CD",76,"female",NA,252,"yes",NA,NA,NA,"Chemagen","Los_Angeles",22,NA,NA,NA,NA,NA,NA,NA,NA,NA,NA,NA,"IBD",1.23966129551724,3.907505
"CSM5FZ4K_P","HMP_2019_ibdmdb","C3003","stool","IBD","IBD","adult","USA","no","IlluminaHiSeq","29311644",27185072,2676353136,55,101,"Paolo_Manghi","UC",43,"female",NA,39,"yes",NA,NA,NA,"Chemagen","Los_Angeles",4,NA,NA,NA,NA,NA,NA,NA,NA,NA,NA,NA,"IBD",2.191915291474,8.595885
"CSM5MCWM_P","HMP_2019_ibdmdb","C3003","stool","IBD","IBD","adult","USA","no","IlluminaHiSeq","29311644",42078596,4164218574,55,101,"Paolo_Manghi","UC",43,"female",NA,67,"no",NA,NA,NA,"Chemagen","Los_Angeles",7,NA,NA,NA,NA,NA,NA,NA,NA,NA,NA,NA,"IBD",1.60508649115827,6.060005
"CSM5FZ4E_P","HMP_2019_ibdmdb","C3003","stool","IBD","IBD","adult","USA","no","IlluminaHiSeq","29311644",49356746,4816539465,50,101,"Paolo_Manghi","UC",43,"female",NA,0,"yes",NA,NA,NA,"Chemagen","Los_Angeles",1,NA,NA,NA,NA,NA,NA,NA,NA,NA,NA,NA,"IBD",2.00457147130575,7.219625
"CSM5FZ4G_P","HMP_2019_ibdmdb","C3003","stool","IBD","IBD","adult","USA","no","IlluminaHiSeq","29311644",56302556,5469260569,50,101,"Paolo_Manghi","UC",43,"female",NA,11,"no",NA,NA,NA,"Chemagen","Los_Angeles",2,NA,NA,NA,NA,NA,NA,NA,NA,NA,NA,NA,"IBD",2.20103119618218,8.11210499999999
"CSM5MCWQ","HMP_2019_ibdmdb","C3003","stool","IBD","IBD","adult","USA","no","IlluminaHiSeq","31142855",17952524,1664721534,50,101,"Paolo_Manghi","UC",43,"female",NA,97,"no",NA,NA,NA,"Chemagen","Los_Angeles",9,NA,NA,NA,NA,NA,NA,NA,NA,NA,NA,NA,"IBD",2.41766155032294,7.420565
"CSM79HLM","HMP_2019_ibdmdb","C3003","stool","IBD","IBD","adult","USA","no","IlluminaHiSeq","31142855",25522026,2380654763,50,101,"Paolo_Manghi","UC",43,"female",NA,251,"no",NA,NA,NA,"Chemagen","Los_Angeles",21,NA,NA,NA,NA,NA,NA,NA,NA,NA,NA,NA,"IBD",2.13884149166385,8.392765
"CSM67UBZ","HMP_2019_ibdmdb","C3003","stool","IBD","IBD","adult","USA","no","IlluminaHiSeq","31142855",25807348,2430457578,50,101,"Paolo_Manghi","UC",43,"female",NA,167,"yes",NA,NA,NA,"Chemagen","Los_Angeles",15,NA,NA,NA,NA,NA,NA,NA,NA,NA,NA,NA,"IBD",2.17243029487428,7.16407499999999
"CSM67UBX","HMP_2019_ibdmdb","C3003","stool","IBD","IBD","adult","USA","no","IlluminaHiSeq","31142855",28334906,2619288842,50,101,"Paolo_Manghi","UC",43,"female",NA,152,"no",NA,NA,NA,"Chemagen","Los_Angeles",14,NA,NA,NA,NA,NA,NA,NA,NA,NA,NA,NA,"IBD",2.14299664304994,8.571755
"CSM5FZ4M","HMP_2019_ibdmdb","C3003","stool","IBD","IBD","adult","USA","no","IlluminaHiSeq","31142855",28383498,2646878118,50,101,"Paolo_Manghi","UC",43,"female",NA,54,"no",NA,NA,NA,"Chemagen","Los_Angeles",5,NA,NA,NA,NA,NA,NA,NA,NA,NA,NA,NA,"IBD",1.81553772198303,6.756265
"CSM67UC6","HMP_2019_ibdmdb","C3003","stool","IBD","IBD","adult","USA","no","IlluminaHiSeq","31142855",31990406,2963794846,50,101,"Paolo_Manghi","UC",43,"female",NA,228,"no",NA,NA,NA,"Chemagen","Los_Angeles",18,NA,NA,NA,NA,NA,NA,NA,NA,NA,NA,NA,"IBD",2.13907353189395,8.511045
"CSM5FZ4A_P","HMP_2019_ibdmdb","C3004","stool","IBD","IBD","adult","USA","no","IlluminaHiSeq","29311644",33920896,3293761292,54,101,"Paolo_Manghi","UC",47,"female",NA,0,"no",NA,NA,NA,"Chemagen","Los_Angeles",1,NA,NA,NA,NA,NA,NA,NA,NA,NA,NA,NA,"IBD",1.76426147049374,6.720335
"CSM5MCUE_P","HMP_2019_ibdmdb","C3004","stool","IBD","IBD","adult","USA","no","IlluminaHiSeq","29311644",36151270,3525634267,50,101,"Paolo_Manghi","UC",47,"female",NA,71,"no",NA,NA,NA,"Chemagen","Los_Angeles",6,NA,NA,NA,NA,NA,NA,NA,NA,NA,NA,NA,"IBD",2.20395340335792,10.608175
"CSM5MCU8_P","HMP_2019_ibdmdb","C3004","stool","IBD","IBD","adult","USA","no","IlluminaHiSeq","29311644",38317078,3733471399,50,101,"Paolo_Manghi","UC",47,"female",NA,28,"no",NA,NA,NA,"Chemagen","Los_Angeles",3,NA,NA,NA,NA,NA,NA,NA,NA,NA,NA,NA,"IBD",2.75072047913456,10.055115
"CSM5MCUA_P","HMP_2019_ibdmdb","C3004","stool","IBD","IBD","adult","USA","no","IlluminaHiSeq","29311644",40936268,3999213914,50,101,"Paolo_Manghi","UC",47,"female",NA,42,"no",NA,NA,NA,"Chemagen","Los_Angeles",4,NA,NA,NA,NA,NA,NA,NA,NA,NA,NA,NA,"IBD",1.94825573588731,7.632015
"CSM5MCUC_P","HMP_2019_ibdmdb","C3004","stool","IBD","IBD","adult","USA","no","IlluminaHiSeq","29311644",53307870,5181819566,54,101,"Paolo_Manghi","UC",47,"female",NA,57,"no",NA,NA,NA,"Chemagen","Los_Angeles",5,NA,NA,NA,NA,NA,NA,NA,NA,NA,NA,NA,"IBD",1.9492408122283,8.423695
"CSM79HLK","HMP_2019_ibdmdb","C3004","stool","IBD","IBD","adult","USA","no","IlluminaHiSeq","31142855",8369262,773906376,50,101,"Paolo_Manghi","UC",47,"female",NA,322,"no",NA,NA,NA,"Chemagen","Los_Angeles",27,NA,NA,NA,NA,NA,NA,NA,NA,NA,NA,NA,"IBD",2.23939451028928,6.439385
"CSM67UDR","HMP_2019_ibdmdb","C3004","stool","IBD","IBD","adult","USA","no","IlluminaHiSeq","31142855",10145090,950400325,50,101,"Paolo_Manghi","UC",47,"female",NA,210,"no",NA,NA,NA,"Chemagen","Los_Angeles",18,NA,NA,NA,NA,NA,NA,NA,NA,NA,NA,NA,"IBD",2.24584774890113,5.688765
"CSM67UDY","HMP_2019_ibdmdb","C3004","stool","IBD","IBD","adult","USA","no","IlluminaHiSeq","31142855",14608854,1347253827,50,101,"Paolo_Manghi","UC",47,"female",NA,238,"no",NA,NA,NA,"Chemagen","Los_Angeles",20,NA,NA,NA,NA,NA,NA,NA,NA,NA,NA,NA,"IBD",2.10908003218756,7.286745
"CSM67UDR_TR","HMP_2019_ibdmdb","C3004","stool","IBD","IBD","adult","USA","no","IlluminaHiSeq","31142855",16004812,1512213288,50,101,"Paolo_Manghi","UC",47,"female",NA,210,"no",NA,NA,NA,"Chemagen","Los_Angeles",18,NA,NA,NA,NA,NA,NA,NA,NA,NA,NA,NA,"IBD",2.40946090836049,6.520035
"CSM79HLA_TR","HMP_2019_ibdmdb","C3004","stool","IBD","IBD","adult","USA","no","IlluminaHiSeq","31142855",16895596,1606192251,50,101,"Paolo_Manghi","UC",47,"female",NA,252,"no",NA,NA,NA,"Chemagen","Los_Angeles",22,NA,NA,NA,NA,NA,NA,NA,NA,NA,NA,NA,"IBD",2.7195758370363,9.420585
"CSM79HLE","HMP_2019_ibdmdb","C3004","stool","IBD","IBD","adult","USA","no","IlluminaHiSeq","31142855",17532246,1609927653,50,101,"Paolo_Manghi","UC",47,"female",NA,280,"no",NA,NA,NA,"Chemagen","Los_Angeles",24,NA,NA,NA,NA,NA,NA,NA,NA,NA,NA,NA,"IBD",2.0013783397451,6.099835
"CSM67UDF","HMP_2019_ibdmdb","C3004","stool","IBD","IBD","adult","USA","no","IlluminaHiSeq","31142855",18593984,1715107991,50,101,"Paolo_Manghi","UC",47,"female",NA,169,"no",NA,NA,NA,"Chemagen","Los_Angeles",15,NA,NA,NA,NA,NA,NA,NA,NA,NA,NA,NA,"IBD",2.16720211697652,7.331455
"CSM5MCXR","HMP_2019_ibdmdb","C3004","stool","IBD","IBD","adult","USA","no","IlluminaHiSeq","31142855",19619222,1735977455,50,100,"Paolo_Manghi","UC",47,"female",NA,155,"no",NA,NA,NA,"Chemagen","Los_Angeles",13,NA,NA,NA,NA,NA,NA,NA,NA,NA,NA,NA,"IBD",2.26371234731992,8.228465
"CSM67UDN","HMP_2019_ibdmdb","C3004","stool","IBD","IBD","adult","USA","no","IlluminaHiSeq","31142855",20851554,1921794364,50,101,"Paolo_Manghi","UC",47,"female",NA,196,"no",NA,NA,NA,"Chemagen","Los_Angeles",17,NA,NA,NA,NA,NA,NA,NA,NA,NA,NA,NA,"IBD",2.14514242780321,7.273275
"CSM79HLG","HMP_2019_ibdmdb","C3004","stool","IBD","IBD","adult","USA","no","IlluminaHiSeq","31142855",21309568,1918057914,50,101,"Paolo_Manghi","UC",47,"female",NA,266,"no",NA,NA,NA,"Chemagen","Los_Angeles",23,NA,NA,NA,NA,NA,NA,NA,NA,NA,NA,NA,"IBD",2.52574008995382,8.050415
"CSM5MCXJ","HMP_2019_ibdmdb","C3004","stool","IBD","IBD","adult","USA","no","IlluminaHiSeq","31142855",22264618,2050988194,50,101,"Paolo_Manghi","UC",47,"female",NA,98,"no",NA,NA,NA,"Chemagen","Los_Angeles",9,NA,NA,NA,NA,NA,NA,NA,NA,NA,NA,NA,"IBD",2.0342705866545,7.165645
"CSM79HLI","HMP_2019_ibdmdb","C3004","stool","IBD","IBD","adult","USA","no","IlluminaHiSeq","31142855",22362010,2061399056,50,101,"Paolo_Manghi","UC",47,"female",NA,308,"no",NA,NA,NA,"Chemagen","Los_Angeles",26,NA,NA,NA,NA,NA,NA,NA,NA,NA,NA,NA,"IBD",1.95957761833419,7.044445
"CSM5MCXN","HMP_2019_ibdmdb","C3004","stool","IBD","IBD","adult","USA","no","IlluminaHiSeq","31142855",23731978,2197826679,50,101,"Paolo_Manghi","UC",47,"female",NA,126,"no",NA,NA,NA,"Chemagen","Los_Angeles",11,NA,NA,NA,NA,NA,NA,NA,NA,NA,NA,NA,"IBD",2.53939285350231,8.567565
"CSM67UDJ","HMP_2019_ibdmdb","C3004","stool","IBD","IBD","adult","USA","no","IlluminaHiSeq","31142855",24122850,2205597992,50,101,"Paolo_Manghi","UC",47,"female",NA,183,"no",NA,NA,NA,"Chemagen","Los_Angeles",16,NA,NA,NA,NA,NA,NA,NA,NA,NA,NA,NA,"IBD",2.10262804644679,7.745185
"CSM5MCXH","HMP_2019_ibdmdb","C3004","stool","IBD","IBD","adult","USA","no","IlluminaHiSeq","31142855",24528504,2263106015,50,101,"Paolo_Manghi","UC",47,"female",NA,91,"no",NA,NA,NA,"Chemagen","Los_Angeles",8,NA,NA,NA,NA,NA,NA,NA,NA,NA,NA,NA,"IBD",1.86888020635713,6.563485
"CSM79HLA","HMP_2019_ibdmdb","C3004","stool","IBD","IBD","adult","USA","no","IlluminaHiSeq","31142855",25000138,2267607905,50,101,"Paolo_Manghi","UC",47,"female",NA,252,"no",NA,NA,NA,"Chemagen","Los_Angeles",22,NA,NA,NA,NA,NA,NA,NA,NA,NA,NA,NA,"IBD",2.99240410976181,9.759925
"CSM5MCXP","HMP_2019_ibdmdb","C3004","stool","IBD","IBD","adult","USA","no","IlluminaHiSeq","31142855",26575974,2434919894,50,101,"Paolo_Manghi","UC",47,"female",NA,140,"no",NA,NA,NA,"Chemagen","Los_Angeles",12,NA,NA,NA,NA,NA,NA,NA,NA,NA,NA,NA,"IBD",2.36315594828304,8.187985
"CSM79HLC","HMP_2019_ibdmdb","C3004","stool","IBD","IBD","adult","USA","no","IlluminaHiSeq","31142855",26851166,2460750246,50,101,"Paolo_Manghi","UC",47,"female",NA,300,"no",NA,NA,NA,"Chemagen","Los_Angeles",25,NA,NA,NA,NA,NA,NA,NA,NA,NA,NA,NA,"IBD",2.06687073391679,8.11110499999999
"CSM5MCXL","HMP_2019_ibdmdb","C3004","stool","IBD","IBD","adult","USA","no","IlluminaHiSeq","31142855",28607924,2635979010,50,101,"Paolo_Manghi","UC",47,"female",NA,113,"no",NA,NA,NA,"Chemagen","Los_Angeles",10,NA,NA,NA,NA,NA,NA,NA,NA,NA,NA,NA,"IBD",2.22139146276384,7.95994499999999
"CSM5MCUS_P","HMP_2019_ibdmdb","C3005","stool","IBD","IBD","senior","USA","no","IlluminaHiSeq","29311644",31243708,3029732093,50,101,"Paolo_Manghi","UC",76,"female",NA,15,"no",NA,NA,30.9,"Chemagen","Los_Angeles",2,NA,NA,NA,NA,NA,NA,NA,NA,NA,NA,NA,"IBD",2.68843355189173,9.585685
"CSM5MCUW_P","HMP_2019_ibdmdb","C3005","stool","IBD","IBD","senior","USA","no","IlluminaHiSeq","29311644",38565482,3753473483,50,101,"Paolo_Manghi","UC",76,"female",NA,42,"no",NA,NA,30.9,"Chemagen","Los_Angeles",4,NA,NA,NA,NA,NA,NA,NA,NA,NA,NA,NA,"IBD",2.45605593540751,9.378415
"CSM5MCUQ_P","HMP_2019_ibdmdb","C3005","stool","IBD","IBD","senior","USA","no","IlluminaHiSeq","29311644",42091820,4155790407,55,101,"Paolo_Manghi","UC",76,"female",NA,0,"no",NA,NA,30.9,"Chemagen","Los_Angeles",1,NA,NA,NA,NA,NA,NA,NA,NA,NA,NA,NA,"IBD",2.66181599849686,11.48767
"CSM5MCUY_P","HMP_2019_ibdmdb","C3005","stool","IBD","IBD","senior","USA","no","IlluminaHiSeq","29311644",53081158,5161713917,50,101,"Paolo_Manghi","UC",76,"female",NA,52,"no",NA,NA,30.9,"Chemagen","Los_Angeles",5,NA,NA,NA,NA,NA,NA,NA,NA,NA,NA,NA,"IBD",2.39188094134907,8.941765
"CSM67UEM","HMP_2019_ibdmdb","C3005","stool","IBD","IBD","senior","USA","no","IlluminaHiSeq","31142855",18667286,1713060885,50,101,"Paolo_Manghi","UC",76,"female",NA,224,"no",NA,NA,30.9,"Chemagen","Los_Angeles",18,NA,NA,NA,NA,NA,NA,NA,NA,NA,NA,NA,"IBD",2.24556670029912,4.831645
"CSM67UEA","HMP_2019_ibdmdb","C3005","stool","IBD","IBD","senior","USA","no","IlluminaHiSeq","31142855",19494310,1789372482,50,101,"Paolo_Manghi","UC",76,"female",NA,182,"no",NA,NA,30.9,"Chemagen","Los_Angeles",16,NA,NA,NA,NA,NA,NA,NA,NA,NA,NA,NA,"IBD",2.47864142804964,7.146265
"CSM67UE7","HMP_2019_ibdmdb","C3005","stool","IBD","IBD","senior","USA","no","IlluminaHiSeq","31142855",19642840,1828366741,50,101,"Paolo_Manghi","UC",76,"female",NA,168,"no",NA,NA,30.9,"Chemagen","Los_Angeles",15,NA,NA,NA,NA,NA,NA,NA,NA,NA,NA,NA,"IBD",2.375224542668,7.98264499999999
"CSM5MCY4","HMP_2019_ibdmdb","C3005","stool","IBD","IBD","senior","USA","no","IlluminaHiSeq","31142855",19706018,1818209649,50,101,"Paolo_Manghi","UC",76,"female",NA,71,"no",NA,NA,30.9,"Chemagen","Los_Angeles",7,NA,NA,NA,NA,NA,NA,NA,NA,NA,NA,NA,"IBD",2.45441027377498,9.024455
"CSM79HO1","HMP_2019_ibdmdb","C3005","stool","IBD","IBD","senior","USA","no","IlluminaHiSeq","31142855",20226584,1848418369,50,101,"Paolo_Manghi","UC",76,"female",NA,253,"no",NA,NA,30.9,"Chemagen","Los_Angeles",22,NA,NA,NA,NA,NA,NA,NA,NA,NA,NA,NA,"IBD",2.3158024297093,5.739065
"CSM67UEI","HMP_2019_ibdmdb","C3005","stool","IBD","IBD","senior","USA","no","IlluminaHiSeq","31142855",24651694,2261511731,50,101,"Paolo_Manghi","UC",76,"female",NA,240,"no",NA,NA,30.9,"Chemagen","Los_Angeles",21,NA,NA,NA,NA,NA,NA,NA,NA,NA,NA,NA,"IBD",2.75925889598617,7.473955
"CSM67UE3","HMP_2019_ibdmdb","C3005","stool","IBD","IBD","senior","USA","no","IlluminaHiSeq","31142855",26146956,2385585982,50,101,"Paolo_Manghi","UC",76,"female",NA,155,"no",NA,NA,30.9,"Chemagen","Los_Angeles",14,NA,NA,NA,NA,NA,NA,NA,NA,NA,NA,NA,"IBD",2.49725405441048,8.322015
"CSM5MCY8","HMP_2019_ibdmdb","C3005","stool","IBD","IBD","senior","USA","no","IlluminaHiSeq","31142855",33579754,3089118126,50,101,"Paolo_Manghi","UC",76,"female",NA,98,"no",NA,NA,30.9,"Chemagen","Los_Angeles",9,NA,NA,NA,NA,NA,NA,NA,NA,NA,NA,NA,"IBD",2.45625076088287,9.490595
"CSM5MCTZ_P","HMP_2019_ibdmdb","C3006","stool","IBD","IBD","adult","USA","no","IlluminaHiSeq","29311644",37845160,3749804663,55,101,"Paolo_Manghi","UC",32,"male",NA,0,"no",NA,NA,20.1,"Chemagen","Los_Angeles",1,NA,NA,NA,NA,NA,NA,NA,NA,NA,NA,NA,"IBD",2.53410697903039,9.582575
"CSM5MCUG_P","HMP_2019_ibdmdb","C3006","stool","IBD","IBD","adult","USA","no","IlluminaHiSeq","29311644",42045744,4162329659,55,101,"Paolo_Manghi","UC",32,"male",NA,12,"no",NA,NA,20.1,"Chemagen","Los_Angeles",2,NA,NA,NA,NA,NA,NA,NA,NA,NA,NA,NA,"IBD",2.18089226783236,9.585805
"CSM5MCUK_P","HMP_2019_ibdmdb","C3006","stool","IBD","IBD","adult","USA","no","IlluminaHiSeq","29311644",50257662,4975198156,55,101,"Paolo_Manghi","UC",32,"male",NA,42,"no",NA,NA,20.1,"Chemagen","Los_Angeles",4,NA,NA,NA,NA,NA,NA,NA,NA,NA,NA,NA,"IBD",2.39026523456279,10.141285
"CSM79HMN","HMP_2019_ibdmdb","C3006","stool","IBD","IBD","adult","USA","no","IlluminaHiSeq","31142855",15455354,1403702746,50,101,"Paolo_Manghi","UC",32,"male",NA,250,"no",NA,NA,20.1,"Chemagen","Los_Angeles",22,NA,NA,NA,NA,NA,NA,NA,NA,NA,NA,NA,"IBD",2.45976349892821,8.458235
"CSM79HMP","HMP_2019_ibdmdb","C3006","stool","IBD","IBD","adult","USA","no","IlluminaHiSeq","31142855",17897846,1637954064,50,101,"Paolo_Manghi","UC",32,"male",NA,265,"no",NA,NA,20.1,"Chemagen","Los_Angeles",23,NA,NA,NA,NA,NA,NA,NA,NA,NA,NA,NA,"IBD",2.62603070197178,9.282265
"CSM79HMT","HMP_2019_ibdmdb","C3006","stool","IBD","IBD","adult","USA","no","IlluminaHiSeq","31142855",20956232,1936677404,50,101,"Paolo_Manghi","UC",32,"male",NA,292,"no",NA,NA,20.1,"Chemagen","Los_Angeles",25,NA,NA,NA,NA,NA,NA,NA,NA,NA,NA,NA,"IBD",2.35811497826809,8.600795
"CSM67UFZ","HMP_2019_ibdmdb","C3006","stool","IBD","IBD","adult","USA","no","IlluminaHiSeq","31142855",23094966,2137552772,50,101,"Paolo_Manghi","UC",32,"male",NA,180,"no",NA,NA,20.1,"Chemagen","Los_Angeles",16,NA,NA,NA,NA,NA,NA,NA,NA,NA,NA,NA,"IBD",2.19945074344756,8.878545
"CSM67UFV","HMP_2019_ibdmdb","C3006","stool","IBD","IBD","adult","USA","no","IlluminaHiSeq","31142855",23792920,2223199770,50,101,"Paolo_Manghi","UC",32,"male",NA,167,"no",NA,NA,20.1,"Chemagen","Los_Angeles",15,NA,NA,NA,NA,NA,NA,NA,NA,NA,NA,NA,"IBD",2.54589470581993,10.230975
"CSM5MCX3","HMP_2019_ibdmdb","C3006","stool","IBD","IBD","adult","USA","no","IlluminaHiSeq","31142855",26832010,2452975529,50,101,"Paolo_Manghi","UC",32,"male",NA,110,"no",NA,NA,20.1,"Chemagen","Los_Angeles",10,NA,NA,NA,NA,NA,NA,NA,NA,NA,NA,NA,"IBD",2.63760105968416,10.300785
"CSM67UG8","HMP_2019_ibdmdb","C3006","stool","IBD","IBD","adult","USA","no","IlluminaHiSeq","31142855",27594582,2564195702,50,101,"Paolo_Manghi","UC",32,"male",NA,236,"no",NA,NA,20.1,"Chemagen","Los_Angeles",20,NA,NA,NA,NA,NA,NA,NA,NA,NA,NA,NA,"IBD",2.48564410347828,9.506665
"CSM5MCUO","HMP_2019_ibdmdb","C3006","stool","IBD","IBD","adult","USA","no","IlluminaHiSeq","31142855",31554140,2921912486,50,101,"Paolo_Manghi","UC",32,"male",NA,69,"no",NA,NA,20.1,"Chemagen","Los_Angeles",6,NA,NA,NA,NA,NA,NA,NA,NA,NA,NA,NA,"IBD",2.55350540001818,8.951705
"CSM5MCV5_P","HMP_2019_ibdmdb","C3007","stool","IBD","IBD","adult","USA","no","IlluminaHiSeq","29311644",11633702,1122276398,50,101,"Paolo_Manghi","CD",NA,"female",NA,41,"no",NA,NA,NA,"Chemagen","Los_Angeles",4,NA,NA,NA,NA,NA,NA,NA,NA,NA,NA,NA,"IBD",2.35549558354958,6.987235
"CSM5MCVB_P","HMP_2019_ibdmdb","C3007","stool","IBD","IBD","adult","USA","no","IlluminaHiSeq","29311644",25931958,2531742358,50,101,"Paolo_Manghi","CD",NA,"female",NA,0,"no",NA,NA,NA,"Chemagen","Los_Angeles",1,NA,NA,NA,NA,NA,NA,NA,NA,NA,NA,NA,"IBD",0.608507454788658,4.272845
"CSM5MCV1_P","HMP_2019_ibdmdb","C3007","stool","IBD","IBD","adult","USA","no","IlluminaHiSeq","29311644",27735946,2694566912,50,101,"Paolo_Manghi","CD",NA,"female",NA,6,"no",NA,NA,NA,"Chemagen","Los_Angeles",2,NA,NA,NA,NA,NA,NA,NA,NA,NA,NA,NA,"IBD",1.31037081422431,3.765545
"CSM5MCW4_P","HMP_2019_ibdmdb","C3008","stool","IBD","IBD","adult","USA","no","IlluminaHiSeq","29311644",28509320,2784589976,50,101,"Paolo_Manghi","CD",53,"female",NA,49,"yes",NA,NA,21.7,"Chemagen","Los_Angeles",4,NA,NA,NA,NA,NA,NA,NA,NA,NA,NA,NA,"IBD",0.645904655753827,6.050295
"CSM5MCU4_P","HMP_2019_ibdmdb","C3008","stool","IBD","IBD","adult","USA","no","IlluminaHiSeq","29311644",35020072,3406730349,50,101,"Paolo_Manghi","CD",53,"female",NA,0,"yes",NA,NA,21.7,"Chemagen","Los_Angeles",1,NA,NA,NA,NA,NA,NA,NA,NA,NA,NA,NA,"IBD",1.24668213307798,6.101815
"CSM5MCVZ_P","HMP_2019_ibdmdb","C3008","stool","IBD","IBD","adult","USA","no","IlluminaHiSeq","29311644",35220998,3435325837,50,101,"Paolo_Manghi","CD",53,"female",NA,28,"yes",NA,NA,21.7,"Chemagen","Los_Angeles",3,NA,NA,NA,NA,NA,NA,NA,NA,NA,NA,NA,"IBD",0.722634804097155,6.210565
"CSM5MCW6","HMP_2019_ibdmdb","C3008","stool","IBD","IBD","adult","USA","no","IlluminaHiSeq","31142855",18135302,1652195890,50,101,"Paolo_Manghi","CD",53,"female",NA,56,"yes",NA,NA,21.7,"Chemagen","Los_Angeles",5,NA,NA,NA,NA,NA,NA,NA,NA,NA,NA,NA,"IBD",1.05991012184509,5.799825
"CSM79HQB","HMP_2019_ibdmdb","C3008","stool","IBD","IBD","adult","USA","no","IlluminaHiSeq","31142855",19586724,1765953691,50,101,"Paolo_Manghi","CD",53,"female",NA,267,"yes",NA,NA,21.7,"Chemagen","Los_Angeles",23,NA,NA,NA,NA,NA,NA,NA,NA,NA,NA,NA,"IBD",3.22132090967339,11.103195
"CSM5MCYW","HMP_2019_ibdmdb","C3008","stool","IBD","IBD","adult","USA","no","IlluminaHiSeq","31142855",21021024,1923333836,50,101,"Paolo_Manghi","CD",53,"female",NA,71,"yes",NA,NA,21.7,"Chemagen","Los_Angeles",6,NA,NA,NA,NA,NA,NA,NA,NA,NA,NA,NA,"IBD",1.18331616150462,6.192775
"CSM79HQF","HMP_2019_ibdmdb","C3008","stool","IBD","IBD","adult","USA","no","IlluminaHiSeq","31142855",21180312,1953615210,50,101,"Paolo_Manghi","CD",53,"female",NA,295,"yes",NA,NA,21.7,"Chemagen","Los_Angeles",25,NA,NA,NA,NA,NA,NA,NA,NA,NA,NA,NA,"IBD",0.814796448212884,5.960765
"CSM5MCZ7","HMP_2019_ibdmdb","C3008","stool","IBD","IBD","adult","USA","no","IlluminaHiSeq","31142855",23249348,2134539902,50,101,"Paolo_Manghi","CD",53,"female",NA,190,"yes",NA,NA,21.7,"Chemagen","Los_Angeles",16,NA,NA,NA,NA,NA,NA,NA,NA,NA,NA,NA,"IBD",1.27075667754058,6.006365
"CSM5MCZ3","HMP_2019_ibdmdb","C3008","stool","IBD","IBD","adult","USA","no","IlluminaHiSeq","31142855",23475886,2163230953,50,101,"Paolo_Manghi","CD",53,"female",NA,112,"yes",NA,NA,21.7,"Chemagen","Los_Angeles",10,NA,NA,NA,NA,NA,NA,NA,NA,NA,NA,NA,"IBD",2.00627714628114,6.700425
"CSM79HKT","HMP_2019_ibdmdb","C3008","stool","IBD","IBD","adult","USA","no","IlluminaHiSeq","31142855",24473558,2255559457,50,101,"Paolo_Manghi","CD",53,"female",NA,225,"yes",NA,NA,21.7,"Chemagen","Los_Angeles",19,NA,NA,NA,NA,NA,NA,NA,NA,NA,NA,NA,"IBD",1.05688467039584,6.313935
"CSM5MCZ5","HMP_2019_ibdmdb","C3008","stool","IBD","IBD","adult","USA","no","IlluminaHiSeq","31142855",26290662,2412256965,50,101,"Paolo_Manghi","CD",53,"female",NA,168,"yes",NA,NA,21.7,"Chemagen","Los_Angeles",15,NA,NA,NA,NA,NA,NA,NA,NA,NA,NA,NA,"IBD",1.63396520950288,6.480015
"CSM79HKV","HMP_2019_ibdmdb","C3008","stool","IBD","IBD","adult","USA","no","IlluminaHiSeq","31142855",29418912,2738427683,50,101,"Paolo_Manghi","CD",53,"female",NA,238,"yes",NA,NA,21.7,"Chemagen","Los_Angeles",20,NA,NA,NA,NA,NA,NA,NA,NA,NA,NA,NA,"IBD",1.01006387201385,6.217855
"CSM79HQ9","HMP_2019_ibdmdb","C3008","stool","IBD","IBD","adult","USA","no","IlluminaHiSeq","31142855",41150108,3772580687,50,101,"Paolo_Manghi","CD",53,"female",NA,253,"yes",NA,NA,21.7,"Chemagen","Los_Angeles",22,NA,NA,NA,NA,NA,NA,NA,NA,NA,NA,NA,"IBD",0.533190654819458,5.347815
"CSM5MCWA_P","HMP_2019_ibdmdb","C3009","stool","IBD","IBD","adult","USA","no","IlluminaHiSeq","29311644",35166740,3480298662,50,101,"Paolo_Manghi","CD",56,"male",NA,0,"no",NA,NA,NA,"Chemagen","Los_Angeles",1,NA,NA,NA,NA,NA,NA,NA,NA,NA,NA,NA,"IBD",2.42633222637909,10.179145
"CSM67UAG","HMP_2019_ibdmdb","C3009","stool","IBD","IBD","adult","USA","no","IlluminaHiSeq","31142855",14381412,1314423405,50,101,"Paolo_Manghi","CD",56,"male",NA,126,"no",NA,NA,NA,"Chemagen","Los_Angeles",11,NA,NA,NA,NA,NA,NA,NA,NA,NA,NA,NA,"IBD",2.49736600311741,5.832105
"CSM67UAA","HMP_2019_ibdmdb","C3009","stool","IBD","IBD","adult","USA","no","IlluminaHiSeq","31142855",15403852,1425147587,50,101,"Paolo_Manghi","CD",56,"male",NA,84,"no",NA,NA,NA,"Chemagen","Los_Angeles",8,NA,NA,NA,NA,NA,NA,NA,NA,NA,NA,NA,"IBD",2.2412263550584,8.965145
"CSM7KOJE","HMP_2019_ibdmdb","C3009","stool","IBD","IBD","adult","USA","no","IlluminaHiSeq","31142855",19408090,1761239278,50,101,"Paolo_Manghi","CD",56,"male",NA,224,"no",NA,NA,NA,"Chemagen","Los_Angeles",20,NA,NA,NA,NA,NA,NA,NA,NA,NA,NA,NA,"IBD",2.2450962404945,5.152465
"CSM5MCWG","HMP_2019_ibdmdb","C3009","stool","IBD","IBD","adult","USA","no","IlluminaHiSeq","31142855",23069976,2107274979,50,101,"Paolo_Manghi","CD",56,"male",NA,42,"yes",NA,NA,NA,"Chemagen","Los_Angeles",4,NA,NA,NA,NA,NA,NA,NA,NA,NA,NA,NA,"IBD",0.63405941871512,2.307585
"CSM79HI7","HMP_2019_ibdmdb","C3009","stool","IBD","IBD","adult","USA","no","IlluminaHiSeq","31142855",23629384,2182940786,50,101,"Paolo_Manghi","CD",56,"male",NA,182,"no",NA,NA,NA,"Chemagen","Los_Angeles",15,NA,NA,NA,NA,NA,NA,NA,NA,NA,NA,NA,"IBD",2.23812627723397,4.827725
"CSM7KOJO","HMP_2019_ibdmdb","C3009","stool","IBD","IBD","adult","USA","no","IlluminaHiSeq","31142855",23680774,2165933759,50,101,"Paolo_Manghi","CD",56,"male",NA,295,"no",NA,NA,NA,"Chemagen","Los_Angeles",25,NA,NA,NA,NA,NA,NA,NA,NA,NA,NA,NA,"IBD",1.87025584103954,4.834885
"CSM5MCWC","HMP_2019_ibdmdb","C3009","stool","IBD","IBD","adult","USA","no","IlluminaHiSeq","31142855",23859834,2185986172,50,101,"Paolo_Manghi","CD",56,"male",NA,14,"no",NA,NA,NA,"Chemagen","Los_Angeles",2,NA,NA,NA,NA,NA,NA,NA,NA,NA,NA,NA,"IBD",1.4128305145187,6.706785
"CSM5MCWE","HMP_2019_ibdmdb","C3009","stool","IBD","IBD","adult","USA","no","IlluminaHiSeq","31142855",25586106,2357685670,50,101,"Paolo_Manghi","CD",56,"male",NA,29,"no",NA,NA,NA,"Chemagen","Los_Angeles",3,NA,NA,NA,NA,NA,NA,NA,NA,NA,NA,NA,"IBD",1.88617686640044,5.478885
"CSM79HIB","HMP_2019_ibdmdb","C3009","stool","IBD","IBD","adult","USA","no","IlluminaHiSeq","31142855",26808126,2484447317,50,101,"Paolo_Manghi","CD",56,"male",NA,211,"no",NA,NA,NA,"Chemagen","Los_Angeles",18,NA,NA,NA,NA,NA,NA,NA,NA,NA,NA,NA,"IBD",1.84728572323057,6.131285
"CSM7KOJG","HMP_2019_ibdmdb","C3009","stool","IBD","IBD","adult","USA","no","IlluminaHiSeq","31142855",30818640,2841790997,50,101,"Paolo_Manghi","CD",56,"male",NA,238,"no",NA,NA,NA,"Chemagen","Los_Angeles",21,NA,NA,NA,NA,NA,NA,NA,NA,NA,NA,NA,"IBD",2.33213508179314,7.343875
"CSM79HI3","HMP_2019_ibdmdb","C3009","stool","IBD","IBD","adult","USA","no","IlluminaHiSeq","31142855",31821108,2966619921,50,101,"Paolo_Manghi","CD",56,"male",NA,154,"no",NA,NA,NA,"Chemagen","Los_Angeles",13,NA,NA,NA,NA,NA,NA,NA,NA,NA,NA,NA,"IBD",2.00523514099899,4.926965
"CSM5MCXZ_P","HMP_2019_ibdmdb","C3010","stool","IBD","IBD","adult","USA","no","IlluminaHiSeq","29311644",22275708,2174869156,51,101,"Paolo_Manghi","CD",51,"female",NA,55,"yes",NA,NA,50.2,"Chemagen","Los_Angeles",5,NA,NA,NA,NA,NA,NA,NA,NA,NA,NA,NA,"IBD",2.33787635015287,6.245845
"CSM5MCXX_P","HMP_2019_ibdmdb","C3010","stool","IBD","IBD","adult","USA","no","IlluminaHiSeq","29311644",27445248,2721184610,51,101,"Paolo_Manghi","CD",51,"female",NA,41,"no",NA,NA,50.2,"Chemagen","Los_Angeles",4,NA,NA,NA,NA,NA,NA,NA,NA,NA,NA,NA,"IBD",2.47568422276317,10.032035
"CSM5MCWK_P","HMP_2019_ibdmdb","C3010","stool","IBD","IBD","adult","USA","no","IlluminaHiSeq","29311644",33728662,3334895375,55,101,"Paolo_Manghi","CD",51,"female",NA,0,"no",NA,NA,50.2,"Chemagen","Los_Angeles",1,NA,NA,NA,NA,NA,NA,NA,NA,NA,NA,NA,"IBD",2.41884020572274,9.448295
"CSM5MCXT","HMP_2019_ibdmdb","C3010","stool","IBD","IBD","adult","USA","no","IlluminaHiSeq","31142855",8677078,799854859,50,101,"Paolo_Manghi","CD",51,"female",NA,15,"no",NA,NA,50.2,"Chemagen","Los_Angeles",2,NA,NA,NA,NA,NA,NA,NA,NA,NA,NA,NA,"IBD",2.48505082022356,6.807965
"CSM7KOLE","HMP_2019_ibdmdb","C3010","stool","IBD","IBD","adult","USA","no","IlluminaHiSeq","31142855",12859678,1175970177,50,101,"Paolo_Manghi","CD",51,"female",NA,321,"no",NA,NA,50.2,"Chemagen","Los_Angeles",27,NA,NA,NA,NA,NA,NA,NA,NA,NA,NA,NA,"IBD",2.29965694855013,7.243145
"CSM5MCY2","HMP_2019_ibdmdb","C3010","stool","IBD","IBD","adult","USA","no","IlluminaHiSeq","31142855",15749416,1433094814,50,101,"Paolo_Manghi","CD",51,"female",NA,69,"no",NA,NA,50.2,"Chemagen","Los_Angeles",6,NA,NA,NA,NA,NA,NA,NA,NA,NA,NA,NA,"IBD",2.43045521307598,8.356865
"CSM67UCK","HMP_2019_ibdmdb","C3010","stool","IBD","IBD","adult","USA","no","IlluminaHiSeq","31142855",15818712,1422974506,50,101,"Paolo_Manghi","CD",51,"female",NA,113,"yes",NA,NA,50.2,"Chemagen","Los_Angeles",10,NA,NA,NA,NA,NA,NA,NA,NA,NA,NA,NA,"IBD",2.51806259991995,6.372645
"CSM79HOF","HMP_2019_ibdmdb","C3010","stool","IBD","IBD","adult","USA","no","IlluminaHiSeq","31142855",15840582,1435354887,50,101,"Paolo_Manghi","CD",51,"female",NA,223,"no",NA,NA,50.2,"Chemagen","Los_Angeles",19,NA,NA,NA,NA,NA,NA,NA,NA,NA,NA,NA,"IBD",2.53713532850745,7.142655
"CSM79HKB","HMP_2019_ibdmdb","C3010","stool","IBD","IBD","adult","USA","no","IlluminaHiSeq","31142855",17008100,1579181605,50,101,"Paolo_Manghi","CD",51,"female",NA,188,"yes",NA,NA,50.2,"Chemagen","Los_Angeles",15,NA,NA,NA,NA,NA,NA,NA,NA,NA,NA,NA,"IBD",2.20362924015981,6.114635
"CSM5MCXV","HMP_2019_ibdmdb","C3010","stool","IBD","IBD","adult","USA","no","IlluminaHiSeq","31142855",21342052,1972572302,50,101,"Paolo_Manghi","CD",51,"female",NA,28,"no",NA,NA,50.2,"Chemagen","Los_Angeles",3,NA,NA,NA,NA,NA,NA,NA,NA,NA,NA,NA,"IBD",2.40734380138188,8.193915
"CSM79HK9","HMP_2019_ibdmdb","C3010","stool","IBD","IBD","adult","USA","no","IlluminaHiSeq","31142855",21854624,1981391133,50,101,"Paolo_Manghi","CD",51,"female",NA,167,"no",NA,NA,50.2,"Chemagen","Los_Angeles",13,NA,NA,NA,NA,NA,NA,NA,NA,NA,NA,NA,"IBD",2.40177524011545,7.996135
"CSM7KOLA","HMP_2019_ibdmdb","C3010","stool","IBD","IBD","adult","USA","no","IlluminaHiSeq","31142855",26506736,2414153428,50,101,"Paolo_Manghi","CD",51,"female",NA,293,"no",NA,NA,50.2,"Chemagen","Los_Angeles",25,NA,NA,NA,NA,NA,NA,NA,NA,NA,NA,NA,"IBD",2.75946560465784,9.994775
"CSM7KOL4","HMP_2019_ibdmdb","C3010","stool","IBD","IBD","adult","USA","no","IlluminaHiSeq","31142855",29285792,2680728168,50,101,"Paolo_Manghi","CD",51,"female",NA,251,"no",NA,NA,50.2,"Chemagen","Los_Angeles",22,NA,NA,NA,NA,NA,NA,NA,NA,NA,NA,NA,"IBD",2.36218195664889,7.418555
"CSM79HOH","HMP_2019_ibdmdb","C3010","stool","IBD","IBD","adult","USA","no","IlluminaHiSeq","31142855",34267148,3183064202,50,101,"Paolo_Manghi","CD",51,"female",NA,237,"no",NA,NA,50.2,"Chemagen","Los_Angeles",20,NA,NA,NA,NA,NA,NA,NA,NA,NA,NA,NA,"IBD",2.21599135947836,8.500755
"CSM67UET_P","HMP_2019_ibdmdb","C3011","stool","IBD","IBD","adult","USA","no","IlluminaHiSeq","29311644",5093978,498133564,51,101,"Paolo_Manghi","UC",37,"female",NA,90,"no",NA,NA,41.5,"Chemagen","Los_Angeles",9,NA,NA,NA,NA,NA,NA,NA,NA,NA,NA,NA,"IBD",2.36970108059213,7.001435
"CSM79HM5_P","HMP_2019_ibdmdb","C3011","stool","IBD","IBD","adult","USA","no","IlluminaHiSeq","29311644",6590738,645180570,50,101,"Paolo_Manghi","UC",37,"female",NA,218,"no",NA,NA,41.5,"Chemagen","Los_Angeles",20,NA,NA,NA,NA,NA,NA,NA,NA,NA,NA,NA,"IBD",2.47708375728012,6.998565
"CSM67UEP_P","HMP_2019_ibdmdb","C3011","stool","IBD","IBD","adult","USA","no","IlluminaHiSeq","29311644",12901110,1259437917,50,101,"Paolo_Manghi","UC",37,"female",NA,72,"no",NA,NA,41.5,"Chemagen","Los_Angeles",8,NA,NA,NA,NA,NA,NA,NA,NA,NA,NA,NA,"IBD",2.75509141079145,8.188385
"CSM79HQT_P","HMP_2019_ibdmdb","C3011","stool","IBD","IBD","adult","USA","no","IlluminaHiSeq","29311644",20405160,1987302224,51,101,"Paolo_Manghi","UC",37,"female",NA,194,"no",NA,NA,41.5,"Chemagen","Los_Angeles",18,NA,NA,NA,NA,NA,NA,NA,NA,NA,NA,NA,"IBD",2.81647210678129,9.535075
"CSM5MCYI_P","HMP_2019_ibdmdb","C3011","stool","IBD","IBD","adult","USA","no","IlluminaHiSeq","29311644",20742162,2056055631,51,101,"Paolo_Manghi","UC",37,"female",NA,9,"no",NA,NA,41.5,"Chemagen","Los_Angeles",2,NA,NA,NA,NA,NA,NA,NA,NA,NA,NA,NA,"IBD",2.62639581651735,8.777515
"CSM7KOMR_P","HMP_2019_ibdmdb","C3011","stool","IBD","IBD","adult","USA","no","IlluminaHiSeq","29311644",21149048,2069250618,51,101,"Paolo_Manghi","UC",37,"female",NA,279,"no",NA,NA,41.5,"Chemagen","Los_Angeles",25,NA,NA,NA,NA,NA,NA,NA,NA,NA,NA,NA,"IBD",2.67104686246487,10.033515
"CSM67UEW_P","HMP_2019_ibdmdb","C3011","stool","IBD","IBD","adult","USA","no","IlluminaHiSeq","29311644",22322674,2211110268,51,101,"Paolo_Manghi","UC",37,"female",NA,103,"no",NA,NA,41.5,"Chemagen","Los_Angeles",10,NA,NA,NA,NA,NA,NA,NA,NA,NA,NA,NA,"IBD",2.5309209903747,8.155495
"CSM5MCYO_P","HMP_2019_ibdmdb","C3011","stool","IBD","IBD","adult","USA","no","IlluminaHiSeq","29311644",22779968,2258074289,51,101,"Paolo_Manghi","UC",37,"female",NA,43,"no",NA,NA,41.5,"Chemagen","Los_Angeles",5,NA,NA,NA,NA,NA,NA,NA,NA,NA,NA,NA,"IBD",2.99587121047283,11.539505
"CSM7KOMV_P","HMP_2019_ibdmdb","C3011","stool","IBD","IBD","adult","USA","no","IlluminaHiSeq","29311644",23156124,2262295454,50,101,"Paolo_Manghi","UC",37,"female",NA,314,"no",NA,NA,41.5,"Chemagen","Los_Angeles",27,NA,NA,NA,NA,NA,NA,NA,NA,NA,NA,NA,"IBD",2.91833789531825,9.425325
"CSM5MCXB_P","HMP_2019_ibdmdb","C3011","stool","IBD","IBD","adult","USA","no","IlluminaHiSeq","29311644",27251912,2687468554,52,101,"Paolo_Manghi","UC",37,"female",NA,0,"no",NA,NA,41.5,"Chemagen","Los_Angeles",1,NA,NA,NA,NA,NA,NA,NA,NA,NA,NA,NA,"IBD",2.73204623904629,10.620595
"CSM5MCYM_P","HMP_2019_ibdmdb","C3011","stool","IBD","IBD","adult","USA","no","IlluminaHiSeq","29311644",30420006,3009508908,52,101,"Paolo_Manghi","UC",37,"female",NA,26,"no",NA,NA,41.5,"Chemagen","Los_Angeles",4,NA,NA,NA,NA,NA,NA,NA,NA,NA,NA,NA,"IBD",2.8263157936658,10.392575
"CSM67UF1_P","HMP_2019_ibdmdb","C3011","stool","IBD","IBD","adult","USA","no","IlluminaHiSeq","29311644",31698380,3142109440,50,101,"Paolo_Manghi","UC",37,"female",NA,115,"no",NA,NA,41.5,"Chemagen","Los_Angeles",11,NA,NA,NA,NA,NA,NA,NA,NA,NA,NA,NA,"IBD",2.81941743529813,9.260845
"CSM5MCYQ_P","HMP_2019_ibdmdb","C3011","stool","IBD","IBD","adult","USA","no","IlluminaHiSeq","29311644",33225956,3242620316,50,101,"Paolo_Manghi","UC",37,"female",NA,58,"no",NA,NA,41.5,"Chemagen","Los_Angeles",6,NA,NA,NA,NA,NA,NA,NA,NA,NA,NA,NA,"IBD",2.79677750688377,8.659645
"CSM79HM9_P","HMP_2019_ibdmdb","C3011","stool","IBD","IBD","adult","USA","no","IlluminaHiSeq","29311644",36277008,3598914865,51,101,"Paolo_Manghi","UC",37,"female",NA,243,"no",NA,NA,41.5,"Chemagen","Los_Angeles",23,NA,NA,NA,NA,NA,NA,NA,NA,NA,NA,NA,"IBD",2.69956820730531,11.170745
"CSM67UEW_TR","HMP_2019_ibdmdb","C3011","stool","IBD","IBD","adult","USA","no","IlluminaHiSeq","31142855",8529562,813385288,50,101,"Paolo_Manghi","UC",37,"female",NA,103,"no",NA,NA,41.5,"Chemagen","Los_Angeles",10,NA,NA,NA,NA,NA,NA,NA,NA,NA,NA,NA,"IBD",2.5808456923345,8.069575
"CSM67UEW","HMP_2019_ibdmdb","C3011","stool","IBD","IBD","adult","USA","no","IlluminaHiSeq","31142855",8812476,802605971,50,101,"Paolo_Manghi","UC",37,"female",NA,103,"no",NA,NA,41.5,"Chemagen","Los_Angeles",10,NA,NA,NA,NA,NA,NA,NA,NA,NA,NA,NA,"IBD",2.63319486658864,8.040475
"CSM67UF5","HMP_2019_ibdmdb","C3011","stool","IBD","IBD","adult","USA","no","IlluminaHiSeq","31142855",10572078,902926221,50,99,"Paolo_Manghi","UC",37,"female",NA,138,"no",NA,NA,41.5,"Chemagen","Los_Angeles",12,NA,NA,NA,NA,NA,NA,NA,NA,NA,NA,NA,"IBD",2.86289812000328,8.769745
"CSM67UF1","HMP_2019_ibdmdb","C3011","stool","IBD","IBD","adult","USA","no","IlluminaHiSeq","31142855",13782978,1242139874,50,101,"Paolo_Manghi","UC",37,"female",NA,115,"no",NA,NA,41.5,"Chemagen","Los_Angeles",11,NA,NA,NA,NA,NA,NA,NA,NA,NA,NA,NA,"IBD",2.85317886536569,8.393005
"CSM7KOMT","HMP_2019_ibdmdb","C3011","stool","IBD","IBD","adult","USA","no","IlluminaHiSeq","31142855",23719196,2188903487,50,101,"Paolo_Manghi","UC",37,"female",NA,289,"no",NA,NA,41.5,"Chemagen","Los_Angeles",26,NA,NA,NA,NA,NA,NA,NA,NA,NA,NA,NA,"IBD",2.92367193642647,10.552615
"CSM79HM1","HMP_2019_ibdmdb","C3011","stool","IBD","IBD","adult","USA","no","IlluminaHiSeq","31142855",23968436,2215741690,50,101,"Paolo_Manghi","UC",37,"female",NA,174,"no",NA,NA,41.5,"Chemagen","Los_Angeles",16,NA,NA,NA,NA,NA,NA,NA,NA,NA,NA,NA,"IBD",2.7139838164922,9.268265
"CSM7KOMP","HMP_2019_ibdmdb","C3011","stool","IBD","IBD","adult","USA","no","IlluminaHiSeq","31142855",29918470,2745665723,50,101,"Paolo_Manghi","UC",37,"female",NA,261,"no",NA,NA,41.5,"Chemagen","Los_Angeles",24,NA,NA,NA,NA,NA,NA,NA,NA,NA,NA,NA,"IBD",2.87142227407256,11.431485
"CSM79HM7","HMP_2019_ibdmdb","C3011","stool","IBD","IBD","adult","USA","no","IlluminaHiSeq","31142855",30561184,2796637565,50,101,"Paolo_Manghi","UC",37,"female",NA,226,"no",NA,NA,41.5,"Chemagen","Los_Angeles",22,NA,NA,NA,NA,NA,NA,NA,NA,NA,NA,NA,"IBD",2.66141222631609,9.981095
"CSM5MCXF_P","HMP_2019_ibdmdb","C3012","stool","IBD","IBD","adult","USA","no","IlluminaHiSeq","29311644",11930402,1166240011,51,101,"Paolo_Manghi","CD",37,"female",NA,0,"no",NA,NA,46.7,"Chemagen","Los_Angeles",1,NA,NA,NA,NA,NA,NA,NA,NA,NA,NA,NA,"IBD",2.47810774642307,7.117685
"CSM67UGO","HMP_2019_ibdmdb","C3012","stool","IBD","IBD","adult","USA","no","IlluminaHiSeq","31142855",10070376,915327260,50,101,"Paolo_Manghi","CD",37,"female",NA,114,"no",NA,NA,46.7,"Chemagen","Los_Angeles",10,NA,NA,NA,NA,NA,NA,NA,NA,NA,NA,NA,"IBD",2.49057394629792,7.561315
"CSM7KOMZ","HMP_2019_ibdmdb","C3012","stool","IBD","IBD","adult","USA","no","IlluminaHiSeq","31142855",13626820,1235085022,50,101,"Paolo_Manghi","CD",37,"female",NA,267,"no",NA,NA,46.7,"Chemagen","Los_Angeles",23,NA,NA,NA,NA,NA,NA,NA,NA,NA,NA,NA,"IBD",2.46821896064432,6.264835
"CSM7KON2","HMP_2019_ibdmdb","C3012","stool","IBD","IBD","adult","USA","no","IlluminaHiSeq","31142855",14991482,1364390080,50,101,"Paolo_Manghi","CD",37,"female",NA,281,"no",NA,NA,46.7,"Chemagen","Los_Angeles",24,NA,NA,NA,NA,NA,NA,NA,NA,NA,NA,NA,"IBD",2.64396016970466,7.657175
"CSM5MCZF","HMP_2019_ibdmdb","C3012","stool","IBD","IBD","adult","USA","no","IlluminaHiSeq","31142855",18318406,1664608053,50,101,"Paolo_Manghi","CD",37,"female",NA,43,"no",NA,NA,46.7,"Chemagen","Los_Angeles",4,NA,NA,NA,NA,NA,NA,NA,NA,NA,NA,NA,"IBD",2.56751043251509,7.823765
"CSM7KON8","HMP_2019_ibdmdb","C3012","stool","IBD","IBD","adult","USA","no","IlluminaHiSeq","31142855",18675826,1691901005,50,101,"Paolo_Manghi","CD",37,"female",NA,323,"no",NA,NA,46.7,"Chemagen","Los_Angeles",27,NA,NA,NA,NA,NA,NA,NA,NA,NA,NA,NA,"IBD",2.63396155951736,6.823845
"CSM67U9B","HMP_2019_ibdmdb","C3012","stool","IBD","IBD","adult","USA","no","IlluminaHiSeq","31142855",18704764,1750877288,50,101,"Paolo_Manghi","CD",37,"female",NA,57,"no",NA,NA,46.7,"Chemagen","Los_Angeles",5,NA,NA,NA,NA,NA,NA,NA,NA,NA,NA,NA,"IBD",2.68862855608474,7.957785
"CSM67U9D","HMP_2019_ibdmdb","C3012","stool","IBD","IBD","adult","USA","no","IlluminaHiSeq","31142855",20959632,1916830360,50,101,"Paolo_Manghi","CD",37,"female",NA,71,"no",NA,NA,46.7,"Chemagen","Los_Angeles",6,NA,NA,NA,NA,NA,NA,NA,NA,NA,NA,NA,"IBD",2.73949844876663,8.247335
"CSM79HOT","HMP_2019_ibdmdb","C3012","stool","IBD","IBD","adult","USA","no","IlluminaHiSeq","31142855",21392640,1984054794,50,101,"Paolo_Manghi","CD",37,"female",NA,239,"no",NA,NA,46.7,"Chemagen","Los_Angeles",20,NA,NA,NA,NA,NA,NA,NA,NA,NA,NA,NA,"IBD",2.55884824828932,7.383975
"CSM7KOMX","HMP_2019_ibdmdb","C3012","stool","IBD","IBD","adult","USA","no","IlluminaHiSeq","31142855",21971762,2064409964,50,101,"Paolo_Manghi","CD",37,"female",NA,255,"no",NA,NA,46.7,"Chemagen","Los_Angeles",22,NA,NA,NA,NA,NA,NA,NA,NA,NA,NA,NA,"IBD",2.42815008272922,7.077505
"CSM5MCZD","HMP_2019_ibdmdb","C3012","stool","IBD","IBD","adult","USA","no","IlluminaHiSeq","31142855",26722744,2454707660,50,101,"Paolo_Manghi","CD",37,"female",NA,29,"no",NA,NA,46.7,"Chemagen","Los_Angeles",3,NA,NA,NA,NA,NA,NA,NA,NA,NA,NA,NA,"IBD",2.67314450258809,8.642375
"CSM5MCZB","HMP_2019_ibdmdb","C3012","stool","IBD","IBD","adult","USA","no","IlluminaHiSeq","31142855",27806712,2587604149,50,101,"Paolo_Manghi","CD",37,"female",NA,22,"no",NA,NA,46.7,"Chemagen","Los_Angeles",2,NA,NA,NA,NA,NA,NA,NA,NA,NA,NA,NA,"IBD",2.2165417626956,8.148415
"CSM79HOL","HMP_2019_ibdmdb","C3012","stool","IBD","IBD","adult","USA","no","IlluminaHiSeq","31142855",30804022,2849010794,50,101,"Paolo_Manghi","CD",37,"female",NA,183,"no",NA,NA,46.7,"Chemagen","Los_Angeles",16,NA,NA,NA,NA,NA,NA,NA,NA,NA,NA,NA,"IBD",2.55367092506708,8.284625
"CSM79HOJ","HMP_2019_ibdmdb","C3012","stool","IBD","IBD","adult","USA","no","IlluminaHiSeq","31142855",33369540,3055382711,50,101,"Paolo_Manghi","CD",37,"female",NA,170,"no",NA,NA,46.7,"Chemagen","Los_Angeles",15,NA,NA,NA,NA,NA,NA,NA,NA,NA,NA,NA,"IBD",2.17563849950726,7.938955
"CSM79HGJ_P","HMP_2019_ibdmdb","C3013","stool","IBD","IBD","adult","USA","no","IlluminaHiSeq","29311644",2116320,207864647,52,101,"Paolo_Manghi","UC",26,"female",NA,126,"no",NA,NA,22.2,"Chemagen","Los_Angeles",11,NA,NA,NA,NA,NA,NA,NA,NA,NA,NA,NA,"IBD",1.83562073231513,3.676095
"CSM5MCYU_P","HMP_2019_ibdmdb","C3013","stool","IBD","IBD","adult","USA","no","IlluminaHiSeq","29311644",9577004,935929009,51,101,"Paolo_Manghi","UC",26,"female",NA,0,"no",NA,NA,22.2,"Chemagen","Los_Angeles",1,NA,NA,NA,NA,NA,NA,NA,NA,NA,NA,NA,"IBD",1.62263577115524,5.218635
"CSM67U9P_P","HMP_2019_ibdmdb","C3013","stool","IBD","IBD","adult","USA","no","IlluminaHiSeq","29311644",11055242,1076938794,50,101,"Paolo_Manghi","UC",26,"female",NA,56,"no",NA,NA,22.2,"Chemagen","Los_Angeles",5,NA,NA,NA,NA,NA,NA,NA,NA,NA,NA,NA,"IBD",2.31100930862576,4.833875
"CSM79HPM_P","HMP_2019_ibdmdb","C3013","stool","IBD","IBD","adult","USA","no","IlluminaHiSeq","29311644",11792470,1148752782,50,101,"Paolo_Manghi","UC",26,"female",NA,184,"no",NA,NA,22.2,"Chemagen","Los_Angeles",16,NA,NA,NA,NA,NA,NA,NA,NA,NA,NA,NA,"IBD",2.03385378637214,5.159365
"CSM67U9R_P","HMP_2019_ibdmdb","C3013","stool","IBD","IBD","adult","USA","no","IlluminaHiSeq","29311644",13678752,1334667890,50,101,"Paolo_Manghi","UC",26,"female",NA,72,"no",NA,NA,22.2,"Chemagen","Los_Angeles",6,NA,NA,NA,NA,NA,NA,NA,NA,NA,NA,NA,"IBD",2.11510287960552,4.812735
"CSM79HGH_P","HMP_2019_ibdmdb","C3013","stool","IBD","IBD","adult","USA","no","IlluminaHiSeq","29311644",14084574,1374593784,50,101,"Paolo_Manghi","UC",26,"female",NA,120,"no",NA,NA,22.2,"Chemagen","Los_Angeles",10,NA,NA,NA,NA,NA,NA,NA,NA,NA,NA,NA,"IBD",2.49025324972533,4.361855
"CSM79HGL_P","HMP_2019_ibdmdb","C3013","stool","IBD","IBD","adult","USA","no","IlluminaHiSeq","29311644",14335972,1415057281,51,101,"Paolo_Manghi","UC",26,"female",NA,142,"no",NA,NA,22.2,"Chemagen","Los_Angeles",12,NA,NA,NA,NA,NA,NA,NA,NA,NA,NA,NA,"IBD",2.6263105799954,5.905625
"CSM79HGD_P","HMP_2019_ibdmdb","C3013","stool","IBD","IBD","adult","USA","no","IlluminaHiSeq","29311644",18342072,1814240499,51,101,"Paolo_Manghi","UC",26,"female",NA,85,"no",NA,NA,22.2,"Chemagen","Los_Angeles",8,NA,NA,NA,NA,NA,NA,NA,NA,NA,NA,NA,"IBD",2.72743954275534,6.373135
"CSM7KONS_P","HMP_2019_ibdmdb","C3013","stool","IBD","IBD","adult","USA","no","IlluminaHiSeq","29311644",19004950,1860706159,50,101,"Paolo_Manghi","UC",26,"female",NA,253,"no",NA,NA,22.2,"Chemagen","Los_Angeles",23,NA,NA,NA,NA,NA,NA,NA,NA,NA,NA,NA,"IBD",0.724074696615936,4.740975
"CSM79HPQ_P","HMP_2019_ibdmdb","C3013","stool","IBD","IBD","adult","USA","no","IlluminaHiSeq","29311644",20761496,2027004047,50,101,"Paolo_Manghi","UC",26,"female",NA,224,"no",NA,NA,22.2,"Chemagen","Los_Angeles",19,NA,NA,NA,NA,NA,NA,NA,NA,NA,NA,NA,"IBD",1.09369677171117,5.987655
"CSM79HGF_P","HMP_2019_ibdmdb","C3013","stool","IBD","IBD","adult","USA","no","IlluminaHiSeq","29311644",20835370,2061899294,51,101,"Paolo_Manghi","UC",26,"female",NA,99,"no",NA,NA,22.2,"Chemagen","Los_Angeles",9,NA,NA,NA,NA,NA,NA,NA,NA,NA,NA,NA,"IBD",2.77271395694713,7.790705
"CSM7KONW_P","HMP_2019_ibdmdb","C3013","stool","IBD","IBD","adult","USA","no","IlluminaHiSeq","29311644",29390670,2882034820,51,101,"Paolo_Manghi","UC",26,"female",NA,287,"no",NA,NA,22.2,"Chemagen","Los_Angeles",25,NA,NA,NA,NA,NA,NA,NA,NA,NA,NA,NA,"IBD",2.34055293101302,8.756025
"CSM79HGN_P","HMP_2019_ibdmdb","C3013","stool","IBD","IBD","adult","USA","no","IlluminaHiSeq","29311644",33130230,3279507971,51,101,"Paolo_Manghi","UC",26,"female",NA,155,"no",NA,NA,22.2,"Chemagen","Los_Angeles",13,NA,NA,NA,NA,NA,NA,NA,NA,NA,NA,NA,"IBD",0.877281564269621,6.53417499999999
"CSM67U9H_P","HMP_2019_ibdmdb","C3013","stool","IBD","IBD","adult","USA","no","IlluminaHiSeq","29311644",72839466,7213494033,50,101,"Paolo_Manghi","UC",26,"female",NA,15,"no",NA,NA,22.2,"Chemagen","Los_Angeles",2,NA,NA,NA,NA,NA,NA,NA,NA,NA,NA,NA,"IBD",0.982482863698518,6.95771499999999
"CSM79HPU","HMP_2019_ibdmdb","C3013","stool","IBD","IBD","adult","USA","no","IlluminaHiSeq","31142855",88908,7957630,50,101,"Paolo_Manghi","UC",26,"female",NA,238,"no",NA,NA,22.2,"Chemagen","Los_Angeles",22,NA,NA,NA,NA,NA,NA,NA,NA,NA,NA,NA,"IBD",1.13792029301464,1.413845
"CSM79HPO","HMP_2019_ibdmdb","C3013","stool","IBD","IBD","adult","USA","no","IlluminaHiSeq","31142855",892980,83171898,50,101,"Paolo_Manghi","UC",26,"female",NA,231,"no",NA,NA,22.2,"Chemagen","Los_Angeles",20,NA,NA,NA,NA,NA,NA,NA,NA,NA,NA,NA,"IBD",1.3376638837436,2.755035
"CSM7KONU","HMP_2019_ibdmdb","C3013","stool","IBD","IBD","adult","USA","no","IlluminaHiSeq","31142855",1831422,167172084,50,101,"Paolo_Manghi","UC",26,"female",NA,267,"no",NA,NA,22.2,"Chemagen","Los_Angeles",24,NA,NA,NA,NA,NA,NA,NA,NA,NA,NA,NA,"IBD",2.06518498564775,4.029425
"CSM67U9N","HMP_2019_ibdmdb","C3013","stool","IBD","IBD","adult","USA","no","IlluminaHiSeq","31142855",2420506,224564379,50,101,"Paolo_Manghi","UC",26,"female",NA,42,"no",NA,NA,22.2,"Chemagen","Los_Angeles",4,NA,NA,NA,NA,NA,NA,NA,NA,NA,NA,NA,"IBD",2.55113742984135,5.017715
"CSM79HGF","HMP_2019_ibdmdb","C3013","stool","IBD","IBD","adult","USA","no","IlluminaHiSeq","31142855",6532716,594169251,50,101,"Paolo_Manghi","UC",26,"female",NA,99,"no",NA,NA,22.2,"Chemagen","Los_Angeles",9,NA,NA,NA,NA,NA,NA,NA,NA,NA,NA,NA,"IBD",2.76983356388599,8.329595
"CSM67U9H","HMP_2019_ibdmdb","C3013","stool","IBD","IBD","adult","USA","no","IlluminaHiSeq","31142855",10332840,956191777,50,101,"Paolo_Manghi","UC",26,"female",NA,15,"no",NA,NA,22.2,"Chemagen","Los_Angeles",2,NA,NA,NA,NA,NA,NA,NA,NA,NA,NA,NA,"IBD",1.01775942502171,5.823825
"CSM79HPS","HMP_2019_ibdmdb","C3013","stool","IBD","IBD","adult","USA","no","IlluminaHiSeq","31142855",16090134,1471068381,50,101,"Paolo_Manghi","UC",26,"female",NA,217,"no",NA,NA,22.2,"Chemagen","Los_Angeles",18,NA,NA,NA,NA,NA,NA,NA,NA,NA,NA,NA,"IBD",1.35987147781053,6.433915
"CSM79HPK","HMP_2019_ibdmdb","C3013","stool","IBD","IBD","adult","USA","no","IlluminaHiSeq","31142855",16106928,1468045301,50,101,"Paolo_Manghi","UC",26,"female",NA,168,"no",NA,NA,22.2,"Chemagen","Los_Angeles",15,NA,NA,NA,NA,NA,NA,NA,NA,NA,NA,NA,"IBD",0.911817224229916,6.836045
"CSM67U9T_P","HMP_2019_ibdmdb","C3015","stool","IBD","IBD","adult","USA","no","IlluminaHiSeq","29311644",36256050,3593918305,51,101,"Paolo_Manghi","UC",50,"female",NA,0,"no",NA,NA,22.4,"Chemagen","Los_Angeles",1,NA,NA,NA,NA,NA,NA,NA,NA,NA,NA,NA,"IBD",2.04608600947131,6.40651499999999
"CSM7KOJW","HMP_2019_ibdmdb","C3015","stool","IBD","IBD","adult","USA","no","IlluminaHiSeq","31142855",14247012,1356130920,50,101,"Paolo_Manghi","UC",50,"female",NA,210,"no",NA,NA,22.4,"Chemagen","Los_Angeles",18,NA,NA,NA,NA,NA,NA,NA,NA,NA,NA,NA,"IBD",2.14561468475856,6.403155
"CSM67UAO","HMP_2019_ibdmdb","C3015","stool","IBD","IBD","adult","USA","no","IlluminaHiSeq","31142855",15967786,1529828995,50,101,"Paolo_Manghi","UC",50,"female",NA,43,"no",NA,NA,22.4,"Chemagen","Los_Angeles",4,NA,NA,NA,NA,NA,NA,NA,NA,NA,NA,NA,"IBD",1.93350364613924,7.308735
"CSM7KOPO","HMP_2019_ibdmdb","C3015","stool","IBD","IBD","adult","USA","no","IlluminaHiSeq","31142855",17811026,1692563734,50,101,"Paolo_Manghi","UC",50,"female",NA,308,"no",NA,NA,22.4,"Chemagen","Los_Angeles",26,NA,NA,NA,NA,NA,NA,NA,NA,NA,NA,NA,"IBD",2.12297453798916,6.654545
"CSM7KOJU","HMP_2019_ibdmdb","C3015","stool","IBD","IBD","adult","USA","no","IlluminaHiSeq","31142855",17870056,1694609004,50,101,"Paolo_Manghi","UC",50,"female",NA,196,"no",NA,NA,22.4,"Chemagen","Los_Angeles",17,NA,NA,NA,NA,NA,NA,NA,NA,NA,NA,NA,"IBD",1.49949097688015,6.52932499999999
"CSM67UAK","HMP_2019_ibdmdb","C3015","stool","IBD","IBD","adult","USA","no","IlluminaHiSeq","31142855",17884264,1635995248,50,101,"Paolo_Manghi","UC",50,"female",NA,21,"no",NA,NA,22.4,"Chemagen","Los_Angeles",2,NA,NA,NA,NA,NA,NA,NA,NA,NA,NA,NA,"IBD",2.14781695571805,8.104235
"CSM79HIL","HMP_2019_ibdmdb","C3015","stool","IBD","IBD","adult","USA","no","IlluminaHiSeq","31142855",18117870,1724784099,50,101,"Paolo_Manghi","UC",50,"female",NA,140,"no",NA,NA,22.4,"Chemagen","Los_Angeles",12,NA,NA,NA,NA,NA,NA,NA,NA,NA,NA,NA,"IBD",1.6184741845651,6.544815
"CSM7KOPK","HMP_2019_ibdmdb","C3015","stool","IBD","IBD","adult","USA","no","IlluminaHiSeq","31142855",18170584,1727518014,50,101,"Paolo_Manghi","UC",50,"female",NA,281,"no",NA,NA,22.4,"Chemagen","Los_Angeles",24,NA,NA,NA,NA,NA,NA,NA,NA,NA,NA,NA,"IBD",1.82591786654007,6.359695
"CSM7KOJY","HMP_2019_ibdmdb","C3015","stool","IBD","IBD","adult","USA","no","IlluminaHiSeq","31142855",21876898,2081552683,50,101,"Paolo_Manghi","UC",50,"female",NA,224,"no",NA,NA,22.4,"Chemagen","Los_Angeles",19,NA,NA,NA,NA,NA,NA,NA,NA,NA,NA,NA,"IBD",1.69451072964694,6.455845
"CSM7KOPM","HMP_2019_ibdmdb","C3015","stool","IBD","IBD","adult","USA","no","IlluminaHiSeq","31142855",22403118,2140551441,50,101,"Paolo_Manghi","UC",50,"female",NA,294,"no",NA,NA,22.4,"Chemagen","Los_Angeles",25,NA,NA,NA,NA,NA,NA,NA,NA,NA,NA,NA,"IBD",1.80829456347471,7.01705499999999
"CSM79HIJ","HMP_2019_ibdmdb","C3015","stool","IBD","IBD","adult","USA","no","IlluminaHiSeq","31142855",22569108,2140527624,50,101,"Paolo_Manghi","UC",50,"female",NA,126,"no",NA,NA,22.4,"Chemagen","Los_Angeles",11,NA,NA,NA,NA,NA,NA,NA,NA,NA,NA,NA,"IBD",1.82890194929829,7.259015
"CSM7KOPI","HMP_2019_ibdmdb","C3015","stool","IBD","IBD","adult","USA","no","IlluminaHiSeq","31142855",22726182,2054235004,50,101,"Paolo_Manghi","UC",50,"female",NA,266,"no",NA,NA,22.4,"Chemagen","Los_Angeles",23,NA,NA,NA,NA,NA,NA,NA,NA,NA,NA,NA,"IBD",1.93513613319011,6.270515
"CSM79HIN","HMP_2019_ibdmdb","C3015","stool","IBD","IBD","adult","USA","no","IlluminaHiSeq","31142855",22875626,2096182336,50,101,"Paolo_Manghi","UC",50,"female",NA,154,"no",NA,NA,22.4,"Chemagen","Los_Angeles",13,NA,NA,NA,NA,NA,NA,NA,NA,NA,NA,NA,"IBD",2.17788195896262,7.69324499999999
"CSM7KOPG","HMP_2019_ibdmdb","C3015","stool","IBD","IBD","adult","USA","no","IlluminaHiSeq","31142855",23550964,2213776210,50,101,"Paolo_Manghi","UC",50,"female",NA,252,"no",NA,NA,22.4,"Chemagen","Los_Angeles",22,NA,NA,NA,NA,NA,NA,NA,NA,NA,NA,NA,"IBD",1.7439760013461,6.255305
"CSM67UAQ","HMP_2019_ibdmdb","C3015","stool","IBD","IBD","adult","USA","no","IlluminaHiSeq","31142855",23999722,2254198381,50,101,"Paolo_Manghi","UC",50,"female",NA,56,"no",NA,NA,22.4,"Chemagen","Los_Angeles",5,NA,NA,NA,NA,NA,NA,NA,NA,NA,NA,NA,"IBD",1.77254401586147,4.832695
"CSM79HIH","HMP_2019_ibdmdb","C3015","stool","IBD","IBD","adult","USA","no","IlluminaHiSeq","31142855",25055790,2364273889,50,101,"Paolo_Manghi","UC",50,"female",NA,112,"no",NA,NA,22.4,"Chemagen","Los_Angeles",10,NA,NA,NA,NA,NA,NA,NA,NA,NA,NA,NA,"IBD",1.97605603031717,6.54811499999999
"CSM79HIF","HMP_2019_ibdmdb","C3015","stool","IBD","IBD","adult","USA","no","IlluminaHiSeq","31142855",26895644,2573627518,50,101,"Paolo_Manghi","UC",50,"female",NA,98,"no",NA,NA,22.4,"Chemagen","Los_Angeles",9,NA,NA,NA,NA,NA,NA,NA,NA,NA,NA,NA,"IBD",1.76643823748007,6.088565
"CSM7KOJQ","HMP_2019_ibdmdb","C3015","stool","IBD","IBD","adult","USA","no","IlluminaHiSeq","31142855",27854188,2561533985,50,101,"Paolo_Manghi","UC",50,"female",NA,168,"no",NA,NA,22.4,"Chemagen","Los_Angeles",15,NA,NA,NA,NA,NA,NA,NA,NA,NA,NA,NA,"IBD",1.87443179739921,6.892625
"CSM67UAS","HMP_2019_ibdmdb","C3015","stool","IBD","IBD","adult","USA","no","IlluminaHiSeq","31142855",28559376,2631863702,50,101,"Paolo_Manghi","UC",50,"female",NA,70,"no",NA,NA,22.4,"Chemagen","Los_Angeles",6,NA,NA,NA,NA,NA,NA,NA,NA,NA,NA,NA,"IBD",2.1147228957262,8.397095
"CSM79HID","HMP_2019_ibdmdb","C3015","stool","IBD","IBD","adult","USA","no","IlluminaHiSeq","31142855",29691484,2775354121,50,101,"Paolo_Manghi","UC",50,"female",NA,84,"no",NA,NA,22.4,"Chemagen","Los_Angeles",8,NA,NA,NA,NA,NA,NA,NA,NA,NA,NA,NA,"IBD",1.96478130458687,6.126725
"CSM7KOJS","HMP_2019_ibdmdb","C3015","stool","IBD","IBD","adult","USA","no","IlluminaHiSeq","31142855",30472940,2875125462,50,101,"Paolo_Manghi","UC",50,"female",NA,182,"no",NA,NA,22.4,"Chemagen","Los_Angeles",16,NA,NA,NA,NA,NA,NA,NA,NA,NA,NA,NA,"IBD",1.67956567365753,6.607615
"CSM67UAM","HMP_2019_ibdmdb","C3015","stool","IBD","IBD","adult","USA","no","IlluminaHiSeq","31142855",31098690,2840390728,50,101,"Paolo_Manghi","UC",50,"female",NA,28,"no",NA,NA,22.4,"Chemagen","Los_Angeles",3,NA,NA,NA,NA,NA,NA,NA,NA,NA,NA,NA,"IBD",1.95069367973626,6.621235
"CSM7KOK1","HMP_2019_ibdmdb","C3015","stool","IBD","IBD","adult","USA","no","IlluminaHiSeq","31142855",33303544,3119313349,50,101,"Paolo_Manghi","UC",50,"female",NA,239,"no",NA,NA,22.4,"Chemagen","Los_Angeles",20,NA,NA,NA,NA,NA,NA,NA,NA,NA,NA,NA,"IBD",1.67585032928538,7.007615
"CSM67U9V_P","HMP_2019_ibdmdb","C3016","stool","IBD","IBD","adult","USA","no","IlluminaHiSeq","29311644",25517248,2494285114,50,101,"Paolo_Manghi","CD",32,"female",NA,0,"no",NA,NA,24.7,"Chemagen","Los_Angeles",1,NA,NA,NA,NA,NA,NA,NA,NA,NA,NA,NA,"IBD",2.28507286943521,6.307375
"CSM7KOK3","HMP_2019_ibdmdb","C3016","stool","IBD","IBD","adult","USA","no","IlluminaHiSeq","31142855",1795068,167817686,50,101,"Paolo_Manghi","CD",32,"female",NA,169,"no",NA,NA,24.7,"Chemagen","Los_Angeles",15,NA,NA,NA,NA,NA,NA,NA,NA,NA,NA,NA,"IBD",2.33924473677499,4.388795
"CSM7KOQ1","HMP_2019_ibdmdb","C3016","stool","IBD","IBD","adult","USA","no","IlluminaHiSeq","31142855",4513424,425647161,50,101,"Paolo_Manghi","CD",32,"female",NA,308,"yes",NA,NA,24.7,"Chemagen","Los_Angeles",26,NA,NA,NA,NA,NA,NA,NA,NA,NA,NA,NA,"IBD",2.35721548605108,4.394565
"CSM7KOK5","HMP_2019_ibdmdb","C3016","stool","IBD","IBD","adult","USA","no","IlluminaHiSeq","31142855",5303880,493188642,50,101,"Paolo_Manghi","CD",32,"female",NA,183,"yes",NA,NA,24.7,"Chemagen","Los_Angeles",16,NA,NA,NA,NA,NA,NA,NA,NA,NA,NA,NA,"IBD",2.47441482488641,5.064705
"CSM7KOK7","HMP_2019_ibdmdb","C3016","stool","IBD","IBD","adult","USA","no","IlluminaHiSeq","31142855",9368264,883785389,50,101,"Paolo_Manghi","CD",32,"female",NA,196,"yes",NA,NA,24.7,"Chemagen","Los_Angeles",17,NA,NA,NA,NA,NA,NA,NA,NA,NA,NA,NA,"IBD",2.5436873769024,6.951055
"CSM7KOKB","HMP_2019_ibdmdb","C3016","stool","IBD","IBD","adult","USA","no","IlluminaHiSeq","31142855",9866746,948853212,50,101,"Paolo_Manghi","CD",32,"female",NA,226,"yes",NA,NA,24.7,"Chemagen","Los_Angeles",19,NA,NA,NA,NA,NA,NA,NA,NA,NA,NA,NA,"IBD",2.2479678790343,4.131575
"CSM79HIT","HMP_2019_ibdmdb","C3016","stool","IBD","IBD","adult","USA","no","IlluminaHiSeq","31142855",10801396,987919985,50,101,"Paolo_Manghi","CD",32,"female",NA,114,"no",NA,NA,24.7,"Chemagen","Los_Angeles",10,NA,NA,NA,NA,NA,NA,NA,NA,NA,NA,NA,"IBD",2.79192854068086,8.320655
"CSM7KOPW","HMP_2019_ibdmdb","C3016","stool","IBD","IBD","adult","USA","no","IlluminaHiSeq","31142855",11380136,1086779241,50,101,"Paolo_Manghi","CD",32,"female",NA,281,"yes",NA,NA,24.7,"Chemagen","Los_Angeles",24,NA,NA,NA,NA,NA,NA,NA,NA,NA,NA,NA,"IBD",2.19189407367649,5.359035
"CSM67UAW","HMP_2019_ibdmdb","C3016","stool","IBD","IBD","adult","USA","no","IlluminaHiSeq","31142855",12143394,1090388750,50,101,"Paolo_Manghi","CD",32,"female",NA,29,"no",NA,NA,24.7,"Chemagen","Los_Angeles",3,NA,NA,NA,NA,NA,NA,NA,NA,NA,NA,NA,"IBD",2.34299968551669,6.445975
"CSM67UAY","HMP_2019_ibdmdb","C3016","stool","IBD","IBD","adult","USA","no","IlluminaHiSeq","31142855",14745086,1355295831,50,101,"Paolo_Manghi","CD",32,"female",NA,43,"no",NA,NA,24.7,"Chemagen","Los_Angeles",4,NA,NA,NA,NA,NA,NA,NA,NA,NA,NA,NA,"IBD",2.43800392496885,7.260985
"CSM67UB3","HMP_2019_ibdmdb","C3016","stool","IBD","IBD","adult","USA","no","IlluminaHiSeq","31142855",15089228,1370723110,50,101,"Paolo_Manghi","CD",32,"female",NA,71,"no",NA,NA,24.7,"Chemagen","Los_Angeles",6,NA,NA,NA,NA,NA,NA,NA,NA,NA,NA,NA,"IBD",2.31213374106862,7.684275
"CSM7KOPU","HMP_2019_ibdmdb","C3016","stool","IBD","IBD","adult","USA","no","IlluminaHiSeq","31142855",17910510,1712793483,50,101,"Paolo_Manghi","CD",32,"female",NA,266,"yes",NA,NA,24.7,"Chemagen","Los_Angeles",23,NA,NA,NA,NA,NA,NA,NA,NA,NA,NA,NA,"IBD",2.24756560327121,4.814265
"CSM7KOKD","HMP_2019_ibdmdb","C3016","stool","IBD","IBD","adult","USA","no","IlluminaHiSeq","31142855",18508730,1779619597,50,101,"Paolo_Manghi","CD",32,"female",NA,240,"yes",NA,NA,24.7,"Chemagen","Los_Angeles",20,NA,NA,NA,NA,NA,NA,NA,NA,NA,NA,NA,"IBD",2.40389838116368,4.418985
"CSM79HIZ","HMP_2019_ibdmdb","C3016","stool","IBD","IBD","adult","USA","no","IlluminaHiSeq","31142855",20108598,1885642952,50,101,"Paolo_Manghi","CD",32,"female",NA,155,"yes",NA,NA,24.7,"Chemagen","Los_Angeles",13,NA,NA,NA,NA,NA,NA,NA,NA,NA,NA,NA,"IBD",2.38090195828573,6.804945
"CSM7KOPS","HMP_2019_ibdmdb","C3016","stool","IBD","IBD","adult","USA","no","IlluminaHiSeq","31142855",20355936,1941237903,50,101,"Paolo_Manghi","CD",32,"female",NA,254,"yes",NA,NA,24.7,"Chemagen","Los_Angeles",22,NA,NA,NA,NA,NA,NA,NA,NA,NA,NA,NA,"IBD",2.51771249779734,7.487385
"CSM79HIV","HMP_2019_ibdmdb","C3016","stool","IBD","IBD","adult","USA","no","IlluminaHiSeq","31142855",21158220,1955126863,50,101,"Paolo_Manghi","CD",32,"female",NA,127,"no",NA,NA,24.7,"Chemagen","Los_Angeles",11,NA,NA,NA,NA,NA,NA,NA,NA,NA,NA,NA,"IBD",2.45679061722936,9.048705
"CSM79HIR","HMP_2019_ibdmdb","C3016","stool","IBD","IBD","adult","USA","no","IlluminaHiSeq","31142855",22895298,2154608912,50,101,"Paolo_Manghi","CD",32,"female",NA,100,"no",NA,NA,24.7,"Chemagen","Los_Angeles",9,NA,NA,NA,NA,NA,NA,NA,NA,NA,NA,NA,"IBD",2.30501063406229,8.111065
"CSM67UB1","HMP_2019_ibdmdb","C3016","stool","IBD","IBD","adult","USA","no","IlluminaHiSeq","31142855",23398276,2184590859,50,101,"Paolo_Manghi","CD",32,"female",NA,56,"no",NA,NA,24.7,"Chemagen","Los_Angeles",5,NA,NA,NA,NA,NA,NA,NA,NA,NA,NA,NA,"IBD",2.34456783047094,7.921225
"CSM79HIX","HMP_2019_ibdmdb","C3016","stool","IBD","IBD","adult","USA","no","IlluminaHiSeq","31142855",29572302,2753855790,50,101,"Paolo_Manghi","CD",32,"female",NA,141,"yes",NA,NA,24.7,"Chemagen","Los_Angeles",12,NA,NA,NA,NA,NA,NA,NA,NA,NA,NA,NA,"IBD",2.30110984134643,6.060795
"CSM67UAU","HMP_2019_ibdmdb","C3016","stool","IBD","IBD","adult","USA","no","IlluminaHiSeq","31142855",33417994,3043023590,50,101,"Paolo_Manghi","CD",32,"female",NA,15,"no",NA,NA,24.7,"Chemagen","Los_Angeles",2,NA,NA,NA,NA,NA,NA,NA,NA,NA,NA,NA,"IBD",2.44737641984615,6.967645
"CSM79HJ6_P","HMP_2019_ibdmdb","C3017","stool","IBD","IBD","adult","USA","no","IlluminaHiSeq","29311644",18514494,1810401243,50,101,"Paolo_Manghi","CD",45,"male",NA,113,"no",NA,NA,24.2,"Chemagen","Los_Angeles",10,NA,NA,NA,NA,NA,NA,NA,NA,NA,NA,NA,"IBD",2.50679632842307,7.706905
"CSM67UB5_P","HMP_2019_ibdmdb","C3017","stool","IBD","IBD","adult","USA","no","IlluminaHiSeq","29311644",20640842,2018286745,50,101,"Paolo_Manghi","CD",45,"male",NA,15,"no",NA,NA,24.2,"Chemagen","Los_Angeles",2,NA,NA,NA,NA,NA,NA,NA,NA,NA,NA,NA,"IBD",2.33969180372457,7.035575
"CSM7KOR4_P","HMP_2019_ibdmdb","C3017","stool","IBD","IBD","adult","USA","no","IlluminaHiSeq","29311644",23158576,2292936199,52,101,"Paolo_Manghi","CD",45,"male",NA,294,"yes",NA,NA,24.2,"Chemagen","Los_Angeles",25,NA,NA,NA,NA,NA,NA,NA,NA,NA,NA,NA,"IBD",2.35431140412746,5.988045
"CSM7KOKP_P","HMP_2019_ibdmdb","C3017","stool","IBD","IBD","adult","USA","no","IlluminaHiSeq","29311644",26534230,2582625185,50,101,"Paolo_Manghi","CD",45,"male",NA,240,"no",NA,NA,24.2,"Chemagen","Los_Angeles",20,NA,NA,NA,NA,NA,NA,NA,NA,NA,NA,NA,"IBD",2.08068447816788,6.969145
"CSM7KOKL_P","HMP_2019_ibdmdb","C3017","stool","IBD","IBD","adult","USA","no","IlluminaHiSeq","29311644",27249130,2686218494,52,101,"Paolo_Manghi","CD",45,"male",NA,211,"yes",NA,NA,24.2,"Chemagen","Los_Angeles",18,NA,NA,NA,NA,NA,NA,NA,NA,NA,NA,NA,"IBD",2.44896101680391,7.798915
"CSM79HJC_P","HMP_2019_ibdmdb","C3017","stool","IBD","IBD","adult","USA","no","IlluminaHiSeq","29311644",28130068,2788347589,51,101,"Paolo_Manghi","CD",45,"male",NA,155,"yes",NA,NA,24.2,"Chemagen","Los_Angeles",13,NA,NA,NA,NA,NA,NA,NA,NA,NA,NA,NA,"IBD",2.11848505380502,8.671825
"CSM67UB7_P","HMP_2019_ibdmdb","C3017","stool","IBD","IBD","adult","USA","no","IlluminaHiSeq","29311644",31258580,3057888952,50,101,"Paolo_Manghi","CD",45,"male",NA,28,"yes",NA,NA,24.2,"Chemagen","Los_Angeles",3,NA,NA,NA,NA,NA,NA,NA,NA,NA,NA,NA,"IBD",2.43178547547259,7.681385
"CSM7KOR8_P","HMP_2019_ibdmdb","C3017","stool","IBD","IBD","adult","USA","no","IlluminaHiSeq","29311644",31734600,3134149674,50,101,"Paolo_Manghi","CD",45,"male",NA,323,"yes",NA,NA,24.2,"Chemagen","Los_Angeles",27,NA,NA,NA,NA,NA,NA,NA,NA,NA,NA,NA,"IBD",2.40847591945885,6.030665
"CSM7KOQZ_P","HMP_2019_ibdmdb","C3017","stool","IBD","IBD","adult","USA","no","IlluminaHiSeq","29311644",32020614,3131303173,50,101,"Paolo_Manghi","CD",45,"male",NA,266,"yes",NA,NA,24.2,"Chemagen","Los_Angeles",23,NA,NA,NA,NA,NA,NA,NA,NA,NA,NA,NA,"IBD",2.3326013753334,5.153855
"CSM79HJ4_P","HMP_2019_ibdmdb","C3017","stool","IBD","IBD","adult","USA","no","IlluminaHiSeq","29311644",32903598,3220968858,50,101,"Paolo_Manghi","CD",45,"male",NA,98,"yes",NA,NA,24.2,"Chemagen","Los_Angeles",9,NA,NA,NA,NA,NA,NA,NA,NA,NA,NA,NA,"IBD",1.82943768654058,5.919815
"CSM79HJ2_P","HMP_2019_ibdmdb","C3017","stool","IBD","IBD","adult","USA","no","IlluminaHiSeq","29311644",35392196,3457926289,50,101,"Paolo_Manghi","CD",45,"male",NA,84,"yes",NA,NA,24.2,"Chemagen","Los_Angeles",8,NA,NA,NA,NA,NA,NA,NA,NA,NA,NA,NA,"IBD",1.74645854197217,5.702265
"CSM67U9X_P","HMP_2019_ibdmdb","C3017","stool","IBD","IBD","adult","USA","no","IlluminaHiSeq","29311644",36374812,3584773323,51,101,"Paolo_Manghi","CD",45,"male",NA,0,"yes",NA,NA,24.2,"Chemagen","Los_Angeles",1,NA,NA,NA,NA,NA,NA,NA,NA,NA,NA,NA,"IBD",1.68523370926096,9.99794499999999
"CSM79HJ8_P","HMP_2019_ibdmdb","C3017","stool","IBD","IBD","adult","USA","no","IlluminaHiSeq","29311644",36622508,3630223129,51,101,"Paolo_Manghi","CD",45,"male",NA,126,"yes",NA,NA,24.2,"Chemagen","Los_Angeles",11,NA,NA,NA,NA,NA,NA,NA,NA,NA,NA,NA,"IBD",2.63918529908766,7.156475
"CSM7KOKH_P","HMP_2019_ibdmdb","C3017","stool","IBD","IBD","adult","USA","no","IlluminaHiSeq","29311644",36768228,3639856958,51,101,"Paolo_Manghi","CD",45,"male",NA,182,"yes",NA,NA,24.2,"Chemagen","Los_Angeles",16,NA,NA,NA,NA,NA,NA,NA,NA,NA,NA,NA,"IBD",2.05706937297263,5.794505
"CSM67UB9_P","HMP_2019_ibdmdb","C3017","stool","IBD","IBD","adult","USA","no","IlluminaHiSeq","29311644",43969870,4353512632,51,101,"Paolo_Manghi","CD",45,"male",NA,43,"yes",NA,NA,24.2,"Chemagen","Los_Angeles",4,NA,NA,NA,NA,NA,NA,NA,NA,NA,NA,NA,"IBD",1.25705750102941,4.759295
"CSM79HJA","HMP_2019_ibdmdb","C3017","stool","IBD","IBD","adult","USA","no","IlluminaHiSeq","31142855",16199520,1538276147,50,101,"Paolo_Manghi","CD",45,"male",NA,141,"yes",NA,NA,24.2,"Chemagen","Los_Angeles",12,NA,NA,NA,NA,NA,NA,NA,NA,NA,NA,NA,"IBD",2.31537119183876,6.389415
"CSM7KOQX","HMP_2019_ibdmdb","C3017","stool","IBD","IBD","adult","USA","no","IlluminaHiSeq","31142855",18772260,1674125426,50,101,"Paolo_Manghi","CD",45,"male",NA,260,"yes",NA,NA,24.2,"Chemagen","Los_Angeles",22,NA,NA,NA,NA,NA,NA,NA,NA,NA,NA,NA,"IBD",2.55866998650766,5.655855
"CSM7KOKN","HMP_2019_ibdmdb","C3017","stool","IBD","IBD","adult","USA","no","IlluminaHiSeq","31142855",19720556,1863431486,50,101,"Paolo_Manghi","CD",45,"male",NA,224,"yes",NA,NA,24.2,"Chemagen","Los_Angeles",19,NA,NA,NA,NA,NA,NA,NA,NA,NA,NA,NA,"IBD",2.05744422859553,5.882065
"CSM7KOKJ","HMP_2019_ibdmdb","C3017","stool","IBD","IBD","adult","USA","no","IlluminaHiSeq","31142855",20395002,1938111119,50,101,"Paolo_Manghi","CD",45,"male",NA,196,"yes",NA,NA,24.2,"Chemagen","Los_Angeles",17,NA,NA,NA,NA,NA,NA,NA,NA,NA,NA,NA,"IBD",1.78529973546949,6.957235
"CSM67UBB","HMP_2019_ibdmdb","C3017","stool","IBD","IBD","adult","USA","no","IlluminaHiSeq","31142855",23344780,2195758306,50,101,"Paolo_Manghi","CD",45,"male",NA,63,"yes",NA,NA,24.2,"Chemagen","Los_Angeles",5,NA,NA,NA,NA,NA,NA,NA,NA,NA,NA,NA,"IBD",1.74365202574717,6.154865
"CSM7KOR2","HMP_2019_ibdmdb","C3017","stool","IBD","IBD","adult","USA","no","IlluminaHiSeq","31142855",23573962,2244020564,50,101,"Paolo_Manghi","CD",45,"male",NA,281,"yes",NA,NA,24.2,"Chemagen","Los_Angeles",24,NA,NA,NA,NA,NA,NA,NA,NA,NA,NA,NA,"IBD",2.04324006750352,6.806555
"CSM67UB9","HMP_2019_ibdmdb","C3017","stool","IBD","IBD","adult","USA","no","IlluminaHiSeq","31142855",26343040,2499684442,50,101,"Paolo_Manghi","CD",45,"male",NA,43,"yes",NA,NA,24.2,"Chemagen","Los_Angeles",4,NA,NA,NA,NA,NA,NA,NA,NA,NA,NA,NA,"IBD",1.20094041810139,4.601015
"CSM7KOKF","HMP_2019_ibdmdb","C3017","stool","IBD","IBD","adult","USA","no","IlluminaHiSeq","31142855",36522474,3375087007,50,101,"Paolo_Manghi","CD",45,"male",NA,169,"yes",NA,NA,24.2,"Chemagen","Los_Angeles",15,NA,NA,NA,NA,NA,NA,NA,NA,NA,NA,NA,"IBD",2.04865828842922,6.050555
"CSM67UCU_P","HMP_2019_ibdmdb","C3019","stool","IBD","IBD","adult","USA","no","IlluminaHiSeq","29311644",20630972,2017152900,50,101,"Paolo_Manghi","CD",39,"female",NA,0,"no",NA,NA,NA,"Chemagen","Los_Angeles",1,NA,NA,NA,NA,NA,NA,NA,NA,NA,NA,NA,"IBD",2.20028044763263,6.635175
"CSM67UAI_P","HMP_2019_ibdmdb","C3020","stool","IBD","IBD","adult","USA","no","IlluminaHiSeq","29311644",15217656,1506350505,51,101,"Paolo_Manghi","CD",47,"female",NA,0,"no",NA,NA,NA,"Chemagen","Los_Angeles",1,NA,NA,NA,NA,NA,NA,NA,NA,NA,NA,NA,"IBD",2.11448870148158,4.599995
"CSM79HHO","HMP_2019_ibdmdb","C3021","stool","IBD","IBD","adult","USA","no","IlluminaHiSeq","31142855",18238300,1745628610,50,101,"Paolo_Manghi","CD",38,"female",NA,0,"no",NA,NA,25.6,"Chemagen","Los_Angeles",1,NA,NA,NA,NA,NA,NA,NA,NA,NA,NA,NA,"IBD",2.56237371620982,9.514555
"CSM79HN6","HMP_2019_ibdmdb","C3021","stool","IBD","IBD","adult","USA","no","IlluminaHiSeq","31142855",18724342,1791415599,50,101,"Paolo_Manghi","CD",38,"female",NA,90,"no",NA,NA,25.6,"Chemagen","Los_Angeles",9,NA,NA,NA,NA,NA,NA,NA,NA,NA,NA,NA,"IBD",2.48628033490868,9.130655
"CSM7KOSX","HMP_2019_ibdmdb","C3021","stool","IBD","IBD","adult","USA","no","IlluminaHiSeq","31142855",19350212,1856469657,50,101,"Paolo_Manghi","CD",38,"female",NA,224,"no",NA,NA,25.6,"Chemagen","Los_Angeles",22,NA,NA,NA,NA,NA,NA,NA,NA,NA,NA,NA,"IBD",2.45041843546467,8.479615
"CSM7KOLK","HMP_2019_ibdmdb","C3021","stool","IBD","IBD","adult","USA","no","IlluminaHiSeq","31142855",20042850,1883557960,50,101,"Paolo_Manghi","CD",38,"female",NA,144,"no",NA,NA,25.6,"Chemagen","Los_Angeles",15,NA,NA,NA,NA,NA,NA,NA,NA,NA,NA,NA,"IBD",2.54784864297415,6.269805
"CSM79HHU","HMP_2019_ibdmdb","C3021","stool","IBD","IBD","adult","USA","no","IlluminaHiSeq","31142855",21982610,2110668493,50,101,"Paolo_Manghi","CD",38,"female",NA,47,"no",NA,NA,25.6,"Chemagen","Los_Angeles",4,NA,NA,NA,NA,NA,NA,NA,NA,NA,NA,NA,"IBD",2.40812971718099,6.871195
"CSM7KOSV","HMP_2019_ibdmdb","C3021","stool","IBD","IBD","adult","USA","no","IlluminaHiSeq","31142855",23628042,2247851593,50,101,"Paolo_Manghi","CD",38,"female",NA,215,"no",NA,NA,25.6,"Chemagen","Los_Angeles",21,NA,NA,NA,NA,NA,NA,NA,NA,NA,NA,NA,"IBD",2.39472234596147,6.478515
"CSM79HHM","HMP_2019_ibdmdb","C3021","stool","IBD","IBD","adult","USA","no","IlluminaHiSeq","31142855",30801002,2938349112,50,101,"Paolo_Manghi","CD",38,"female",NA,27,"no",NA,NA,25.6,"Chemagen","Los_Angeles",2,NA,NA,NA,NA,NA,NA,NA,NA,NA,NA,NA,"IBD",2.43545777880051,9.76729499999999
"CSM79HN2","HMP_2019_ibdmdb","C3021","stool","IBD","IBD","adult","USA","no","IlluminaHiSeq","31142855",38701484,3587452888,50,101,"Paolo_Manghi","CD",38,"female",NA,56,"no",NA,NA,25.6,"Chemagen","Los_Angeles",5,NA,NA,NA,NA,NA,NA,NA,NA,NA,NA,NA,"IBD",2.84826350591224,9.89932499999999
"CSM7KOLM","HMP_2019_ibdmdb","C3021","stool","IBD","IBD","adult","USA","no","IlluminaHiSeq","31142855",39387988,3760702968,50,101,"Paolo_Manghi","CD",38,"female",NA,161,"no",NA,NA,25.6,"Chemagen","Los_Angeles",16,NA,NA,NA,NA,NA,NA,NA,NA,NA,NA,NA,"IBD",2.23813317109907,6.676875
"CSM79HGR_P","HMP_2019_ibdmdb","C3022","stool","control","healthy","senior","USA","no","IlluminaHiSeq","29311644",30069322,2939898982,50,101,"Paolo_Manghi",NA,69,"male",NA,17,"no",NA,NA,NA,"Chemagen","Los_Angeles",2,NA,NA,NA,NA,NA,NA,NA,NA,NA,NA,NA,"Healthy",2.54873986388343,6.492135
"CSM79HGV_P","HMP_2019_ibdmdb","C3022","stool","control","healthy","senior","USA","no","IlluminaHiSeq","29311644",43901686,4351529127,51,101,"Paolo_Manghi",NA,69,"male",NA,45,"no",NA,NA,NA,"Chemagen","Los_Angeles",3,NA,NA,NA,NA,NA,NA,NA,NA,NA,NA,NA,"Healthy",2.83910226783875,8.957795
"CSM79HOV","HMP_2019_ibdmdb","C3022","stool","control","healthy","senior","USA","no","IlluminaHiSeq","31142855",12923108,1218712742,50,101,"Paolo_Manghi",NA,69,"male",NA,88,"no",NA,NA,NA,"Chemagen","Los_Angeles",6,NA,NA,NA,NA,NA,NA,NA,NA,NA,NA,NA,"Healthy",2.38492417099032,6.076135
"CSM79HGX","HMP_2019_ibdmdb","C3022","stool","control","healthy","senior","USA","no","IlluminaHiSeq","31142855",13514580,1278302394,50,101,"Paolo_Manghi",NA,69,"male",NA,58,"no",NA,NA,NA,"Chemagen","Los_Angeles",4,NA,NA,NA,NA,NA,NA,NA,NA,NA,NA,NA,"Healthy",2.45690806950148,6.38972499999999
"CSM7KOOL","HMP_2019_ibdmdb","C3022","stool","control","healthy","senior","USA","no","IlluminaHiSeq","31142855",15061766,1439436578,50,101,"Paolo_Manghi",NA,69,"male",NA,212,"no",NA,NA,NA,"Chemagen","Los_Angeles",18,NA,NA,NA,NA,NA,NA,NA,NA,NA,NA,NA,"Healthy",2.69728165012849,6.371735
"CSM79HP4","HMP_2019_ibdmdb","C3022","stool","control","healthy","senior","USA","no","IlluminaHiSeq","31142855",15824114,1496643589,50,101,"Paolo_Manghi",NA,69,"male",NA,148,"no",NA,NA,NA,"Chemagen","Los_Angeles",12,NA,NA,NA,NA,NA,NA,NA,NA,NA,NA,NA,"Healthy",2.74787358634728,5.606905
"CSM7KOOH","HMP_2019_ibdmdb","C3022","stool","control","healthy","senior","USA","no","IlluminaHiSeq","31142855",16921640,1621773303,50,101,"Paolo_Manghi",NA,69,"male",NA,186,"no",NA,NA,NA,"Chemagen","Los_Angeles",16,NA,NA,NA,NA,NA,NA,NA,NA,NA,NA,NA,"Healthy",2.73903833297488,7.256065
"CSM79HP6","HMP_2019_ibdmdb","C3022","stool","control","healthy","senior","USA","no","IlluminaHiSeq","31142855",18131432,1733592366,50,101,"Paolo_Manghi",NA,69,"male",NA,162,"no",NA,NA,NA,"Chemagen","Los_Angeles",13,NA,NA,NA,NA,NA,NA,NA,NA,NA,NA,NA,"Healthy",2.7941297302521,6.640575
"CSMAHYLR","HMP_2019_ibdmdb","C3022","stool","control","healthy","senior","USA","no","IlluminaHiSeq","31142855",18355540,1727952893,50,101,"Paolo_Manghi",NA,69,"male",NA,338,"no",NA,NA,NA,"Chemagen","Los_Angeles",27,NA,NA,NA,NA,NA,NA,NA,NA,NA,NA,NA,"Healthy",2.04394707191025,4.810865
"CSM79HGZ","HMP_2019_ibdmdb","C3022","stool","control","healthy","senior","USA","no","IlluminaHiSeq","31142855",18732760,1787316030,50,101,"Paolo_Manghi",NA,69,"male",NA,72,"no",NA,NA,NA,"Chemagen","Los_Angeles",5,NA,NA,NA,NA,NA,NA,NA,NA,NA,NA,NA,"Healthy",2.62318136852641,7.264025
"CSMAG78W","HMP_2019_ibdmdb","C3022","stool","control","healthy","senior","USA","no","IlluminaHiSeq","31142855",21308106,2041066230,50,101,"Paolo_Manghi",NA,69,"male",NA,325,"no",NA,NA,NA,"Chemagen","Los_Angeles",26,NA,NA,NA,NA,NA,NA,NA,NA,NA,NA,NA,"Healthy",1.93919176414564,5.77535499999999
"CSM7KOON","HMP_2019_ibdmdb","C3022","stool","control","healthy","senior","USA","no","IlluminaHiSeq","31142855",24257872,2250246538,50,101,"Paolo_Manghi",NA,69,"male",NA,226,"no",NA,NA,NA,"Chemagen","Los_Angeles",19,NA,NA,NA,NA,NA,NA,NA,NA,NA,NA,NA,"Healthy",2.84072269243904,7.295165
"CSM79HOZ","HMP_2019_ibdmdb","C3022","stool","control","healthy","senior","USA","no","IlluminaHiSeq","31142855",24519360,2339349751,50,101,"Paolo_Manghi",NA,69,"male",NA,113,"no",NA,NA,NA,"Chemagen","Los_Angeles",10,NA,NA,NA,NA,NA,NA,NA,NA,NA,NA,NA,"Healthy",2.60800804948397,6.142635
"CSM67UH7","HMP_2019_ibdmdb","C3022","stool","control","healthy","senior","USA","no","IlluminaHiSeq","31142855",24633642,2283955930,50,101,"Paolo_Manghi",NA,69,"male",NA,0,"no",NA,NA,NA,"Chemagen","Los_Angeles",1,NA,NA,NA,NA,NA,NA,NA,NA,NA,NA,NA,"Healthy",1.88992544268792,8.918705
"CSM7KOOP","HMP_2019_ibdmdb","C3022","stool","control","healthy","senior","USA","no","IlluminaHiSeq","31142855",25179406,2354105429,50,101,"Paolo_Manghi",NA,69,"male",NA,241,"no",NA,NA,NA,"Chemagen","Los_Angeles",20,NA,NA,NA,NA,NA,NA,NA,NA,NA,NA,NA,"Healthy",2.87592849374734,7.83541499999999
"CSMAAEUA","HMP_2019_ibdmdb","C3022","stool","control","healthy","senior","USA","no","IlluminaHiSeq","31142855",25428474,2389001537,50,101,"Paolo_Manghi",NA,69,"male",NA,295,"no",NA,NA,NA,"Chemagen","Los_Angeles",24,NA,NA,NA,NA,NA,NA,NA,NA,NA,NA,NA,"Healthy",2.6700643815446,7.072805
"CSMAE44D","HMP_2019_ibdmdb","C3022","stool","control","healthy","senior","USA","no","IlluminaHiSeq","31142855",28104606,2634105601,50,101,"Paolo_Manghi",NA,69,"male",NA,309,"no",NA,NA,NA,"Chemagen","Los_Angeles",25,NA,NA,NA,NA,NA,NA,NA,NA,NA,NA,NA,"Healthy",2.45710696610268,6.796165
"CSM7KOOJ","HMP_2019_ibdmdb","C3022","stool","control","healthy","senior","USA","no","IlluminaHiSeq","31142855",31719006,2961650753,50,101,"Paolo_Manghi",NA,69,"male",NA,198,"no",NA,NA,NA,"Chemagen","Los_Angeles",17,NA,NA,NA,NA,NA,NA,NA,NA,NA,NA,NA,"Healthy",2.77752550099409,6.855855
"CSM79HOX","HMP_2019_ibdmdb","C3022","stool","control","healthy","senior","USA","no","IlluminaHiSeq","31142855",32228592,3046412872,50,101,"Paolo_Manghi",NA,69,"male",NA,100,"no",NA,NA,NA,"Chemagen","Los_Angeles",8,NA,NA,NA,NA,NA,NA,NA,NA,NA,NA,NA,"Healthy",2.68522247601247,6.185495
"CSMA8M9R","HMP_2019_ibdmdb","C3022","stool","control","healthy","senior","USA","no","IlluminaHiSeq","31142855",42226634,3931478699,50,101,"Paolo_Manghi",NA,69,"male",NA,281,"no",NA,NA,NA,"Chemagen","Los_Angeles",23,NA,NA,NA,NA,NA,NA,NA,NA,NA,NA,NA,"Healthy",2.73027631170527,8.632265
"CSM79HP2","HMP_2019_ibdmdb","C3022","stool","control","healthy","senior","USA","no","IlluminaHiSeq","31142855",48990328,4618021628,50,101,"Paolo_Manghi",NA,69,"male",NA,128,"no",NA,NA,NA,"Chemagen","Los_Angeles",11,NA,NA,NA,NA,NA,NA,NA,NA,NA,NA,NA,"Healthy",2.67478334858455,6.750735
"CSM79HH2_P","HMP_2019_ibdmdb","C3023","stool","IBD","IBD","adult","USA","no","IlluminaHiSeq","29311644",42030512,4169346568,51,101,"Paolo_Manghi","CD",60,"male",NA,0,"no",NA,NA,28,"Chemagen","Los_Angeles",1,NA,NA,NA,NA,NA,NA,NA,NA,NA,NA,NA,"IBD",2.87168668826768,9.478085
"CSM7KONA","HMP_2019_ibdmdb","C3023","stool","IBD","IBD","adult","USA","no","IlluminaHiSeq","31142855",5098132,459968473,50,101,"Paolo_Manghi","CD",60,"male",NA,154,"no",NA,NA,28,"Chemagen","Los_Angeles",14,NA,NA,NA,NA,NA,NA,NA,NA,NA,NA,NA,"IBD",2.50471294879843,4.711675
"CSM7KOTC","HMP_2019_ibdmdb","C3023","stool","IBD","IBD","adult","USA","no","IlluminaHiSeq","31142855",12147400,1145736261,50,101,"Paolo_Manghi","CD",60,"male",NA,252,"no",NA,NA,28,"Chemagen","Los_Angeles",22,NA,NA,NA,NA,NA,NA,NA,NA,NA,NA,NA,"IBD",2.65839882062752,6.735095
"CSM79HPA","HMP_2019_ibdmdb","C3023","stool","IBD","IBD","adult","USA","no","IlluminaHiSeq","31142855",16942176,1623770478,50,101,"Paolo_Manghi","CD",60,"male",NA,84,"no",NA,NA,28,"Chemagen","Los_Angeles",8,NA,NA,NA,NA,NA,NA,NA,NA,NA,NA,NA,"IBD",2.78645448304907,8.994915
"CSM79HH8","HMP_2019_ibdmdb","C3023","stool","IBD","IBD","adult","USA","no","IlluminaHiSeq","31142855",17681178,1677838807,50,101,"Paolo_Manghi","CD",60,"male",NA,42,"no",NA,NA,28,"Chemagen","Los_Angeles",4,NA,NA,NA,NA,NA,NA,NA,NA,NA,NA,NA,"IBD",2.6829402155792,7.773495
"CSM7KOTK","HMP_2019_ibdmdb","C3023","stool","IBD","IBD","adult","USA","no","IlluminaHiSeq","31142855",17826828,1682281580,50,101,"Paolo_Manghi","CD",60,"male",NA,308,"no",NA,NA,28,"Chemagen","Los_Angeles",26,NA,NA,NA,NA,NA,NA,NA,NA,NA,NA,NA,"IBD",2.69006812240072,8.469755
"CSM79HH4","HMP_2019_ibdmdb","C3023","stool","IBD","IBD","adult","USA","no","IlluminaHiSeq","31142855",18233228,1720676887,50,101,"Paolo_Manghi","CD",60,"male",NA,14,"no",NA,NA,28,"Chemagen","Los_Angeles",2,NA,NA,NA,NA,NA,NA,NA,NA,NA,NA,NA,"IBD",2.57759063602807,6.470955
"CSM79HPC","HMP_2019_ibdmdb","C3023","stool","IBD","IBD","adult","USA","no","IlluminaHiSeq","31142855",18775948,1776150710,50,101,"Paolo_Manghi","CD",60,"male",NA,98,"no",NA,NA,28,"Chemagen","Los_Angeles",9,NA,NA,NA,NA,NA,NA,NA,NA,NA,NA,NA,"IBD",2.75044420201657,5.936505
"CSM79HHA","HMP_2019_ibdmdb","C3023","stool","IBD","IBD","adult","USA","no","IlluminaHiSeq","31142855",21972202,2011063669,50,101,"Paolo_Manghi","CD",60,"male",NA,56,"no",NA,NA,28,"Chemagen","Los_Angeles",5,NA,NA,NA,NA,NA,NA,NA,NA,NA,NA,NA,"IBD",2.34103807465432,7.630395
"CSM79HPA_TR","HMP_2019_ibdmdb","C3023","stool","IBD","IBD","adult","USA","no","IlluminaHiSeq","31142855",23385672,2212113051,50,101,"Paolo_Manghi","CD",60,"male",NA,84,"no",NA,NA,28,"Chemagen","Los_Angeles",8,NA,NA,NA,NA,NA,NA,NA,NA,NA,NA,NA,"IBD",2.65500900540173,8.992685
"CSM7KONK","HMP_2019_ibdmdb","C3023","stool","IBD","IBD","adult","USA","no","IlluminaHiSeq","31142855",25098990,2388596223,50,101,"Paolo_Manghi","CD",60,"male",NA,224,"no",NA,NA,28,"Chemagen","Los_Angeles",19,NA,NA,NA,NA,NA,NA,NA,NA,NA,NA,NA,"IBD",2.52492280953072,5.761685
"CSM7KOTA","HMP_2019_ibdmdb","C3023","stool","IBD","IBD","adult","USA","no","IlluminaHiSeq","31142855",27598356,2548704866,50,101,"Paolo_Manghi","CD",60,"male",NA,240,"no",NA,NA,28,"Chemagen","Los_Angeles",21,NA,NA,NA,NA,NA,NA,NA,NA,NA,NA,NA,"IBD",2.37047044446845,4.788095
"CSM79HG7_P","HMP_2019_ibdmdb","C3024","stool","IBD","IBD","adult","USA","no","IlluminaHiSeq","29311644",12027680,1176600643,50,101,"Paolo_Manghi","CD",40,"female",NA,0,"yes",NA,NA,NA,"Chemagen","Los_Angeles",1,NA,NA,NA,NA,NA,NA,NA,NA,NA,NA,NA,"IBD",2.3776793448118,7.984495
"CSM79HHW_P","HMP_2019_ibdmdb","C3027","stool","IBD","IBD","adult","USA","no","IlluminaHiSeq","29311644",20707356,2047594286,51,101,"Paolo_Manghi","CD",36,"female",NA,0,"no",NA,NA,NA,"Chemagen","Los_Angeles",1,NA,NA,NA,NA,NA,NA,NA,NA,NA,NA,NA,"IBD",1.61601841149735,7.613535
"CSM79HJQ","HMP_2019_ibdmdb","C3027","stool","IBD","IBD","adult","USA","no","IlluminaHiSeq","31142855",708702,60895479,50,100,"Paolo_Manghi","CD",36,"female",NA,35,"no",NA,NA,NA,"Chemagen","Los_Angeles",4,NA,NA,NA,NA,NA,NA,NA,NA,NA,NA,NA,"IBD",1.65443221392043,3.679995
"CSMA9J65","HMP_2019_ibdmdb","C3027","stool","IBD","IBD","adult","USA","no","IlluminaHiSeq","31142855",10743858,1028297667,50,101,"Paolo_Manghi","CD",36,"female",NA,267,"no",NA,NA,NA,"Chemagen","Los_Angeles",22,NA,NA,NA,NA,NA,NA,NA,NA,NA,NA,NA,"IBD",2.08468794454806,8.362755
"CSM7KOOV","HMP_2019_ibdmdb","C3027","stool","IBD","IBD","adult","USA","no","IlluminaHiSeq","31142855",11307486,1076506489,50,101,"Paolo_Manghi","CD",36,"female",NA,182,"no",NA,NA,NA,"Chemagen","Los_Angeles",16,NA,NA,NA,NA,NA,NA,NA,NA,NA,NA,NA,"IBD",1.76489541876362,6.258565
"CSM79HR4","HMP_2019_ibdmdb","C3027","stool","IBD","IBD","adult","USA","no","IlluminaHiSeq","31142855",11442478,1082960413,50,101,"Paolo_Manghi","CD",36,"female",NA,140,"no",NA,NA,NA,"Chemagen","Los_Angeles",12,NA,NA,NA,NA,NA,NA,NA,NA,NA,NA,NA,"IBD",1.3597796399113,4.777185
"CSMA88CB","HMP_2019_ibdmdb","C3027","stool","IBD","IBD","adult","USA","no","IlluminaHiSeq","31142855",11985412,1073113046,50,101,"Paolo_Manghi","CD",36,"female",NA,257,"no",NA,NA,NA,"Chemagen","Los_Angeles",20,NA,NA,NA,NA,NA,NA,NA,NA,NA,NA,NA,"IBD",2.68361977379739,8.119885
"CSMAIG7X","HMP_2019_ibdmdb","C3027","stool","IBD","IBD","adult","USA","no","IlluminaHiSeq","31142855",14214506,1355399475,50,101,"Paolo_Manghi","CD",36,"female",NA,321,"no",NA,NA,NA,"Chemagen","Los_Angeles",27,NA,NA,NA,NA,NA,NA,NA,NA,NA,NA,NA,"IBD",1.56088121456207,7.309645
"CSM79HHW","HMP_2019_ibdmdb","C3027","stool","IBD","IBD","adult","USA","no","IlluminaHiSeq","31142855",17802618,1684301765,50,101,"Paolo_Manghi","CD",36,"female",NA,0,"no",NA,NA,NA,"Chemagen","Los_Angeles",1,NA,NA,NA,NA,NA,NA,NA,NA,NA,NA,NA,"IBD",1.62578572851969,6.975675
"CSM79HR6","HMP_2019_ibdmdb","C3027","stool","IBD","IBD","adult","USA","no","IlluminaHiSeq","31142855",18215604,1729634357,50,101,"Paolo_Manghi","CD",36,"female",NA,153,"yes",NA,NA,NA,"Chemagen","Los_Angeles",13,NA,NA,NA,NA,NA,NA,NA,NA,NA,NA,NA,"IBD",1.69929967971394,4.328435
"CSMAH393","HMP_2019_ibdmdb","C3027","stool","IBD","IBD","adult","USA","no","IlluminaHiSeq","31142855",21404696,2013983399,50,101,"Paolo_Manghi","CD",36,"female",NA,308,"no",NA,NA,NA,"Chemagen","Los_Angeles",26,NA,NA,NA,NA,NA,NA,NA,NA,NA,NA,NA,"IBD",2.29260982620753,7.660525
"CSM79HJS","HMP_2019_ibdmdb","C3027","stool","IBD","IBD","adult","USA","no","IlluminaHiSeq","31142855",21860778,2089198010,50,101,"Paolo_Manghi","CD",36,"female",NA,56,"no",NA,NA,NA,"Chemagen","Los_Angeles",5,NA,NA,NA,NA,NA,NA,NA,NA,NA,NA,NA,"IBD",1.92347124077186,7.48647499999999
"CSM7KOOX","HMP_2019_ibdmdb","C3027","stool","IBD","IBD","adult","USA","no","IlluminaHiSeq","31142855",22699632,2103877812,50,101,"Paolo_Manghi","CD",36,"female",NA,196,"no",NA,NA,NA,"Chemagen","Los_Angeles",17,NA,NA,NA,NA,NA,NA,NA,NA,NA,NA,NA,"IBD",1.79368733747928,8.592185
"CSM79HR2","HMP_2019_ibdmdb","C3027","stool","IBD","IBD","adult","USA","no","IlluminaHiSeq","31142855",23656002,2261136099,50,101,"Paolo_Manghi","CD",36,"female",NA,125,"no",NA,NA,NA,"Chemagen","Los_Angeles",11,NA,NA,NA,NA,NA,NA,NA,NA,NA,NA,NA,"IBD",1.34296534847602,6.020895
"CSMACTZP","HMP_2019_ibdmdb","C3027","stool","IBD","IBD","adult","USA","no","IlluminaHiSeq","31142855",24413816,2244994072,50,101,"Paolo_Manghi","CD",36,"female",NA,279,"no",NA,NA,NA,"Chemagen","Los_Angeles",23,NA,NA,NA,NA,NA,NA,NA,NA,NA,NA,NA,"IBD",2.22981261174129,7.065035
"CSM79HQX","HMP_2019_ibdmdb","C3027","stool","IBD","IBD","adult","USA","no","IlluminaHiSeq","31142855",24878688,2312067340,50,101,"Paolo_Manghi","CD",36,"female",NA,97,"no",NA,NA,NA,"Chemagen","Los_Angeles",9,NA,NA,NA,NA,NA,NA,NA,NA,NA,NA,NA,"IBD",1.62305887941044,5.259505
"CSM79HJU","HMP_2019_ibdmdb","C3027","stool","IBD","IBD","adult","USA","no","IlluminaHiSeq","31142855",27160072,2557707652,50,101,"Paolo_Manghi","CD",36,"female",NA,69,"yes",NA,NA,NA,"Chemagen","Los_Angeles",6,NA,NA,NA,NA,NA,NA,NA,NA,NA,NA,NA,"IBD",1.81466316772992,5.909475
"CSM79HJO","HMP_2019_ibdmdb","C3027","stool","IBD","IBD","adult","USA","no","IlluminaHiSeq","31142855",27233350,2608867109,50,101,"Paolo_Manghi","CD",36,"female",NA,27,"no",NA,NA,NA,"Chemagen","Los_Angeles",3,NA,NA,NA,NA,NA,NA,NA,NA,NA,NA,NA,"IBD",1.82244312634813,8.151655
"CSMAF72L","HMP_2019_ibdmdb","C3027","stool","IBD","IBD","adult","USA","no","IlluminaHiSeq","31142855",27253028,2441035622,50,101,"Paolo_Manghi","CD",36,"female",NA,293,"no",NA,NA,NA,"Chemagen","Los_Angeles",24,NA,NA,NA,NA,NA,NA,NA,NA,NA,NA,NA,"IBD",1.85978721982326,6.004615
"CSM7KOP2","HMP_2019_ibdmdb","C3027","stool","IBD","IBD","adult","USA","no","IlluminaHiSeq","31142855",27637340,2602407662,50,101,"Paolo_Manghi","CD",36,"female",NA,223,"no",NA,NA,NA,"Chemagen","Los_Angeles",19,NA,NA,NA,NA,NA,NA,NA,NA,NA,NA,NA,"IBD",1.53901176384061,4.756235
"CSM79HJM","HMP_2019_ibdmdb","C3027","stool","IBD","IBD","adult","USA","no","IlluminaHiSeq","31142855",30524040,2921030867,50,101,"Paolo_Manghi","CD",36,"female",NA,20,"no",NA,NA,NA,"Chemagen","Los_Angeles",2,NA,NA,NA,NA,NA,NA,NA,NA,NA,NA,NA,"IBD",1.95068776169861,8.128375
"CSM7KOOT","HMP_2019_ibdmdb","C3027","stool","IBD","IBD","adult","USA","no","IlluminaHiSeq","31142855",30778498,2886887361,50,101,"Paolo_Manghi","CD",36,"female",NA,167,"yes",NA,NA,NA,"Chemagen","Los_Angeles",15,NA,NA,NA,NA,NA,NA,NA,NA,NA,NA,NA,"IBD",1.43639630933887,5.169765
"CSM79HQZ","HMP_2019_ibdmdb","C3027","stool","IBD","IBD","adult","USA","no","IlluminaHiSeq","31142855",30843710,2877216019,50,101,"Paolo_Manghi","CD",36,"female",NA,112,"no",NA,NA,NA,"Chemagen","Los_Angeles",10,NA,NA,NA,NA,NA,NA,NA,NA,NA,NA,NA,"IBD",1.72535832822182,6.320945
"CSM7KOOZ","HMP_2019_ibdmdb","C3027","stool","IBD","IBD","adult","USA","no","IlluminaHiSeq","31142855",31118898,2903740238,50,101,"Paolo_Manghi","CD",36,"female",NA,209,"no",NA,NA,NA,"Chemagen","Los_Angeles",18,NA,NA,NA,NA,NA,NA,NA,NA,NA,NA,NA,"IBD",1.67361106722241,5.260395
"CSM79HQV","HMP_2019_ibdmdb","C3027","stool","IBD","IBD","adult","USA","no","IlluminaHiSeq","31142855",41723476,3937935334,50,101,"Paolo_Manghi","CD",36,"female",NA,83,"yes",NA,NA,NA,"Chemagen","Los_Angeles",8,NA,NA,NA,NA,NA,NA,NA,NA,NA,NA,NA,"IBD",1.54729365297462,4.569075
"CSM7KORC","HMP_2019_ibdmdb","C3028","stool","IBD","IBD","adult","USA","no","IlluminaHiSeq","31142855",14504900,1380328036,50,101,"Paolo_Manghi","CD",33,"male",NA,168,"no",NA,NA,NA,"Chemagen","Los_Angeles",14,NA,NA,NA,NA,NA,NA,NA,NA,NA,NA,NA,"IBD",2.41418106684155,9.249875
"CSM7KOKT","HMP_2019_ibdmdb","C3028","stool","IBD","IBD","adult","USA","no","IlluminaHiSeq","31142855",14604490,1380997635,50,101,"Paolo_Manghi","CD",33,"male",NA,94,"no",NA,NA,NA,"Chemagen","Los_Angeles",8,NA,NA,NA,NA,NA,NA,NA,NA,NA,NA,NA,"IBD",2.31153340207782,6.047225
"CSM79HL6","HMP_2019_ibdmdb","C3028","stool","IBD","IBD","adult","USA","no","IlluminaHiSeq","31142855",15321176,1439905262,50,101,"Paolo_Manghi","CD",33,"male",NA,64,"no",NA,NA,NA,"Chemagen","Los_Angeles",5,NA,NA,NA,NA,NA,NA,NA,NA,NA,NA,NA,"IBD",2.40642133364329,8.104825
"CSM79HL4","HMP_2019_ibdmdb","C3028","stool","IBD","IBD","adult","USA","no","IlluminaHiSeq","31142855",17079816,1609858649,50,101,"Paolo_Manghi","CD",33,"male",NA,45,"no",NA,NA,NA,"Chemagen","Los_Angeles",4,NA,NA,NA,NA,NA,NA,NA,NA,NA,NA,NA,"IBD",2.42350431635124,6.981375
"CSM7KOKR","HMP_2019_ibdmdb","C3028","stool","IBD","IBD","adult","USA","no","IlluminaHiSeq","31142855",18418876,1755411383,50,101,"Paolo_Manghi","CD",33,"male",NA,78,"no",NA,NA,NA,"Chemagen","Los_Angeles",7,NA,NA,NA,NA,NA,NA,NA,NA,NA,NA,NA,"IBD",2.49343063250358,7.741045
"CSM7KORI","HMP_2019_ibdmdb","C3028","stool","IBD","IBD","adult","USA","no","IlluminaHiSeq","31142855",20623116,1947981221,50,101,"Paolo_Manghi","CD",33,"male",NA,245,"no",NA,NA,NA,"Chemagen","Los_Angeles",17,NA,NA,NA,NA,NA,NA,NA,NA,NA,NA,NA,"IBD",2.10641209685271,5.926805
"CSM7KORG","HMP_2019_ibdmdb","C3028","stool","IBD","IBD","adult","USA","no","IlluminaHiSeq","31142855",21349606,2019826536,50,101,"Paolo_Manghi","CD",33,"male",NA,258,"no",NA,NA,NA,"Chemagen","Los_Angeles",18,NA,NA,NA,NA,NA,NA,NA,NA,NA,NA,NA,"IBD",2.45363898151819,8.909775
"CSM7KORK","HMP_2019_ibdmdb","C3028","stool","IBD","IBD","adult","USA","no","IlluminaHiSeq","31142855",24518064,2350672357,50,101,"Paolo_Manghi","CD",33,"male",NA,227,"no",NA,NA,NA,"Chemagen","Los_Angeles",16,NA,NA,NA,NA,NA,NA,NA,NA,NA,NA,NA,"IBD",2.55691408432671,9.795845
"CSM7KOL2","HMP_2019_ibdmdb","C3028","stool","IBD","IBD","adult","USA","no","IlluminaHiSeq","31142855",31828130,2973643804,50,101,"Paolo_Manghi","CD",33,"male",NA,161,"no",NA,NA,NA,"Chemagen","Los_Angeles",12,NA,NA,NA,NA,NA,NA,NA,NA,NA,NA,NA,"IBD",2.26336695974937,9.253355
"CSM7KOKZ","HMP_2019_ibdmdb","C3028","stool","IBD","IBD","adult","USA","no","IlluminaHiSeq","31142855",33929132,3238175678,50,101,"Paolo_Manghi","CD",33,"male",NA,136,"no",NA,NA,NA,"Chemagen","Los_Angeles",11,NA,NA,NA,NA,NA,NA,NA,NA,NA,NA,NA,"IBD",2.16134625889141,8.351675
"CSM79HKX","HMP_2019_ibdmdb","C3028","stool","IBD","IBD","adult","USA","no","IlluminaHiSeq","31142855",44669358,4203840181,50,101,"Paolo_Manghi","CD",33,"male",NA,0,"no",NA,NA,NA,"Chemagen","Los_Angeles",1,NA,NA,NA,NA,NA,NA,NA,NA,NA,NA,NA,"IBD",2.36419360640426,8.359715
"CSM79HKZ","HMP_2019_ibdmdb","C3028","stool","IBD","IBD","adult","USA","no","IlluminaHiSeq","31142855",46610392,4375797865,50,101,"Paolo_Manghi","CD",33,"male",NA,16,"no",NA,NA,NA,"Chemagen","Los_Angeles",2,NA,NA,NA,NA,NA,NA,NA,NA,NA,NA,NA,"IBD",2.20214039105087,7.551365
"CSM79HNG_P","HMP_2019_ibdmdb","C3029","stool","IBD","IBD","adult","USA","no","IlluminaHiSeq","29311644",13107622,1277306790,50,101,"Paolo_Manghi","UC",32,"male",NA,13,"no",NA,NA,NA,"Chemagen","Los_Angeles",2,NA,NA,NA,NA,NA,NA,NA,NA,NA,NA,NA,"IBD",1.93325066179779,6.041285
"CSM79HNE","HMP_2019_ibdmdb","C3029","stool","IBD","IBD","adult","USA","no","IlluminaHiSeq","31142855",14281486,1312428825,50,101,"Paolo_Manghi","UC",32,"male",NA,0,"no",NA,NA,NA,"Chemagen","Los_Angeles",1,NA,NA,NA,NA,NA,NA,NA,NA,NA,NA,NA,"IBD",1.1096046071626,6.148985
"CSM79HNK","HMP_2019_ibdmdb","C3029","stool","IBD","IBD","adult","USA","no","IlluminaHiSeq","31142855",17212730,1623165728,50,101,"Paolo_Manghi","UC",32,"male",NA,41,"no",NA,NA,NA,"Chemagen","Los_Angeles",4,NA,NA,NA,NA,NA,NA,NA,NA,NA,NA,NA,"IBD",1.91932057911924,7.119915
"CSM9X1Y5","HMP_2019_ibdmdb","C3029","stool","IBD","IBD","adult","USA","no","IlluminaHiSeq","31142855",22714870,2128746900,50,101,"Paolo_Manghi","UC",32,"male",NA,238,"no",NA,NA,NA,"Chemagen","Los_Angeles",21,NA,NA,NA,NA,NA,NA,NA,NA,NA,NA,NA,"IBD",2.37933276173995,8.217395
"CSM7KOSH","HMP_2019_ibdmdb","C3029","stool","IBD","IBD","adult","USA","no","IlluminaHiSeq","31142855",26667134,2412113758,50,101,"Paolo_Manghi","UC",32,"male",NA,223,"no",NA,NA,NA,"Chemagen","Los_Angeles",19,NA,NA,NA,NA,NA,NA,NA,NA,NA,NA,NA,"IBD",1.82249276606438,6.909235
"CSM7KOS7","HMP_2019_ibdmdb","C3029","stool","IBD","IBD","adult","USA","no","IlluminaHiSeq","31142855",28967536,2686482667,50,101,"Paolo_Manghi","UC",32,"male",NA,154,"no",NA,NA,NA,"Chemagen","Los_Angeles",14,NA,NA,NA,NA,NA,NA,NA,NA,NA,NA,NA,"IBD",2.28375637319465,9.648825
"CSM79HNI","HMP_2019_ibdmdb","C3029","stool","IBD","IBD","adult","USA","no","IlluminaHiSeq","31142855",29563874,2807977329,50,101,"Paolo_Manghi","UC",32,"male",NA,27,"no",NA,NA,NA,"Chemagen","Los_Angeles",3,NA,NA,NA,NA,NA,NA,NA,NA,NA,NA,NA,"IBD",2.16596956007276,8.192415
"CSM79HNM","HMP_2019_ibdmdb","C3029","stool","IBD","IBD","adult","USA","no","IlluminaHiSeq","31142855",35870002,3373635131,50,101,"Paolo_Manghi","UC",32,"male",NA,55,"no",NA,NA,NA,"Chemagen","Los_Angeles",5,NA,NA,NA,NA,NA,NA,NA,NA,NA,NA,NA,"IBD",1.98669170933215,8.198965
"CSM7KOLY","HMP_2019_ibdmdb","C3029","stool","IBD","IBD","adult","USA","no","IlluminaHiSeq","31142855",39830664,3719443556,50,101,"Paolo_Manghi","UC",32,"male",NA,98,"no",NA,NA,NA,"Chemagen","Los_Angeles",9,NA,NA,NA,NA,NA,NA,NA,NA,NA,NA,NA,"IBD",1.94640553845315,7.729555
"CSM79HJI_P","HMP_2019_ibdmdb","C3030","stool","IBD","IBD","adult","USA","no","IlluminaHiSeq","29311644",40581088,4015579212,51,101,"Paolo_Manghi","CD",44,"male",NA,0,"no",NA,NA,21.2,"Chemagen","Los_Angeles",1,NA,NA,NA,NA,NA,NA,NA,NA,NA,NA,NA,"IBD",2.92251739429483,10.702215
"CSM7KOSJ","HMP_2019_ibdmdb","C3030","stool","IBD","IBD","adult","USA","no","IlluminaHiSeq","31142855",5818324,550202449,50,101,"Paolo_Manghi","CD",44,"male",NA,264,"no",NA,NA,21.2,"Chemagen","Los_Angeles",19,NA,NA,NA,NA,NA,NA,NA,NA,NA,NA,NA,"IBD",2.29655955361903,4.361365
"CSM7KOSL","HMP_2019_ibdmdb","C3030","stool","IBD","IBD","adult","USA","no","IlluminaHiSeq","31142855",6098162,580120113,50,101,"Paolo_Manghi","CD",44,"male",NA,180,"no",NA,NA,21.2,"Chemagen","Los_Angeles",15,NA,NA,NA,NA,NA,NA,NA,NA,NA,NA,NA,"IBD",2.07889846957981,3.478495
"CSM79HNW","HMP_2019_ibdmdb","C3030","stool","IBD","IBD","adult","USA","no","IlluminaHiSeq","31142855",14826010,1402866771,50,101,"Paolo_Manghi","CD",44,"male",NA,68,"no",NA,NA,21.2,"Chemagen","Los_Angeles",6,NA,NA,NA,NA,NA,NA,NA,NA,NA,NA,NA,"IBD",1.71068652444754,2.747415
"CSM79HNU","HMP_2019_ibdmdb","C3030","stool","IBD","IBD","adult","USA","no","IlluminaHiSeq","31142855",16832952,1616084598,50,101,"Paolo_Manghi","CD",44,"male",NA,54,"no",NA,NA,21.2,"Chemagen","Los_Angeles",5,NA,NA,NA,NA,NA,NA,NA,NA,NA,NA,NA,"IBD",1.66159981637145,3.012245
"CSM7KOMB","HMP_2019_ibdmdb","C3030","stool","IBD","IBD","adult","USA","no","IlluminaHiSeq","31142855",18253612,1736837935,50,101,"Paolo_Manghi","CD",44,"male",NA,113,"no",NA,NA,21.2,"Chemagen","Los_Angeles",10,NA,NA,NA,NA,NA,NA,NA,NA,NA,NA,NA,"IBD",2.65355757704389,8.919005
"CSM79HNO","HMP_2019_ibdmdb","C3030","stool","IBD","IBD","adult","USA","no","IlluminaHiSeq","31142855",23003684,2211834898,50,101,"Paolo_Manghi","CD",44,"male",NA,13,"no",NA,NA,21.2,"Chemagen","Los_Angeles",2,NA,NA,NA,NA,NA,NA,NA,NA,NA,NA,NA,"IBD",1.85764087961839,2.913365
"CSM7KOST","HMP_2019_ibdmdb","C3030","stool","IBD","IBD","adult","USA","no","IlluminaHiSeq","31142855",26824750,2557368965,50,101,"Paolo_Manghi","CD",44,"male",NA,238,"no",NA,NA,21.2,"Chemagen","Los_Angeles",18,NA,NA,NA,NA,NA,NA,NA,NA,NA,NA,NA,"IBD",2.41195209322534,5.010925
"CSM7KOSP","HMP_2019_ibdmdb","C3030","stool","IBD","IBD","adult","USA","no","IlluminaHiSeq","31142855",28739610,2774686520,50,101,"Paolo_Manghi","CD",44,"male",NA,208,"no",NA,NA,21.2,"Chemagen","Los_Angeles",17,NA,NA,NA,NA,NA,NA,NA,NA,NA,NA,NA,"IBD",2.43654162909856,5.094925
"CSM7KOMH","HMP_2019_ibdmdb","C3030","stool","IBD","IBD","adult","USA","no","IlluminaHiSeq","31142855",37236886,3562979692,50,101,"Paolo_Manghi","CD",44,"male",NA,152,"no",NA,NA,21.2,"Chemagen","Los_Angeles",13,NA,NA,NA,NA,NA,NA,NA,NA,NA,NA,NA,"IBD",2.14306481528945,5.388075
"CSM79HNY_P","HMP_2019_ibdmdb","C3031","stool","IBD","IBD","adult","USA","no","IlluminaHiSeq","29311644",8715342,862706791,53,101,"Paolo_Manghi","CD",NA,"female",NA,0,"no",NA,NA,NA,"Chemagen","Los_Angeles",1,NA,NA,NA,NA,NA,NA,NA,NA,NA,NA,NA,"IBD",2.17411074132352,6.453345
"CSM79HR8","HMP_2019_ibdmdb","C3031","stool","IBD","IBD","adult","USA","no","IlluminaHiSeq","31142855",3050628,294392744,50,101,"Paolo_Manghi","CD",NA,"female",NA,37,"no",NA,NA,NA,"Chemagen","Los_Angeles",2,NA,NA,NA,NA,NA,NA,NA,NA,NA,NA,NA,"IBD",1.97937794997148,5.257785
"CSM79HRG","HMP_2019_ibdmdb","C3031","stool","IBD","IBD","adult","USA","no","IlluminaHiSeq","31142855",14111598,1360518706,50,101,"Paolo_Manghi","CD",NA,"female",NA,73,"yes",NA,NA,NA,"Chemagen","Los_Angeles",8,NA,NA,NA,NA,NA,NA,NA,NA,NA,NA,NA,"IBD",2.270298658162,7.527645
"CSM9X1ZC","HMP_2019_ibdmdb","C3031","stool","IBD","IBD","adult","USA","no","IlluminaHiSeq","31142855",14142398,1358609101,50,101,"Paolo_Manghi","CD",NA,"female",NA,349,"no",NA,NA,NA,"Chemagen","Los_Angeles",17,NA,NA,NA,NA,NA,NA,NA,NA,NA,NA,NA,"IBD",2.16775407308657,7.456535
"CSM7KOOF","HMP_2019_ibdmdb","C3031","stool","IBD","IBD","adult","USA","no","IlluminaHiSeq","31142855",18188572,1738449824,50,101,"Paolo_Manghi","CD",NA,"female",NA,231,"no",NA,NA,NA,"Chemagen","Los_Angeles",13,NA,NA,NA,NA,NA,NA,NA,NA,NA,NA,NA,"IBD",2.00771949567796,6.889955
"CSM7KOO9","HMP_2019_ibdmdb","C3031","stool","IBD","IBD","adult","USA","no","IlluminaHiSeq","31142855",18854386,1819175561,50,101,"Paolo_Manghi","CD",NA,"female",NA,136,"no",NA,NA,NA,"Chemagen","Los_Angeles",11,NA,NA,NA,NA,NA,NA,NA,NA,NA,NA,NA,"IBD",1.99778297501231,6.352925
"CSM9X1Z4","HMP_2019_ibdmdb","C3031","stool","IBD","IBD","adult","USA","no","IlluminaHiSeq","31142855",20333386,1949592932,50,101,"Paolo_Manghi","CD",NA,"female",NA,269,"no",NA,NA,NA,"Chemagen","Los_Angeles",15,NA,NA,NA,NA,NA,NA,NA,NA,NA,NA,NA,"IBD",1.98120204624178,6.170865
"CSM79HRC","HMP_2019_ibdmdb","C3031","stool","IBD","IBD","adult","USA","no","IlluminaHiSeq","31142855",20668116,1974610470,50,101,"Paolo_Manghi","CD",NA,"female",NA,50,"no",NA,NA,NA,"Chemagen","Los_Angeles",5,NA,NA,NA,NA,NA,NA,NA,NA,NA,NA,NA,"IBD",2.39659729505946,8.435075
"CSM7KOOD","HMP_2019_ibdmdb","C3031","stool","IBD","IBD","adult","USA","no","IlluminaHiSeq","31142855",20965774,2010245708,50,101,"Paolo_Manghi","CD",NA,"female",NA,170,"no",NA,NA,NA,"Chemagen","Los_Angeles",12,NA,NA,NA,NA,NA,NA,NA,NA,NA,NA,NA,"IBD",1.96881280968381,7.397385
"CSM7KOO5","HMP_2019_ibdmdb","C3031","stool","IBD","IBD","adult","USA","no","IlluminaHiSeq","31142855",21329896,2054600321,50,101,"Paolo_Manghi","CD",NA,"female",NA,100,"yes",NA,NA,NA,"Chemagen","Los_Angeles",9,NA,NA,NA,NA,NA,NA,NA,NA,NA,NA,NA,"IBD",1.87532028519694,7.61153499999999
"CSM79HRE","HMP_2019_ibdmdb","C3031","stool","IBD","IBD","adult","USA","no","IlluminaHiSeq","31142855",27727390,2624214145,50,101,"Paolo_Manghi","CD",NA,"female",NA,69,"yes",NA,NA,NA,"Chemagen","Los_Angeles",6,NA,NA,NA,NA,NA,NA,NA,NA,NA,NA,NA,"IBD",1.58167208596713,7.176875
"CSM7KOU7_P","HMP_2019_ibdmdb","C3032","stool","IBD","IBD","adult","USA","no","IlluminaHiSeq","29311644",26195862,2593327749,50,101,"Paolo_Manghi","UC",42,"female",NA,70,"no",NA,NA,21.7,"Chemagen","Los_Angeles",7,NA,NA,NA,NA,NA,NA,NA,NA,NA,NA,NA,"IBD",2.6561348157828,7.87620499999999
"CSM9X1ZY","HMP_2019_ibdmdb","C3032","stool","IBD","IBD","adult","USA","no","IlluminaHiSeq","31142855",14930090,1431775876,50,101,"Paolo_Manghi","UC",42,"female",NA,223,"no",NA,NA,21.7,"Chemagen","Los_Angeles",19,NA,NA,NA,NA,NA,NA,NA,NA,NA,NA,NA,"IBD",2.49765327344446,6.739695
"CSM9X22K","HMP_2019_ibdmdb","C3032","stool","IBD","IBD","adult","USA","no","IlluminaHiSeq","31142855",22021612,2109344267,50,101,"Paolo_Manghi","UC",42,"female",NA,267,"no",NA,NA,21.7,"Chemagen","Los_Angeles",23,NA,NA,NA,NA,NA,NA,NA,NA,NA,NA,NA,"IBD",2.60205136053727,7.78057499999999
"CSM7KOP6","HMP_2019_ibdmdb","C3032","stool","IBD","IBD","adult","USA","no","IlluminaHiSeq","31142855",22040190,2057651614,50,101,"Paolo_Manghi","UC",42,"female",NA,0,"no",NA,NA,21.7,"Chemagen","Los_Angeles",1,NA,NA,NA,NA,NA,NA,NA,NA,NA,NA,NA,"IBD",2.58874257045625,7.86613499999999
"CSM7KOUB","HMP_2019_ibdmdb","C3032","stool","IBD","IBD","adult","USA","no","IlluminaHiSeq","31142855",22943282,2144569182,50,101,"Paolo_Manghi","UC",42,"female",NA,100,"no",NA,NA,21.7,"Chemagen","Los_Angeles",9,NA,NA,NA,NA,NA,NA,NA,NA,NA,NA,NA,"IBD",2.42063933203695,7.896895
"CSM7KOU9","HMP_2019_ibdmdb","C3032","stool","IBD","IBD","adult","USA","no","IlluminaHiSeq","31142855",28594560,2727464404,50,101,"Paolo_Manghi","UC",42,"female",NA,84,"no",NA,NA,21.7,"Chemagen","Los_Angeles",8,NA,NA,NA,NA,NA,NA,NA,NA,NA,NA,NA,"IBD",2.59506415487758,8.072425
"CSM7KOPE","HMP_2019_ibdmdb","C3032","stool","IBD","IBD","adult","USA","no","IlluminaHiSeq","31142855",31139908,2903965772,50,101,"Paolo_Manghi","UC",42,"female",NA,56,"yes",NA,NA,21.7,"Chemagen","Los_Angeles",5,NA,NA,NA,NA,NA,NA,NA,NA,NA,NA,NA,"IBD",2.49166540696233,7.17372499999999
"CSM9X22G","HMP_2019_ibdmdb","C3032","stool","IBD","IBD","adult","USA","no","IlluminaHiSeq","31142855",34042706,3204271591,50,101,"Paolo_Manghi","UC",42,"female",NA,250,"no",NA,NA,21.7,"Chemagen","Los_Angeles",21,NA,NA,NA,NA,NA,NA,NA,NA,NA,NA,NA,"IBD",2.53857741014479,10.580965
"CSM9X1ZO","HMP_2019_ibdmdb","C3032","stool","IBD","IBD","adult","USA","no","IlluminaHiSeq","31142855",37211884,3476434791,50,101,"Paolo_Manghi","UC",42,"female",NA,154,"no",NA,NA,21.7,"Chemagen","Los_Angeles",14,NA,NA,NA,NA,NA,NA,NA,NA,NA,NA,NA,"IBD",2.63056453720034,7.452985
"CSM7KOP8","HMP_2019_ibdmdb","C3032","stool","IBD","IBD","adult","USA","no","IlluminaHiSeq","31142855",37300476,3531653936,50,101,"Paolo_Manghi","UC",42,"female",NA,14,"no",NA,NA,21.7,"Chemagen","Los_Angeles",2,NA,NA,NA,NA,NA,NA,NA,NA,NA,NA,NA,"IBD",2.60222824611552,8.03105499999999
"CSM9X22I","HMP_2019_ibdmdb","C3032","stool","IBD","IBD","adult","USA","no","IlluminaHiSeq","31142855",39837050,3702128561,50,101,"Paolo_Manghi","UC",42,"female",NA,252,"no",NA,NA,21.7,"Chemagen","Los_Angeles",22,NA,NA,NA,NA,NA,NA,NA,NA,NA,NA,NA,"IBD",2.59830988572324,9.488325
"CSM9X1ZQ","HMP_2019_ibdmdb","C3032","stool","IBD","IBD","adult","USA","no","IlluminaHiSeq","31142855",42920824,4003239159,50,101,"Paolo_Manghi","UC",42,"female",NA,168,"no",NA,NA,21.7,"Chemagen","Los_Angeles",15,NA,NA,NA,NA,NA,NA,NA,NA,NA,NA,NA,"IBD",2.36605981728249,7.466115
"CSM7KOQP_P","HMP_2019_ibdmdb","C3033","stool","IBD","IBD","adult","USA","no","IlluminaHiSeq","29311644",15970914,1553643712,50,101,"Paolo_Manghi","CD",40,"female",NA,0,"no",NA,NA,NA,"Chemagen","Los_Angeles",1,NA,NA,NA,NA,NA,NA,NA,NA,NA,NA,NA,"IBD",1.52348905827693,2.425105
"CSM79HQR_P","HMP_2019_ibdmdb","C3034","stool","IBD","IBD","adult","USA","no","IlluminaHiSeq","29311644",4709746,459616038,51,101,"Paolo_Manghi","UC",36,"female",NA,0,"no",NA,NA,19.5,"Chemagen","Los_Angeles",1,NA,NA,NA,NA,NA,NA,NA,NA,NA,NA,NA,"IBD",2.55327662116744,6.050505
"CSM7KORO","HMP_2019_ibdmdb","C3034","stool","IBD","IBD","adult","USA","no","IlluminaHiSeq","31142855",7918832,770025766,50,101,"Paolo_Manghi","UC",36,"female",NA,14,"no",NA,NA,19.5,"Chemagen","Los_Angeles",2,NA,NA,NA,NA,NA,NA,NA,NA,NA,NA,NA,"IBD",2.2679464721828,6.962395
"CSM7KORU","HMP_2019_ibdmdb","C3034","stool","IBD","IBD","adult","USA","no","IlluminaHiSeq","31142855",15567534,1506722424,50,101,"Paolo_Manghi","UC",36,"female",NA,56,"yes",NA,NA,19.5,"Chemagen","Los_Angeles",5,NA,NA,NA,NA,NA,NA,NA,NA,NA,NA,NA,"IBD",2.0003920024943,6.620445
"CSM9X1XU","HMP_2019_ibdmdb","C3034","stool","IBD","IBD","adult","USA","no","IlluminaHiSeq","31142855",16139516,1535051280,50,101,"Paolo_Manghi","UC",36,"female",NA,99,"yes",NA,NA,19.5,"Chemagen","Los_Angeles",9,NA,NA,NA,NA,NA,NA,NA,NA,NA,NA,NA,"IBD",2.01202450863124,6.409805
"CSM7KORM","HMP_2019_ibdmdb","C3034","stool","IBD","IBD","adult","USA","no","IlluminaHiSeq","31142855",17130072,1646502818,50,101,"Paolo_Manghi","UC",36,"female",NA,29,"no",NA,NA,19.5,"Chemagen","Los_Angeles",3,NA,NA,NA,NA,NA,NA,NA,NA,NA,NA,NA,"IBD",2.30767300703989,7.64425499999999
"CSM9X1Y3","HMP_2019_ibdmdb","C3034","stool","IBD","IBD","adult","USA","no","IlluminaHiSeq","31142855",17578624,1669606945,50,101,"Paolo_Manghi","UC",36,"female",NA,182,"no",NA,NA,19.5,"Chemagen","Los_Angeles",13,NA,NA,NA,NA,NA,NA,NA,NA,NA,NA,NA,"IBD",2.46027664022646,8.332625
"CSM9X21L","HMP_2019_ibdmdb","C3034","stool","IBD","IBD","adult","USA","no","IlluminaHiSeq","31142855",21256078,1994211628,50,101,"Paolo_Manghi","UC",36,"female",NA,255,"no",NA,NA,19.5,"Chemagen","Los_Angeles",18,NA,NA,NA,NA,NA,NA,NA,NA,NA,NA,NA,"IBD",2.14448842825419,7.658745
"CSM9X21J","HMP_2019_ibdmdb","C3034","stool","IBD","IBD","adult","USA","no","IlluminaHiSeq","31142855",21894976,2116588011,50,101,"Paolo_Manghi","UC",36,"female",NA,238,"no",NA,NA,19.5,"Chemagen","Los_Angeles",17,NA,NA,NA,NA,NA,NA,NA,NA,NA,NA,NA,"IBD",2.2815208644787,8.507815
"CSM7KORS","HMP_2019_ibdmdb","C3034","stool","IBD","IBD","adult","USA","no","IlluminaHiSeq","31142855",22647910,2143046471,50,101,"Paolo_Manghi","UC",36,"female",NA,71,"yes",NA,NA,19.5,"Chemagen","Los_Angeles",6,NA,NA,NA,NA,NA,NA,NA,NA,NA,NA,NA,"IBD",2.21414229422538,6.905825
"CSM9X21N","HMP_2019_ibdmdb","C3034","stool","IBD","IBD","adult","USA","no","IlluminaHiSeq","31142855",30529698,2873562502,50,101,"Paolo_Manghi","UC",36,"female",NA,266,"no",NA,NA,19.5,"Chemagen","Los_Angeles",19,NA,NA,NA,NA,NA,NA,NA,NA,NA,NA,NA,"IBD",2.16272611120264,7.939295
"CSM7KOTS","HMP_2019_ibdmdb","C3035","stool","IBD","IBD","adult","USA","no","IlluminaHiSeq","31142855",11910332,1122923988,50,101,"Paolo_Manghi","CD",62,"male",NA,30,"no",NA,NA,24.4,"Chemagen","Los_Angeles",3,NA,NA,NA,NA,NA,NA,NA,NA,NA,NA,NA,"IBD",2.42864354882816,7.550335
"CSM9X235","HMP_2019_ibdmdb","C3035","stool","IBD","IBD","adult","USA","no","IlluminaHiSeq","31142855",13950064,1315092297,50,101,"Paolo_Manghi","CD",62,"male",NA,238,"no",NA,NA,24.4,"Chemagen","Los_Angeles",20,NA,NA,NA,NA,NA,NA,NA,NA,NA,NA,NA,"IBD",2.50038624030818,8.000565
"CSM7KOTU","HMP_2019_ibdmdb","C3035","stool","IBD","IBD","adult","USA","no","IlluminaHiSeq","31142855",14464788,1361667268,50,101,"Paolo_Manghi","CD",62,"male",NA,56,"no",NA,NA,24.4,"Chemagen","Los_Angeles",4,NA,NA,NA,NA,NA,NA,NA,NA,NA,NA,NA,"IBD",2.4978237685379,7.824125
"CSM9X21T","HMP_2019_ibdmdb","C3035","stool","IBD","IBD","adult","USA","no","IlluminaHiSeq","31142855",15713232,1468818466,50,101,"Paolo_Manghi","CD",62,"male",NA,156,"no",NA,NA,24.4,"Chemagen","Los_Angeles",13,NA,NA,NA,NA,NA,NA,NA,NA,NA,NA,NA,"IBD",2.40734798522925,7.753715
"CSM7KOTQ","HMP_2019_ibdmdb","C3035","stool","IBD","IBD","adult","USA","no","IlluminaHiSeq","31142855",17228114,1631323888,50,101,"Paolo_Manghi","CD",62,"male",NA,14,"no",NA,NA,24.4,"Chemagen","Los_Angeles",2,NA,NA,NA,NA,NA,NA,NA,NA,NA,NA,NA,"IBD",2.25584339727413,7.417585
"CSM9X237","HMP_2019_ibdmdb","C3035","stool","IBD","IBD","adult","USA","no","IlluminaHiSeq","31142855",17488210,1638900248,50,101,"Paolo_Manghi","CD",62,"male",NA,261,"no",NA,NA,24.4,"Chemagen","Los_Angeles",21,NA,NA,NA,NA,NA,NA,NA,NA,NA,NA,NA,"IBD",2.40685817862474,9.140645
"CSM7KOTO","HMP_2019_ibdmdb","C3035","stool","IBD","IBD","adult","USA","no","IlluminaHiSeq","31142855",19262802,1819204206,50,101,"Paolo_Manghi","CD",62,"male",NA,0,"no",NA,NA,24.4,"Chemagen","Los_Angeles",1,NA,NA,NA,NA,NA,NA,NA,NA,NA,NA,NA,"IBD",2.25868800558364,5.990485
"CSM9X233","HMP_2019_ibdmdb","C3035","stool","IBD","IBD","adult","USA","no","IlluminaHiSeq","31142855",19301340,1785160614,50,101,"Paolo_Manghi","CD",62,"male",NA,227,"no",NA,NA,24.4,"Chemagen","Los_Angeles",18,NA,NA,NA,NA,NA,NA,NA,NA,NA,NA,NA,"IBD",2.25221143461388,8.147355
"CSM9X222","HMP_2019_ibdmdb","C3035","stool","IBD","IBD","adult","USA","no","IlluminaHiSeq","31142855",20139982,1872321469,50,101,"Paolo_Manghi","CD",62,"male",NA,213,"no",NA,NA,24.4,"Chemagen","Los_Angeles",17,NA,NA,NA,NA,NA,NA,NA,NA,NA,NA,NA,"IBD",2.55200981644542,8.186165
"CSM9X23B","HMP_2019_ibdmdb","C3035","stool","IBD","IBD","adult","USA","no","IlluminaHiSeq","31142855",23958506,2290394510,50,101,"Paolo_Manghi","CD",62,"male",NA,282,"no",NA,NA,24.4,"Chemagen","Los_Angeles",23,NA,NA,NA,NA,NA,NA,NA,NA,NA,NA,NA,"IBD",2.51627511550417,8.405735
"CSM9X1YV","HMP_2019_ibdmdb","C3035","stool","IBD","IBD","adult","USA","no","IlluminaHiSeq","31142855",24820494,2364051626,50,101,"Paolo_Manghi","CD",62,"male",NA,84,"no",NA,NA,24.4,"Chemagen","Los_Angeles",7,NA,NA,NA,NA,NA,NA,NA,NA,NA,NA,NA,"IBD",2.33902087943635,7.122975
"CSM9X21R","HMP_2019_ibdmdb","C3035","stool","IBD","IBD","adult","USA","no","IlluminaHiSeq","31142855",29556724,2779302832,50,101,"Paolo_Manghi","CD",62,"male",NA,143,"no",NA,NA,24.4,"Chemagen","Los_Angeles",11,NA,NA,NA,NA,NA,NA,NA,NA,NA,NA,NA,"IBD",2.13731315528599,7.77675499999999
"CSM7KOQ5_P","HMP_2019_ibdmdb","C3036","stool","IBD","IBD","adult","USA","no","IlluminaHiSeq","29311644",17891134,1763487387,52,101,"Paolo_Manghi","UC",26,"female",NA,0,"no",NA,NA,NA,"Chemagen","Los_Angeles",1,NA,NA,NA,NA,NA,NA,NA,NA,NA,NA,NA,"IBD",1.29610136863884,8.501695
"CSM7KOUJ_P","HMP_2019_ibdmdb","C3037","stool","IBD","IBD","adult","USA","no","IlluminaHiSeq","29311644",19626436,1938870124,51,101,"Paolo_Manghi","UC",46,"female",NA,0,"no",NA,NA,22.4,"Chemagen","Los_Angeles",1,NA,NA,NA,NA,NA,NA,NA,NA,NA,NA,NA,"IBD",2.10019463113484,7.40819499999999
"CSM7KOUL","HMP_2019_ibdmdb","C3037","stool","IBD","IBD","adult","USA","no","IlluminaHiSeq","31142855",15777850,1504289328,50,101,"Paolo_Manghi","UC",46,"female",NA,13,"no",NA,NA,22.4,"Chemagen","Los_Angeles",2,NA,NA,NA,NA,NA,NA,NA,NA,NA,NA,NA,"IBD",2.21293171682004,7.118585
"CSM9X22S","HMP_2019_ibdmdb","C3037","stool","IBD","IBD","adult","USA","no","IlluminaHiSeq","31142855",19871802,1898694391,50,101,"Paolo_Manghi","UC",46,"female",NA,208,"no",NA,NA,22.4,"Chemagen","Los_Angeles",17,NA,NA,NA,NA,NA,NA,NA,NA,NA,NA,NA,"IBD",2.20190744174215,7.678045
"CSM9X219","HMP_2019_ibdmdb","C3037","stool","IBD","IBD","adult","USA","no","IlluminaHiSeq","31142855",20956688,1982215458,50,101,"Paolo_Manghi","UC",46,"female",NA,77,"no",NA,NA,22.4,"Chemagen","Los_Angeles",7,NA,NA,NA,NA,NA,NA,NA,NA,NA,NA,NA,"IBD",2.13391265479797,6.878505
"CSM9X23N","HMP_2019_ibdmdb","C3037","stool","IBD","IBD","adult","USA","no","IlluminaHiSeq","31142855",21059180,1990730208,50,101,"Paolo_Manghi","UC",46,"female",NA,292,"no",NA,NA,22.4,"Chemagen","Los_Angeles",23,NA,NA,NA,NA,NA,NA,NA,NA,NA,NA,NA,"IBD",1.97430818336379,5.328915
"CSM7KOUN","HMP_2019_ibdmdb","C3037","stool","IBD","IBD","adult","USA","no","IlluminaHiSeq","31142855",22368982,2139361149,50,101,"Paolo_Manghi","UC",46,"female",NA,27,"no",NA,NA,22.4,"Chemagen","Los_Angeles",3,NA,NA,NA,NA,NA,NA,NA,NA,NA,NA,NA,"IBD",2.42843123695123,8.314995
"CSM9X22U","HMP_2019_ibdmdb","C3037","stool","IBD","IBD","adult","USA","no","IlluminaHiSeq","31142855",22888828,2183171569,50,101,"Paolo_Manghi","UC",46,"female",NA,223,"no",NA,NA,22.4,"Chemagen","Los_Angeles",18,NA,NA,NA,NA,NA,NA,NA,NA,NA,NA,NA,"IBD",2.07988233534676,6.408015
"CSM9X213","HMP_2019_ibdmdb","C3037","stool","IBD","IBD","adult","USA","no","IlluminaHiSeq","31142855",24406450,2318942525,50,101,"Paolo_Manghi","UC",46,"female",NA,82,"no",NA,NA,22.4,"Chemagen","Los_Angeles",8,NA,NA,NA,NA,NA,NA,NA,NA,NA,NA,NA,"IBD",2.44511137245068,8.674135
"CSM9X23H","HMP_2019_ibdmdb","C3037","stool","IBD","IBD","adult","USA","no","IlluminaHiSeq","31142855",27018042,2554020360,50,101,"Paolo_Manghi","UC",46,"female",NA,251,"no",NA,NA,22.4,"Chemagen","Los_Angeles",19,NA,NA,NA,NA,NA,NA,NA,NA,NA,NA,NA,"IBD",2.00304570692079,5.414155
"CSM9X211","HMP_2019_ibdmdb","C3037","stool","IBD","IBD","adult","USA","no","IlluminaHiSeq","31142855",40815652,3786601189,50,101,"Paolo_Manghi","UC",46,"female",NA,138,"no",NA,NA,22.4,"Chemagen","Los_Angeles",11,NA,NA,NA,NA,NA,NA,NA,NA,NA,NA,NA,"IBD",2.4158476251636,7.43435499999999
"CSM9X215","HMP_2019_ibdmdb","C3037","stool","IBD","IBD","adult","USA","no","IlluminaHiSeq","31142855",44366978,4137131027,50,101,"Paolo_Manghi","UC",46,"female",NA,96,"no",NA,NA,22.4,"Chemagen","Los_Angeles",9,NA,NA,NA,NA,NA,NA,NA,NA,NA,NA,NA,"IBD",2.19652429522758,7.53843499999999
"ESM5MEBA_P","HMP_2019_ibdmdb","E5001","stool","IBD","IBD","child","USA","no","IlluminaHiSeq","29311644",4265454,414288933,50,101,"Paolo_Manghi","CD",8,"female",NA,111,"no",NA,NA,NA,"Chemagen","Atlanta",10,NA,NA,NA,NA,NA,NA,NA,NA,NA,NA,NA,"IBD",1.6474879950798,5.693315
"ESM5ME9G_P","HMP_2019_ibdmdb","E5001","stool","IBD","IBD","child","USA","no","IlluminaHiSeq","29311644",9798812,952643814,54,101,"Paolo_Manghi","CD",8,"female",NA,99,"no",NA,NA,NA,"Chemagen","Atlanta",9,NA,NA,NA,NA,NA,NA,NA,NA,NA,NA,NA,"IBD",1.55892176335618,3.865415
"ESM5MEDZ_P","HMP_2019_ibdmdb","E5001","stool","IBD","IBD","child","USA","no","IlluminaHiSeq","29311644",23711150,2299950446,50,101,"Paolo_Manghi","CD",8,"female",NA,0,"no",NA,NA,NA,"Chemagen","Atlanta",1,NA,NA,NA,NA,NA,NA,NA,NA,NA,NA,NA,"IBD",1.74828853847415,6.492025
"HSM5MEE5_P","HMP_2019_ibdmdb","E5001","stool","IBD","IBD","child","USA","no","IlluminaHiSeq","29311644",24047054,2338623831,54,101,"Paolo_Manghi","CD",8,"female",NA,28,"no",NA,NA,NA,"Chemagen","Atlanta",3,NA,NA,NA,NA,NA,NA,NA,NA,NA,NA,NA,"IBD",1.12549667617795,6.693105
"ESM5ME9D_P","HMP_2019_ibdmdb","E5001","stool","IBD","IBD","child","USA","no","IlluminaHiSeq","29311644",26890262,2660385780,55,101,"Paolo_Manghi","CD",8,"female",NA,84,"no",NA,NA,NA,"Chemagen","Atlanta",8,NA,NA,NA,NA,NA,NA,NA,NA,NA,NA,NA,"IBD",1.6350818200029,7.88781499999999
"ESM5MEE2_P","HMP_2019_ibdmdb","E5001","stool","IBD","IBD","child","USA","no","IlluminaHiSeq","29311644",38706162,3832638935,55,101,"Paolo_Manghi","CD",8,"female",NA,14,"no",NA,NA,NA,"Chemagen","Atlanta",2,NA,NA,NA,NA,NA,NA,NA,NA,NA,NA,NA,"IBD",1.60344768333133,7.73557499999999
"ESM5MEE6_P","HMP_2019_ibdmdb","E5001","stool","IBD","IBD","child","USA","no","IlluminaHiSeq","29311644",40255626,3925564401,50,101,"Paolo_Manghi","CD",8,"female",NA,42,"no",NA,NA,NA,"Chemagen","Atlanta",4,NA,NA,NA,NA,NA,NA,NA,NA,NA,NA,NA,"IBD",1.90120422266186,8.480385
"ESM5MEBE","HMP_2019_ibdmdb","E5001","stool","IBD","IBD","child","USA","no","IlluminaHiSeq","31142855",17471076,1609604776,50,101,"Paolo_Manghi","CD",8,"female",NA,139,"no",NA,NA,NA,"Chemagen","Atlanta",12,NA,NA,NA,NA,NA,NA,NA,NA,NA,NA,NA,"IBD",1.70479078924963,8.553965
"ESM5MECQ","HMP_2019_ibdmdb","E5001","stool","IBD","IBD","child","USA","no","IlluminaHiSeq","31142855",24240494,2279123074,50,101,"Paolo_Manghi","CD",8,"female",NA,231,"no",NA,NA,NA,"Chemagen","Atlanta",19,NA,NA,NA,NA,NA,NA,NA,NA,NA,NA,NA,"IBD",1.88066581615917,7.705065
"ESM5MEBG","HMP_2019_ibdmdb","E5001","stool","IBD","IBD","child","USA","no","IlluminaHiSeq","31142855",26213310,2412414779,50,101,"Paolo_Manghi","CD",8,"female",NA,217,"no",NA,NA,NA,"Chemagen","Atlanta",18,NA,NA,NA,NA,NA,NA,NA,NA,NA,NA,NA,"IBD",1.48242407756919,8.225385
"ESM5GEXY","HMP_2019_ibdmdb","E5001","stool","IBD","IBD","child","USA","no","IlluminaHiSeq","31142855",33052766,3087376446,50,101,"Paolo_Manghi","CD",8,"female",NA,174,"no",NA,NA,NA,"Chemagen","Atlanta",13,NA,NA,NA,NA,NA,NA,NA,NA,NA,NA,NA,"IBD",1.15958674071621,7.861305
"ESM5MECL","HMP_2019_ibdmdb","E5001","stool","IBD","IBD","child","USA","no","IlluminaHiSeq","31142855",35729148,3356747277,50,101,"Paolo_Manghi","CD",8,"female",NA,265,"no",NA,NA,NA,"Chemagen","Atlanta",23,NA,NA,NA,NA,NA,NA,NA,NA,NA,NA,NA,"IBD",1.85462067834069,7.628905
"ESM5MEBI","HMP_2019_ibdmdb","E5001","stool","IBD","IBD","child","USA","no","IlluminaHiSeq","31142855",36427574,3382404661,50,101,"Paolo_Manghi","CD",8,"female",NA,252,"no",NA,NA,NA,"Chemagen","Atlanta",22,NA,NA,NA,NA,NA,NA,NA,NA,NA,NA,NA,"IBD",1.81198518799531,8.347695
"ESM5GEZ3_P","HMP_2019_ibdmdb","E5002","stool","control","healthy","schoolage","USA","no","IlluminaHiSeq","29311644",21876720,2158112604,55,101,"Paolo_Manghi",NA,15,"female",NA,21,"no",NA,NA,NA,"Chemagen","Atlanta",3,NA,NA,NA,NA,NA,NA,NA,NA,NA,NA,NA,"Healthy",2.08121106601275,7.226315
"ESM5MEBP_P","HMP_2019_ibdmdb","E5002","stool","control","healthy","schoolage","USA","no","IlluminaHiSeq","29311644",24095840,2334627597,50,101,"Paolo_Manghi",NA,15,"female",NA,35,"no",NA,NA,NA,"Chemagen","Atlanta",4,NA,NA,NA,NA,NA,NA,NA,NA,NA,NA,NA,"Healthy",2.02894544901298,6.795545
"ESM5GEYU_P","HMP_2019_ibdmdb","E5002","stool","control","healthy","schoolage","USA","no","IlluminaHiSeq","29311644",28057550,2723497504,50,101,"Paolo_Manghi",NA,15,"female",NA,0,"no",NA,NA,NA,"Chemagen","Atlanta",1,NA,NA,NA,NA,NA,NA,NA,NA,NA,NA,NA,"Healthy",2.27009624549137,9.795955
"ESM5GEZ1_P","HMP_2019_ibdmdb","E5002","stool","control","healthy","schoolage","USA","no","IlluminaHiSeq","29311644",31547088,3115243527,55,101,"Paolo_Manghi",NA,15,"female",NA,8,"no",NA,NA,NA,"Chemagen","Atlanta",2,NA,NA,NA,NA,NA,NA,NA,NA,NA,NA,NA,"Healthy",2.21030317133071,8.179265
"ESM5ME9H_P","HMP_2019_ibdmdb","E5002","stool","control","healthy","schoolage","USA","no","IlluminaHiSeq","29311644",38623582,3823787788,55,101,"Paolo_Manghi",NA,15,"female",NA,49,"no",NA,NA,NA,"Chemagen","Atlanta",5,NA,NA,NA,NA,NA,NA,NA,NA,NA,NA,NA,"Healthy",1.63085991702231,8.124245
"ESM5GEYX_P","HMP_2019_ibdmdb","E5003","stool","IBD","IBD","schoolage","USA","no","IlluminaHiSeq","29311644",21841776,2107351268,54,101,"Paolo_Manghi","CD",15,"male",NA,0,"no",NA,NA,NA,"Chemagen","Atlanta",1,NA,NA,NA,NA,NA,NA,NA,NA,NA,NA,NA,"IBD",3.04663558350661,9.998095
"ESM5MEEJ_P","HMP_2019_ibdmdb","E5004","stool","IBD","IBD","child","USA","no","IlluminaHiSeq","29311644",30975520,3058079107,55,101,"Paolo_Manghi","UC",7,"female",NA,0,"no",NA,NA,16.3,"Chemagen","Atlanta",1,NA,NA,NA,NA,NA,NA,NA,NA,NA,NA,NA,"IBD",2.13753606915253,6.992425
"ESM5GEZ6_P","HMP_2019_ibdmdb","E5004","stool","IBD","IBD","child","USA","no","IlluminaHiSeq","29311644",31018268,3012844851,50,101,"Paolo_Manghi","UC",7,"female",NA,28,"no",NA,NA,16.3,"Chemagen","Atlanta",3,NA,NA,NA,NA,NA,NA,NA,NA,NA,NA,NA,"IBD",2.84876593850002,11.297465
"ESM5GEZA_P","HMP_2019_ibdmdb","E5004","stool","IBD","IBD","child","USA","no","IlluminaHiSeq","29311644",39534770,3851380277,50,101,"Paolo_Manghi","UC",7,"female",NA,57,"no",NA,NA,16.3,"Chemagen","Atlanta",5,NA,NA,NA,NA,NA,NA,NA,NA,NA,NA,NA,"IBD",2.34769315119043,8.01153499999999
"ESM5GEZ4_P","HMP_2019_ibdmdb","E5004","stool","IBD","IBD","child","USA","no","IlluminaHiSeq","29311644",45514674,4439087314,50,101,"Paolo_Manghi","UC",7,"female",NA,15,"no",NA,NA,16.3,"Chemagen","Atlanta",2,NA,NA,NA,NA,NA,NA,NA,NA,NA,NA,NA,"IBD",2.27474593893238,8.10836499999999
"ESM5MEC5","HMP_2019_ibdmdb","E5004","stool","IBD","IBD","child","USA","no","IlluminaHiSeq","31142855",16413182,1523967713,50,101,"Paolo_Manghi","UC",7,"female",NA,170,"no",NA,NA,16.3,"Chemagen","Atlanta",15,NA,NA,NA,NA,NA,NA,NA,NA,NA,NA,NA,"IBD",2.08816208765019,6.464255
"ESM5MEDU","HMP_2019_ibdmdb","E5004","stool","IBD","IBD","child","USA","no","IlluminaHiSeq","31142855",19335058,1784017170,50,101,"Paolo_Manghi","UC",7,"female",NA,216,"no",NA,NA,16.3,"Chemagen","Atlanta",18,NA,NA,NA,NA,NA,NA,NA,NA,NA,NA,NA,"IBD",2.4053768265658,7.36572499999999
"ESM5MEBU","HMP_2019_ibdmdb","E5004","stool","IBD","IBD","child","USA","no","IlluminaHiSeq","31142855",22499632,2071689834,50,101,"Paolo_Manghi","UC",7,"female",NA,99,"no",NA,NA,16.3,"Chemagen","Atlanta",9,NA,NA,NA,NA,NA,NA,NA,NA,NA,NA,NA,"IBD",2.36227229437852,7.139625
"ESM5MEC3","HMP_2019_ibdmdb","E5004","stool","IBD","IBD","child","USA","no","IlluminaHiSeq","31142855",23219558,2119415893,50,101,"Paolo_Manghi","UC",7,"female",NA,161,"no",NA,NA,16.3,"Chemagen","Atlanta",14,NA,NA,NA,NA,NA,NA,NA,NA,NA,NA,NA,"IBD",2.47046917954277,7.74944499999999
"ESM5MEBS","HMP_2019_ibdmdb","E5004","stool","IBD","IBD","child","USA","no","IlluminaHiSeq","31142855",24496760,2266731843,50,101,"Paolo_Manghi","UC",7,"female",NA,85,"no",NA,NA,16.3,"Chemagen","Atlanta",8,NA,NA,NA,NA,NA,NA,NA,NA,NA,NA,NA,"IBD",2.2830964779242,7.53241499999999
"ESM5ME9U","HMP_2019_ibdmdb","E5004","stool","IBD","IBD","child","USA","no","IlluminaHiSeq","31142855",27511464,2480105410,50,101,"Paolo_Manghi","UC",7,"female",NA,287,"no",NA,NA,16.3,"Chemagen","Atlanta",24,NA,NA,NA,NA,NA,NA,NA,NA,NA,NA,NA,"IBD",2.42573529887375,7.37873499999999
"ESM718SY","HMP_2019_ibdmdb","E5004","stool","IBD","IBD","child","USA","no","IlluminaHiSeq","31142855",30555328,2813040501,50,101,"Paolo_Manghi","UC",7,"female",NA,261,"no",NA,NA,16.3,"Chemagen","Atlanta",22,NA,NA,NA,NA,NA,NA,NA,NA,NA,NA,NA,"IBD",2.26165254634753,7.53178499999999
"ESM5MEC9","HMP_2019_ibdmdb","E5004","stool","IBD","IBD","child","USA","no","IlluminaHiSeq","31142855",32004762,2974482109,50,101,"Paolo_Manghi","UC",7,"female",NA,241,"no",NA,NA,16.3,"Chemagen","Atlanta",21,NA,NA,NA,NA,NA,NA,NA,NA,NA,NA,NA,"IBD",1.73662534258061,6.369095
"ESM5GEYW_P","HMP_2019_ibdmdb","E5006","stool","IBD","IBD","adult","USA","no","IlluminaHiSeq","29311644",22886726,2259687341,55,101,"Paolo_Manghi","CD",NA,"male",NA,27,"no",NA,NA,NA,"Chemagen","Atlanta",2,NA,NA,NA,NA,NA,NA,NA,NA,NA,NA,NA,"IBD",2.1710783820847,12.16985
"ESM5GEYY_P","HMP_2019_ibdmdb","E5006","stool","IBD","IBD","adult","USA","no","IlluminaHiSeq","29311644",38172082,3714611153,50,101,"Paolo_Manghi","CD",NA,"male",NA,0,"no",NA,NA,NA,"Chemagen","Atlanta",1,NA,NA,NA,NA,NA,NA,NA,NA,NA,NA,NA,"IBD",2.6753184889933,8.705525
"ESM5MEAB_P","HMP_2019_ibdmdb","E5008","stool","IBD","IBD","schoolage","USA","no","IlluminaHiSeq","29311644",11933170,1141929772,54,101,"Paolo_Manghi","UC",13,"male",NA,0,"yes",NA,NA,NA,"Chemagen","Atlanta",1,NA,NA,NA,NA,NA,NA,NA,NA,NA,NA,NA,"IBD",2.08636063077832,7.37718499999999
"ESM5MEA7_P","HMP_2019_ibdmdb","E5008","stool","IBD","IBD","schoolage","USA","no","IlluminaHiSeq","29311644",19801572,1919047672,50,101,"Paolo_Manghi","UC",13,"male",NA,2,"yes",NA,NA,NA,"Chemagen","Atlanta",2,NA,NA,NA,NA,NA,NA,NA,NA,NA,NA,NA,"IBD",2.21980674119344,5.759235
"ESM5MEA9_P","HMP_2019_ibdmdb","E5008","stool","IBD","IBD","schoolage","USA","no","IlluminaHiSeq","29311644",23296102,2298406709,55,101,"Paolo_Manghi","UC",13,"male",NA,16,"no",NA,NA,NA,"Chemagen","Atlanta",3,NA,NA,NA,NA,NA,NA,NA,NA,NA,NA,NA,"IBD",2.2183808279379,7.603495
"ESM5MEDP_P","HMP_2019_ibdmdb","E5009","stool","IBD","IBD","schoolage","USA","no","IlluminaHiSeq","29311644",32216750,3144677066,50,101,"Paolo_Manghi","CD",17,"female",NA,15,"no",NA,NA,17.6,"Chemagen","Atlanta",2,NA,NA,NA,NA,NA,NA,NA,NA,NA,NA,NA,"IBD",1.73624904017408,7.557475
"ESM5MEDN","HMP_2019_ibdmdb","E5009","stool","IBD","IBD","schoolage","USA","no","IlluminaHiSeq","31142855",9906198,924906544,50,101,"Paolo_Manghi","CD",17,"female",NA,0,"yes",NA,NA,17.6,"Chemagen","Atlanta",1,NA,NA,NA,NA,NA,NA,NA,NA,NA,NA,NA,"IBD",2.25986646522025,9.675435
"ESM718UH","HMP_2019_ibdmdb","E5009","stool","IBD","IBD","schoolage","USA","no","IlluminaHiSeq","31142855",17143932,1544178796,50,101,"Paolo_Manghi","CD",17,"female",NA,91,"no",NA,NA,17.6,"Chemagen","Atlanta",9,NA,NA,NA,NA,NA,NA,NA,NA,NA,NA,NA,"IBD",2.11902973950455,9.213595
"ESM5MEDF","HMP_2019_ibdmdb","E5009","stool","IBD","IBD","schoolage","USA","no","IlluminaHiSeq","31142855",19673870,1781207153,50,101,"Paolo_Manghi","CD",17,"female",NA,63,"no",NA,NA,17.6,"Chemagen","Atlanta",7,NA,NA,NA,NA,NA,NA,NA,NA,NA,NA,NA,"IBD",3.0087147423135,12.593125
"ESM7F5CB","HMP_2019_ibdmdb","E5009","stool","IBD","IBD","schoolage","USA","no","IlluminaHiSeq","31142855",26403070,2434874091,50,101,"Paolo_Manghi","CD",17,"female",NA,224,"no",NA,NA,17.6,"Chemagen","Atlanta",19,NA,NA,NA,NA,NA,NA,NA,NA,NA,NA,NA,"IBD",1.83631583295151,6.536915
"ESM7F5AK","HMP_2019_ibdmdb","E5009","stool","IBD","IBD","schoolage","USA","no","IlluminaHiSeq","31142855",26497616,2426959947,50,101,"Paolo_Manghi","CD",17,"female",NA,160,"no",NA,NA,17.6,"Chemagen","Atlanta",14,NA,NA,NA,NA,NA,NA,NA,NA,NA,NA,NA,"IBD",2.65717399255144,10.180215
"ESM7F5CD","HMP_2019_ibdmdb","E5009","stool","IBD","IBD","schoolage","USA","no","IlluminaHiSeq","31142855",28305852,2550053298,50,101,"Paolo_Manghi","CD",17,"female",NA,239,"no",NA,NA,17.6,"Chemagen","Atlanta",21,NA,NA,NA,NA,NA,NA,NA,NA,NA,NA,NA,"IBD",2.13340767825711,7.601605
"ESM5MEDK","HMP_2019_ibdmdb","E5009","stool","IBD","IBD","schoolage","USA","no","IlluminaHiSeq","31142855",30204522,2728176418,50,101,"Paolo_Manghi","CD",17,"female",NA,35,"no",NA,NA,17.6,"Chemagen","Atlanta",4,NA,NA,NA,NA,NA,NA,NA,NA,NA,NA,NA,"IBD",2.38098403961093,10.823965
"ESM7F5CF","HMP_2019_ibdmdb","E5009","stool","IBD","IBD","schoolage","USA","no","IlluminaHiSeq","31142855",35130058,3214176669,50,101,"Paolo_Manghi","CD",17,"female",NA,252,"no",NA,NA,17.6,"Chemagen","Atlanta",22,NA,NA,NA,NA,NA,NA,NA,NA,NA,NA,NA,"IBD",1.93942218967204,8.747715
"ESM7F5AM","HMP_2019_ibdmdb","E5009","stool","IBD","IBD","schoolage","USA","no","IlluminaHiSeq","31142855",37955382,3460616611,50,101,"Paolo_Manghi","CD",17,"female",NA,168,"no",NA,NA,17.6,"Chemagen","Atlanta",15,NA,NA,NA,NA,NA,NA,NA,NA,NA,NA,NA,"IBD",2.05151306154884,8.879435
"ESM5MEDD","HMP_2019_ibdmdb","E5009","stool","IBD","IBD","schoolage","USA","no","IlluminaHiSeq","31142855",40194948,3619642090,50,101,"Paolo_Manghi","CD",17,"female",NA,49,"no",NA,NA,17.6,"Chemagen","Atlanta",5,NA,NA,NA,NA,NA,NA,NA,NA,NA,NA,NA,"IBD",2.37035802291216,11.457305
"ESM5MEB9_P","HMP_2019_ibdmdb","E5013","stool","IBD","IBD","schoolage","USA","no","IlluminaHiSeq","29311644",34708040,3400961290,50,101,"Paolo_Manghi","CD",15,"female",NA,0,"no",NA,NA,22.4,"Chemagen","Atlanta",1,NA,NA,NA,NA,NA,NA,NA,NA,NA,NA,NA,"IBD",2.4314251011033,7.660745
"ESM718TM","HMP_2019_ibdmdb","E5013","stool","IBD","IBD","schoolage","USA","no","IlluminaHiSeq","31142855",10868172,1013954686,50,101,"Paolo_Manghi","CD",15,"female",NA,118,"no",NA,NA,22.4,"Chemagen","Atlanta",10,NA,NA,NA,NA,NA,NA,NA,NA,NA,NA,NA,"IBD",1.38232564843475,6.736725
"ESM9IEP1","HMP_2019_ibdmdb","E5013","stool","IBD","IBD","schoolage","USA","no","IlluminaHiSeq","31142855",14452242,1309594274,50,101,"Paolo_Manghi","CD",15,"female",NA,279,"no",NA,NA,22.4,"Chemagen","Atlanta",23,NA,NA,NA,NA,NA,NA,NA,NA,NA,NA,NA,"IBD",1.57250941332132,6.623385
"ESM7F5C5","HMP_2019_ibdmdb","E5013","stool","IBD","IBD","schoolage","USA","no","IlluminaHiSeq","31142855",21207378,1944203640,50,101,"Paolo_Manghi","CD",15,"female",NA,209,"no",NA,NA,22.4,"Chemagen","Atlanta",18,NA,NA,NA,NA,NA,NA,NA,NA,NA,NA,NA,"IBD",1.56473621489254,8.114885
"ESM718T9","HMP_2019_ibdmdb","E5013","stool","IBD","IBD","schoolage","USA","no","IlluminaHiSeq","31142855",21284552,1955308770,50,101,"Paolo_Manghi","CD",15,"female",NA,167,"no",NA,NA,22.4,"Chemagen","Atlanta",15,NA,NA,NA,NA,NA,NA,NA,NA,NA,NA,NA,"IBD",1.30674775550209,7.848485
"ESM718TF","HMP_2019_ibdmdb","E5013","stool","IBD","IBD","schoolage","USA","no","IlluminaHiSeq","31142855",24818876,2320406874,50,101,"Paolo_Manghi","CD",15,"female",NA,152,"no",NA,NA,22.4,"Chemagen","Atlanta",13,NA,NA,NA,NA,NA,NA,NA,NA,NA,NA,NA,"IBD",1.35255576412301,10.056015
"ESM7F5C7","HMP_2019_ibdmdb","E5013","stool","IBD","IBD","schoolage","USA","no","IlluminaHiSeq","31142855",25052758,2293440483,50,101,"Paolo_Manghi","CD",15,"female",NA,222,"no",NA,NA,22.4,"Chemagen","Atlanta",19,NA,NA,NA,NA,NA,NA,NA,NA,NA,NA,NA,"IBD",1.80801890510399,9.574595
"ESM5MEB7","HMP_2019_ibdmdb","E5013","stool","IBD","IBD","schoolage","USA","no","IlluminaHiSeq","31142855",27266436,2512703045,50,101,"Paolo_Manghi","CD",15,"female",NA,12,"no",NA,NA,22.4,"Chemagen","Atlanta",2,NA,NA,NA,NA,NA,NA,NA,NA,NA,NA,NA,"IBD",1.78440713616426,8.798015
"ESM718TK","HMP_2019_ibdmdb","E5013","stool","IBD","IBD","schoolage","USA","no","IlluminaHiSeq","31142855",29575152,2778448559,50,101,"Paolo_Manghi","CD",15,"female",NA,101,"no",NA,NA,22.4,"Chemagen","Atlanta",9,NA,NA,NA,NA,NA,NA,NA,NA,NA,NA,NA,"IBD",0.798962221135516,9.441555
"ESM718V4","HMP_2019_ibdmdb","E5013","stool","IBD","IBD","schoolage","USA","no","IlluminaHiSeq","31142855",32150064,2975157115,50,101,"Paolo_Manghi","CD",15,"female",NA,68,"no",NA,NA,22.4,"Chemagen","Atlanta",6,NA,NA,NA,NA,NA,NA,NA,NA,NA,NA,NA,"IBD",1.01333829845702,10.367635
"ESM718V8","HMP_2019_ibdmdb","E5013","stool","IBD","IBD","schoolage","USA","no","IlluminaHiSeq","31142855",32573300,3018354004,50,101,"Paolo_Manghi","CD",15,"female",NA,54,"no",NA,NA,22.4,"Chemagen","Atlanta",5,NA,NA,NA,NA,NA,NA,NA,NA,NA,NA,NA,"IBD",1.56531856772835,9.41257999999999
"ESM718T7","HMP_2019_ibdmdb","E5013","stool","IBD","IBD","schoolage","USA","no","IlluminaHiSeq","31142855",33884086,3152533925,50,101,"Paolo_Manghi","CD",15,"female",NA,187,"no",NA,NA,22.4,"Chemagen","Atlanta",16,NA,NA,NA,NA,NA,NA,NA,NA,NA,NA,NA,"IBD",1.32522239004792,8.474465
"ESM5MED2","HMP_2019_ibdmdb","E5013","stool","IBD","IBD","schoolage","USA","no","IlluminaHiSeq","31142855",35799098,3298831191,50,101,"Paolo_Manghi","CD",15,"female",NA,26,"no",NA,NA,22.4,"Chemagen","Atlanta",3,NA,NA,NA,NA,NA,NA,NA,NA,NA,NA,NA,"IBD",1.54530362877284,11.39556
"ESM7F5AE_P","HMP_2019_ibdmdb","E5019","stool","IBD","IBD","child","USA","no","IlluminaHiSeq","29311644",24169094,2374828946,52,101,"Paolo_Manghi","CD",8,"male",NA,0,"yes",NA,NA,NA,"Chemagen","Atlanta",1,NA,NA,NA,NA,NA,NA,NA,NA,NA,NA,NA,"IBD",2.41014649049398,11.290745
"ESM5MEC7_P","HMP_2019_ibdmdb","E5022","stool","IBD","IBD","schoolage","USA","no","IlluminaHiSeq","29311644",48185548,4764253543,50,101,"Paolo_Manghi","UC",15,"male",NA,0,"no",NA,NA,NA,"Chemagen","Atlanta",1,NA,NA,NA,NA,NA,NA,NA,NA,NA,NA,NA,"IBD",2.13618006370343,11.273615
"ESM718U9_P","HMP_2019_ibdmdb","E5023","stool","IBD","IBD","adult","USA","no","IlluminaHiSeq","29311644",14126312,1379028472,50,101,"Paolo_Manghi","CD",NA,"female",NA,0,"no",NA,NA,NA,"Chemagen","Atlanta",1,NA,NA,NA,NA,NA,NA,NA,NA,NA,NA,NA,"IBD",2.20045288649945,5.903065
"HSM5FZBQ_P","HMP_2019_ibdmdb","H4001","stool","IBD","IBD","schoolage","USA","no","IlluminaHiSeq","29311644",7405228,690107838,54,97,"Paolo_Manghi","CD",14,"male",NA,0,"no",NA,NA,16.6,"Chemagen","Cincinnati",1,NA,NA,NA,NA,NA,NA,NA,NA,NA,NA,NA,"IBD",1.62577156732529,4.398655
"HSM5MD5H_P","HMP_2019_ibdmdb","H4001","stool","IBD","IBD","schoolage","USA","no","IlluminaHiSeq","29311644",15765568,1551865155,55,101,"Paolo_Manghi","CD",14,"male",NA,56,"no",NA,NA,16.6,"Chemagen","Cincinnati",6,NA,NA,NA,NA,NA,NA,NA,NA,NA,NA,NA,"IBD",1.7103533207554,4.484835
"HSM5MD5K_P","HMP_2019_ibdmdb","H4001","stool","IBD","IBD","schoolage","USA","no","IlluminaHiSeq","29311644",18937506,1853254510,55,101,"Paolo_Manghi","CD",14,"male",NA,70,"no",NA,NA,16.6,"Chemagen","Cincinnati",7,NA,NA,NA,NA,NA,NA,NA,NA,NA,NA,NA,"IBD",0.602355441583229,5.207385
"HSM5FZBP_P","HMP_2019_ibdmdb","H4001","stool","IBD","IBD","schoolage","USA","no","IlluminaHiSeq","29311644",29479764,2871562157,50,101,"Paolo_Manghi","CD",14,"male",NA,29,"no",NA,NA,16.6,"Chemagen","Cincinnati",3,NA,NA,NA,NA,NA,NA,NA,NA,NA,NA,NA,"IBD",1.50997048131543,6.603445
"HSM5FZC2_P","HMP_2019_ibdmdb","H4001","stool","IBD","IBD","schoolage","USA","no","IlluminaHiSeq","29311644",31073340,3022717091,50,101,"Paolo_Manghi","CD",14,"male",NA,84,"no",NA,NA,16.6,"Chemagen","Cincinnati",8,NA,NA,NA,NA,NA,NA,NA,NA,NA,NA,NA,"IBD",1.48922500217796,6.969665
"HSM5MD7W_P","HMP_2019_ibdmdb","H4001","stool","IBD","IBD","schoolage","USA","no","IlluminaHiSeq","29311644",32018532,3124032547,50,101,"Paolo_Manghi","CD",14,"male",NA,42,"no",NA,NA,16.6,"Chemagen","Cincinnati",5,NA,NA,NA,NA,NA,NA,NA,NA,NA,NA,NA,"IBD",0.869600441290578,6.292215
"HSM5FZBR_P","HMP_2019_ibdmdb","H4001","stool","IBD","IBD","schoolage","USA","no","IlluminaHiSeq","29311644",40716026,3974503373,50,101,"Paolo_Manghi","CD",14,"male",NA,14,"no",NA,NA,16.6,"Chemagen","Cincinnati",2,NA,NA,NA,NA,NA,NA,NA,NA,NA,NA,NA,"IBD",1.39429753311466,6.025655
"HSM67VDZ","HMP_2019_ibdmdb","H4001","stool","IBD","IBD","schoolage","USA","no","IlluminaHiSeq","31142855",9207364,862107252,50,101,"Paolo_Manghi","CD",14,"male",NA,211,"no",NA,NA,16.6,"Chemagen","Cincinnati",19,NA,NA,NA,NA,NA,NA,NA,NA,NA,NA,NA,"IBD",0.430176140371486,4.347595
"HSM67VE4","HMP_2019_ibdmdb","H4001","stool","IBD","IBD","schoolage","USA","no","IlluminaHiSeq","31142855",9576756,892203811,50,101,"Paolo_Manghi","CD",14,"male",NA,224,"no",NA,NA,16.6,"Chemagen","Cincinnati",20,NA,NA,NA,NA,NA,NA,NA,NA,NA,NA,NA,"IBD",0.860069590758009,5.773025
"HSM5MD79","HMP_2019_ibdmdb","H4001","stool","IBD","IBD","schoolage","USA","no","IlluminaHiSeq","31142855",10894478,1028906267,50,101,"Paolo_Manghi","CD",14,"male",NA,196,"no",NA,NA,16.6,"Chemagen","Cincinnati",17,NA,NA,NA,NA,NA,NA,NA,NA,NA,NA,NA,"IBD",1.89492456652755,5.511745
"HSM5FZBZ","HMP_2019_ibdmdb","H4001","stool","IBD","IBD","schoolage","USA","no","IlluminaHiSeq","31142855",11877222,1124425236,50,101,"Paolo_Manghi","CD",14,"male",NA,100,"no",NA,NA,16.6,"Chemagen","Cincinnati",9,NA,NA,NA,NA,NA,NA,NA,NA,NA,NA,NA,"IBD",1.0767629117687,6.073445
"HSM5MD7J","HMP_2019_ibdmdb","H4001","stool","IBD","IBD","schoolage","USA","no","IlluminaHiSeq","31142855",15592286,1446516199,50,101,"Paolo_Manghi","CD",14,"male",NA,126,"no",NA,NA,16.6,"Chemagen","Cincinnati",12,NA,NA,NA,NA,NA,NA,NA,NA,NA,NA,NA,"IBD",0.767461366295632,6.568155
"HSM5MD4U_P","HMP_2019_ibdmdb","H4004","stool","IBD","IBD","schoolage","USA","no","IlluminaHiSeq","29311644",18734144,1817683304,54,101,"Paolo_Manghi","CD",14,"male",NA,0,"no",NA,NA,18.6,"Chemagen","Cincinnati",1,NA,NA,NA,NA,NA,NA,NA,NA,NA,NA,NA,"IBD",0.96844601265154,6.156865
"HSM5MD4W_P","HMP_2019_ibdmdb","H4004","stool","IBD","IBD","schoolage","USA","no","IlluminaHiSeq","29311644",31641480,3064927290,50,101,"Paolo_Manghi","CD",14,"male",NA,14,"no",NA,NA,18.6,"Chemagen","Cincinnati",2,NA,NA,NA,NA,NA,NA,NA,NA,NA,NA,NA,"IBD",0.67156378834243,6.559635
"HSM5MD4Y","HMP_2019_ibdmdb","H4004","stool","IBD","IBD","schoolage","USA","no","IlluminaHiSeq","31142855",14583278,1261787732,50,100,"Paolo_Manghi","CD",14,"male",NA,28,"no",NA,NA,18.6,"Chemagen","Cincinnati",3,NA,NA,NA,NA,NA,NA,NA,NA,NA,NA,NA,"IBD",2.49084818845956,8.03950499999999
"HSM7CYZT","HMP_2019_ibdmdb","H4004","stool","IBD","IBD","schoolage","USA","no","IlluminaHiSeq","31142855",14709098,1372024776,50,101,"Paolo_Manghi","CD",14,"male",NA,239,"no",NA,NA,18.6,"Chemagen","Cincinnati",21,NA,NA,NA,NA,NA,NA,NA,NA,NA,NA,NA,"IBD",0.935981578790127,4.217905
"HSM67VDP","HMP_2019_ibdmdb","H4004","stool","IBD","IBD","schoolage","USA","no","IlluminaHiSeq","31142855",17543374,1614535852,50,101,"Paolo_Manghi","CD",14,"male",NA,226,"no",NA,NA,18.6,"Chemagen","Cincinnati",19,NA,NA,NA,NA,NA,NA,NA,NA,NA,NA,NA,"IBD",1.1592835649424,3.417075
"HSM5MD53","HMP_2019_ibdmdb","H4004","stool","IBD","IBD","schoolage","USA","no","IlluminaHiSeq","31142855",17906218,1701236248,50,101,"Paolo_Manghi","CD",14,"male",NA,59,"no",NA,NA,18.6,"Chemagen","Cincinnati",5,NA,NA,NA,NA,NA,NA,NA,NA,NA,NA,NA,"IBD",2.2819255359838,6.725575
"HSM7CZ14","HMP_2019_ibdmdb","H4004","stool","IBD","IBD","schoolage","USA","no","IlluminaHiSeq","31142855",17909214,1628451600,50,101,"Paolo_Manghi","CD",14,"male",NA,308,"no",NA,NA,18.6,"Chemagen","Cincinnati",26,NA,NA,NA,NA,NA,NA,NA,NA,NA,NA,NA,"IBD",0.991100516591953,5.386165
"HSM6XRSI","HMP_2019_ibdmdb","H4004","stool","IBD","IBD","schoolage","USA","no","IlluminaHiSeq","31142855",23990890,2219821893,50,101,"Paolo_Manghi","CD",14,"male",NA,168,"no",NA,NA,18.6,"Chemagen","Cincinnati",15,NA,NA,NA,NA,NA,NA,NA,NA,NA,NA,NA,"IBD",0.831017202331122,5.548945
"HSM6XRSG","HMP_2019_ibdmdb","H4004","stool","IBD","IBD","schoolage","USA","no","IlluminaHiSeq","31142855",28596148,2663280360,50,101,"Paolo_Manghi","CD",14,"male",NA,155,"no",NA,NA,18.6,"Chemagen","Cincinnati",14,NA,NA,NA,NA,NA,NA,NA,NA,NA,NA,NA,"IBD",0.306415052684993,4.316375
"HSM7CYZV","HMP_2019_ibdmdb","H4004","stool","IBD","IBD","schoolage","USA","no","IlluminaHiSeq","31142855",29331606,2720901719,50,101,"Paolo_Manghi","CD",14,"male",NA,253,"no",NA,NA,18.6,"Chemagen","Cincinnati",22,NA,NA,NA,NA,NA,NA,NA,NA,NA,NA,NA,"IBD",0.431263792556258,4.302065
"HSM5MD5P","HMP_2019_ibdmdb","H4004","stool","IBD","IBD","schoolage","USA","no","IlluminaHiSeq","31142855",29861368,2746287278,50,101,"Paolo_Manghi","CD",14,"male",NA,98,"no",NA,NA,18.6,"Chemagen","Cincinnati",9,NA,NA,NA,NA,NA,NA,NA,NA,NA,NA,NA,"IBD",2.15782083248299,6.502995
"HSM5MD4B_P","HMP_2019_ibdmdb","H4006","stool","IBD","IBD","child","USA","no","IlluminaHiSeq","29311644",19855134,1911300795,50,101,"Paolo_Manghi","CD",8,"male",NA,0,"no",NA,NA,26.6,"Chemagen","Cincinnati",1,NA,NA,NA,NA,NA,NA,NA,NA,NA,NA,NA,"IBD",1.90576707533494,7.125525
"HSM5MD4A_P","HMP_2019_ibdmdb","H4006","stool","IBD","IBD","child","USA","no","IlluminaHiSeq","29311644",24818582,2411135116,50,101,"Paolo_Manghi","CD",8,"male",NA,13,"no",NA,NA,26.6,"Chemagen","Cincinnati",2,NA,NA,NA,NA,NA,NA,NA,NA,NA,NA,NA,"IBD",2.02202748164202,8.431995
"HSM5MD49_P","HMP_2019_ibdmdb","H4006","stool","IBD","IBD","child","USA","no","IlluminaHiSeq","29311644",35333690,3501313475,51,101,"Paolo_Manghi","CD",8,"male",NA,29,"yes",NA,NA,26.6,"Chemagen","Cincinnati",3,NA,NA,NA,NA,NA,NA,NA,NA,NA,NA,NA,"IBD",2.08502710222219,8.990635
"HSM5MD7O","HMP_2019_ibdmdb","H4006","stool","IBD","IBD","child","USA","no","IlluminaHiSeq","31142855",571208,51684748,50,100,"Paolo_Manghi","CD",8,"male",NA,83,"yes",NA,NA,26.6,"Chemagen","Cincinnati",8,NA,NA,NA,NA,NA,NA,NA,NA,NA,NA,NA,"IBD",1.9014440031475,2.457085
"HSM5MD7M","HMP_2019_ibdmdb","H4006","stool","IBD","IBD","child","USA","no","IlluminaHiSeq","31142855",1582242,144038677,50,101,"Paolo_Manghi","CD",8,"male",NA,69,"no",NA,NA,26.6,"Chemagen","Cincinnati",7,NA,NA,NA,NA,NA,NA,NA,NA,NA,NA,NA,"IBD",1.82825957077327,5.296985
"HSM67VEG","HMP_2019_ibdmdb","H4006","stool","IBD","IBD","child","USA","no","IlluminaHiSeq","31142855",4904352,443455597,50,101,"Paolo_Manghi","CD",8,"male",NA,167,"no",NA,NA,26.6,"Chemagen","Cincinnati",15,NA,NA,NA,NA,NA,NA,NA,NA,NA,NA,NA,"IBD",2.36627552502669,7.308655
"HSM5MD7Q","HMP_2019_ibdmdb","H4006","stool","IBD","IBD","child","USA","no","IlluminaHiSeq","31142855",12487746,1147225712,50,101,"Paolo_Manghi","CD",8,"male",NA,97,"yes",NA,NA,26.6,"Chemagen","Cincinnati",9,NA,NA,NA,NA,NA,NA,NA,NA,NA,NA,NA,"IBD",1.49058773030659,3.662215
"HSM5MD7S","HMP_2019_ibdmdb","H4006","stool","IBD","IBD","child","USA","no","IlluminaHiSeq","31142855",16465620,1504652450,50,101,"Paolo_Manghi","CD",8,"male",NA,114,"yes",NA,NA,26.6,"Chemagen","Cincinnati",10,NA,NA,NA,NA,NA,NA,NA,NA,NA,NA,NA,"IBD",1.30453679837319,6.793405
"HSM67VEC","HMP_2019_ibdmdb","H4006","stool","IBD","IBD","child","USA","no","IlluminaHiSeq","31142855",16795026,1560477719,50,101,"Paolo_Manghi","CD",8,"male",NA,141,"no",NA,NA,26.6,"Chemagen","Cincinnati",13,NA,NA,NA,NA,NA,NA,NA,NA,NA,NA,NA,"IBD",0.862467957523564,7.535735
"HSM7CYXC","HMP_2019_ibdmdb","H4006","stool","IBD","IBD","child","USA","no","IlluminaHiSeq","31142855",18278876,1706171238,50,101,"Paolo_Manghi","CD",8,"male",NA,293,"no",NA,NA,26.6,"Chemagen","Cincinnati",25,NA,NA,NA,NA,NA,NA,NA,NA,NA,NA,NA,"IBD",2.10179447352049,7.47220499999999
"HSM5MD7U","HMP_2019_ibdmdb","H4006","stool","IBD","IBD","child","USA","no","IlluminaHiSeq","31142855",18896700,1740580207,50,101,"Paolo_Manghi","CD",8,"male",NA,128,"no",NA,NA,26.6,"Chemagen","Cincinnati",11,NA,NA,NA,NA,NA,NA,NA,NA,NA,NA,NA,"IBD",1.76011333974293,7.625975
"HSM67VEI","HMP_2019_ibdmdb","H4006","stool","IBD","IBD","child","USA","no","IlluminaHiSeq","31142855",19560894,1786387813,50,101,"Paolo_Manghi","CD",8,"male",NA,195,"no",NA,NA,26.6,"Chemagen","Cincinnati",16,NA,NA,NA,NA,NA,NA,NA,NA,NA,NA,NA,"IBD",2.10665080686635,7.154275
"HSM67VEM_TR","HMP_2019_ibdmdb","H4006","stool","IBD","IBD","child","USA","no","IlluminaHiSeq","31142855",20665750,1967560516,50,101,"Paolo_Manghi","CD",8,"male",NA,211,"no",NA,NA,26.6,"Chemagen","Cincinnati",18,NA,NA,NA,NA,NA,NA,NA,NA,NA,NA,NA,"IBD",2.12576897180222,8.489345
"HSM67VEE","HMP_2019_ibdmdb","H4006","stool","IBD","IBD","child","USA","no","IlluminaHiSeq","31142855",21125190,1975555827,50,101,"Paolo_Manghi","CD",8,"male",NA,153,"no",NA,NA,26.6,"Chemagen","Cincinnati",14,NA,NA,NA,NA,NA,NA,NA,NA,NA,NA,NA,"IBD",1.64084153074919,7.632545
"HSM7CYXA","HMP_2019_ibdmdb","H4006","stool","IBD","IBD","child","USA","no","IlluminaHiSeq","31142855",21967410,1998697835,50,101,"Paolo_Manghi","CD",8,"male",NA,279,"no",NA,NA,26.6,"Chemagen","Cincinnati",24,NA,NA,NA,NA,NA,NA,NA,NA,NA,NA,NA,"IBD",2.2299003344408,8.06712499999999
"HSM5MD48","HMP_2019_ibdmdb","H4006","stool","IBD","IBD","child","USA","no","IlluminaHiSeq","31142855",22030048,2080049930,50,101,"Paolo_Manghi","CD",8,"male",NA,41,"yes",NA,NA,26.6,"Chemagen","Cincinnati",4,NA,NA,NA,NA,NA,NA,NA,NA,NA,NA,NA,"IBD",1.87929833166762,7.496695
"HSM7CYX6","HMP_2019_ibdmdb","H4006","stool","IBD","IBD","child","USA","no","IlluminaHiSeq","31142855",23427424,2172584473,50,101,"Paolo_Manghi","CD",8,"male",NA,252,"no",NA,NA,26.6,"Chemagen","Cincinnati",22,NA,NA,NA,NA,NA,NA,NA,NA,NA,NA,NA,"IBD",2.59431071119912,8.775095
"HSM7CYX8","HMP_2019_ibdmdb","H4006","stool","IBD","IBD","child","USA","no","IlluminaHiSeq","31142855",23697794,2159130515,50,101,"Paolo_Manghi","CD",8,"male",NA,265,"no",NA,NA,26.6,"Chemagen","Cincinnati",23,NA,NA,NA,NA,NA,NA,NA,NA,NA,NA,NA,"IBD",2.34967735515203,9.300255
"HSM5MD7K","HMP_2019_ibdmdb","H4006","stool","IBD","IBD","child","USA","no","IlluminaHiSeq","31142855",23760898,2214286227,50,101,"Paolo_Manghi","CD",8,"male",NA,55,"no",NA,NA,26.6,"Chemagen","Cincinnati",6,NA,NA,NA,NA,NA,NA,NA,NA,NA,NA,NA,"IBD",2.36916772859282,9.810155
"HSM67VEK","HMP_2019_ibdmdb","H4006","stool","IBD","IBD","child","USA","no","IlluminaHiSeq","31142855",25997402,2396574100,50,101,"Paolo_Manghi","CD",8,"male",NA,202,"no",NA,NA,26.6,"Chemagen","Cincinnati",17,NA,NA,NA,NA,NA,NA,NA,NA,NA,NA,NA,"IBD",2.02506006163957,8.697225
"HSM7CYX4","HMP_2019_ibdmdb","H4006","stool","IBD","IBD","child","USA","no","IlluminaHiSeq","31142855",26573996,2481837476,50,101,"Paolo_Manghi","CD",8,"male",NA,237,"no",NA,NA,26.6,"Chemagen","Cincinnati",21,NA,NA,NA,NA,NA,NA,NA,NA,NA,NA,NA,"IBD",2.2750265941138,8.08115499999999
"HSM67VEM","HMP_2019_ibdmdb","H4006","stool","IBD","IBD","child","USA","no","IlluminaHiSeq","31142855",34040978,3173715221,50,101,"Paolo_Manghi","CD",8,"male",NA,211,"no",NA,NA,26.6,"Chemagen","Cincinnati",18,NA,NA,NA,NA,NA,NA,NA,NA,NA,NA,NA,"IBD",2.19400383096871,9.027935
"HSM7CYX2","HMP_2019_ibdmdb","H4006","stool","IBD","IBD","child","USA","no","IlluminaHiSeq","31142855",36536104,3363319236,50,101,"Paolo_Manghi","CD",8,"male",NA,224,"no",NA,NA,26.6,"Chemagen","Cincinnati",20,NA,NA,NA,NA,NA,NA,NA,NA,NA,NA,NA,"IBD",2.37041842182097,10.119885
"HSM5MD4P_P","HMP_2019_ibdmdb","H4007","stool","IBD","IBD","schoolage","USA","no","IlluminaHiSeq","29311644",31328782,3051591712,50,101,"Paolo_Manghi","CD",15,"female",NA,43,"no",NA,NA,20.4,"Chemagen","Cincinnati",4,NA,NA,NA,NA,NA,NA,NA,NA,NA,NA,NA,"IBD",1.98639482882689,8.139925
"HSM5MD7Z_P","HMP_2019_ibdmdb","H4007","stool","IBD","IBD","schoolage","USA","no","IlluminaHiSeq","29311644",34119912,3322710383,50,101,"Paolo_Manghi","CD",15,"female",NA,0,"no",NA,NA,20.4,"Chemagen","Cincinnati",1,NA,NA,NA,NA,NA,NA,NA,NA,NA,NA,NA,"IBD",2.07585295474353,7.527675
"HSM7CYXQ","HMP_2019_ibdmdb","H4007","stool","IBD","IBD","schoolage","USA","no","IlluminaHiSeq","31142855",16424566,1490532264,50,101,"Paolo_Manghi","CD",15,"female",NA,262,"no",NA,NA,20.4,"Chemagen","Cincinnati",22,NA,NA,NA,NA,NA,NA,NA,NA,NA,NA,NA,"IBD",2.4326310657999,7.883815
"HSM67VHS","HMP_2019_ibdmdb","H4007","stool","IBD","IBD","schoolage","USA","no","IlluminaHiSeq","31142855",19572692,1761007139,50,101,"Paolo_Manghi","CD",15,"female",NA,182,"no",NA,NA,20.4,"Chemagen","Cincinnati",16,NA,NA,NA,NA,NA,NA,NA,NA,NA,NA,NA,"IBD",1.91494165091731,7.020705
"HSM67VHQ","HMP_2019_ibdmdb","H4007","stool","IBD","IBD","schoolage","USA","no","IlluminaHiSeq","31142855",20050564,1811185966,50,101,"Paolo_Manghi","CD",15,"female",NA,170,"no",NA,NA,20.4,"Chemagen","Cincinnati",15,NA,NA,NA,NA,NA,NA,NA,NA,NA,NA,NA,"IBD",2.11970707162424,7.304175
"HSM67VI1","HMP_2019_ibdmdb","H4007","stool","IBD","IBD","schoolage","USA","no","IlluminaHiSeq","31142855",21123436,1938092680,50,101,"Paolo_Manghi","CD",15,"female",NA,240,"no",NA,NA,20.4,"Chemagen","Cincinnati",20,NA,NA,NA,NA,NA,NA,NA,NA,NA,NA,NA,"IBD",2.33526964419825,10.179115
"HSM7CYXS","HMP_2019_ibdmdb","H4007","stool","IBD","IBD","schoolage","USA","no","IlluminaHiSeq","31142855",21582130,1969235787,50,101,"Paolo_Manghi","CD",15,"female",NA,267,"no",NA,NA,20.4,"Chemagen","Cincinnati",23,NA,NA,NA,NA,NA,NA,NA,NA,NA,NA,NA,"IBD",2.49057256067377,8.05782499999999
"HSM67VHW","HMP_2019_ibdmdb","H4007","stool","IBD","IBD","schoolage","USA","no","IlluminaHiSeq","31142855",26607604,2468336650,50,101,"Paolo_Manghi","CD",15,"female",NA,217,"no",NA,NA,20.4,"Chemagen","Cincinnati",18,NA,NA,NA,NA,NA,NA,NA,NA,NA,NA,NA,"IBD",2.11142978501869,8.839085
"HSM5MD4O","HMP_2019_ibdmdb","H4007","stool","IBD","IBD","schoolage","USA","no","IlluminaHiSeq","31142855",27555672,2495493197,50,101,"Paolo_Manghi","CD",15,"female",NA,64,"no",NA,NA,20.4,"Chemagen","Cincinnati",5,NA,NA,NA,NA,NA,NA,NA,NA,NA,NA,NA,"IBD",2.21277016450999,9.872115
"HSM5MD4N","HMP_2019_ibdmdb","H4007","stool","IBD","IBD","schoolage","USA","no","IlluminaHiSeq","31142855",28847916,2684741065,50,101,"Paolo_Manghi","CD",15,"female",NA,72,"no",NA,NA,20.4,"Chemagen","Cincinnati",6,NA,NA,NA,NA,NA,NA,NA,NA,NA,NA,NA,"IBD",2.06919766591882,8.081535
"HSM6XRSN","HMP_2019_ibdmdb","H4007","stool","IBD","IBD","schoolage","USA","no","IlluminaHiSeq","31142855",33652890,3140101935,50,101,"Paolo_Manghi","CD",15,"female",NA,113,"no",NA,NA,20.4,"Chemagen","Cincinnati",10,NA,NA,NA,NA,NA,NA,NA,NA,NA,NA,NA,"IBD",1.95721144293239,9.065605
"HSM6XRST","HMP_2019_ibdmdb","H4007","stool","IBD","IBD","schoolage","USA","no","IlluminaHiSeq","31142855",37037782,3451107199,50,101,"Paolo_Manghi","CD",15,"female",NA,154,"no",NA,NA,20.4,"Chemagen","Cincinnati",13,NA,NA,NA,NA,NA,NA,NA,NA,NA,NA,NA,"IBD",2.10528957846481,8.919425
"HSM7CZ2J_P","HMP_2019_ibdmdb","H4008","stool","control","healthy","schoolage","USA","no","IlluminaHiSeq","29311644",8667144,850327072,51,101,"Paolo_Manghi",NA,13,"female",NA,280,"no",NA,NA,35.6,"Chemagen","Cincinnati",24,NA,NA,NA,NA,NA,NA,NA,NA,NA,NA,NA,"Healthy",2.46720981697878,7.96538499999999
"HSM7CZ2L_P","HMP_2019_ibdmdb","H4008","stool","control","healthy","schoolage","USA","no","IlluminaHiSeq","29311644",15893918,1554750110,51,101,"Paolo_Manghi",NA,13,"female",NA,297,"no",NA,NA,35.6,"Chemagen","Cincinnati",25,NA,NA,NA,NA,NA,NA,NA,NA,NA,NA,NA,"Healthy",2.49974545701761,9.638305
"HSM6XRT6_P","HMP_2019_ibdmdb","H4008","stool","control","healthy","schoolage","USA","no","IlluminaHiSeq","29311644",18813512,1841546743,50,101,"Paolo_Manghi",NA,13,"female",NA,98,"no",NA,NA,35.6,"Chemagen","Cincinnati",9,NA,NA,NA,NA,NA,NA,NA,NA,NA,NA,NA,"Healthy",3.20861308707759,10.970505
"HSM6XRT2_P","HMP_2019_ibdmdb","H4008","stool","control","healthy","schoolage","USA","no","IlluminaHiSeq","29311644",19679618,1941740231,51,101,"Paolo_Manghi",NA,13,"female",NA,141,"no",NA,NA,35.6,"Chemagen","Cincinnati",12,NA,NA,NA,NA,NA,NA,NA,NA,NA,NA,NA,"Healthy",2.4743800555946,10.845375
"CSM7CZ2F_P","HMP_2019_ibdmdb","H4008","stool","control","healthy","schoolage","USA","no","IlluminaHiSeq","29311644",21518944,2105051991,50,101,"Paolo_Manghi",NA,13,"female",NA,252,"no",NA,NA,35.6,"Chemagen","Cincinnati",22,NA,NA,NA,NA,NA,NA,NA,NA,NA,NA,NA,"Healthy",2.55082910758162,7.68199499999999
"HSM5MD57_P","HMP_2019_ibdmdb","H4008","stool","control","healthy","schoolage","USA","no","IlluminaHiSeq","29311644",21648386,2106563908,50,101,"Paolo_Manghi",NA,13,"female",NA,17,"no",NA,NA,35.6,"Chemagen","Cincinnati",2,NA,NA,NA,NA,NA,NA,NA,NA,NA,NA,NA,"Healthy",2.79145666868151,11.463095
"HSM67VG6_P","HMP_2019_ibdmdb","H4008","stool","control","healthy","schoolage","USA","no","IlluminaHiSeq","29311644",22505166,2203297315,50,101,"Paolo_Manghi",NA,13,"female",NA,224,"no",NA,NA,35.6,"Chemagen","Cincinnati",19,NA,NA,NA,NA,NA,NA,NA,NA,NA,NA,NA,"Healthy",3.04557153718446,11.520395
"HSM6XRSZ_P","HMP_2019_ibdmdb","H4008","stool","control","healthy","schoolage","USA","no","IlluminaHiSeq","29311644",23560794,2306741964,50,101,"Paolo_Manghi",NA,13,"female",NA,112,"no",NA,NA,35.6,"Chemagen","Cincinnati",10,NA,NA,NA,NA,NA,NA,NA,NA,NA,NA,NA,"Healthy",2.49650770661292,9.957495
"HSM67VFX_P","HMP_2019_ibdmdb","H4008","stool","control","healthy","schoolage","USA","no","IlluminaHiSeq","29311644",24452602,2415332247,51,101,"Paolo_Manghi",NA,13,"female",NA,168,"no",NA,NA,35.6,"Chemagen","Cincinnati",15,NA,NA,NA,NA,NA,NA,NA,NA,NA,NA,NA,"Healthy",2.56341217062431,10.113385
"HSM5MD5F_P","HMP_2019_ibdmdb","H4008","stool","control","healthy","schoolage","USA","no","IlluminaHiSeq","29311644",25280450,2492167266,51,101,"Paolo_Manghi",NA,13,"female",NA,70,"no",NA,NA,35.6,"Chemagen","Cincinnati",6,NA,NA,NA,NA,NA,NA,NA,NA,NA,NA,NA,"Healthy",3.12275503682,12.467025
"HSM6XRSX_P","HMP_2019_ibdmdb","H4008","stool","control","healthy","schoolage","USA","no","IlluminaHiSeq","29311644",28281366,2805722917,51,101,"Paolo_Manghi",NA,13,"female",NA,83,"no",NA,NA,35.6,"Chemagen","Cincinnati",8,NA,NA,NA,NA,NA,NA,NA,NA,NA,NA,NA,"Healthy",2.88021506574349,11.408315
"HSM5MD5D_P","HMP_2019_ibdmdb","H4008","stool","control","healthy","schoolage","USA","no","IlluminaHiSeq","29311644",30312106,3005040956,51,101,"Paolo_Manghi",NA,13,"female",NA,56,"no",NA,NA,35.6,"Chemagen","Cincinnati",5,NA,NA,NA,NA,NA,NA,NA,NA,NA,NA,NA,"Healthy",2.80136076556654,10.216125
"HSM5MD8A_P","HMP_2019_ibdmdb","H4008","stool","control","healthy","schoolage","USA","no","IlluminaHiSeq","29311644",30809454,3000079294,50,101,"Paolo_Manghi",NA,13,"female",NA,0,"no",NA,NA,35.6,"Chemagen","Cincinnati",1,NA,NA,NA,NA,NA,NA,NA,NA,NA,NA,NA,"Healthy",3.01899850291045,12.035075
"HSM67VG2_P","HMP_2019_ibdmdb","H4008","stool","control","healthy","schoolage","USA","no","IlluminaHiSeq","29311644",31055134,3066631766,51,101,"Paolo_Manghi",NA,13,"female",NA,196,"no",NA,NA,35.6,"Chemagen","Cincinnati",17,NA,NA,NA,NA,NA,NA,NA,NA,NA,NA,NA,"Healthy",1.68832978127076,11.272905
"HSM6XRT4_P","HMP_2019_ibdmdb","H4008","stool","control","healthy","schoolage","USA","no","IlluminaHiSeq","29311644",32733852,3203131880,50,101,"Paolo_Manghi",NA,13,"female",NA,127,"no",NA,NA,35.6,"Chemagen","Cincinnati",11,NA,NA,NA,NA,NA,NA,NA,NA,NA,NA,NA,"Healthy",2.4938374094374,10.749485
"HSM5MD5B_P","HMP_2019_ibdmdb","H4008","stool","control","healthy","schoolage","USA","no","IlluminaHiSeq","29311644",33097700,3277420358,52,101,"Paolo_Manghi",NA,13,"female",NA,42,"no",NA,NA,35.6,"Chemagen","Cincinnati",4,NA,NA,NA,NA,NA,NA,NA,NA,NA,NA,NA,"Healthy",2.61082022810898,10.848005
"HSM5MD59_P","HMP_2019_ibdmdb","H4008","stool","control","healthy","schoolage","USA","no","IlluminaHiSeq","29311644",37266902,3642195769,50,101,"Paolo_Manghi",NA,13,"female",NA,28,"no",NA,NA,35.6,"Chemagen","Cincinnati",3,NA,NA,NA,NA,NA,NA,NA,NA,NA,NA,NA,"Healthy",2.57057919191682,10.653745
"HSM7CZ2H","HMP_2019_ibdmdb","H4008","stool","control","healthy","schoolage","USA","no","IlluminaHiSeq","31142855",12707722,1150821100,50,101,"Paolo_Manghi",NA,13,"female",NA,266,"no",NA,NA,35.6,"Chemagen","Cincinnati",23,NA,NA,NA,NA,NA,NA,NA,NA,NA,NA,NA,"Healthy",2.68273561491807,10.706675
"HSM67VFX","HMP_2019_ibdmdb","H4008","stool","control","healthy","schoolage","USA","no","IlluminaHiSeq","31142855",19712342,1763992365,50,101,"Paolo_Manghi",NA,13,"female",NA,168,"no",NA,NA,35.6,"Chemagen","Cincinnati",15,NA,NA,NA,NA,NA,NA,NA,NA,NA,NA,NA,"Healthy",2.63783825358136,10.166735
"HSM5MD5D","HMP_2019_ibdmdb","H4008","stool","control","healthy","schoolage","USA","no","IlluminaHiSeq","31142855",21468294,1956279497,50,101,"Paolo_Manghi",NA,13,"female",NA,56,"no",NA,NA,35.6,"Chemagen","Cincinnati",5,NA,NA,NA,NA,NA,NA,NA,NA,NA,NA,NA,"Healthy",2.88779174133531,10.622645
"HSM6XRSX","HMP_2019_ibdmdb","H4008","stool","control","healthy","schoolage","USA","no","IlluminaHiSeq","31142855",22748296,2063466726,50,101,"Paolo_Manghi",NA,13,"female",NA,83,"no",NA,NA,35.6,"Chemagen","Cincinnati",8,NA,NA,NA,NA,NA,NA,NA,NA,NA,NA,NA,"Healthy",2.90681681865611,11.053585
"HSM67VFZ","HMP_2019_ibdmdb","H4008","stool","control","healthy","schoolage","USA","no","IlluminaHiSeq","31142855",29854240,2713763520,50,101,"Paolo_Manghi",NA,13,"female",NA,182,"no",NA,NA,35.6,"Chemagen","Cincinnati",16,NA,NA,NA,NA,NA,NA,NA,NA,NA,NA,NA,"Healthy",2.6056988676985,11.034785
"HSM5MD5B","HMP_2019_ibdmdb","H4008","stool","control","healthy","schoolage","USA","no","IlluminaHiSeq","31142855",31493506,2888337209,50,101,"Paolo_Manghi",NA,13,"female",NA,42,"no",NA,NA,35.6,"Chemagen","Cincinnati",4,NA,NA,NA,NA,NA,NA,NA,NA,NA,NA,NA,"Healthy",3.17392798330471,12.174835
"HSM67VG8","HMP_2019_ibdmdb","H4008","stool","control","healthy","schoolage","USA","no","IlluminaHiSeq","31142855",36969476,3422237113,50,101,"Paolo_Manghi",NA,13,"female",NA,239,"no",NA,NA,35.6,"Chemagen","Cincinnati",20,NA,NA,NA,NA,NA,NA,NA,NA,NA,NA,NA,"Healthy",2.40524023346766,11.291665
"HSM67VGI_P","HMP_2019_ibdmdb","H4009","stool","control","healthy","child","USA","no","IlluminaHiSeq","29311644",3070356,303644999,52,101,"Paolo_Manghi",NA,6,"female",NA,235,"no",NA,NA,14,"Chemagen","Cincinnati",20,NA,NA,NA,NA,NA,NA,NA,NA,NA,NA,NA,"Healthy",2.3124771063557,6.435615
"HSM7CYYV_P","HMP_2019_ibdmdb","H4009","stool","control","healthy","child","USA","no","IlluminaHiSeq","29311644",9102482,891265478,51,101,"Paolo_Manghi",NA,6,"female",NA,291,"no",NA,NA,14,"Chemagen","Cincinnati",25,NA,NA,NA,NA,NA,NA,NA,NA,NA,NA,NA,"Healthy",1.80146371746577,6.493235
"HSM67VGA_P","HMP_2019_ibdmdb","H4009","stool","control","healthy","child","USA","no","IlluminaHiSeq","29311644",11226268,1111577607,51,101,"Paolo_Manghi",NA,6,"female",NA,166,"no",NA,NA,14,"Chemagen","Cincinnati",15,NA,NA,NA,NA,NA,NA,NA,NA,NA,NA,NA,"Healthy",2.66608054831315,8.414445
"HSM6XRTA_P","HMP_2019_ibdmdb","H4009","stool","control","healthy","child","USA","no","IlluminaHiSeq","29311644",14072086,1377762419,50,101,"Paolo_Manghi",NA,6,"female",NA,95,"no",NA,NA,14,"Chemagen","Cincinnati",9,NA,NA,NA,NA,NA,NA,NA,NA,NA,NA,NA,"Healthy",2.7850587969549,9.566425
"HSM6XRTC_P","HMP_2019_ibdmdb","H4009","stool","control","healthy","child","USA","no","IlluminaHiSeq","29311644",16096420,1579048427,50,101,"Paolo_Manghi",NA,6,"female",NA,109,"no",NA,NA,14,"Chemagen","Cincinnati",10,NA,NA,NA,NA,NA,NA,NA,NA,NA,NA,NA,"Healthy",1.97870076162944,7.531705
"HSM5MD8P_P","HMP_2019_ibdmdb","H4009","stool","control","healthy","child","USA","no","IlluminaHiSeq","29311644",23998656,2339042244,50,101,"Paolo_Manghi",NA,6,"female",NA,11,"no",NA,NA,14,"Chemagen","Cincinnati",2,NA,NA,NA,NA,NA,NA,NA,NA,NA,NA,NA,"Healthy",1.39837416563405,8.20542499999999
"HSM5MD8D_P","HMP_2019_ibdmdb","H4009","stool","control","healthy","child","USA","no","IlluminaHiSeq","29311644",24599270,2403065888,50,101,"Paolo_Manghi",NA,6,"female",NA,68,"no",NA,NA,14,"Chemagen","Cincinnati",6,NA,NA,NA,NA,NA,NA,NA,NA,NA,NA,NA,"Healthy",1.28568585566085,7.636415
"HSM6XRTE_P","HMP_2019_ibdmdb","H4009","stool","control","healthy","child","USA","no","IlluminaHiSeq","29311644",26920308,2667196405,51,101,"Paolo_Manghi",NA,6,"female",NA,124,"no",NA,NA,14,"Chemagen","Cincinnati",11,NA,NA,NA,NA,NA,NA,NA,NA,NA,NA,NA,"Healthy",2.93881967167524,10.926505
"HSM7CYYR_P","HMP_2019_ibdmdb","H4009","stool","control","healthy","child","USA","no","IlluminaHiSeq","29311644",29386366,2871139686,50,101,"Paolo_Manghi",NA,6,"female",NA,263,"no",NA,NA,14,"Chemagen","Cincinnati",23,NA,NA,NA,NA,NA,NA,NA,NA,NA,NA,NA,"Healthy",2.11356967575561,5.649615
"HSM67VGE_P","HMP_2019_ibdmdb","H4009","stool","control","healthy","child","USA","no","IlluminaHiSeq","29311644",33628684,3321151390,51,101,"Paolo_Manghi",NA,6,"female",NA,207,"no",NA,NA,14,"Chemagen","Cincinnati",18,NA,NA,NA,NA,NA,NA,NA,NA,NA,NA,NA,"Healthy",2.64501180942324,12.054175
"HSM5MD82_P","HMP_2019_ibdmdb","H4009","stool","control","healthy","child","USA","no","IlluminaHiSeq","29311644",35179728,3429522446,50,101,"Paolo_Manghi",NA,6,"female",NA,0,"no",NA,NA,14,"Chemagen","Cincinnati",1,NA,NA,NA,NA,NA,NA,NA,NA,NA,NA,NA,"Healthy",2.4700203464337,11.139995
"HSM6XRTG_P","HMP_2019_ibdmdb","H4009","stool","control","healthy","child","USA","no","IlluminaHiSeq","29311644",36356728,3602932659,50,101,"Paolo_Manghi",NA,6,"female",NA,138,"no",NA,NA,14,"Chemagen","Cincinnati",12,NA,NA,NA,NA,NA,NA,NA,NA,NA,NA,NA,"Healthy",1.34005625913817,8.05444499999999
"HSM5MD8L_P","HMP_2019_ibdmdb","H4009","stool","control","healthy","child","USA","no","IlluminaHiSeq","29311644",40316814,3991590547,52,101,"Paolo_Manghi",NA,6,"female",NA,39,"no",NA,NA,14,"Chemagen","Cincinnati",4,NA,NA,NA,NA,NA,NA,NA,NA,NA,NA,NA,"Healthy",1.23715922542668,7.88177499999999
"HSM5MD8B_P","HMP_2019_ibdmdb","H4009","stool","control","healthy","child","USA","no","IlluminaHiSeq","29311644",45994711,4558589029,51,101,"Paolo_Manghi",NA,6,"female",NA,53,"no",NA,NA,14,"Chemagen","Cincinnati",5,NA,NA,NA,NA,NA,NA,NA,NA,NA,NA,NA,"Healthy",1.87735804316513,10.112225
"HSM5MD8N_P","HMP_2019_ibdmdb","H4009","stool","control","healthy","child","USA","no","IlluminaHiSeq","29311644",50587926,4924305733,50,101,"Paolo_Manghi",NA,6,"female",NA,25,"no",NA,NA,14,"Chemagen","Cincinnati",3,NA,NA,NA,NA,NA,NA,NA,NA,NA,NA,NA,"Healthy",2.58870822626766,9.033235
"HSM67VGA","HMP_2019_ibdmdb","H4009","stool","control","healthy","child","USA","no","IlluminaHiSeq","31142855",12515604,1124032723,50,101,"Paolo_Manghi",NA,6,"female",NA,166,"no",NA,NA,14,"Chemagen","Cincinnati",15,NA,NA,NA,NA,NA,NA,NA,NA,NA,NA,NA,"Healthy",2.86452923714173,9.719895
"HSM6XRT8","HMP_2019_ibdmdb","H4009","stool","control","healthy","child","USA","no","IlluminaHiSeq","31142855",19679558,1753003255,50,100,"Paolo_Manghi",NA,6,"female",NA,81,"no",NA,NA,14,"Chemagen","Cincinnati",8,NA,NA,NA,NA,NA,NA,NA,NA,NA,NA,NA,"Healthy",2.70213990810396,9.332615
"HSM67VGC","HMP_2019_ibdmdb","H4009","stool","control","healthy","child","USA","no","IlluminaHiSeq","31142855",21544668,1973936054,50,101,"Paolo_Manghi",NA,6,"female",NA,194,"no",NA,NA,14,"Chemagen","Cincinnati",17,NA,NA,NA,NA,NA,NA,NA,NA,NA,NA,NA,"Healthy",2.56105531353711,8.925595
"HSM67VGK","HMP_2019_ibdmdb","H4009","stool","control","healthy","child","USA","no","IlluminaHiSeq","31142855",22146820,2024074094,50,101,"Paolo_Manghi",NA,6,"female",NA,249,"no",NA,NA,14,"Chemagen","Cincinnati",22,NA,NA,NA,NA,NA,NA,NA,NA,NA,NA,NA,"Healthy",1.48242957616366,7.94599499999999
"HSM67VGG","HMP_2019_ibdmdb","H4009","stool","control","healthy","child","USA","no","IlluminaHiSeq","31142855",22879508,2049380096,50,100,"Paolo_Manghi",NA,6,"female",NA,222,"no",NA,NA,14,"Chemagen","Cincinnati",19,NA,NA,NA,NA,NA,NA,NA,NA,NA,NA,NA,"Healthy",2.57895889437782,9.604205
"HSM6XRTG","HMP_2019_ibdmdb","H4009","stool","control","healthy","child","USA","no","IlluminaHiSeq","31142855",24179970,2158683368,50,101,"Paolo_Manghi",NA,6,"female",NA,138,"no",NA,NA,14,"Chemagen","Cincinnati",12,NA,NA,NA,NA,NA,NA,NA,NA,NA,NA,NA,"Healthy",1.3593974125064,8.30387499999999
"HSM67VGK_TR","HMP_2019_ibdmdb","H4009","stool","control","healthy","child","USA","no","IlluminaHiSeq","31142855",24261462,2297806386,50,101,"Paolo_Manghi",NA,6,"female",NA,249,"no",NA,NA,14,"Chemagen","Cincinnati",22,NA,NA,NA,NA,NA,NA,NA,NA,NA,NA,NA,"Healthy",1.51657205696612,7.712205
"HSM5MD47_P","HMP_2019_ibdmdb","H4010","stool","IBD","IBD","schoolage","USA","no","IlluminaHiSeq","29311644",10997292,1072977509,57,101,"Paolo_Manghi","UC",13,"male",NA,14,"no",NA,NA,22,"Chemagen","Cincinnati",2,NA,NA,NA,NA,NA,NA,NA,NA,NA,NA,NA,"IBD",2.00554165592029,4.431935
"HSM5MD44_P","HMP_2019_ibdmdb","H4010","stool","IBD","IBD","schoolage","USA","no","IlluminaHiSeq","29311644",11847810,1151806360,50,101,"Paolo_Manghi","UC",13,"male",NA,31,"no",NA,NA,22,"Chemagen","Cincinnati",3,NA,NA,NA,NA,NA,NA,NA,NA,NA,NA,NA,"IBD",2.52661052612532,5.626565
"HSM5MD87_P","HMP_2019_ibdmdb","H4010","stool","IBD","IBD","schoolage","USA","no","IlluminaHiSeq","29311644",28385860,2762743631,50,101,"Paolo_Manghi","UC",13,"male",NA,0,"no",NA,NA,22,"Chemagen","Cincinnati",1,NA,NA,NA,NA,NA,NA,NA,NA,NA,NA,NA,"IBD",2.56358677292225,9.484605
"HSM5MD43_P","HMP_2019_ibdmdb","H4010","stool","IBD","IBD","schoolage","USA","no","IlluminaHiSeq","29311644",33431872,3316156223,51,101,"Paolo_Manghi","UC",13,"male",NA,44,"no",NA,NA,22,"Chemagen","Cincinnati",4,NA,NA,NA,NA,NA,NA,NA,NA,NA,NA,NA,"IBD",2.15808953538078,8.01450499999999
"HSM6XRTQ","HMP_2019_ibdmdb","H4010","stool","IBD","IBD","schoolage","USA","no","IlluminaHiSeq","31142855",4987148,447846752,50,100,"Paolo_Manghi","UC",13,"male",NA,188,"no",NA,NA,22,"Chemagen","Cincinnati",16,NA,NA,NA,NA,NA,NA,NA,NA,NA,NA,NA,"IBD",2.20352111444476,7.62541499999999
"HSM5MD3Y","HMP_2019_ibdmdb","H4010","stool","IBD","IBD","schoolage","USA","no","IlluminaHiSeq","31142855",6145892,567157588,50,101,"Paolo_Manghi","UC",13,"male",NA,77,"no",NA,NA,22,"Chemagen","Cincinnati",6,NA,NA,NA,NA,NA,NA,NA,NA,NA,NA,NA,"IBD",2.70120690454164,8.11370499999999
"HSM6XRTM","HMP_2019_ibdmdb","H4010","stool","IBD","IBD","schoolage","USA","no","IlluminaHiSeq","31142855",14306936,1337267943,50,101,"Paolo_Manghi","UC",13,"male",NA,154,"no",NA,NA,22,"Chemagen","Cincinnati",13,NA,NA,NA,NA,NA,NA,NA,NA,NA,NA,NA,"IBD",2.48230399223888,9.007395
"HSM67VH1","HMP_2019_ibdmdb","H4010","stool","IBD","IBD","schoolage","USA","no","IlluminaHiSeq","31142855",21162672,1954073357,50,101,"Paolo_Manghi","UC",13,"male",NA,332,"no",NA,NA,22,"Chemagen","Cincinnati",27,NA,NA,NA,NA,NA,NA,NA,NA,NA,NA,NA,"IBD",2.3109580001616,8.07490499999999
"HSM5MD43","HMP_2019_ibdmdb","H4010","stool","IBD","IBD","schoolage","USA","no","IlluminaHiSeq","31142855",25000678,2281419680,50,101,"Paolo_Manghi","UC",13,"male",NA,44,"no",NA,NA,22,"Chemagen","Cincinnati",4,NA,NA,NA,NA,NA,NA,NA,NA,NA,NA,NA,"IBD",2.34167232911668,10.424685
"HSM6XRTS","HMP_2019_ibdmdb","H4010","stool","IBD","IBD","schoolage","USA","no","IlluminaHiSeq","31142855",25074966,2272617043,50,101,"Paolo_Manghi","UC",13,"male",NA,245,"no",NA,NA,22,"Chemagen","Cincinnati",20,NA,NA,NA,NA,NA,NA,NA,NA,NA,NA,NA,"IBD",2.44529501940901,9.256475
"HSM5MD41","HMP_2019_ibdmdb","H4010","stool","IBD","IBD","schoolage","USA","no","IlluminaHiSeq","31142855",28370404,2641873389,50,101,"Paolo_Manghi","UC",13,"male",NA,99,"no",NA,NA,22,"Chemagen","Cincinnati",9,NA,NA,NA,NA,NA,NA,NA,NA,NA,NA,NA,"IBD",2.35373266465414,10.647075
"HSM67VGY","HMP_2019_ibdmdb","H4010","stool","IBD","IBD","schoolage","USA","no","IlluminaHiSeq","31142855",30630704,2814296693,50,101,"Paolo_Manghi","UC",13,"male",NA,253,"no",NA,NA,22,"Chemagen","Cincinnati",22,NA,NA,NA,NA,NA,NA,NA,NA,NA,NA,NA,"IBD",2.48489913010869,10.076755
"HSM6XRTO","HMP_2019_ibdmdb","H4010","stool","IBD","IBD","schoolage","USA","no","IlluminaHiSeq","31142855",34976848,3177479391,50,101,"Paolo_Manghi","UC",13,"male",NA,233,"no",NA,NA,22,"Chemagen","Cincinnati",19,NA,NA,NA,NA,NA,NA,NA,NA,NA,NA,NA,"IBD",2.40195694634555,9.270035
"HSM5MD8J_P","HMP_2019_ibdmdb","H4011","stool","IBD","IBD","child","USA","no","IlluminaHiSeq","29311644",18714906,1819839446,50,101,"Paolo_Manghi","CD",7,"female",NA,0,"no",NA,NA,NA,"Chemagen","Cincinnati",1,NA,NA,NA,NA,NA,NA,NA,NA,NA,NA,NA,"IBD",2.17471625973053,7.40014499999999
"HSM5MD8F_P","HMP_2019_ibdmdb","H4012","stool","IBD","IBD","schoolage","USA","no","IlluminaHiSeq","29311644",19653160,1935755986,55,101,"Paolo_Manghi","CD",16,"female",NA,0,"no",NA,NA,NA,"Chemagen","Cincinnati",1,NA,NA,NA,NA,NA,NA,NA,NA,NA,NA,NA,"IBD",2.15687642526903,8.421935
"HSM5MD8H_P","HMP_2019_ibdmdb","H4013","stool","control","healthy","child","USA","no","IlluminaHiSeq","29311644",16624450,1629695509,50,101,"Paolo_Manghi",NA,8,"male",NA,0,"no",NA,NA,16.1,"Chemagen","Cincinnati",1,NA,NA,NA,NA,NA,NA,NA,NA,NA,NA,NA,"Healthy",2.42769473888652,7.785595
"HSM5MD6I_P","HMP_2019_ibdmdb","H4013","stool","control","healthy","child","USA","no","IlluminaHiSeq","29311644",33872150,3354906060,52,101,"Paolo_Manghi",NA,8,"male",NA,39,"no",NA,NA,16.1,"Chemagen","Cincinnati",4,NA,NA,NA,NA,NA,NA,NA,NA,NA,NA,NA,"Healthy",1.64009641525718,7.187535
"HSM5MD6K_P","HMP_2019_ibdmdb","H4013","stool","control","healthy","child","USA","no","IlluminaHiSeq","29311644",38650966,3838905224,51,101,"Paolo_Manghi",NA,8,"male",NA,54,"no",NA,NA,16.1,"Chemagen","Cincinnati",5,NA,NA,NA,NA,NA,NA,NA,NA,NA,NA,NA,"Healthy",1.81008483295698,7.287165
"HSM5MD6E_P","HMP_2019_ibdmdb","H4013","stool","control","healthy","child","USA","no","IlluminaHiSeq","29311644",52632242,5216295097,51,101,"Paolo_Manghi",NA,8,"male",NA,19,"yes",NA,NA,16.1,"Chemagen","Cincinnati",2,NA,NA,NA,NA,NA,NA,NA,NA,NA,NA,NA,"Healthy",1.86066184144302,8.410945
"HSM5MD6M","HMP_2019_ibdmdb","H4013","stool","control","healthy","child","USA","no","IlluminaHiSeq","31142855",12609148,1155276080,50,101,"Paolo_Manghi",NA,8,"male",NA,67,"no",NA,NA,16.1,"Chemagen","Cincinnati",6,NA,NA,NA,NA,NA,NA,NA,NA,NA,NA,NA,"Healthy",1.52206764245534,4.962365
"HSM6XRVK","HMP_2019_ibdmdb","H4013","stool","control","healthy","child","USA","no","IlluminaHiSeq","31142855",18176974,1642762390,50,101,"Paolo_Manghi",NA,8,"male",NA,223,"no",NA,NA,16.1,"Chemagen","Cincinnati",20,NA,NA,NA,NA,NA,NA,NA,NA,NA,NA,NA,"Healthy",1.93147931353554,8.586455
"HSM6XRVA","HMP_2019_ibdmdb","H4013","stool","control","healthy","child","USA","no","IlluminaHiSeq","31142855",19761192,1781518113,50,101,"Paolo_Manghi",NA,8,"male",NA,174,"no",NA,NA,16.1,"Chemagen","Cincinnati",15,NA,NA,NA,NA,NA,NA,NA,NA,NA,NA,NA,"Healthy",1.94396122086523,7.87360499999999
"HSM7J4QZ","HMP_2019_ibdmdb","H4013","stool","control","healthy","child","USA","no","IlluminaHiSeq","31142855",21609462,1956724691,50,101,"Paolo_Manghi",NA,8,"male",NA,256,"no",NA,NA,16.1,"Chemagen","Cincinnati",22,NA,NA,NA,NA,NA,NA,NA,NA,NA,NA,NA,"Healthy",2.5649185587796,9.036415
"HSM5MD6K","HMP_2019_ibdmdb","H4013","stool","control","healthy","child","USA","no","IlluminaHiSeq","31142855",23378978,2123440867,50,101,"Paolo_Manghi",NA,8,"male",NA,54,"no",NA,NA,16.1,"Chemagen","Cincinnati",5,NA,NA,NA,NA,NA,NA,NA,NA,NA,NA,NA,"Healthy",1.89927038088694,7.197775
"HSM6XRVC_TR","HMP_2019_ibdmdb","H4013","stool","control","healthy","child","USA","no","IlluminaHiSeq","31142855",26256748,2498899775,50,101,"Paolo_Manghi",NA,8,"male",NA,179,"no",NA,NA,16.1,"Chemagen","Cincinnati",16,NA,NA,NA,NA,NA,NA,NA,NA,NA,NA,NA,"Healthy",1.66331404490545,7.363905
"HSM6XRRJ","HMP_2019_ibdmdb","H4013","stool","control","healthy","child","USA","no","IlluminaHiSeq","31142855",32290318,3014501945,50,101,"Paolo_Manghi",NA,8,"male",NA,111,"yes",NA,NA,16.1,"Chemagen","Cincinnati",10,NA,NA,NA,NA,NA,NA,NA,NA,NA,NA,NA,"Healthy",1.34995121081632,5.856005
"HSM5MD6I","HMP_2019_ibdmdb","H4013","stool","control","healthy","child","USA","no","IlluminaHiSeq","31142855",32360926,3026482353,50,101,"Paolo_Manghi",NA,8,"male",NA,39,"no",NA,NA,16.1,"Chemagen","Cincinnati",4,NA,NA,NA,NA,NA,NA,NA,NA,NA,NA,NA,"Healthy",1.85532213906006,7.990905
"HSM7J4R2","HMP_2019_ibdmdb","H4013","stool","control","healthy","child","USA","no","IlluminaHiSeq","31142855",34379670,3159556666,50,101,"Paolo_Manghi",NA,8,"male",NA,293,"no",NA,NA,16.1,"Chemagen","Cincinnati",25,NA,NA,NA,NA,NA,NA,NA,NA,NA,NA,NA,"Healthy",1.94260427392109,8.403755
"HSM6XRVC","HMP_2019_ibdmdb","H4013","stool","control","healthy","child","USA","no","IlluminaHiSeq","31142855",34495166,3205171244,50,101,"Paolo_Manghi",NA,8,"male",NA,179,"no",NA,NA,16.1,"Chemagen","Cincinnati",16,NA,NA,NA,NA,NA,NA,NA,NA,NA,NA,NA,"Healthy",2.09990966841428,7.319875
"HSM5MD3L_P","HMP_2019_ibdmdb","H4014","stool","IBD","IBD","child","USA","no","IlluminaHiSeq","29311644",7436356,722131650,50,101,"Paolo_Manghi","CD",10,"female",NA,0,"no",NA,NA,19.6,"Chemagen","Cincinnati",1,NA,NA,NA,NA,NA,NA,NA,NA,NA,NA,NA,"IBD",2.87379959255222,8.413755
"HSM6XRS2","HMP_2019_ibdmdb","H4014","stool","IBD","IBD","child","USA","no","IlluminaHiSeq","31142855",6156508,560142772,50,101,"Paolo_Manghi","CD",10,"female",NA,162,"no",NA,NA,19.6,"Chemagen","Cincinnati",13,NA,NA,NA,NA,NA,NA,NA,NA,NA,NA,NA,"IBD",2.83583816060045,7.680765
"HSM7J4QT","HMP_2019_ibdmdb","H4014","stool","IBD","IBD","child","USA","no","IlluminaHiSeq","31142855",7887990,718197406,50,101,"Paolo_Manghi","CD",10,"female",NA,353,"no",NA,NA,19.6,"Chemagen","Cincinnati",27,NA,NA,NA,NA,NA,NA,NA,NA,NA,NA,NA,"IBD",2.57477804147603,8.075285
"HSM5MD6C","HMP_2019_ibdmdb","H4014","stool","IBD","IBD","child","USA","no","IlluminaHiSeq","31142855",9021352,798046878,50,101,"Paolo_Manghi","CD",10,"female",NA,70,"no",NA,NA,19.6,"Chemagen","Cincinnati",6,NA,NA,NA,NA,NA,NA,NA,NA,NA,NA,NA,"IBD",2.78351348452103,8.606405
"HSM5MD66","HMP_2019_ibdmdb","H4014","stool","IBD","IBD","child","USA","no","IlluminaHiSeq","31142855",9581700,885227950,50,101,"Paolo_Manghi","CD",10,"female",NA,28,"no",NA,NA,19.6,"Chemagen","Cincinnati",3,NA,NA,NA,NA,NA,NA,NA,NA,NA,NA,NA,"IBD",2.49990878471327,7.266855
"HSM6XRVM","HMP_2019_ibdmdb","H4014","stool","IBD","IBD","child","USA","no","IlluminaHiSeq","31142855",10988816,989618321,50,101,"Paolo_Manghi","CD",10,"female",NA,175,"no",NA,NA,19.6,"Chemagen","Cincinnati",15,NA,NA,NA,NA,NA,NA,NA,NA,NA,NA,NA,"IBD",2.92611430335401,9.326475
"HSM6XRVO","HMP_2019_ibdmdb","H4014","stool","IBD","IBD","child","USA","no","IlluminaHiSeq","31142855",11373712,1039848020,50,101,"Paolo_Manghi","CD",10,"female",NA,189,"no",NA,NA,19.6,"Chemagen","Cincinnati",16,NA,NA,NA,NA,NA,NA,NA,NA,NA,NA,NA,"IBD",2.12963196536089,7.514535
"HSM6XRRV","HMP_2019_ibdmdb","H4014","stool","IBD","IBD","child","USA","no","IlluminaHiSeq","31142855",13395396,1214117995,50,101,"Paolo_Manghi","CD",10,"female",NA,114,"no",NA,NA,19.6,"Chemagen","Cincinnati",10,NA,NA,NA,NA,NA,NA,NA,NA,NA,NA,NA,"IBD",2.70002100366479,8.673655
"HSM5MD6A","HMP_2019_ibdmdb","H4014","stool","IBD","IBD","child","USA","no","IlluminaHiSeq","31142855",15531604,1431293655,50,101,"Paolo_Manghi","CD",10,"female",NA,56,"no",NA,NA,19.6,"Chemagen","Cincinnati",5,NA,NA,NA,NA,NA,NA,NA,NA,NA,NA,NA,"IBD",2.72686345775139,8.473765
"HSM5MD6A_TR","HMP_2019_ibdmdb","H4014","stool","IBD","IBD","child","USA","no","IlluminaHiSeq","31142855",22962120,2192057996,50,101,"Paolo_Manghi","CD",10,"female",NA,56,"no",NA,NA,19.6,"Chemagen","Cincinnati",5,NA,NA,NA,NA,NA,NA,NA,NA,NA,NA,NA,"IBD",2.65240290805246,8.988485
"HSM6XRVU","HMP_2019_ibdmdb","H4014","stool","IBD","IBD","child","USA","no","IlluminaHiSeq","31142855",23881428,2126209320,50,101,"Paolo_Manghi","CD",10,"female",NA,255,"no",NA,NA,19.6,"Chemagen","Cincinnati",22,NA,NA,NA,NA,NA,NA,NA,NA,NA,NA,NA,"IBD",2.69327838340478,9.118735
"HSM6XRVW","HMP_2019_ibdmdb","H4014","stool","IBD","IBD","child","USA","no","IlluminaHiSeq","31142855",26351546,2353004326,50,100,"Paolo_Manghi","CD",10,"female",NA,266,"no",NA,NA,19.6,"Chemagen","Cincinnati",23,NA,NA,NA,NA,NA,NA,NA,NA,NA,NA,NA,"IBD",2.50235214199421,9.363885
"HSM5MD5X_P","HMP_2019_ibdmdb","H4015","stool","IBD","IBD","schoolage","USA","no","IlluminaHiSeq","29311644",39754946,3934236793,50,101,"Paolo_Manghi","CD",15,"male",NA,0,"no",NA,NA,19.2,"Chemagen","Cincinnati",1,NA,NA,NA,NA,NA,NA,NA,NA,NA,NA,NA,"IBD",2.45330797699323,10.013035
"HSM7J4QJ","HMP_2019_ibdmdb","H4015","stool","IBD","IBD","schoolage","USA","no","IlluminaHiSeq","31142855",17044,1565347,50,101,"Paolo_Manghi","CD",15,"male",NA,309,"no",NA,NA,19.2,"Chemagen","Cincinnati",26,NA,NA,NA,NA,NA,NA,NA,NA,NA,NA,NA,"IBD",0,0.571405
"HSM6XRS8","HMP_2019_ibdmdb","H4015","stool","IBD","IBD","schoolage","USA","no","IlluminaHiSeq","31142855",374156,32360206,50,99,"Paolo_Manghi","CD",15,"male",NA,112,"no",NA,NA,19.2,"Chemagen","Cincinnati",10,NA,NA,NA,NA,NA,NA,NA,NA,NA,NA,NA,"IBD",1.72496125105574,2.649915
"HSM7J4QD","HMP_2019_ibdmdb","H4015","stool","IBD","IBD","schoolage","USA","no","IlluminaHiSeq","31142855",1437188,129664131,50,101,"Paolo_Manghi","CD",15,"male",NA,267,"no",NA,NA,19.2,"Chemagen","Cincinnati",23,NA,NA,NA,NA,NA,NA,NA,NA,NA,NA,NA,"IBD",1.88152002191628,4.880655
"HSM5MD75","HMP_2019_ibdmdb","H4015","stool","IBD","IBD","schoolage","USA","no","IlluminaHiSeq","31142855",1949722,179439260,50,101,"Paolo_Manghi","CD",15,"male",NA,77,"no",NA,NA,19.2,"Chemagen","Cincinnati",6,NA,NA,NA,NA,NA,NA,NA,NA,NA,NA,NA,"IBD",1.93905778620715,6.391725
"HSM7CYZD","HMP_2019_ibdmdb","H4015","stool","IBD","IBD","schoolage","USA","no","IlluminaHiSeq","31142855",3873422,349099066,50,101,"Paolo_Manghi","CD",15,"male",NA,225,"no",NA,NA,19.2,"Chemagen","Cincinnati",19,NA,NA,NA,NA,NA,NA,NA,NA,NA,NA,NA,"IBD",1.89393776934737,5.958285
"HSM6XRS4","HMP_2019_ibdmdb","H4015","stool","IBD","IBD","schoolage","USA","no","IlluminaHiSeq","31142855",4938458,457193408,50,101,"Paolo_Manghi","CD",15,"male",NA,84,"yes",NA,NA,19.2,"Chemagen","Cincinnati",8,NA,NA,NA,NA,NA,NA,NA,NA,NA,NA,NA,"IBD",1.46400796957013,2.515165
"HSM6XRSE","HMP_2019_ibdmdb","H4015","stool","IBD","IBD","schoolage","USA","no","IlluminaHiSeq","31142855",5674414,514605039,50,101,"Paolo_Manghi","CD",15,"male",NA,155,"no",NA,NA,19.2,"Chemagen","Cincinnati",13,NA,NA,NA,NA,NA,NA,NA,NA,NA,NA,NA,"IBD",2.3663130993213,7.578785
"HSM7CYZF","HMP_2019_ibdmdb","H4015","stool","IBD","IBD","schoolage","USA","no","IlluminaHiSeq","31142855",5719426,512215113,50,101,"Paolo_Manghi","CD",15,"male",NA,238,"no",NA,NA,19.2,"Chemagen","Cincinnati",20,NA,NA,NA,NA,NA,NA,NA,NA,NA,NA,NA,"IBD",2.46917224267331,8.002335
"HSM7CYZB","HMP_2019_ibdmdb","H4015","stool","IBD","IBD","schoolage","USA","no","IlluminaHiSeq","31142855",7222272,661625910,50,101,"Paolo_Manghi","CD",15,"male",NA,210,"no",NA,NA,19.2,"Chemagen","Cincinnati",18,NA,NA,NA,NA,NA,NA,NA,NA,NA,NA,NA,"IBD",1.71122587760346,5.562535
"HSM6XRS6","HMP_2019_ibdmdb","H4015","stool","IBD","IBD","schoolage","USA","no","IlluminaHiSeq","31142855",7494822,676297564,50,101,"Paolo_Manghi","CD",15,"male",NA,99,"no",NA,NA,19.2,"Chemagen","Cincinnati",9,NA,NA,NA,NA,NA,NA,NA,NA,NA,NA,NA,"IBD",1.42804972246433,4.013275
"HSM7J4QB","HMP_2019_ibdmdb","H4015","stool","IBD","IBD","schoolage","USA","no","IlluminaHiSeq","31142855",7946342,726021353,50,101,"Paolo_Manghi","CD",15,"male",NA,253,"no",NA,NA,19.2,"Chemagen","Cincinnati",22,NA,NA,NA,NA,NA,NA,NA,NA,NA,NA,NA,"IBD",2.21731085207499,5.532465
"HSM7J4QH","HMP_2019_ibdmdb","H4015","stool","IBD","IBD","schoolage","USA","no","IlluminaHiSeq","31142855",8176706,741669136,50,101,"Paolo_Manghi","CD",15,"male",NA,296,"no",NA,NA,19.2,"Chemagen","Cincinnati",25,NA,NA,NA,NA,NA,NA,NA,NA,NA,NA,NA,"IBD",1.85263168932375,6.800975
"HSM7CYZ9","HMP_2019_ibdmdb","H4015","stool","IBD","IBD","schoolage","USA","no","IlluminaHiSeq","31142855",10926034,986443641,50,101,"Paolo_Manghi","CD",15,"male",NA,196,"no",NA,NA,19.2,"Chemagen","Cincinnati",17,NA,NA,NA,NA,NA,NA,NA,NA,NA,NA,NA,"IBD",1.78386667960441,7.654645
"HSM5MD71","HMP_2019_ibdmdb","H4015","stool","IBD","IBD","schoolage","USA","no","IlluminaHiSeq","31142855",13609480,1225226417,50,101,"Paolo_Manghi","CD",15,"male",NA,43,"no",NA,NA,19.2,"Chemagen","Cincinnati",4,NA,NA,NA,NA,NA,NA,NA,NA,NA,NA,NA,"IBD",2.4845163793563,8.393425
"HSM7J4QL","HMP_2019_ibdmdb","H4015","stool","IBD","IBD","schoolage","USA","no","IlluminaHiSeq","31142855",13817512,1254217485,50,101,"Paolo_Manghi","CD",15,"male",NA,323,"no",NA,NA,19.2,"Chemagen","Cincinnati",27,NA,NA,NA,NA,NA,NA,NA,NA,NA,NA,NA,"IBD",2.17415070597762,7.425105
"HSM5MD73","HMP_2019_ibdmdb","H4015","stool","IBD","IBD","schoolage","USA","no","IlluminaHiSeq","31142855",22306526,2075158285,50,101,"Paolo_Manghi","CD",15,"male",NA,58,"no",NA,NA,19.2,"Chemagen","Cincinnati",5,NA,NA,NA,NA,NA,NA,NA,NA,NA,NA,NA,"IBD",2.47173104511683,9.658905
"HSM7CYZ5","HMP_2019_ibdmdb","H4015","stool","IBD","IBD","schoolage","USA","no","IlluminaHiSeq","31142855",23740450,2160067723,50,101,"Paolo_Manghi","CD",15,"male",NA,169,"no",NA,NA,19.2,"Chemagen","Cincinnati",15,NA,NA,NA,NA,NA,NA,NA,NA,NA,NA,NA,"IBD",1.52712587276371,5.582555
"HSM7CYZ7","HMP_2019_ibdmdb","H4015","stool","IBD","IBD","schoolage","USA","no","IlluminaHiSeq","31142855",24847880,2276181884,50,101,"Paolo_Manghi","CD",15,"male",NA,182,"no",NA,NA,19.2,"Chemagen","Cincinnati",16,NA,NA,NA,NA,NA,NA,NA,NA,NA,NA,NA,"IBD",1.8664730911564,7.040375
"HSM5MD6Y","HMP_2019_ibdmdb","H4015","stool","IBD","IBD","schoolage","USA","no","IlluminaHiSeq","31142855",25220076,2321592529,50,101,"Paolo_Manghi","CD",15,"male",NA,29,"no",NA,NA,19.2,"Chemagen","Cincinnati",3,NA,NA,NA,NA,NA,NA,NA,NA,NA,NA,NA,"IBD",2.25880433173689,8.826435
"HSM5MD62","HMP_2019_ibdmdb","H4015","stool","IBD","IBD","schoolage","USA","no","IlluminaHiSeq","31142855",30808564,2833722024,50,101,"Paolo_Manghi","CD",15,"male",NA,14,"no",NA,NA,19.2,"Chemagen","Cincinnati",2,NA,NA,NA,NA,NA,NA,NA,NA,NA,NA,NA,"IBD",2.19321956051469,8.868915
"HSM7J4QF","HMP_2019_ibdmdb","H4015","stool","IBD","IBD","schoolage","USA","no","IlluminaHiSeq","31142855",34556040,3171759173,50,101,"Paolo_Manghi","CD",15,"male",NA,280,"no",NA,NA,19.2,"Chemagen","Cincinnati",24,NA,NA,NA,NA,NA,NA,NA,NA,NA,NA,NA,"IBD",1.84449468782161,7.647355
"HSM5MD5Z_P","HMP_2019_ibdmdb","H4016","stool","control","healthy","child","USA","no","IlluminaHiSeq","29311644",1094292,108445414,62,101,"Paolo_Manghi",NA,10,"female",NA,0,"no",NA,NA,13.5,"Chemagen","Cincinnati",1,NA,NA,NA,NA,NA,NA,NA,NA,NA,NA,NA,"Healthy",1.87313580847532,2.169935
"HSM5MD6O_P","HMP_2019_ibdmdb","H4016","stool","control","healthy","child","USA","no","IlluminaHiSeq","29311644",16739878,1634891956,51,101,"Paolo_Manghi",NA,10,"female",NA,20,"no",NA,NA,13.5,"Chemagen","Cincinnati",2,NA,NA,NA,NA,NA,NA,NA,NA,NA,NA,NA,"Healthy",2.12291977555208,4.821375
"HSM5MD6S_P","HMP_2019_ibdmdb","H4016","stool","control","healthy","child","USA","no","IlluminaHiSeq","29311644",25014292,2450332336,50,101,"Paolo_Manghi",NA,10,"female",NA,41,"no",NA,NA,13.5,"Chemagen","Cincinnati",4,NA,NA,NA,NA,NA,NA,NA,NA,NA,NA,NA,"Healthy",2.29613349817731,7.60720499999999
"HSM5MD6U_P","HMP_2019_ibdmdb","H4016","stool","control","healthy","child","USA","no","IlluminaHiSeq","29311644",27073084,2682475949,52,101,"Paolo_Manghi",NA,10,"female",NA,56,"no",NA,NA,13.5,"Chemagen","Cincinnati",5,NA,NA,NA,NA,NA,NA,NA,NA,NA,NA,NA,"Healthy",2.39067838122751,9.75598499999999
"HSM7CYXI","HMP_2019_ibdmdb","H4016","stool","control","healthy","child","USA","no","IlluminaHiSeq","31142855",4827544,432916906,50,101,"Paolo_Manghi",NA,10,"female",NA,195,"no",NA,NA,13.5,"Chemagen","Cincinnati",17,NA,NA,NA,NA,NA,NA,NA,NA,NA,NA,NA,"Healthy",1.70992709267676,3.357505
"HSM5MD6Q","HMP_2019_ibdmdb","H4016","stool","control","healthy","child","USA","no","IlluminaHiSeq","31142855",13646676,1238972116,50,101,"Paolo_Manghi",NA,10,"female",NA,35,"no",NA,NA,13.5,"Chemagen","Cincinnati",3,NA,NA,NA,NA,NA,NA,NA,NA,NA,NA,NA,"Healthy",2.50063294132585,8.479255
"HSM7CYXG","HMP_2019_ibdmdb","H4016","stool","control","healthy","child","USA","no","IlluminaHiSeq","31142855",19584200,1761227326,50,101,"Paolo_Manghi",NA,10,"female",NA,182,"no",NA,NA,13.5,"Chemagen","Cincinnati",16,NA,NA,NA,NA,NA,NA,NA,NA,NA,NA,NA,"Healthy",1.88983065770096,8.149105
"HSM7J4KO","HMP_2019_ibdmdb","H4016","stool","control","healthy","child","USA","no","IlluminaHiSeq","31142855",21054704,1883018633,50,101,"Paolo_Manghi",NA,10,"female",NA,268,"no",NA,NA,13.5,"Chemagen","Cincinnati",23,NA,NA,NA,NA,NA,NA,NA,NA,NA,NA,NA,"Healthy",1.84488747427345,7.68927499999999
"HSM7CYXE","HMP_2019_ibdmdb","H4016","stool","control","healthy","child","USA","no","IlluminaHiSeq","31142855",22533332,2055120226,50,101,"Paolo_Manghi",NA,10,"female",NA,170,"no",NA,NA,13.5,"Chemagen","Cincinnati",15,NA,NA,NA,NA,NA,NA,NA,NA,NA,NA,NA,"Healthy",1.65243495607817,6.267365
"HSM5MD6W","HMP_2019_ibdmdb","H4016","stool","control","healthy","child","USA","no","IlluminaHiSeq","31142855",23969276,2210364864,50,101,"Paolo_Manghi",NA,10,"female",NA,70,"yes",NA,NA,13.5,"Chemagen","Cincinnati",6,NA,NA,NA,NA,NA,NA,NA,NA,NA,NA,NA,"Healthy",1.45209591892293,6.066595
"HSM7CYXO","HMP_2019_ibdmdb","H4016","stool","control","healthy","child","USA","no","IlluminaHiSeq","31142855",25753546,2364513777,50,101,"Paolo_Manghi",NA,10,"female",NA,238,"yes",NA,NA,13.5,"Chemagen","Cincinnati",20,NA,NA,NA,NA,NA,NA,NA,NA,NA,NA,NA,"Healthy",1.54581802587768,4.915535
"HSM7J4KQ","HMP_2019_ibdmdb","H4016","stool","control","healthy","child","USA","no","IlluminaHiSeq","31142855",28800590,2668179205,50,101,"Paolo_Manghi",NA,10,"female",NA,329,"no",NA,NA,13.5,"Chemagen","Cincinnati",27,NA,NA,NA,NA,NA,NA,NA,NA,NA,NA,NA,"Healthy",1.91199819902137,8.419665
"HSM67VF3","HMP_2019_ibdmdb","H4016","stool","control","healthy","child","USA","no","IlluminaHiSeq","31142855",33808368,3164336584,50,101,"Paolo_Manghi",NA,10,"female",NA,111,"no",NA,NA,13.5,"Chemagen","Cincinnati",10,NA,NA,NA,NA,NA,NA,NA,NA,NA,NA,NA,"Healthy",1.51724832298251,5.105125
"HSM7J4I3","HMP_2019_ibdmdb","H4016","stool","control","healthy","child","USA","no","IlluminaHiSeq","31142855",37558466,3430456180,50,101,"Paolo_Manghi",NA,10,"female",NA,251,"no",NA,NA,13.5,"Chemagen","Cincinnati",22,NA,NA,NA,NA,NA,NA,NA,NA,NA,NA,NA,"Healthy",1.87575554267845,7.66663499999999
"HSM6XRQB_P","HMP_2019_ibdmdb","H4017","stool","IBD","IBD","schoolage","USA","no","IlluminaHiSeq","29311644",40907158,4053864258,50,101,"Paolo_Manghi","CD",16,"female",NA,0,"yes",NA,NA,28.6,"Chemagen","Cincinnati",1,NA,NA,NA,NA,NA,NA,NA,NA,NA,NA,NA,"IBD",2.83328142161825,6.44338499999999
"HSM67VHK","HMP_2019_ibdmdb","H4017","stool","IBD","IBD","schoolage","USA","no","IlluminaHiSeq","31142855",2717220,237384582,50,100,"Paolo_Manghi","CD",16,"female",NA,14,"yes",NA,NA,28.6,"Chemagen","Cincinnati",2,NA,NA,NA,NA,NA,NA,NA,NA,NA,NA,NA,"IBD",1.22270923394298,2.750835
"HSM6XRQI","HMP_2019_ibdmdb","H4017","stool","IBD","IBD","schoolage","USA","no","IlluminaHiSeq","31142855",5646948,526092284,50,101,"Paolo_Manghi","CD",16,"female",NA,28,"yes",NA,NA,28.6,"Chemagen","Cincinnati",3,NA,NA,NA,NA,NA,NA,NA,NA,NA,NA,NA,"IBD",2.09686564783004,5.899365
"HSM67VFH","HMP_2019_ibdmdb","H4017","stool","IBD","IBD","schoolage","USA","no","IlluminaHiSeq","31142855",13134054,1161242569,50,101,"Paolo_Manghi","CD",16,"female",NA,161,"yes",NA,NA,28.6,"Chemagen","Cincinnati",13,NA,NA,NA,NA,NA,NA,NA,NA,NA,NA,NA,"IBD",1.93518227273289,5.297805
"HSM7CYYB","HMP_2019_ibdmdb","H4017","stool","IBD","IBD","schoolage","USA","no","IlluminaHiSeq","31142855",13204906,1234413140,50,101,"Paolo_Manghi","CD",16,"female",NA,265,"yes",NA,NA,28.6,"Chemagen","Cincinnati",23,NA,NA,NA,NA,NA,NA,NA,NA,NA,NA,NA,"IBD",0.513003033745224,5.034345
"HSM6XRQO","HMP_2019_ibdmdb","H4017","stool","IBD","IBD","schoolage","USA","no","IlluminaHiSeq","31142855",15135090,1408877404,50,101,"Paolo_Manghi","CD",16,"female",NA,78,"no",NA,NA,28.6,"Chemagen","Cincinnati",6,NA,NA,NA,NA,NA,NA,NA,NA,NA,NA,NA,"IBD",2.11775158006764,6.186745
"HSM7CYY5","HMP_2019_ibdmdb","H4017","stool","IBD","IBD","schoolage","USA","no","IlluminaHiSeq","31142855",16647158,1494502939,50,101,"Paolo_Manghi","CD",16,"female",NA,203,"no",NA,NA,28.6,"Chemagen","Cincinnati",17,NA,NA,NA,NA,NA,NA,NA,NA,NA,NA,NA,"IBD",2.44087194520902,10.353335
"HSM67VFF","HMP_2019_ibdmdb","H4017","stool","IBD","IBD","schoolage","USA","no","IlluminaHiSeq","31142855",18102840,1618378450,50,101,"Paolo_Manghi","CD",16,"female",NA,147,"yes",NA,NA,28.6,"Chemagen","Cincinnati",12,NA,NA,NA,NA,NA,NA,NA,NA,NA,NA,NA,"IBD",1.73590750644827,6.045965
"HSM7CYY3","HMP_2019_ibdmdb","H4017","stool","IBD","IBD","schoolage","USA","no","IlluminaHiSeq","31142855",19184752,1752141929,50,101,"Paolo_Manghi","CD",16,"female",NA,188,"yes",NA,NA,28.6,"Chemagen","Cincinnati",16,NA,NA,NA,NA,NA,NA,NA,NA,NA,NA,NA,"IBD",2.10620908508598,4.935375
"HSM6XRQK","HMP_2019_ibdmdb","H4017","stool","IBD","IBD","schoolage","USA","no","IlluminaHiSeq","31142855",19468038,1796474210,50,101,"Paolo_Manghi","CD",16,"female",NA,41,"yes",NA,NA,28.6,"Chemagen","Cincinnati",4,NA,NA,NA,NA,NA,NA,NA,NA,NA,NA,NA,"IBD",1.88515510883691,5.693575
"HSM6XRQB","HMP_2019_ibdmdb","H4017","stool","IBD","IBD","schoolage","USA","no","IlluminaHiSeq","31142855",21180232,1935908855,50,101,"Paolo_Manghi","CD",16,"female",NA,0,"yes",NA,NA,28.6,"Chemagen","Cincinnati",1,NA,NA,NA,NA,NA,NA,NA,NA,NA,NA,NA,"IBD",2.73992467063763,6.366845
"HSM67VFD","HMP_2019_ibdmdb","H4017","stool","IBD","IBD","schoolage","USA","no","IlluminaHiSeq","31142855",24432410,2235281583,50,101,"Paolo_Manghi","CD",16,"female",NA,133,"yes",NA,NA,28.6,"Chemagen","Cincinnati",11,NA,NA,NA,NA,NA,NA,NA,NA,NA,NA,NA,"IBD",0.551095327192378,2.781805
"HSM67VFJ","HMP_2019_ibdmdb","H4017","stool","IBD","IBD","schoolage","USA","no","IlluminaHiSeq","31142855",24930184,2281803661,50,101,"Paolo_Manghi","CD",16,"female",NA,176,"yes",NA,NA,28.6,"Chemagen","Cincinnati",15,NA,NA,NA,NA,NA,NA,NA,NA,NA,NA,NA,"IBD",1.9218214432692,5.051815
"HSM6XRQM","HMP_2019_ibdmdb","H4017","stool","IBD","IBD","schoolage","USA","no","IlluminaHiSeq","31142855",28481426,2580876341,50,101,"Paolo_Manghi","CD",16,"female",NA,63,"no",NA,NA,28.6,"Chemagen","Cincinnati",5,NA,NA,NA,NA,NA,NA,NA,NA,NA,NA,NA,"IBD",2.14467509267878,7.233975
"HSM7CYY7","HMP_2019_ibdmdb","H4017","stool","IBD","IBD","schoolage","USA","no","IlluminaHiSeq","31142855",30162394,2775631217,50,101,"Paolo_Manghi","CD",16,"female",NA,216,"no",NA,NA,28.6,"Chemagen","Cincinnati",18,NA,NA,NA,NA,NA,NA,NA,NA,NA,NA,NA,"IBD",2.04716745346861,7.17345499999999
"HSM67VF9","HMP_2019_ibdmdb","H4017","stool","IBD","IBD","schoolage","USA","no","IlluminaHiSeq","31142855",31369268,2895038769,50,101,"Paolo_Manghi","CD",16,"female",NA,91,"yes",NA,NA,28.6,"Chemagen","Cincinnati",8,NA,NA,NA,NA,NA,NA,NA,NA,NA,NA,NA,"IBD",1.54259936330898,4.580475
"HSM7CYYD","HMP_2019_ibdmdb","H4017","stool","IBD","IBD","schoolage","USA","no","IlluminaHiSeq","31142855",33440120,3103131942,50,101,"Paolo_Manghi","CD",16,"female",NA,244,"no",NA,NA,28.6,"Chemagen","Cincinnati",20,NA,NA,NA,NA,NA,NA,NA,NA,NA,NA,NA,"IBD",2.35465452291741,9.331815
"HSM7CYY9","HMP_2019_ibdmdb","H4017","stool","IBD","IBD","schoolage","USA","no","IlluminaHiSeq","31142855",35610068,3324212638,50,101,"Paolo_Manghi","CD",16,"female",NA,253,"no",NA,NA,28.6,"Chemagen","Cincinnati",22,NA,NA,NA,NA,NA,NA,NA,NA,NA,NA,NA,"IBD",2.04561360117386,9.046055
"HSM6XRQC_P","HMP_2019_ibdmdb","H4018","stool","control","healthy","schoolage","USA","no","IlluminaHiSeq","29311644",4919398,479560291,50,101,"Paolo_Manghi",NA,13,"female",NA,0,"no",NA,NA,25.2,"Chemagen","Cincinnati",1,NA,NA,NA,NA,NA,NA,NA,NA,NA,NA,NA,"Healthy",1.39051423221442,4.703485
"HSM7CYYP","HMP_2019_ibdmdb","H4018","stool","control","healthy","schoolage","USA","no","IlluminaHiSeq","31142855",14501904,1317655062,50,101,"Paolo_Manghi",NA,13,"female",NA,238,"no",NA,NA,25.2,"Chemagen","Cincinnati",20,NA,NA,NA,NA,NA,NA,NA,NA,NA,NA,NA,"Healthy",1.28989917209952,4.405995
"HSM6XRQY","HMP_2019_ibdmdb","H4018","stool","control","healthy","schoolage","USA","no","IlluminaHiSeq","31142855",17311970,1556339973,50,101,"Paolo_Manghi",NA,13,"female",NA,76,"no",NA,NA,25.2,"Chemagen","Cincinnati",6,NA,NA,NA,NA,NA,NA,NA,NA,NA,NA,NA,"Healthy",1.63009098727,6.064195
"HSM7J4LF","HMP_2019_ibdmdb","H4018","stool","control","healthy","schoolage","USA","no","IlluminaHiSeq","31142855",18636118,1693511954,50,101,"Paolo_Manghi",NA,13,"female",NA,266,"no",NA,NA,25.2,"Chemagen","Cincinnati",23,NA,NA,NA,NA,NA,NA,NA,NA,NA,NA,NA,"Healthy",1.37638079948678,3.973505
"HSM6XRQS","HMP_2019_ibdmdb","H4018","stool","control","healthy","schoolage","USA","no","IlluminaHiSeq","31142855",20413420,1886086766,50,101,"Paolo_Manghi",NA,13,"female",NA,28,"no",NA,NA,25.2,"Chemagen","Cincinnati",3,NA,NA,NA,NA,NA,NA,NA,NA,NA,NA,NA,"Healthy",1.66372402733348,5.410145
"HSM6XRQW","HMP_2019_ibdmdb","H4018","stool","control","healthy","schoolage","USA","no","IlluminaHiSeq","31142855",21986778,2054993390,50,101,"Paolo_Manghi",NA,13,"female",NA,57,"no",NA,NA,25.2,"Chemagen","Cincinnati",5,NA,NA,NA,NA,NA,NA,NA,NA,NA,NA,NA,"Healthy",1.26756595418734,4.458155
"HSM67VFR","HMP_2019_ibdmdb","H4018","stool","control","healthy","schoolage","USA","no","IlluminaHiSeq","31142855",23407168,2160905258,50,101,"Paolo_Manghi",NA,13,"female",NA,126,"no",NA,NA,25.2,"Chemagen","Cincinnati",11,NA,NA,NA,NA,NA,NA,NA,NA,NA,NA,NA,"Healthy",1.51088732484788,6.739185
"HSM7CYYF","HMP_2019_ibdmdb","H4018","stool","control","healthy","schoolage","USA","no","IlluminaHiSeq","31142855",23985412,2167937531,50,101,"Paolo_Manghi",NA,13,"female",NA,168,"no",NA,NA,25.2,"Chemagen","Cincinnati",15,NA,NA,NA,NA,NA,NA,NA,NA,NA,NA,NA,"Healthy",1.68522828147039,8.136285
"HSM6XRQU","HMP_2019_ibdmdb","H4018","stool","control","healthy","schoolage","USA","no","IlluminaHiSeq","31142855",26568954,2445826724,50,101,"Paolo_Manghi",NA,13,"female",NA,43,"no",NA,NA,25.2,"Chemagen","Cincinnati",4,NA,NA,NA,NA,NA,NA,NA,NA,NA,NA,NA,"Healthy",1.68250749045354,6.652855
"HSM7J4LD","HMP_2019_ibdmdb","H4018","stool","control","healthy","schoolage","USA","no","IlluminaHiSeq","31142855",28881126,2666817259,50,101,"Paolo_Manghi",NA,13,"female",NA,253,"no",NA,NA,25.2,"Chemagen","Cincinnati",22,NA,NA,NA,NA,NA,NA,NA,NA,NA,NA,NA,"Healthy",1.44095847233292,6.709115
"HSM7CYYH","HMP_2019_ibdmdb","H4018","stool","control","healthy","schoolage","USA","no","IlluminaHiSeq","31142855",30136496,2798233292,50,101,"Paolo_Manghi",NA,13,"female",NA,182,"no",NA,NA,25.2,"Chemagen","Cincinnati",16,NA,NA,NA,NA,NA,NA,NA,NA,NA,NA,NA,"Healthy",1.90342537100178,7.75340499999999
"HSM6XRQE_P","HMP_2019_ibdmdb","H4019","stool","IBD","IBD","child","USA","no","IlluminaHiSeq","29311644",16529594,1607801029,50,101,"Paolo_Manghi","UC",11,"female",NA,0,"no",NA,NA,16.9,"Chemagen","Cincinnati",1,NA,NA,NA,NA,NA,NA,NA,NA,NA,NA,NA,"IBD",1.78987988740726,2.447695
"HSM7J4PK","HMP_2019_ibdmdb","H4019","stool","IBD","IBD","child","USA","no","IlluminaHiSeq","31142855",512482,46602105,50,100,"Paolo_Manghi","UC",11,"female",NA,232,"no",NA,NA,16.9,"Chemagen","Cincinnati",19,NA,NA,NA,NA,NA,NA,NA,NA,NA,NA,NA,"IBD",1.22579406077543,2.072655
"HSM6XRR5","HMP_2019_ibdmdb","H4019","stool","IBD","IBD","child","USA","no","IlluminaHiSeq","31142855",6830246,629293219,50,101,"Paolo_Manghi","UC",11,"female",NA,14,"no",NA,NA,16.9,"Chemagen","Cincinnati",2,NA,NA,NA,NA,NA,NA,NA,NA,NA,NA,NA,"IBD",2.77131789412932,10.71423
"HSM6XRV2","HMP_2019_ibdmdb","H4019","stool","IBD","IBD","child","USA","no","IlluminaHiSeq","31142855",7122166,647255064,50,101,"Paolo_Manghi","UC",11,"female",NA,112,"no",NA,NA,16.9,"Chemagen","Cincinnati",10,NA,NA,NA,NA,NA,NA,NA,NA,NA,NA,NA,"IBD",2.82123540856212,8.692245
"HSM7J4PC","HMP_2019_ibdmdb","H4019","stool","IBD","IBD","child","USA","no","IlluminaHiSeq","31142855",7124224,641156262,50,101,"Paolo_Manghi","UC",11,"female",NA,168,"no",NA,NA,16.9,"Chemagen","Cincinnati",15,NA,NA,NA,NA,NA,NA,NA,NA,NA,NA,NA,"IBD",2.6976751069331,9.339665
"HSM6XRUZ","HMP_2019_ibdmdb","H4019","stool","IBD","IBD","child","USA","no","IlluminaHiSeq","31142855",8392934,727915588,50,100,"Paolo_Manghi","UC",11,"female",NA,98,"no",NA,NA,16.9,"Chemagen","Cincinnati",9,NA,NA,NA,NA,NA,NA,NA,NA,NA,NA,NA,"IBD",2.60933858868902,8.820675
"HSM7J4M4","HMP_2019_ibdmdb","H4019","stool","IBD","IBD","child","USA","no","IlluminaHiSeq","31142855",11648456,1046043885,50,101,"Paolo_Manghi","UC",11,"female",NA,259,"no",NA,NA,16.9,"Chemagen","Cincinnati",22,NA,NA,NA,NA,NA,NA,NA,NA,NA,NA,NA,"IBD",2.35934525827416,10.76591
"HSM7J4PI","HMP_2019_ibdmdb","H4019","stool","IBD","IBD","child","USA","no","IlluminaHiSeq","31142855",12694650,1170419291,50,101,"Paolo_Manghi","UC",11,"female",NA,218,"no",NA,NA,16.9,"Chemagen","Cincinnati",18,NA,NA,NA,NA,NA,NA,NA,NA,NA,NA,NA,"IBD",2.53117336923909,10.955185
"HSM7J4M6","HMP_2019_ibdmdb","H4019","stool","IBD","IBD","child","USA","no","IlluminaHiSeq","31142855",13131826,1190845990,50,101,"Paolo_Manghi","UC",11,"female",NA,266,"no",NA,NA,16.9,"Chemagen","Cincinnati",23,NA,NA,NA,NA,NA,NA,NA,NA,NA,NA,NA,"IBD",2.32411212970099,9.06665
"HSM7J4PE","HMP_2019_ibdmdb","H4019","stool","IBD","IBD","child","USA","no","IlluminaHiSeq","31142855",13274950,1209068520,50,101,"Paolo_Manghi","UC",11,"female",NA,196,"no",NA,NA,16.9,"Chemagen","Cincinnati",16,NA,NA,NA,NA,NA,NA,NA,NA,NA,NA,NA,"IBD",2.49689181840948,9.618735
"HSM6XRR7","HMP_2019_ibdmdb","H4019","stool","IBD","IBD","child","USA","no","IlluminaHiSeq","31142855",14270918,1293148723,50,101,"Paolo_Manghi","UC",11,"female",NA,28,"no",NA,NA,16.9,"Chemagen","Cincinnati",3,NA,NA,NA,NA,NA,NA,NA,NA,NA,NA,NA,"IBD",2.53920346248841,9.96992499999999
"HSM7J4PM","HMP_2019_ibdmdb","H4019","stool","IBD","IBD","child","USA","no","IlluminaHiSeq","31142855",16358170,1498416837,50,101,"Paolo_Manghi","UC",11,"female",NA,252,"no",NA,NA,16.9,"Chemagen","Cincinnati",20,NA,NA,NA,NA,NA,NA,NA,NA,NA,NA,NA,"IBD",2.50002487001896,11.46411
"HSM6XRUX","HMP_2019_ibdmdb","H4019","stool","IBD","IBD","child","USA","no","IlluminaHiSeq","31142855",16507908,1490807422,50,101,"Paolo_Manghi","UC",11,"female",NA,84,"no",NA,NA,16.9,"Chemagen","Cincinnati",8,NA,NA,NA,NA,NA,NA,NA,NA,NA,NA,NA,"IBD",2.75218925847247,10.637215
"HSM7J4M8","HMP_2019_ibdmdb","H4019","stool","IBD","IBD","child","USA","no","IlluminaHiSeq","31142855",23323980,2138518698,50,101,"Paolo_Manghi","UC",11,"female",NA,281,"no",NA,NA,16.9,"Chemagen","Cincinnati",24,NA,NA,NA,NA,NA,NA,NA,NA,NA,NA,NA,"IBD",2.70770886132196,11.48493
"HSM7J4PG","HMP_2019_ibdmdb","H4019","stool","IBD","IBD","child","USA","no","IlluminaHiSeq","31142855",24295742,2208441100,50,101,"Paolo_Manghi","UC",11,"female",NA,203,"no",NA,NA,16.9,"Chemagen","Cincinnati",17,NA,NA,NA,NA,NA,NA,NA,NA,NA,NA,NA,"IBD",2.60702796621355,11.039195
"HSM7J4ME","HMP_2019_ibdmdb","H4019","stool","IBD","IBD","child","USA","no","IlluminaHiSeq","31142855",25683128,2343925340,50,101,"Paolo_Manghi","UC",11,"female",NA,322,"no",NA,NA,16.9,"Chemagen","Cincinnati",27,NA,NA,NA,NA,NA,NA,NA,NA,NA,NA,NA,"IBD",2.62257525344849,12.54142
"HSM6XRV4","HMP_2019_ibdmdb","H4019","stool","IBD","IBD","child","USA","no","IlluminaHiSeq","31142855",25729754,2405471899,50,101,"Paolo_Manghi","UC",11,"female",NA,126,"no",NA,NA,16.9,"Chemagen","Cincinnati",11,NA,NA,NA,NA,NA,NA,NA,NA,NA,NA,NA,"IBD",2.5530071796771,9.91958499999999
"HSM7J4MC","HMP_2019_ibdmdb","H4019","stool","IBD","IBD","child","USA","no","IlluminaHiSeq","31142855",25936114,2394177622,50,101,"Paolo_Manghi","UC",11,"female",NA,315,"no",NA,NA,16.9,"Chemagen","Cincinnati",26,NA,NA,NA,NA,NA,NA,NA,NA,NA,NA,NA,"IBD",2.72875067209823,12.59328
"HSM7J4MA","HMP_2019_ibdmdb","H4019","stool","IBD","IBD","child","USA","no","IlluminaHiSeq","31142855",26881712,2484363512,50,101,"Paolo_Manghi","UC",11,"female",NA,301,"no",NA,NA,16.9,"Chemagen","Cincinnati",25,NA,NA,NA,NA,NA,NA,NA,NA,NA,NA,NA,"IBD",2.62832659676342,11.40546
"HSM6XRV8","HMP_2019_ibdmdb","H4019","stool","IBD","IBD","child","USA","no","IlluminaHiSeq","31142855",27634992,2535866229,50,101,"Paolo_Manghi","UC",11,"female",NA,155,"no",NA,NA,16.9,"Chemagen","Cincinnati",13,NA,NA,NA,NA,NA,NA,NA,NA,NA,NA,NA,"IBD",2.80120741890632,10.852235
"HSM6XRRD","HMP_2019_ibdmdb","H4019","stool","IBD","IBD","child","USA","no","IlluminaHiSeq","31142855",29562516,2667329726,50,101,"Paolo_Manghi","UC",11,"female",NA,70,"no",NA,NA,16.9,"Chemagen","Cincinnati",6,NA,NA,NA,NA,NA,NA,NA,NA,NA,NA,NA,"IBD",2.16711096347952,7.98820499999999
"HSM6XRRB","HMP_2019_ibdmdb","H4019","stool","IBD","IBD","child","USA","no","IlluminaHiSeq","31142855",31377442,2921055237,50,101,"Paolo_Manghi","UC",11,"female",NA,63,"no",NA,NA,16.9,"Chemagen","Cincinnati",5,NA,NA,NA,NA,NA,NA,NA,NA,NA,NA,NA,"IBD",0.831186089387588,6.210415
"HSM6XRV6","HMP_2019_ibdmdb","H4019","stool","IBD","IBD","child","USA","no","IlluminaHiSeq","31142855",32573124,3010162027,50,101,"Paolo_Manghi","UC",11,"female",NA,140,"no",NA,NA,16.9,"Chemagen","Cincinnati",12,NA,NA,NA,NA,NA,NA,NA,NA,NA,NA,NA,"IBD",2.78712633983472,11.01137
"HSM67VCX_P","HMP_2019_ibdmdb","H4020","stool","IBD","IBD","schoolage","USA","no","IlluminaHiSeq","29311644",24127030,2363027553,50,101,"Paolo_Manghi","CD",13,"male",NA,14,"no",NA,NA,27.7,"Chemagen","Cincinnati",2,NA,NA,NA,NA,NA,NA,NA,NA,NA,NA,NA,"IBD",1.7807461761498,4.741765
"HSM7J4PU","HMP_2019_ibdmdb","H4020","stool","IBD","IBD","schoolage","USA","no","IlluminaHiSeq","31142855",10486270,951724317,50,101,"Paolo_Manghi","CD",13,"male",NA,211,"no",NA,NA,27.7,"Chemagen","Cincinnati",18,NA,NA,NA,NA,NA,NA,NA,NA,NA,NA,NA,"IBD",2.0915020722552,5.281265
"HSM67VHH","HMP_2019_ibdmdb","H4020","stool","IBD","IBD","schoolage","USA","no","IlluminaHiSeq","31142855",10966426,990142155,50,101,"Paolo_Manghi","CD",13,"male",NA,129,"no",NA,NA,27.7,"Chemagen","Cincinnati",11,NA,NA,NA,NA,NA,NA,NA,NA,NA,NA,NA,"IBD",2.35339283123536,7.549335
"HSM67VHD","HMP_2019_ibdmdb","H4020","stool","IBD","IBD","schoolage","USA","no","IlluminaHiSeq","31142855",17446980,1552969707,50,101,"Paolo_Manghi","CD",13,"male",NA,99,"no",NA,NA,27.7,"Chemagen","Cincinnati",9,NA,NA,NA,NA,NA,NA,NA,NA,NA,NA,NA,"IBD",2.45631236056523,7.754985
"HSM7J4IO","HMP_2019_ibdmdb","H4020","stool","IBD","IBD","schoolage","USA","no","IlluminaHiSeq","31142855",18251998,1635464174,50,101,"Paolo_Manghi","CD",13,"male",NA,259,"no",NA,NA,27.7,"Chemagen","Cincinnati",22,NA,NA,NA,NA,NA,NA,NA,NA,NA,NA,NA,"IBD",2.11120591319332,8.403975
"HSM7J4PW","HMP_2019_ibdmdb","H4020","stool","IBD","IBD","schoolage","USA","no","IlluminaHiSeq","31142855",18334296,1669462140,50,101,"Paolo_Manghi","CD",13,"male",NA,227,"no",NA,NA,27.7,"Chemagen","Cincinnati",19,NA,NA,NA,NA,NA,NA,NA,NA,NA,NA,NA,"IBD",2.62015658138068,7.303685
"HSM7J4PY","HMP_2019_ibdmdb","H4020","stool","IBD","IBD","schoolage","USA","no","IlluminaHiSeq","31142855",20859816,1876752051,50,101,"Paolo_Manghi","CD",13,"male",NA,246,"no",NA,NA,27.7,"Chemagen","Cincinnati",20,NA,NA,NA,NA,NA,NA,NA,NA,NA,NA,NA,"IBD",2.23383274864603,6.748975
"HSM7J4IS","HMP_2019_ibdmdb","H4020","stool","IBD","IBD","schoolage","USA","no","IlluminaHiSeq","31142855",21148032,1962707312,50,101,"Paolo_Manghi","CD",13,"male",NA,308,"no",NA,NA,27.7,"Chemagen","Cincinnati",26,NA,NA,NA,NA,NA,NA,NA,NA,NA,NA,NA,"IBD",2.18941048416768,6.997235
"HSM67VCZ","HMP_2019_ibdmdb","H4020","stool","IBD","IBD","schoolage","USA","no","IlluminaHiSeq","31142855",21669556,1957586977,50,101,"Paolo_Manghi","CD",13,"male",NA,28,"no",NA,NA,27.7,"Chemagen","Cincinnati",3,NA,NA,NA,NA,NA,NA,NA,NA,NA,NA,NA,"IBD",2.04082855321957,6.017655
"HSM7J4IP","HMP_2019_ibdmdb","H4020","stool","IBD","IBD","schoolage","USA","no","IlluminaHiSeq","31142855",22070314,2023685155,50,101,"Paolo_Manghi","CD",13,"male",NA,267,"no",NA,NA,27.7,"Chemagen","Cincinnati",23,NA,NA,NA,NA,NA,NA,NA,NA,NA,NA,NA,"IBD",2.41032577629751,6.962405
"HSM67VD6","HMP_2019_ibdmdb","H4020","stool","IBD","IBD","schoolage","USA","no","IlluminaHiSeq","31142855",22507516,2041718234,50,101,"Paolo_Manghi","CD",13,"male",NA,70,"no",NA,NA,27.7,"Chemagen","Cincinnati",6,NA,NA,NA,NA,NA,NA,NA,NA,NA,NA,NA,"IBD",2.2602009029291,7.434635
"HSM7J4PO","HMP_2019_ibdmdb","H4020","stool","IBD","IBD","schoolage","USA","no","IlluminaHiSeq","31142855",23540432,2118716878,50,101,"Paolo_Manghi","CD",13,"male",NA,170,"no",NA,NA,27.7,"Chemagen","Cincinnati",15,NA,NA,NA,NA,NA,NA,NA,NA,NA,NA,NA,"IBD",2.81561849926359,8.003365
"HSM67VHB","HMP_2019_ibdmdb","H4020","stool","IBD","IBD","schoolage","USA","no","IlluminaHiSeq","31142855",24125600,2223844734,50,101,"Paolo_Manghi","CD",13,"male",NA,91,"no",NA,NA,27.7,"Chemagen","Cincinnati",8,NA,NA,NA,NA,NA,NA,NA,NA,NA,NA,NA,"IBD",2.24030292373168,7.218225
"HSM67VD4","HMP_2019_ibdmdb","H4020","stool","IBD","IBD","schoolage","USA","no","IlluminaHiSeq","31142855",24662486,2280908473,50,101,"Paolo_Manghi","CD",13,"male",NA,58,"no",NA,NA,27.7,"Chemagen","Cincinnati",5,NA,NA,NA,NA,NA,NA,NA,NA,NA,NA,NA,"IBD",1.69773846571778,7.153045
"HSM6XRR3","HMP_2019_ibdmdb","H4020","stool","IBD","IBD","schoolage","USA","no","IlluminaHiSeq","31142855",24699832,2253079825,50,101,"Paolo_Manghi","CD",13,"male",NA,0,"no",NA,NA,27.7,"Chemagen","Cincinnati",1,NA,NA,NA,NA,NA,NA,NA,NA,NA,NA,NA,"IBD",2.09355969290492,5.867365
"HSM7J4PS","HMP_2019_ibdmdb","H4020","stool","IBD","IBD","schoolage","USA","no","IlluminaHiSeq","31142855",25753302,2370301850,50,101,"Paolo_Manghi","CD",13,"male",NA,196,"no",NA,NA,27.7,"Chemagen","Cincinnati",17,NA,NA,NA,NA,NA,NA,NA,NA,NA,NA,NA,"IBD",2.38493342685955,7.264135
"HSM7J4IR","HMP_2019_ibdmdb","H4020","stool","IBD","IBD","schoolage","USA","no","IlluminaHiSeq","31142855",26799512,2467937480,50,101,"Paolo_Manghi","CD",13,"male",NA,294,"no",NA,NA,27.7,"Chemagen","Cincinnati",25,NA,NA,NA,NA,NA,NA,NA,NA,NA,NA,NA,"IBD",2.34161568003559,8.162525
"HSM7J4PQ","HMP_2019_ibdmdb","H4020","stool","IBD","IBD","schoolage","USA","no","IlluminaHiSeq","31142855",27146824,2496704902,50,101,"Paolo_Manghi","CD",13,"male",NA,188,"no",NA,NA,27.7,"Chemagen","Cincinnati",16,NA,NA,NA,NA,NA,NA,NA,NA,NA,NA,NA,"IBD",2.07028385480882,6.540985
"HSM7J4IQ","HMP_2019_ibdmdb","H4020","stool","IBD","IBD","schoolage","USA","no","IlluminaHiSeq","31142855",27949462,2592000908,50,101,"Paolo_Manghi","CD",13,"male",NA,283,"no",NA,NA,27.7,"Chemagen","Cincinnati",24,NA,NA,NA,NA,NA,NA,NA,NA,NA,NA,NA,"IBD",2.29242606304178,8.424185
"HSM67VHF","HMP_2019_ibdmdb","H4020","stool","IBD","IBD","schoolage","USA","no","IlluminaHiSeq","31142855",28224862,2574000662,50,101,"Paolo_Manghi","CD",13,"male",NA,112,"no",NA,NA,27.7,"Chemagen","Cincinnati",10,NA,NA,NA,NA,NA,NA,NA,NA,NA,NA,NA,"IBD",2.23047696966687,7.707235
"HSM6XRUV","HMP_2019_ibdmdb","H4020","stool","IBD","IBD","schoolage","USA","no","IlluminaHiSeq","31142855",33118574,2978230027,50,101,"Paolo_Manghi","CD",13,"male",NA,154,"no",NA,NA,27.7,"Chemagen","Cincinnati",13,NA,NA,NA,NA,NA,NA,NA,NA,NA,NA,NA,"IBD",2.23561991241415,6.378385
"HSM67VD2","HMP_2019_ibdmdb","H4020","stool","IBD","IBD","schoolage","USA","no","IlluminaHiSeq","31142855",37997162,3518809180,50,101,"Paolo_Manghi","CD",13,"male",NA,42,"no",NA,NA,27.7,"Chemagen","Cincinnati",4,NA,NA,NA,NA,NA,NA,NA,NA,NA,NA,NA,"IBD",2.22203740608602,7.545125
"HSM67VHJ","HMP_2019_ibdmdb","H4020","stool","IBD","IBD","schoolage","USA","no","IlluminaHiSeq","31142855",39467216,3599623517,50,101,"Paolo_Manghi","CD",13,"male",NA,142,"no",NA,NA,27.7,"Chemagen","Cincinnati",12,NA,NA,NA,NA,NA,NA,NA,NA,NA,NA,NA,"IBD",2.2986697015809,7.462845
"HSM67VDX_P","HMP_2019_ibdmdb","H4022","stool","control","healthy","child","USA","no","IlluminaHiSeq","29311644",33353714,3265735159,50,101,"Paolo_Manghi",NA,9,"female",NA,0,"no",NA,NA,18.9,"Chemagen","Cincinnati",1,NA,NA,NA,NA,NA,NA,NA,NA,NA,NA,NA,"Healthy",3.0219733419104,11.339565
"HSM67VEW","HMP_2019_ibdmdb","H4022","stool","control","healthy","child","USA","no","IlluminaHiSeq","31142855",14535308,1315008143,50,101,"Paolo_Manghi",NA,9,"female",NA,70,"no",NA,NA,18.9,"Chemagen","Cincinnati",6,NA,NA,NA,NA,NA,NA,NA,NA,NA,NA,NA,"Healthy",2.90120068962854,9.382645
"HSM7J4IW","HMP_2019_ibdmdb","H4022","stool","control","healthy","child","USA","no","IlluminaHiSeq","31142855",15230092,1392990807,50,101,"Paolo_Manghi",NA,9,"female",NA,267,"no",NA,NA,18.9,"Chemagen","Cincinnati",23,NA,NA,NA,NA,NA,NA,NA,NA,NA,NA,NA,"Healthy",2.82288539310148,9.011665
"HSM7J4G1","HMP_2019_ibdmdb","H4022","stool","control","healthy","child","USA","no","IlluminaHiSeq","31142855",16878714,1550811438,50,101,"Paolo_Manghi",NA,9,"female",NA,198,"no",NA,NA,18.9,"Chemagen","Cincinnati",17,NA,NA,NA,NA,NA,NA,NA,NA,NA,NA,NA,"Healthy",2.56276729654232,12.034175
"HSM7J4IU","HMP_2019_ibdmdb","H4022","stool","control","healthy","child","USA","no","IlluminaHiSeq","31142855",17884936,1606021765,50,101,"Paolo_Manghi",NA,9,"female",NA,252,"no",NA,NA,18.9,"Chemagen","Cincinnati",22,NA,NA,NA,NA,NA,NA,NA,NA,NA,NA,NA,"Healthy",2.84336601495179,9.274785
"HSM67VEQ","HMP_2019_ibdmdb","H4022","stool","control","healthy","child","USA","no","IlluminaHiSeq","31142855",17952216,1604343175,50,101,"Paolo_Manghi",NA,9,"female",NA,28,"no",NA,NA,18.9,"Chemagen","Cincinnati",3,NA,NA,NA,NA,NA,NA,NA,NA,NA,NA,NA,"Healthy",3.01228337016411,10.315925
"HSM7J4G8","HMP_2019_ibdmdb","H4022","stool","control","healthy","child","USA","no","IlluminaHiSeq","31142855",19237940,1743134743,50,101,"Paolo_Manghi",NA,9,"female",NA,238,"no",NA,NA,18.9,"Chemagen","Cincinnati",20,NA,NA,NA,NA,NA,NA,NA,NA,NA,NA,NA,"Healthy",2.74706568513145,8.501915
"HSM7CYZL","HMP_2019_ibdmdb","H4022","stool","control","healthy","child","USA","no","IlluminaHiSeq","31142855",19709704,1800541295,50,101,"Paolo_Manghi",NA,9,"female",NA,112,"no",NA,NA,18.9,"Chemagen","Cincinnati",10,NA,NA,NA,NA,NA,NA,NA,NA,NA,NA,NA,"Healthy",2.93067962705205,8.758085
"HSM7J4RE","HMP_2019_ibdmdb","H4022","stool","control","healthy","child","USA","no","IlluminaHiSeq","31142855",21344752,1940412109,50,101,"Paolo_Manghi",NA,9,"female",NA,182,"no",NA,NA,18.9,"Chemagen","Cincinnati",16,NA,NA,NA,NA,NA,NA,NA,NA,NA,NA,NA,"Healthy",2.74017787093118,9.633845
"HSM7CYZJ","HMP_2019_ibdmdb","H4022","stool","control","healthy","child","USA","no","IlluminaHiSeq","31142855",21846296,2011628543,50,101,"Paolo_Manghi",NA,9,"female",NA,99,"no",NA,NA,18.9,"Chemagen","Cincinnati",9,NA,NA,NA,NA,NA,NA,NA,NA,NA,NA,NA,"Healthy",3.01327893076729,10.886625
"HSM67VEO","HMP_2019_ibdmdb","H4022","stool","control","healthy","child","USA","no","IlluminaHiSeq","31142855",26125932,2411899192,50,101,"Paolo_Manghi",NA,9,"female",NA,15,"no",NA,NA,18.9,"Chemagen","Cincinnati",2,NA,NA,NA,NA,NA,NA,NA,NA,NA,NA,NA,"Healthy",2.56781737962258,9.315685
"HSM7CYZR","HMP_2019_ibdmdb","H4022","stool","control","healthy","child","USA","no","IlluminaHiSeq","31142855",27985290,2497134337,50,101,"Paolo_Manghi",NA,9,"female",NA,155,"no",NA,NA,18.9,"Chemagen","Cincinnati",13,NA,NA,NA,NA,NA,NA,NA,NA,NA,NA,NA,"Healthy",2.75548890299939,9.000865
"HSM67VEU","HMP_2019_ibdmdb","H4022","stool","control","healthy","child","USA","no","IlluminaHiSeq","31142855",29293196,2666183471,50,101,"Paolo_Manghi",NA,9,"female",NA,56,"no",NA,NA,18.9,"Chemagen","Cincinnati",5,NA,NA,NA,NA,NA,NA,NA,NA,NA,NA,NA,"Healthy",2.78677127146918,9.963875
"HSM67VES","HMP_2019_ibdmdb","H4022","stool","control","healthy","child","USA","no","IlluminaHiSeq","31142855",33961232,3155638888,50,101,"Paolo_Manghi",NA,9,"female",NA,42,"no",NA,NA,18.9,"Chemagen","Cincinnati",4,NA,NA,NA,NA,NA,NA,NA,NA,NA,NA,NA,"Healthy",2.71958481743767,9.659795
"HSM67VDR_P","HMP_2019_ibdmdb","H4023","stool","control","healthy","schoolage","USA","no","IlluminaHiSeq","29311644",21426526,2100601948,51,101,"Paolo_Manghi",NA,16,"male",NA,0,"no",NA,NA,18.8,"Chemagen","Cincinnati",1,NA,NA,NA,NA,NA,NA,NA,NA,NA,NA,NA,"Healthy",2.43576995838108,8.014255
"HSM7CZ18","HMP_2019_ibdmdb","H4023","stool","control","healthy","schoolage","USA","no","IlluminaHiSeq","31142855",11271644,1001200616,50,101,"Paolo_Manghi",NA,16,"male",NA,96,"no",NA,NA,18.8,"Chemagen","Cincinnati",9,NA,NA,NA,NA,NA,NA,NA,NA,NA,NA,NA,"Healthy",2.73214823683335,10.47989
"HSM7J4HG","HMP_2019_ibdmdb","H4023","stool","control","healthy","schoolage","USA","no","IlluminaHiSeq","31142855",12698048,1119241887,50,101,"Paolo_Manghi",NA,16,"male",NA,207,"no",NA,NA,18.8,"Chemagen","Cincinnati",18,NA,NA,NA,NA,NA,NA,NA,NA,NA,NA,NA,"Healthy",2.52482540517255,9.905795
"HSM7CZ16","HMP_2019_ibdmdb","H4023","stool","control","healthy","schoolage","USA","no","IlluminaHiSeq","31142855",12785506,1093936599,50,98,"Paolo_Manghi",NA,16,"male",NA,83,"no",NA,NA,18.8,"Chemagen","Cincinnati",8,NA,NA,NA,NA,NA,NA,NA,NA,NA,NA,NA,"Healthy",1.61070919366009,9.412585
"HSM7J4KG","HMP_2019_ibdmdb","H4023","stool","control","healthy","schoolage","USA","no","IlluminaHiSeq","31142855",14850298,1346596673,50,101,"Paolo_Manghi",NA,16,"male",NA,277,"no",NA,NA,18.8,"Chemagen","Cincinnati",24,NA,NA,NA,NA,NA,NA,NA,NA,NA,NA,NA,"Healthy",2.08417211917259,9.273485
"HSM7J4HA","HMP_2019_ibdmdb","H4023","stool","control","healthy","schoolage","USA","no","IlluminaHiSeq","31142855",16057924,1443679100,50,101,"Paolo_Manghi",NA,16,"male",NA,165,"no",NA,NA,18.8,"Chemagen","Cincinnati",15,NA,NA,NA,NA,NA,NA,NA,NA,NA,NA,NA,"Healthy",2.31853450797591,10.190095
"HSM7J4HK","HMP_2019_ibdmdb","H4023","stool","control","healthy","schoolage","USA","no","IlluminaHiSeq","31142855",18467604,1670899683,50,101,"Paolo_Manghi",NA,16,"male",NA,236,"no",NA,NA,18.8,"Chemagen","Cincinnati",20,NA,NA,NA,NA,NA,NA,NA,NA,NA,NA,NA,"Healthy",2.97749247634276,9.886965
"HSM7CZ1G","HMP_2019_ibdmdb","H4023","stool","control","healthy","schoolage","USA","no","IlluminaHiSeq","31142855",19664990,1780110279,50,101,"Paolo_Manghi",NA,16,"male",NA,152,"no",NA,NA,18.8,"Chemagen","Cincinnati",13,NA,NA,NA,NA,NA,NA,NA,NA,NA,NA,NA,"Healthy",1.61208011565176,8.791605
"HSM7J4KM","HMP_2019_ibdmdb","H4023","stool","control","healthy","schoolage","USA","no","IlluminaHiSeq","31142855",21051434,1895658469,50,101,"Paolo_Manghi",NA,16,"male",NA,320,"no",NA,NA,18.8,"Chemagen","Cincinnati",27,NA,NA,NA,NA,NA,NA,NA,NA,NA,NA,NA,"Healthy",2.20266655512517,10.013955
"HSM6XRUN","HMP_2019_ibdmdb","H4023","stool","control","healthy","schoolage","USA","no","IlluminaHiSeq","31142855",24488496,2292238030,50,101,"Paolo_Manghi",NA,16,"male",NA,25,"no",NA,NA,18.8,"Chemagen","Cincinnati",3,NA,NA,NA,NA,NA,NA,NA,NA,NA,NA,NA,"Healthy",2.3581203274111,6.767075
"HSM7J4KI","HMP_2019_ibdmdb","H4023","stool","control","healthy","schoolage","USA","no","IlluminaHiSeq","31142855",24742246,2238973888,50,101,"Paolo_Manghi",NA,16,"male",NA,292,"no",NA,NA,18.8,"Chemagen","Cincinnati",25,NA,NA,NA,NA,NA,NA,NA,NA,NA,NA,NA,"Healthy",2.85548311568141,11.706565
"HSM6XRUL","HMP_2019_ibdmdb","H4023","stool","control","healthy","schoolage","USA","no","IlluminaHiSeq","31142855",25126568,2315790465,50,101,"Paolo_Manghi",NA,16,"male",NA,11,"no",NA,NA,18.8,"Chemagen","Cincinnati",2,NA,NA,NA,NA,NA,NA,NA,NA,NA,NA,NA,"Healthy",2.33152288965671,7.495275
"HSM7J4HE","HMP_2019_ibdmdb","H4023","stool","control","healthy","schoolage","USA","no","IlluminaHiSeq","31142855",26535950,2424708313,50,101,"Paolo_Manghi",NA,16,"male",NA,179,"no",NA,NA,18.8,"Chemagen","Cincinnati",17,NA,NA,NA,NA,NA,NA,NA,NA,NA,NA,NA,"Healthy",1.19779977864951,8.342915
"HSM7CZ1E","HMP_2019_ibdmdb","H4023","stool","control","healthy","schoolage","USA","no","IlluminaHiSeq","31142855",27643634,2519482391,50,101,"Paolo_Manghi",NA,16,"male",NA,138,"no",NA,NA,18.8,"Chemagen","Cincinnati",12,NA,NA,NA,NA,NA,NA,NA,NA,NA,NA,NA,"Healthy",0.850063756967646,7.504215
"HSM7J4HI","HMP_2019_ibdmdb","H4023","stool","control","healthy","schoolage","USA","no","IlluminaHiSeq","31142855",28300228,2553808559,50,101,"Paolo_Manghi",NA,16,"male",NA,221,"no",NA,NA,18.8,"Chemagen","Cincinnati",19,NA,NA,NA,NA,NA,NA,NA,NA,NA,NA,NA,"Healthy",2.48159541350086,8.910215
"HSM7J4HC","HMP_2019_ibdmdb","H4023","stool","control","healthy","schoolage","USA","no","IlluminaHiSeq","31142855",28780726,2618444089,50,101,"Paolo_Manghi",NA,16,"male",NA,172,"no",NA,NA,18.8,"Chemagen","Cincinnati",16,NA,NA,NA,NA,NA,NA,NA,NA,NA,NA,NA,"Healthy",2.4583866602676,8.477565
"HSM6XRQ8","HMP_2019_ibdmdb","H4023","stool","control","healthy","schoolage","USA","no","IlluminaHiSeq","31142855",30235846,2800465629,50,101,"Paolo_Manghi",NA,16,"male",NA,67,"no",NA,NA,18.8,"Chemagen","Cincinnati",6,NA,NA,NA,NA,NA,NA,NA,NA,NA,NA,NA,"Healthy",1.40177425986435,7.817645
"HSM7J4KC","HMP_2019_ibdmdb","H4023","stool","control","healthy","schoolage","USA","no","IlluminaHiSeq","31142855",30367892,2781396278,50,101,"Paolo_Manghi",NA,16,"male",NA,251,"no",NA,NA,18.8,"Chemagen","Cincinnati",22,NA,NA,NA,NA,NA,NA,NA,NA,NA,NA,NA,"Healthy",0.953474117846341,8.388325
"HSM6XRUR","HMP_2019_ibdmdb","H4023","stool","control","healthy","schoolage","USA","no","IlluminaHiSeq","31142855",30820060,2814335076,50,101,"Paolo_Manghi",NA,16,"male",NA,53,"no",NA,NA,18.8,"Chemagen","Cincinnati",5,NA,NA,NA,NA,NA,NA,NA,NA,NA,NA,NA,"Healthy",0.626054403765003,7.459565
"HSM7CZ1C","HMP_2019_ibdmdb","H4023","stool","control","healthy","schoolage","USA","no","IlluminaHiSeq","31142855",34715592,3133801130,50,101,"Paolo_Manghi",NA,16,"male",NA,124,"no",NA,NA,18.8,"Chemagen","Cincinnati",11,NA,NA,NA,NA,NA,NA,NA,NA,NA,NA,NA,"Healthy",2.78988891317533,11.34228
"HSM7J4KK","HMP_2019_ibdmdb","H4023","stool","control","healthy","schoolage","USA","no","IlluminaHiSeq","31142855",36240564,3330065319,50,101,"Paolo_Manghi",NA,16,"male",NA,306,"no",NA,NA,18.8,"Chemagen","Cincinnati",26,NA,NA,NA,NA,NA,NA,NA,NA,NA,NA,NA,"Healthy",3.03660769596603,12.107275
"HSM7CZ1A","HMP_2019_ibdmdb","H4023","stool","control","healthy","schoolage","USA","no","IlluminaHiSeq","31142855",40173084,3689648337,50,101,"Paolo_Manghi",NA,16,"male",NA,110,"no",NA,NA,18.8,"Chemagen","Cincinnati",10,NA,NA,NA,NA,NA,NA,NA,NA,NA,NA,NA,"Healthy",2.83808010876741,11.811335
"HSM67VDT_P","HMP_2019_ibdmdb","H4024","stool","control","healthy","child","USA","no","IlluminaHiSeq","29311644",31299976,3103181481,51,101,"Paolo_Manghi",NA,11,"male",NA,0,"no",NA,NA,15.4,"Chemagen","Cincinnati",1,NA,NA,NA,NA,NA,NA,NA,NA,NA,NA,NA,"Healthy",2.11088302477694,8.678385
"HSM7J4I9","HMP_2019_ibdmdb","H4024","stool","control","healthy","child","USA","no","IlluminaHiSeq","31142855",16996066,1542297224,50,101,"Paolo_Manghi",NA,11,"male",NA,243,"no",NA,NA,15.4,"Chemagen","Cincinnati",20,NA,NA,NA,NA,NA,NA,NA,NA,NA,NA,NA,"Healthy",2.657892961663,8.17478
"HSM7CZ2A","HMP_2019_ibdmdb","H4024","stool","control","healthy","child","USA","no","IlluminaHiSeq","31142855",18738858,1714185093,50,101,"Paolo_Manghi",NA,11,"male",NA,127,"no",NA,NA,15.4,"Chemagen","Cincinnati",11,NA,NA,NA,NA,NA,NA,NA,NA,NA,NA,NA,"Healthy",2.38031681192842,8.021655
"HSM7CZ24","HMP_2019_ibdmdb","H4024","stool","control","healthy","child","USA","no","IlluminaHiSeq","31142855",19231118,1770079098,50,101,"Paolo_Manghi",NA,11,"male",NA,86,"no",NA,NA,15.4,"Chemagen","Cincinnati",8,NA,NA,NA,NA,NA,NA,NA,NA,NA,NA,NA,"Healthy",2.19108297745686,8.450565
"HSM7J4I7","HMP_2019_ibdmdb","H4024","stool","control","healthy","child","USA","no","IlluminaHiSeq","31142855",19694808,1787023750,50,101,"Paolo_Manghi",NA,11,"male",NA,224,"no",NA,NA,15.4,"Chemagen","Cincinnati",19,NA,NA,NA,NA,NA,NA,NA,NA,NA,NA,NA,"Healthy",2.56304302220949,7.666825
"HSM7J4I5","HMP_2019_ibdmdb","H4024","stool","control","healthy","child","USA","no","IlluminaHiSeq","31142855",20984874,1984140901,50,101,"Paolo_Manghi",NA,11,"male",NA,209,"no",NA,NA,15.4,"Chemagen","Cincinnati",18,NA,NA,NA,NA,NA,NA,NA,NA,NA,NA,NA,"Healthy",2.51266019951754,8.284465
"HSM67VI7","HMP_2019_ibdmdb","H4024","stool","control","healthy","child","USA","no","IlluminaHiSeq","31142855",22771312,2085053054,50,101,"Paolo_Manghi",NA,11,"male",NA,48,"no",NA,NA,15.4,"Chemagen","Cincinnati",4,NA,NA,NA,NA,NA,NA,NA,NA,NA,NA,NA,"Healthy",2.1881585562699,8.292575
"HSM7CZ2E","HMP_2019_ibdmdb","H4024","stool","control","healthy","child","USA","no","IlluminaHiSeq","31142855",22972412,2092852366,50,101,"Paolo_Manghi",NA,11,"male",NA,153,"no",NA,NA,15.4,"Chemagen","Cincinnati",12,NA,NA,NA,NA,NA,NA,NA,NA,NA,NA,NA,"Healthy",2.34486677339617,8.512015
"HSM7J4HW","HMP_2019_ibdmdb","H4024","stool","control","healthy","child","USA","no","IlluminaHiSeq","31142855",23272644,2126627161,50,101,"Paolo_Manghi",NA,11,"male",NA,168,"no",NA,NA,15.4,"Chemagen","Cincinnati",15,NA,NA,NA,NA,NA,NA,NA,NA,NA,NA,NA,"Healthy",2.75856182149296,10.17532
"HSM7J4O5","HMP_2019_ibdmdb","H4024","stool","control","healthy","child","USA","no","IlluminaHiSeq","31142855",25278446,2347270578,50,101,"Paolo_Manghi",NA,11,"male",NA,299,"no",NA,NA,15.4,"Chemagen","Cincinnati",25,NA,NA,NA,NA,NA,NA,NA,NA,NA,NA,NA,"Healthy",2.44862833631518,8.267805
"HSM7CZ26","HMP_2019_ibdmdb","H4024","stool","control","healthy","child","USA","no","IlluminaHiSeq","31142855",25517536,2344831179,50,101,"Paolo_Manghi",NA,11,"male",NA,99,"no",NA,NA,15.4,"Chemagen","Cincinnati",9,NA,NA,NA,NA,NA,NA,NA,NA,NA,NA,NA,"Healthy",2.36888482546703,7.874395
"HSM67VI3","HMP_2019_ibdmdb","H4024","stool","control","healthy","child","USA","no","IlluminaHiSeq","31142855",26243020,2440071041,50,101,"Paolo_Manghi",NA,11,"male",NA,14,"no",NA,NA,15.4,"Chemagen","Cincinnati",2,NA,NA,NA,NA,NA,NA,NA,NA,NA,NA,NA,"Healthy",2.22800247146711,8.7584
"HSM7CZ28","HMP_2019_ibdmdb","H4024","stool","control","healthy","child","USA","no","IlluminaHiSeq","31142855",26300196,2413669504,50,101,"Paolo_Manghi",NA,11,"male",NA,111,"no",NA,NA,15.4,"Chemagen","Cincinnati",10,NA,NA,NA,NA,NA,NA,NA,NA,NA,NA,NA,"Healthy",2.45844762334628,10.60132
"HSM7J4NY","HMP_2019_ibdmdb","H4024","stool","control","healthy","child","USA","no","IlluminaHiSeq","31142855",27631088,2563069124,50,101,"Paolo_Manghi",NA,11,"male",NA,275,"no",NA,NA,15.4,"Chemagen","Cincinnati",23,NA,NA,NA,NA,NA,NA,NA,NA,NA,NA,NA,"Healthy",2.55449855771436,8.86133999999999
"HSM67VI5","HMP_2019_ibdmdb","H4024","stool","control","healthy","child","USA","no","IlluminaHiSeq","31142855",29770912,2738760943,50,101,"Paolo_Manghi",NA,11,"male",NA,27,"no",NA,NA,15.4,"Chemagen","Cincinnati",3,NA,NA,NA,NA,NA,NA,NA,NA,NA,NA,NA,"Healthy",2.39165464494776,9.130095
"HSM7J4O1","HMP_2019_ibdmdb","H4024","stool","control","healthy","child","USA","no","IlluminaHiSeq","31142855",30096628,2733349822,50,101,"Paolo_Manghi",NA,11,"male",NA,271,"no",NA,NA,15.4,"Chemagen","Cincinnati",22,NA,NA,NA,NA,NA,NA,NA,NA,NA,NA,NA,"Healthy",2.69110016802751,9.080805
"HSM7J4O3","HMP_2019_ibdmdb","H4024","stool","control","healthy","child","USA","no","IlluminaHiSeq","31142855",30543024,2845360298,50,101,"Paolo_Manghi",NA,11,"male",NA,280,"no",NA,NA,15.4,"Chemagen","Cincinnati",24,NA,NA,NA,NA,NA,NA,NA,NA,NA,NA,NA,"Healthy",2.67250161208115,9.241855
"HSM67VDT","HMP_2019_ibdmdb","H4024","stool","control","healthy","child","USA","no","IlluminaHiSeq","31142855",30615002,2793818120,50,101,"Paolo_Manghi",NA,11,"male",NA,0,"no",NA,NA,15.4,"Chemagen","Cincinnati",1,NA,NA,NA,NA,NA,NA,NA,NA,NA,NA,NA,"Healthy",2.08896600962228,8.648525
"HSM7J4HY","HMP_2019_ibdmdb","H4024","stool","control","healthy","child","USA","no","IlluminaHiSeq","31142855",30698056,2806960011,50,101,"Paolo_Manghi",NA,11,"male",NA,181,"no",NA,NA,15.4,"Chemagen","Cincinnati",16,NA,NA,NA,NA,NA,NA,NA,NA,NA,NA,NA,"Healthy",2.1849537504185,7.94833499999999
"HSM67VIB","HMP_2019_ibdmdb","H4024","stool","control","healthy","child","USA","no","IlluminaHiSeq","31142855",32102458,3029622999,50,101,"Paolo_Manghi",NA,11,"male",NA,69,"yes",NA,NA,15.4,"Chemagen","Cincinnati",6,NA,NA,NA,NA,NA,NA,NA,NA,NA,NA,NA,"Healthy",2.21236880732352,10.20579
"HSM7J4O9","HMP_2019_ibdmdb","H4024","stool","control","healthy","child","USA","no","IlluminaHiSeq","31142855",35273850,3300237611,50,101,"Paolo_Manghi",NA,11,"male",NA,322,"no",NA,NA,15.4,"Chemagen","Cincinnati",27,NA,NA,NA,NA,NA,NA,NA,NA,NA,NA,NA,"Healthy",2.61543770090675,9.098775
"HSM67VI9","HMP_2019_ibdmdb","H4024","stool","control","healthy","child","USA","no","IlluminaHiSeq","31142855",40577432,3820475043,50,101,"Paolo_Manghi",NA,11,"male",NA,55,"yes",NA,NA,15.4,"Chemagen","Cincinnati",5,NA,NA,NA,NA,NA,NA,NA,NA,NA,NA,NA,"Healthy",2.28846486596938,9.5896
"HSM7J4O7","HMP_2019_ibdmdb","H4024","stool","control","healthy","child","USA","no","IlluminaHiSeq","31142855",43059182,4007395213,50,101,"Paolo_Manghi",NA,11,"male",NA,309,"no",NA,NA,15.4,"Chemagen","Cincinnati",26,NA,NA,NA,NA,NA,NA,NA,NA,NA,NA,NA,"Healthy",2.55831252616331,9.85266
"HSM7CZ1T_P","HMP_2019_ibdmdb","H4027","stool","IBD","IBD","schoolage","USA","no","IlluminaHiSeq","29311644",32706360,3207793393,50,101,"Paolo_Manghi","UC",15,"male",NA,0,"no",NA,NA,14.9,"Chemagen","Cincinnati",1,NA,NA,NA,NA,NA,NA,NA,NA,NA,NA,NA,"IBD",2.05818783065446,9.412375
"HSMA33O3","HMP_2019_ibdmdb","H4027","stool","IBD","IBD","schoolage","USA","no","IlluminaHiSeq","31142855",3387512,301520660,50,101,"Paolo_Manghi","UC",15,"male",NA,251,"no",NA,NA,14.9,"Chemagen","Cincinnati",22,NA,NA,NA,NA,NA,NA,NA,NA,NA,NA,NA,"IBD",2.05772557547311,4.848965
"HSMA33O1","HMP_2019_ibdmdb","H4027","stool","IBD","IBD","schoolage","USA","no","IlluminaHiSeq","31142855",5542494,505715596,50,101,"Paolo_Manghi","UC",15,"male",NA,237,"no",NA,NA,14.9,"Chemagen","Cincinnati",21,NA,NA,NA,NA,NA,NA,NA,NA,NA,NA,NA,"IBD",2.39013829530613,8.300475
"HSM7CZ22","HMP_2019_ibdmdb","H4027","stool","IBD","IBD","schoolage","USA","no","IlluminaHiSeq","31142855",15037752,1403002672,50,101,"Paolo_Manghi","UC",15,"male",NA,56,"no",NA,NA,14.9,"Chemagen","Cincinnati",5,NA,NA,NA,NA,NA,NA,NA,NA,NA,NA,NA,"IBD",2.55083463378701,8.763465
"HSM7J4NE","HMP_2019_ibdmdb","H4027","stool","IBD","IBD","schoolage","USA","no","IlluminaHiSeq","31142855",15314136,1394815007,50,101,"Paolo_Manghi","UC",15,"male",NA,167,"no",NA,NA,14.9,"Chemagen","Cincinnati",15,NA,NA,NA,NA,NA,NA,NA,NA,NA,NA,NA,"IBD",2.48903816327446,8.808675
"HSM7J4NC","HMP_2019_ibdmdb","H4027","stool","IBD","IBD","schoolage","USA","no","IlluminaHiSeq","31142855",19209416,1745388663,50,101,"Paolo_Manghi","UC",15,"male",NA,160,"no",NA,NA,14.9,"Chemagen","Cincinnati",14,NA,NA,NA,NA,NA,NA,NA,NA,NA,NA,NA,"IBD",2.62475019887069,8.992395
"HSM7CZ1Z","HMP_2019_ibdmdb","H4027","stool","IBD","IBD","schoolage","USA","no","IlluminaHiSeq","31142855",26227528,2382430449,50,101,"Paolo_Manghi","UC",15,"male",NA,41,"no",NA,NA,14.9,"Chemagen","Cincinnati",4,NA,NA,NA,NA,NA,NA,NA,NA,NA,NA,NA,"IBD",2.71972291363312,10.337865
"HSM7J4GR","HMP_2019_ibdmdb","H4027","stool","IBD","IBD","schoolage","USA","no","IlluminaHiSeq","31142855",26924408,2498483906,50,101,"Paolo_Manghi","UC",15,"male",NA,111,"no",NA,NA,14.9,"Chemagen","Cincinnati",10,NA,NA,NA,NA,NA,NA,NA,NA,NA,NA,NA,"IBD",1.88333356540879,9.949395
"HSM7J4NM","HMP_2019_ibdmdb","H4027","stool","IBD","IBD","schoolage","USA","no","IlluminaHiSeq","31142855",28284218,2593581936,50,101,"Paolo_Manghi","UC",15,"male",NA,223,"no",NA,NA,14.9,"Chemagen","Cincinnati",19,NA,NA,NA,NA,NA,NA,NA,NA,NA,NA,NA,"IBD",2.65879806966368,10.262305
"HSM7J4GP","HMP_2019_ibdmdb","H4027","stool","IBD","IBD","schoolage","USA","no","IlluminaHiSeq","31142855",28919856,2622339507,50,101,"Paolo_Manghi","UC",15,"male",NA,97,"no",NA,NA,14.9,"Chemagen","Cincinnati",9,NA,NA,NA,NA,NA,NA,NA,NA,NA,NA,NA,"IBD",2.54152417161279,9.429545
"HSM7CZ1V","HMP_2019_ibdmdb","H4027","stool","IBD","IBD","schoolage","USA","no","IlluminaHiSeq","31142855",40449482,3753657728,50,101,"Paolo_Manghi","UC",15,"male",NA,13,"no",NA,NA,14.9,"Chemagen","Cincinnati",2,NA,NA,NA,NA,NA,NA,NA,NA,NA,NA,NA,"IBD",1.98615996742815,8.762455
"HSM67VIJ_P","HMP_2019_ibdmdb","H4028","stool","IBD","IBD","schoolage","USA","no","IlluminaHiSeq","29311644",34624514,3433623614,51,101,"Paolo_Manghi","CD",13,"female",NA,44,"no",NA,NA,15.9,"Chemagen","Cincinnati",4,NA,NA,NA,NA,NA,NA,NA,NA,NA,NA,NA,"IBD",1.82713078808852,8.93603
"HSM67VID","HMP_2019_ibdmdb","H4028","stool","IBD","IBD","schoolage","USA","no","IlluminaHiSeq","31142855",12094070,1132650161,50,101,"Paolo_Manghi","CD",13,"female",NA,0,"no",NA,NA,15.9,"Chemagen","Cincinnati",1,NA,NA,NA,NA,NA,NA,NA,NA,NA,NA,NA,"IBD",1.38737002268811,7.055125
"HSM67VIF","HMP_2019_ibdmdb","H4028","stool","IBD","IBD","schoolage","USA","no","IlluminaHiSeq","31142855",14583664,1327819087,50,101,"Paolo_Manghi","CD",13,"female",NA,13,"no",NA,NA,15.9,"Chemagen","Cincinnati",2,NA,NA,NA,NA,NA,NA,NA,NA,NA,NA,NA,"IBD",1.55010875858859,8.68370999999999
"HSM7J4N4","HMP_2019_ibdmdb","H4028","stool","IBD","IBD","schoolage","USA","no","IlluminaHiSeq","31142855",20279474,1807980185,50,101,"Paolo_Manghi","CD",13,"female",NA,187,"no",NA,NA,15.9,"Chemagen","Cincinnati",16,NA,NA,NA,NA,NA,NA,NA,NA,NA,NA,NA,"IBD",2.36765223531116,7.029205
"HSM7J4NA","HMP_2019_ibdmdb","H4028","stool","IBD","IBD","schoolage","USA","no","IlluminaHiSeq","31142855",21130036,1915652043,50,101,"Paolo_Manghi","CD",13,"female",NA,225,"no",NA,NA,15.9,"Chemagen","Cincinnati",19,NA,NA,NA,NA,NA,NA,NA,NA,NA,NA,NA,"IBD",2.51273608826724,7.698805
"HSM67VIL","HMP_2019_ibdmdb","H4028","stool","IBD","IBD","schoolage","USA","no","IlluminaHiSeq","31142855",26358036,2434431569,50,101,"Paolo_Manghi","CD",13,"female",NA,55,"no",NA,NA,15.9,"Chemagen","Cincinnati",5,NA,NA,NA,NA,NA,NA,NA,NA,NA,NA,NA,"IBD",0.806050511372521,5.731145
"HSM7J4GD","HMP_2019_ibdmdb","H4028","stool","IBD","IBD","schoolage","USA","no","IlluminaHiSeq","31142855",27671804,2505664597,50,101,"Paolo_Manghi","CD",13,"female",NA,98,"no",NA,NA,15.9,"Chemagen","Cincinnati",9,NA,NA,NA,NA,NA,NA,NA,NA,NA,NA,NA,"IBD",1.82078493646262,6.730505
"HSM7J4MY","HMP_2019_ibdmdb","H4028","stool","IBD","IBD","schoolage","USA","no","IlluminaHiSeq","31142855",28040086,2588941614,50,101,"Paolo_Manghi","CD",13,"female",NA,156,"no",NA,NA,15.9,"Chemagen","Cincinnati",14,NA,NA,NA,NA,NA,NA,NA,NA,NA,NA,NA,"IBD",1.8359248555661,6.142745
"HSM7J4N8","HMP_2019_ibdmdb","H4028","stool","IBD","IBD","schoolage","USA","no","IlluminaHiSeq","31142855",29597356,2674988633,50,101,"Paolo_Manghi","CD",13,"female",NA,218,"no",NA,NA,15.9,"Chemagen","Cincinnati",18,NA,NA,NA,NA,NA,NA,NA,NA,NA,NA,NA,"IBD",1.50120509352825,6.533625
"HSM7J4N6","HMP_2019_ibdmdb","H4028","stool","IBD","IBD","schoolage","USA","no","IlluminaHiSeq","31142855",29797560,2821028361,50,101,"Paolo_Manghi","CD",13,"female",NA,211,"no",NA,NA,15.9,"Chemagen","Cincinnati",17,NA,NA,NA,NA,NA,NA,NA,NA,NA,NA,NA,"IBD",1.09847921239783,7.158685
"HSM7CYWS_P","HMP_2019_ibdmdb","H4030","stool","IBD","IBD","schoolage","USA","no","IlluminaHiSeq","29311644",13447644,1325416145,51,101,"Paolo_Manghi","CD",16,"male",NA,0,"yes",NA,NA,21.1,"Chemagen","Cincinnati",1,NA,NA,NA,NA,NA,NA,NA,NA,NA,NA,NA,"IBD",2.41727521416852,9.033155
"HSMA33JZ","HMP_2019_ibdmdb","H4030","stool","IBD","IBD","schoolage","USA","no","IlluminaHiSeq","31142855",1415952,130043188,50,101,"Paolo_Manghi","CD",16,"male",NA,259,"no",NA,NA,21.1,"Chemagen","Cincinnati",22,NA,NA,NA,NA,NA,NA,NA,NA,NA,NA,NA,"IBD",2.33243022376866,4.773655
"HSM7CZ2Z","HMP_2019_ibdmdb","H4030","stool","IBD","IBD","schoolage","USA","no","IlluminaHiSeq","31142855",14350834,1263405808,50,101,"Paolo_Manghi","CD",16,"male",NA,13,"yes",NA,NA,21.1,"Chemagen","Cincinnati",2,NA,NA,NA,NA,NA,NA,NA,NA,NA,NA,NA,"IBD",2.48155760576073,7.672445
"HSM7J4OP","HMP_2019_ibdmdb","H4030","stool","IBD","IBD","schoolage","USA","no","IlluminaHiSeq","31142855",15292792,1332692067,50,101,"Paolo_Manghi","CD",16,"male",NA,183,"no",NA,NA,21.1,"Chemagen","Cincinnati",16,NA,NA,NA,NA,NA,NA,NA,NA,NA,NA,NA,"IBD",1.97936543327671,6.308585
"HSM7J4OV","HMP_2019_ibdmdb","H4030","stool","IBD","IBD","schoolage","USA","no","IlluminaHiSeq","31142855",15381192,1421718294,50,101,"Paolo_Manghi","CD",16,"male",NA,223,"no",NA,NA,21.1,"Chemagen","Cincinnati",19,NA,NA,NA,NA,NA,NA,NA,NA,NA,NA,NA,"IBD",1.04073932298532,5.791125
"HSM7CZ32","HMP_2019_ibdmdb","H4030","stool","IBD","IBD","schoolage","USA","no","IlluminaHiSeq","31142855",17445790,1624392504,50,101,"Paolo_Manghi","CD",16,"male",NA,30,"no",NA,NA,21.1,"Chemagen","Cincinnati",3,NA,NA,NA,NA,NA,NA,NA,NA,NA,NA,NA,"IBD",1.95836560574367,7.40718499999999
"HSM7J4ON","HMP_2019_ibdmdb","H4030","stool","IBD","IBD","schoolage","USA","no","IlluminaHiSeq","31142855",20428734,1872752753,50,101,"Paolo_Manghi","CD",16,"male",NA,169,"no",NA,NA,21.1,"Chemagen","Cincinnati",15,NA,NA,NA,NA,NA,NA,NA,NA,NA,NA,NA,"IBD",1.72515789186775,5.569245
"HSM7J4OT","HMP_2019_ibdmdb","H4030","stool","IBD","IBD","schoolage","USA","no","IlluminaHiSeq","31142855",23642948,2151155541,50,101,"Paolo_Manghi","CD",16,"male",NA,218,"no",NA,NA,21.1,"Chemagen","Cincinnati",18,NA,NA,NA,NA,NA,NA,NA,NA,NA,NA,NA,"IBD",2.16065936391676,8.496205
"HSM7CZ36","HMP_2019_ibdmdb","H4030","stool","IBD","IBD","schoolage","USA","no","IlluminaHiSeq","31142855",24076098,2210934739,50,101,"Paolo_Manghi","CD",16,"male",NA,56,"no",NA,NA,21.1,"Chemagen","Cincinnati",5,NA,NA,NA,NA,NA,NA,NA,NA,NA,NA,NA,"IBD",2.26301780468026,7.283195
"HSM7J4L9","HMP_2019_ibdmdb","H4030","stool","IBD","IBD","schoolage","USA","no","IlluminaHiSeq","31142855",24460208,2245980686,50,101,"Paolo_Manghi","CD",16,"male",NA,139,"no",NA,NA,21.1,"Chemagen","Cincinnati",12,NA,NA,NA,NA,NA,NA,NA,NA,NA,NA,NA,"IBD",2.05770520497889,6.127855
"HSM7J4L5","HMP_2019_ibdmdb","H4030","stool","IBD","IBD","schoolage","USA","no","IlluminaHiSeq","31142855",25959320,2397511810,50,101,"Paolo_Manghi","CD",16,"male",NA,113,"no",NA,NA,21.1,"Chemagen","Cincinnati",10,NA,NA,NA,NA,NA,NA,NA,NA,NA,NA,NA,"IBD",1.64589711018615,5.855705
"HSM7J4OX","HMP_2019_ibdmdb","H4030","stool","IBD","IBD","schoolage","USA","no","IlluminaHiSeq","31142855",28702642,2594449377,50,101,"Paolo_Manghi","CD",16,"male",NA,250,"no",NA,NA,21.1,"Chemagen","Cincinnati",20,NA,NA,NA,NA,NA,NA,NA,NA,NA,NA,NA,"IBD",2.08729668274632,8.06034499999999
"HSM7CZ38","HMP_2019_ibdmdb","H4030","stool","IBD","IBD","schoolage","USA","no","IlluminaHiSeq","31142855",29016364,2679694868,50,101,"Paolo_Manghi","CD",16,"male",NA,69,"no",NA,NA,21.1,"Chemagen","Cincinnati",6,NA,NA,NA,NA,NA,NA,NA,NA,NA,NA,NA,"IBD",1.7054376070363,6.285805
"HSM7CZ2V_P","HMP_2019_ibdmdb","H4031","stool","IBD","IBD","schoolage","USA","no","IlluminaHiSeq","29311644",27652048,2743654940,51,101,"Paolo_Manghi","CD",12,"male",NA,0,"no",NA,NA,NA,"Chemagen","Cincinnati",1,NA,NA,NA,NA,NA,NA,NA,NA,NA,NA,NA,"IBD",2.27774000973775,9.318525
"HSM7J4PA","HMP_2019_ibdmdb","H4031","stool","IBD","IBD","schoolage","USA","no","IlluminaHiSeq","31142855",17393168,1608527368,50,101,"Paolo_Manghi","CD",12,"male",NA,71,"no",NA,NA,NA,"Chemagen","Cincinnati",6,NA,NA,NA,NA,NA,NA,NA,NA,NA,NA,NA,"IBD",2.12955712183887,6.258795
"HSM7CZ3G","HMP_2019_ibdmdb","H4031","stool","IBD","IBD","schoolage","USA","no","IlluminaHiSeq","31142855",18544640,1717685668,50,101,"Paolo_Manghi","CD",12,"male",NA,57,"no",NA,NA,NA,"Chemagen","Cincinnati",5,NA,NA,NA,NA,NA,NA,NA,NA,NA,NA,NA,"IBD",2.36004092900382,6.493175
"HSM7CZ3E","HMP_2019_ibdmdb","H4031","stool","IBD","IBD","schoolage","USA","no","IlluminaHiSeq","31142855",19534094,1813509518,50,101,"Paolo_Manghi","CD",12,"male",NA,44,"no",NA,NA,NA,"Chemagen","Cincinnati",4,NA,NA,NA,NA,NA,NA,NA,NA,NA,NA,NA,"IBD",2.72739249485512,9.200515
"HSMA33JD","HMP_2019_ibdmdb","H4031","stool","IBD","IBD","schoolage","USA","no","IlluminaHiSeq","31142855",21475006,1924241629,50,101,"Paolo_Manghi","CD",12,"male",NA,267,"no",NA,NA,NA,"Chemagen","Cincinnati",23,NA,NA,NA,NA,NA,NA,NA,NA,NA,NA,NA,"IBD",2.60245713634736,8.510975
"HSM7J4MK","HMP_2019_ibdmdb","H4031","stool","IBD","IBD","schoolage","USA","no","IlluminaHiSeq","31142855",21570990,1949732659,50,101,"Paolo_Manghi","CD",12,"male",NA,114,"no",NA,NA,NA,"Chemagen","Cincinnati",10,NA,NA,NA,NA,NA,NA,NA,NA,NA,NA,NA,"IBD",2.56212572525141,9.460735
"HSM7CZ3C","HMP_2019_ibdmdb","H4031","stool","IBD","IBD","schoolage","USA","no","IlluminaHiSeq","31142855",23402722,2209435734,50,101,"Paolo_Manghi","CD",12,"male",NA,29,"no",NA,NA,NA,"Chemagen","Cincinnati",3,NA,NA,NA,NA,NA,NA,NA,NA,NA,NA,NA,"IBD",2.21996659311301,7.213065
"HSM7CZ3A","HMP_2019_ibdmdb","H4031","stool","IBD","IBD","schoolage","USA","no","IlluminaHiSeq","31142855",26549700,2495085300,50,101,"Paolo_Manghi","CD",12,"male",NA,15,"no",NA,NA,NA,"Chemagen","Cincinnati",2,NA,NA,NA,NA,NA,NA,NA,NA,NA,NA,NA,"IBD",2.18373245510131,8.068235
"HSM7J4OB","HMP_2019_ibdmdb","H4031","stool","IBD","IBD","schoolage","USA","no","IlluminaHiSeq","31142855",27703874,2604343603,50,101,"Paolo_Manghi","CD",12,"male",NA,169,"no",NA,NA,NA,"Chemagen","Cincinnati",15,NA,NA,NA,NA,NA,NA,NA,NA,NA,NA,NA,"IBD",2.50865482587732,9.368705
"HSM7J4OE","HMP_2019_ibdmdb","H4031","stool","IBD","IBD","schoolage","USA","no","IlluminaHiSeq","31142855",29131012,2715918452,50,101,"Paolo_Manghi","CD",12,"male",NA,184,"no",NA,NA,NA,"Chemagen","Cincinnati",16,NA,NA,NA,NA,NA,NA,NA,NA,NA,NA,NA,"IBD",2.3255927830561,8.151105
"HSMA33JB","HMP_2019_ibdmdb","H4031","stool","IBD","IBD","schoolage","USA","no","IlluminaHiSeq","31142855",38368962,3560441853,50,101,"Paolo_Manghi","CD",12,"male",NA,253,"no",NA,NA,NA,"Chemagen","Cincinnati",22,NA,NA,NA,NA,NA,NA,NA,NA,NA,NA,NA,"IBD",2.52641866164972,8.308165
"HSM7J4OL","HMP_2019_ibdmdb","H4031","stool","IBD","IBD","schoolage","USA","no","IlluminaHiSeq","31142855",46308518,4221785708,50,101,"Paolo_Manghi","CD",12,"male",NA,246,"no",NA,NA,NA,"Chemagen","Cincinnati",20,NA,NA,NA,NA,NA,NA,NA,NA,NA,NA,NA,"IBD",1.96250405843894,8.105685
"HSM7J4Q3_P","HMP_2019_ibdmdb","H4032","stool","IBD","IBD","schoolage","USA","no","IlluminaHiSeq","29311644",27018110,2638725449,50,101,"Paolo_Manghi","CD",12,"male",NA,15,"no",NA,NA,14.9,"Chemagen","Cincinnati",2,NA,NA,NA,NA,NA,NA,NA,NA,NA,NA,NA,"IBD",2.3512385851045,8.085695
"HSM7J4OZ","HMP_2019_ibdmdb","H4032","stool","IBD","IBD","schoolage","USA","no","IlluminaHiSeq","31142855",11896634,1093467848,50,101,"Paolo_Manghi","CD",12,"male",NA,154,"no",NA,NA,14.9,"Chemagen","Cincinnati",14,NA,NA,NA,NA,NA,NA,NA,NA,NA,NA,NA,"IBD",2.62028034105473,7.162375
"HSM7J4MS","HMP_2019_ibdmdb","H4032","stool","IBD","IBD","schoolage","USA","no","IlluminaHiSeq","31142855",21792556,2024821947,50,101,"Paolo_Manghi","CD",12,"male",NA,71,"no",NA,NA,14.9,"Chemagen","Cincinnati",7,NA,NA,NA,NA,NA,NA,NA,NA,NA,NA,NA,"IBD",2.38508759059031,6.850945
"HSM7J4MW","HMP_2019_ibdmdb","H4032","stool","IBD","IBD","schoolage","USA","no","IlluminaHiSeq","31142855",22413034,2050120002,50,101,"Paolo_Manghi","CD",12,"male",NA,99,"no",NA,NA,14.9,"Chemagen","Cincinnati",9,NA,NA,NA,NA,NA,NA,NA,NA,NA,NA,NA,"IBD",2.19510318755486,6.854305
"HSM7J4Q7","HMP_2019_ibdmdb","H4032","stool","IBD","IBD","schoolage","USA","no","IlluminaHiSeq","31142855",23537276,2155901380,50,101,"Paolo_Manghi","CD",12,"male",NA,42,"no",NA,NA,14.9,"Chemagen","Cincinnati",4,NA,NA,NA,NA,NA,NA,NA,NA,NA,NA,NA,"IBD",2.3924338185066,9.325175
"HSMA33JR","HMP_2019_ibdmdb","H4032","stool","IBD","IBD","schoolage","USA","no","IlluminaHiSeq","31142855",25582372,2363479600,50,101,"Paolo_Manghi","CD",12,"male",NA,267,"no",NA,NA,14.9,"Chemagen","Cincinnati",23,NA,NA,NA,NA,NA,NA,NA,NA,NA,NA,NA,"IBD",2.56155983664632,8.421625
"HSMA33MV","HMP_2019_ibdmdb","H4032","stool","IBD","IBD","schoolage","USA","no","IlluminaHiSeq","31142855",27885056,2517643912,50,101,"Paolo_Manghi","CD",12,"male",NA,230,"no",NA,NA,14.9,"Chemagen","Cincinnati",19,NA,NA,NA,NA,NA,NA,NA,NA,NA,NA,NA,"IBD",2.24026258875812,7.661935
"HSM7J4IC","HMP_2019_ibdmdb","H4032","stool","IBD","IBD","schoolage","USA","no","IlluminaHiSeq","31142855",29230646,2691062094,50,101,"Paolo_Manghi","CD",12,"male",NA,113,"no",NA,NA,14.9,"Chemagen","Cincinnati",10,NA,NA,NA,NA,NA,NA,NA,NA,NA,NA,NA,"IBD",2.37028255847558,7.25715499999999
"HSM7J4Q9","HMP_2019_ibdmdb","H4032","stool","IBD","IBD","schoolage","USA","no","IlluminaHiSeq","31142855",29376776,2656078164,50,101,"Paolo_Manghi","CD",12,"male",NA,57,"no",NA,NA,14.9,"Chemagen","Cincinnati",5,NA,NA,NA,NA,NA,NA,NA,NA,NA,NA,NA,"IBD",2.2644227314549,8.363605
"HSM7J4Q1","HMP_2019_ibdmdb","H4032","stool","IBD","IBD","schoolage","USA","no","IlluminaHiSeq","31142855",29832846,2699606160,50,101,"Paolo_Manghi","CD",12,"male",NA,0,"no",NA,NA,14.9,"Chemagen","Cincinnati",1,NA,NA,NA,NA,NA,NA,NA,NA,NA,NA,NA,"IBD",2.44750753903442,8.506475
"HSMA33JN","HMP_2019_ibdmdb","H4032","stool","IBD","IBD","schoolage","USA","no","IlluminaHiSeq","31142855",30220088,2766465772,50,101,"Paolo_Manghi","CD",12,"male",NA,238,"no",NA,NA,14.9,"Chemagen","Cincinnati",21,NA,NA,NA,NA,NA,NA,NA,NA,NA,NA,NA,"IBD",2.18532137974109,8.180765
"HSM7J4P2","HMP_2019_ibdmdb","H4032","stool","IBD","IBD","schoolage","USA","no","IlluminaHiSeq","31142855",38534322,3576749270,50,101,"Paolo_Manghi","CD",12,"male",NA,176,"no",NA,NA,14.9,"Chemagen","Cincinnati",15,NA,NA,NA,NA,NA,NA,NA,NA,NA,NA,NA,"IBD",2.37481036343146,7.77088499999999
"HSMA33JP","HMP_2019_ibdmdb","H4032","stool","IBD","IBD","schoolage","USA","no","IlluminaHiSeq","31142855",38884292,3557587207,50,101,"Paolo_Manghi","CD",12,"male",NA,252,"no",NA,NA,14.9,"Chemagen","Cincinnati",22,NA,NA,NA,NA,NA,NA,NA,NA,NA,NA,NA,"IBD",2.24594762174249,8.321185
"HSM7CZ2X_P","HMP_2019_ibdmdb","H4035","stool","IBD","IBD","schoolage","USA","no","IlluminaHiSeq","29311644",20381866,1997804086,50,101,"Paolo_Manghi","UC",16,"male",NA,0,"no",NA,NA,31,"Chemagen","Cincinnati",1,NA,NA,NA,NA,NA,NA,NA,NA,NA,NA,NA,"IBD",1.70579067447565,7.418645
"HSM7J4KA","HMP_2019_ibdmdb","H4035","stool","IBD","IBD","schoolage","USA","no","IlluminaHiSeq","31142855",595312,54176352,50,101,"Paolo_Manghi","UC",16,"male",NA,154,"no",NA,NA,31,"Chemagen","Cincinnati",13,NA,NA,NA,NA,NA,NA,NA,NA,NA,NA,NA,"IBD",1.80156716019753,2.662695
"HSM7J4K4","HMP_2019_ibdmdb","H4035","stool","IBD","IBD","schoolage","USA","no","IlluminaHiSeq","31142855",710662,64951751,50,101,"Paolo_Manghi","UC",16,"male",NA,112,"no",NA,NA,31,"Chemagen","Cincinnati",10,NA,NA,NA,NA,NA,NA,NA,NA,NA,NA,NA,"IBD",1.8352982210606,3.460465
"HSMA33MI","HMP_2019_ibdmdb","H4035","stool","IBD","IBD","schoolage","USA","no","IlluminaHiSeq","31142855",991728,90454806,50,101,"Paolo_Manghi","UC",16,"male",NA,308,"no",NA,NA,31,"Chemagen","Cincinnati",26,NA,NA,NA,NA,NA,NA,NA,NA,NA,NA,NA,"IBD",1.57630542958187,3.573685
"HSMA33OP","HMP_2019_ibdmdb","H4035","stool","IBD","IBD","schoolage","USA","no","IlluminaHiSeq","31142855",1495900,135649220,50,101,"Paolo_Manghi","UC",16,"male",NA,168,"no",NA,NA,31,"Chemagen","Cincinnati",15,NA,NA,NA,NA,NA,NA,NA,NA,NA,NA,NA,"IBD",2.1769409194417,5.619555
"HSMA33MK","HMP_2019_ibdmdb","H4035","stool","IBD","IBD","schoolage","USA","no","IlluminaHiSeq","31142855",1808942,164758342,50,101,"Paolo_Manghi","UC",16,"male",NA,322,"no",NA,NA,31,"Chemagen","Cincinnati",27,NA,NA,NA,NA,NA,NA,NA,NA,NA,NA,NA,"IBD",2.11609552815442,5.222765
"HSMA33OT","HMP_2019_ibdmdb","H4035","stool","IBD","IBD","schoolage","USA","no","IlluminaHiSeq","31142855",2153160,198312514,50,101,"Paolo_Manghi","UC",16,"male",NA,196,"no",NA,NA,31,"Chemagen","Cincinnati",17,NA,NA,NA,NA,NA,NA,NA,NA,NA,NA,NA,"IBD",2.0324454244237,4.696465
"HSM7J4JZ","HMP_2019_ibdmdb","H4035","stool","IBD","IBD","schoolage","USA","no","IlluminaHiSeq","31142855",2171256,199244471,50,101,"Paolo_Manghi","UC",16,"male",NA,84,"no",NA,NA,31,"Chemagen","Cincinnati",8,NA,NA,NA,NA,NA,NA,NA,NA,NA,NA,NA,"IBD",2.25523069740528,5.538585
"HSMA33MG","HMP_2019_ibdmdb","H4035","stool","IBD","IBD","schoolage","USA","no","IlluminaHiSeq","31142855",2182698,198275948,50,101,"Paolo_Manghi","UC",16,"male",NA,294,"no",NA,NA,31,"Chemagen","Cincinnati",25,NA,NA,NA,NA,NA,NA,NA,NA,NA,NA,NA,"IBD",2.0882146629448,5.197605
"HSMA33ME","HMP_2019_ibdmdb","H4035","stool","IBD","IBD","schoolage","USA","no","IlluminaHiSeq","31142855",2760960,255599650,50,101,"Paolo_Manghi","UC",16,"male",NA,280,"yes",NA,NA,31,"Chemagen","Cincinnati",24,NA,NA,NA,NA,NA,NA,NA,NA,NA,NA,NA,"IBD",2.26020457271933,5.319995
"HSMA33OR","HMP_2019_ibdmdb","H4035","stool","IBD","IBD","schoolage","USA","no","IlluminaHiSeq","31142855",3150688,291238439,50,101,"Paolo_Manghi","UC",16,"male",NA,182,"no",NA,NA,31,"Chemagen","Cincinnati",16,NA,NA,NA,NA,NA,NA,NA,NA,NA,NA,NA,"IBD",2.08517040607221,6.121335
"HSM7J4HU","HMP_2019_ibdmdb","H4035","stool","IBD","IBD","schoolage","USA","no","IlluminaHiSeq","31142855",4755614,430785201,50,101,"Paolo_Manghi","UC",16,"male",NA,70,"no",NA,NA,31,"Chemagen","Cincinnati",6,NA,NA,NA,NA,NA,NA,NA,NA,NA,NA,NA,"IBD",2.13848018615573,6.43112499999999
"HSM7J4HS","HMP_2019_ibdmdb","H4035","stool","IBD","IBD","schoolage","USA","no","IlluminaHiSeq","31142855",5130564,465562992,50,101,"Paolo_Manghi","UC",16,"male",NA,56,"no",NA,NA,31,"Chemagen","Cincinnati",5,NA,NA,NA,NA,NA,NA,NA,NA,NA,NA,NA,"IBD",2.21383010679622,6.48852499999999
"HSMA33MC","HMP_2019_ibdmdb","H4035","stool","IBD","IBD","schoolage","USA","no","IlluminaHiSeq","31142855",5213536,482494697,50,101,"Paolo_Manghi","UC",16,"male",NA,266,"yes",NA,NA,31,"Chemagen","Cincinnati",23,NA,NA,NA,NA,NA,NA,NA,NA,NA,NA,NA,"IBD",2.51538047929396,6.920105
"HSM7J4K8","HMP_2019_ibdmdb","H4035","stool","IBD","IBD","schoolage","USA","no","IlluminaHiSeq","31142855",5557124,507135189,50,101,"Paolo_Manghi","UC",16,"male",NA,141,"no",NA,NA,31,"Chemagen","Cincinnati",12,NA,NA,NA,NA,NA,NA,NA,NA,NA,NA,NA,"IBD",2.36526115715421,6.899905
"HSM7J4K6","HMP_2019_ibdmdb","H4035","stool","IBD","IBD","schoolage","USA","no","IlluminaHiSeq","31142855",6337764,592648009,50,101,"Paolo_Manghi","UC",16,"male",NA,126,"no",NA,NA,31,"Chemagen","Cincinnati",11,NA,NA,NA,NA,NA,NA,NA,NA,NA,NA,NA,"IBD",2.2741593396915,7.542395
"HSMA33MA","HMP_2019_ibdmdb","H4035","stool","IBD","IBD","schoolage","USA","no","IlluminaHiSeq","31142855",12812078,1181827355,50,101,"Paolo_Manghi","UC",16,"male",NA,259,"no",NA,NA,31,"Chemagen","Cincinnati",22,NA,NA,NA,NA,NA,NA,NA,NA,NA,NA,NA,"IBD",2.69074183244984,9.485195
"HSM7J4K2","HMP_2019_ibdmdb","H4035","stool","IBD","IBD","schoolage","USA","no","IlluminaHiSeq","31142855",14453750,1341338719,50,101,"Paolo_Manghi","UC",16,"male",NA,105,"no",NA,NA,31,"Chemagen","Cincinnati",9,NA,NA,NA,NA,NA,NA,NA,NA,NA,NA,NA,"IBD",2.27865342427596,6.603455
"HSMA33OX","HMP_2019_ibdmdb","H4035","stool","IBD","IBD","schoolage","USA","no","IlluminaHiSeq","31142855",15826248,1470151840,50,101,"Paolo_Manghi","UC",16,"male",NA,224,"no",NA,NA,31,"Chemagen","Cincinnati",19,NA,NA,NA,NA,NA,NA,NA,NA,NA,NA,NA,"IBD",2.46622717717211,8.686295
"HSM7J4HQ","HMP_2019_ibdmdb","H4035","stool","IBD","IBD","schoolage","USA","no","IlluminaHiSeq","31142855",18617640,1719247483,50,101,"Paolo_Manghi","UC",16,"male",NA,42,"no",NA,NA,31,"Chemagen","Cincinnati",4,NA,NA,NA,NA,NA,NA,NA,NA,NA,NA,NA,"IBD",1.44728532048651,8.10594499999999
"HSM7J4HO","HMP_2019_ibdmdb","H4035","stool","IBD","IBD","schoolage","USA","no","IlluminaHiSeq","31142855",21031740,1926232721,50,101,"Paolo_Manghi","UC",16,"male",NA,28,"no",NA,NA,31,"Chemagen","Cincinnati",3,NA,NA,NA,NA,NA,NA,NA,NA,NA,NA,NA,"IBD",2.18897468636721,8.624615
"HSM7J4HM","HMP_2019_ibdmdb","H4035","stool","IBD","IBD","schoolage","USA","no","IlluminaHiSeq","31142855",21864884,2002547718,50,101,"Paolo_Manghi","UC",16,"male",NA,14,"no",NA,NA,31,"Chemagen","Cincinnati",2,NA,NA,NA,NA,NA,NA,NA,NA,NA,NA,NA,"IBD",2.18068155551923,7.75997499999999
"HSMA33OV","HMP_2019_ibdmdb","H4035","stool","IBD","IBD","schoolage","USA","no","IlluminaHiSeq","31142855",26596156,2460106872,50,101,"Paolo_Manghi","UC",16,"male",NA,210,"no",NA,NA,31,"Chemagen","Cincinnati",18,NA,NA,NA,NA,NA,NA,NA,NA,NA,NA,NA,"IBD",2.47077585235749,8.444185
"HSMA33OZ","HMP_2019_ibdmdb","H4035","stool","IBD","IBD","schoolage","USA","no","IlluminaHiSeq","31142855",34431970,3168674119,50,101,"Paolo_Manghi","UC",16,"male",NA,238,"no",NA,NA,31,"Chemagen","Cincinnati",20,NA,NA,NA,NA,NA,NA,NA,NA,NA,NA,NA,"IBD",2.0425535271586,8.972565
"HSMA33NG_P","HMP_2019_ibdmdb","H4038","stool","IBD","IBD","schoolage","USA","no","IlluminaHiSeq","29311644",26210388,2563733720,50,101,"Paolo_Manghi","CD",15,"male",NA,126,"no",NA,NA,17.3,"Chemagen","Cincinnati",11,NA,NA,NA,NA,NA,NA,NA,NA,NA,NA,NA,"IBD",1.97292900323278,6.097075
"HSMA33KO","HMP_2019_ibdmdb","H4038","stool","IBD","IBD","schoolage","USA","no","IlluminaHiSeq","31142855",19124360,1733693047,50,101,"Paolo_Manghi","CD",15,"male",NA,239,"no",NA,NA,17.3,"Chemagen","Cincinnati",21,NA,NA,NA,NA,NA,NA,NA,NA,NA,NA,NA,"IBD",2.21713438926039,6.498585
"HSM7J4J9","HMP_2019_ibdmdb","H4038","stool","IBD","IBD","schoolage","USA","no","IlluminaHiSeq","31142855",21310478,1954078436,50,101,"Paolo_Manghi","CD",15,"male",NA,14,"no",NA,NA,17.3,"Chemagen","Cincinnati",2,NA,NA,NA,NA,NA,NA,NA,NA,NA,NA,NA,"IBD",1.80634087756333,6.465815
"HSMA33KE","HMP_2019_ibdmdb","H4038","stool","IBD","IBD","schoolage","USA","no","IlluminaHiSeq","31142855",21738522,1991497450,50,101,"Paolo_Manghi","CD",15,"male",NA,154,"no",NA,NA,17.3,"Chemagen","Cincinnati",14,NA,NA,NA,NA,NA,NA,NA,NA,NA,NA,NA,"IBD",2.65520347875714,9.422635
"HSMA33Q6","HMP_2019_ibdmdb","H4038","stool","IBD","IBD","schoolage","USA","no","IlluminaHiSeq","31142855",22079764,2065879493,50,101,"Paolo_Manghi","CD",15,"male",NA,323,"no",NA,NA,17.3,"Chemagen","Cincinnati",26,NA,NA,NA,NA,NA,NA,NA,NA,NA,NA,NA,"IBD",1.76214228679283,6.123325
"HSMA33PX","HMP_2019_ibdmdb","H4038","stool","IBD","IBD","schoolage","USA","no","IlluminaHiSeq","31142855",22263928,2003643548,50,101,"Paolo_Manghi","CD",15,"male",NA,253,"no",NA,NA,17.3,"Chemagen","Cincinnati",22,NA,NA,NA,NA,NA,NA,NA,NA,NA,NA,NA,"IBD",2.14359093541607,8.154725
"HSMA33KM","HMP_2019_ibdmdb","H4038","stool","IBD","IBD","schoolage","USA","no","IlluminaHiSeq","31142855",24579024,2259130814,50,101,"Paolo_Manghi","CD",15,"male",NA,226,"no",NA,NA,17.3,"Chemagen","Cincinnati",19,NA,NA,NA,NA,NA,NA,NA,NA,NA,NA,NA,"IBD",2.38842035184859,8.745135
"HSM7J4J7","HMP_2019_ibdmdb","H4038","stool","IBD","IBD","schoolage","USA","no","IlluminaHiSeq","31142855",25333622,2322777629,50,101,"Paolo_Manghi","CD",15,"male",NA,0,"no",NA,NA,17.3,"Chemagen","Cincinnati",1,NA,NA,NA,NA,NA,NA,NA,NA,NA,NA,NA,"IBD",1.79490862748983,7.160815
"HSMA33NA","HMP_2019_ibdmdb","H4038","stool","IBD","IBD","schoolage","USA","no","IlluminaHiSeq","31142855",26213190,2355083831,50,101,"Paolo_Manghi","CD",15,"male",NA,84,"no",NA,NA,17.3,"Chemagen","Cincinnati",8,NA,NA,NA,NA,NA,NA,NA,NA,NA,NA,NA,"IBD",2.17028254823172,7.180285
"HSMA33NC","HMP_2019_ibdmdb","H4038","stool","IBD","IBD","schoolage","USA","no","IlluminaHiSeq","31142855",26376846,2423401861,50,101,"Paolo_Manghi","CD",15,"male",NA,99,"yes",NA,NA,17.3,"Chemagen","Cincinnati",9,NA,NA,NA,NA,NA,NA,NA,NA,NA,NA,NA,"IBD",2.50355621439161,8.893215
"HSM7J4JD","HMP_2019_ibdmdb","H4038","stool","IBD","IBD","schoolage","USA","no","IlluminaHiSeq","31142855",26730490,2460327516,50,101,"Paolo_Manghi","CD",15,"male",NA,42,"no",NA,NA,17.3,"Chemagen","Cincinnati",4,NA,NA,NA,NA,NA,NA,NA,NA,NA,NA,NA,"IBD",2.08707673800073,6.516745
"HSM7J4JF","HMP_2019_ibdmdb","H4038","stool","IBD","IBD","schoolage","USA","no","IlluminaHiSeq","31142855",31293630,2850136987,50,101,"Paolo_Manghi","CD",15,"male",NA,56,"no",NA,NA,17.3,"Chemagen","Cincinnati",5,NA,NA,NA,NA,NA,NA,NA,NA,NA,NA,NA,"IBD",2.17389284133082,8.419695
"HSMA33PZ","HMP_2019_ibdmdb","H4038","stool","IBD","IBD","schoolage","USA","no","IlluminaHiSeq","31142855",33553218,3069123403,50,101,"Paolo_Manghi","CD",15,"male",NA,273,"yes",NA,NA,17.3,"Chemagen","Cincinnati",23,NA,NA,NA,NA,NA,NA,NA,NA,NA,NA,NA,"IBD",1.24907457058005,4.160995
"HSM7J4LP","HMP_2019_ibdmdb","H4039","stool","IBD","IBD","schoolage","USA","no","IlluminaHiSeq","31142855",402946,36745424,50,101,"Paolo_Manghi","CD",12,"female",NA,0,"yes",NA,NA,16.9,"Chemagen","Cincinnati",1,NA,NA,NA,NA,NA,NA,NA,NA,NA,NA,NA,"IBD",0.733386396041734,1.234715
"HSM7J4JH","HMP_2019_ibdmdb","H4039","stool","IBD","IBD","schoolage","USA","no","IlluminaHiSeq","31142855",10859242,989170044,50,101,"Paolo_Manghi","CD",12,"female",NA,15,"yes",NA,NA,16.9,"Chemagen","Cincinnati",2,NA,NA,NA,NA,NA,NA,NA,NA,NA,NA,NA,"IBD",2.38882451884838,6.215895
"HSM7J4JN","HMP_2019_ibdmdb","H4039","stool","IBD","IBD","schoolage","USA","no","IlluminaHiSeq","31142855",11646754,1084698271,50,101,"Paolo_Manghi","CD",12,"female",NA,57,"no",NA,NA,16.9,"Chemagen","Cincinnati",5,NA,NA,NA,NA,NA,NA,NA,NA,NA,NA,NA,"IBD",1.61956408719798,6.904315
"HSMA33NQ","HMP_2019_ibdmdb","H4039","stool","IBD","IBD","schoolage","USA","no","IlluminaHiSeq","31142855",13364836,1256528537,50,101,"Paolo_Manghi","CD",12,"female",NA,127,"no",NA,NA,16.9,"Chemagen","Cincinnati",11,NA,NA,NA,NA,NA,NA,NA,NA,NA,NA,NA,"IBD",1.19409396463403,7.574095
"HSMA33KQ","HMP_2019_ibdmdb","H4039","stool","IBD","IBD","schoolage","USA","no","IlluminaHiSeq","31142855",13507558,1236563828,50,101,"Paolo_Manghi","CD",12,"female",NA,169,"no",NA,NA,16.9,"Chemagen","Cincinnati",15,NA,NA,NA,NA,NA,NA,NA,NA,NA,NA,NA,"IBD",2.104585750764,7.873445
"HSM7J4JP","HMP_2019_ibdmdb","H4039","stool","IBD","IBD","schoolage","USA","no","IlluminaHiSeq","31142855",19782780,1815448556,50,101,"Paolo_Manghi","CD",12,"female",NA,71,"no",NA,NA,16.9,"Chemagen","Cincinnati",6,NA,NA,NA,NA,NA,NA,NA,NA,NA,NA,NA,"IBD",1.50514221143221,7.259435
"HSMA33L1","HMP_2019_ibdmdb","H4039","stool","IBD","IBD","schoolage","USA","no","IlluminaHiSeq","31142855",20194760,1854499787,50,101,"Paolo_Manghi","CD",12,"female",NA,239,"no",NA,NA,16.9,"Chemagen","Cincinnati",20,NA,NA,NA,NA,NA,NA,NA,NA,NA,NA,NA,"IBD",2.79691804498695,7.412535
"HSMA33PL","HMP_2019_ibdmdb","H4039","stool","IBD","IBD","schoolage","USA","no","IlluminaHiSeq","31142855",20693336,1881120834,50,101,"Paolo_Manghi","CD",12,"female",NA,253,"no",NA,NA,16.9,"Chemagen","Cincinnati",22,NA,NA,NA,NA,NA,NA,NA,NA,NA,NA,NA,"IBD",2.91266446253672,8.223925
"HSMA33KU","HMP_2019_ibdmdb","H4039","stool","IBD","IBD","schoolage","USA","no","IlluminaHiSeq","31142855",23669928,2191799994,50,101,"Paolo_Manghi","CD",12,"female",NA,204,"no",NA,NA,16.9,"Chemagen","Cincinnati",17,NA,NA,NA,NA,NA,NA,NA,NA,NA,NA,NA,"IBD",2.50145128132394,8.814885
"HSMA33PN","HMP_2019_ibdmdb","H4039","stool","IBD","IBD","schoolage","USA","no","IlluminaHiSeq","31142855",24709716,2219417771,50,101,"Paolo_Manghi","CD",12,"female",NA,267,"no",NA,NA,16.9,"Chemagen","Cincinnati",23,NA,NA,NA,NA,NA,NA,NA,NA,NA,NA,NA,"IBD",2.84093829577784,8.070885
"HSMA33KS","HMP_2019_ibdmdb","H4039","stool","IBD","IBD","schoolage","USA","no","IlluminaHiSeq","31142855",26423252,2382904270,50,101,"Paolo_Manghi","CD",12,"female",NA,183,"no",NA,NA,16.9,"Chemagen","Cincinnati",16,NA,NA,NA,NA,NA,NA,NA,NA,NA,NA,NA,"IBD",2.68425176349672,9.531505
"HSM7J4JJ","HMP_2019_ibdmdb","H4039","stool","IBD","IBD","schoolage","USA","no","IlluminaHiSeq","31142855",26709104,2440705626,50,101,"Paolo_Manghi","CD",12,"female",NA,29,"no",NA,NA,16.9,"Chemagen","Cincinnati",3,NA,NA,NA,NA,NA,NA,NA,NA,NA,NA,NA,"IBD",2.21621103457337,8.874905
"HSMA33NO","HMP_2019_ibdmdb","H4039","stool","IBD","IBD","schoolage","USA","no","IlluminaHiSeq","31142855",27989052,2589222858,50,101,"Paolo_Manghi","CD",12,"female",NA,113,"no",NA,NA,16.9,"Chemagen","Cincinnati",10,NA,NA,NA,NA,NA,NA,NA,NA,NA,NA,NA,"IBD",1.30232418053911,7.910985
"HSM7J4JT_P","HMP_2019_ibdmdb","H4040","stool","IBD","IBD","schoolage","USA","no","IlluminaHiSeq","29311644",36313608,3565299249,50,101,"Paolo_Manghi","UC",17,"female",NA,0,"no",NA,NA,18.6,"Chemagen","Cincinnati",1,NA,NA,NA,NA,NA,NA,NA,NA,NA,NA,NA,"IBD",1.6032919147588,7.138255
"HSMA33M2","HMP_2019_ibdmdb","H4040","stool","IBD","IBD","schoolage","USA","no","IlluminaHiSeq","31142855",19011896,1755610926,50,101,"Paolo_Manghi","UC",17,"female",NA,266,"no",NA,NA,18.6,"Chemagen","Cincinnati",23,NA,NA,NA,NA,NA,NA,NA,NA,NA,NA,NA,"IBD",2.51835457088056,9.087735
"HSMA33M8","HMP_2019_ibdmdb","H4040","stool","IBD","IBD","schoolage","USA","no","IlluminaHiSeq","31142855",24995744,2355660044,50,101,"Paolo_Manghi","UC",17,"female",NA,312,"no",NA,NA,18.6,"Chemagen","Cincinnati",26,NA,NA,NA,NA,NA,NA,NA,NA,NA,NA,NA,"IBD",1.30945516816723,8.297845
"HSMA33OD","HMP_2019_ibdmdb","H4040","stool","IBD","IBD","schoolage","USA","no","IlluminaHiSeq","31142855",25242984,2304541666,50,101,"Paolo_Manghi","UC",17,"female",NA,113,"no",NA,NA,18.6,"Chemagen","Cincinnati",10,NA,NA,NA,NA,NA,NA,NA,NA,NA,NA,NA,"IBD",2.44695563239201,8.791445
"HSM7J4NS","HMP_2019_ibdmdb","H4040","stool","IBD","IBD","schoolage","USA","no","IlluminaHiSeq","31142855",28817756,2637208181,50,101,"Paolo_Manghi","UC",17,"female",NA,49,"no",NA,NA,18.6,"Chemagen","Cincinnati",4,NA,NA,NA,NA,NA,NA,NA,NA,NA,NA,NA,"IBD",2.51236974292966,9.962355
"HSMA33OL","HMP_2019_ibdmdb","H4040","stool","IBD","IBD","schoolage","USA","no","IlluminaHiSeq","31142855",29700168,2715283786,50,101,"Paolo_Manghi","UC",17,"female",NA,182,"no",NA,NA,18.6,"Chemagen","Cincinnati",16,NA,NA,NA,NA,NA,NA,NA,NA,NA,NA,NA,"IBD",1.39862171594205,8.095135
"HSM7J4NU","HMP_2019_ibdmdb","H4040","stool","IBD","IBD","schoolage","USA","no","IlluminaHiSeq","31142855",31666440,2901018090,50,101,"Paolo_Manghi","UC",17,"female",NA,69,"no",NA,NA,18.6,"Chemagen","Cincinnati",5,NA,NA,NA,NA,NA,NA,NA,NA,NA,NA,NA,"IBD",2.87878076888513,11.447155
"HSMA33OJ","HMP_2019_ibdmdb","H4040","stool","IBD","IBD","schoolage","USA","no","IlluminaHiSeq","31142855",31809342,2951641839,50,101,"Paolo_Manghi","UC",17,"female",NA,160,"no",NA,NA,18.6,"Chemagen","Cincinnati",15,NA,NA,NA,NA,NA,NA,NA,NA,NA,NA,NA,"IBD",2.18924379334571,9.375535
"HSMA33LX","HMP_2019_ibdmdb","H4040","stool","IBD","IBD","schoolage","USA","no","IlluminaHiSeq","31142855",32230958,2938736120,50,101,"Paolo_Manghi","UC",17,"female",NA,239,"no",NA,NA,18.6,"Chemagen","Cincinnati",20,NA,NA,NA,NA,NA,NA,NA,NA,NA,NA,NA,"IBD",2.54459962404954,10.144615
"HSMA33LZ","HMP_2019_ibdmdb","H4040","stool","IBD","IBD","schoolage","USA","no","IlluminaHiSeq","31142855",33924676,3019114261,50,101,"Paolo_Manghi","UC",17,"female",NA,259,"no",NA,NA,18.6,"Chemagen","Cincinnati",22,NA,NA,NA,NA,NA,NA,NA,NA,NA,NA,NA,"IBD",1.87879216962102,6.494355
"HSM7J4NO","HMP_2019_ibdmdb","H4040","stool","IBD","IBD","schoolage","USA","no","IlluminaHiSeq","31142855",38197142,3527028912,50,101,"Paolo_Manghi","UC",17,"female",NA,19,"no",NA,NA,18.6,"Chemagen","Cincinnati",2,NA,NA,NA,NA,NA,NA,NA,NA,NA,NA,NA,"IBD",1.1890645347858,7.316995
"HSM7J4JV_P","HMP_2019_ibdmdb","H4042","stool","IBD","IBD","schoolage","USA","no","IlluminaHiSeq","29311644",15328896,1499220077,50,101,"Paolo_Manghi","UC",15,"male",NA,0,"yes",NA,NA,30.7,"Chemagen","Cincinnati",1,NA,NA,NA,NA,NA,NA,NA,NA,NA,NA,NA,"IBD",1.3684372254067,6.282805
"HSMA33IO","HMP_2019_ibdmdb","H4042","stool","IBD","IBD","schoolage","USA","no","IlluminaHiSeq","31142855",259802,23913357,50,101,"Paolo_Manghi","UC",15,"male",NA,112,"no",NA,NA,30.7,"Chemagen","Cincinnati",10,NA,NA,NA,NA,NA,NA,NA,NA,NA,NA,NA,"IBD",0,0.706615
"HSMA33N4","HMP_2019_ibdmdb","H4042","stool","IBD","IBD","schoolage","USA","no","IlluminaHiSeq","31142855",390726,35551070,50,101,"Paolo_Manghi","UC",15,"male",NA,58,"no",NA,NA,30.7,"Chemagen","Cincinnati",5,NA,NA,NA,NA,NA,NA,NA,NA,NA,NA,NA,"IBD",0.853769372334288,1.294145
"HSMA33MX","HMP_2019_ibdmdb","H4042","stool","IBD","IBD","schoolage","USA","no","IlluminaHiSeq","31142855",426866,39191546,50,101,"Paolo_Manghi","UC",15,"male",NA,17,"no",NA,NA,30.7,"Chemagen","Cincinnati",2,NA,NA,NA,NA,NA,NA,NA,NA,NA,NA,NA,"IBD",0.949694260634869,1.664535
"HSMA33IS","HMP_2019_ibdmdb","H4042","stool","IBD","IBD","schoolage","USA","no","IlluminaHiSeq","31142855",3863374,353888415,50,101,"Paolo_Manghi","UC",15,"male",NA,179,"no",NA,NA,30.7,"Chemagen","Cincinnati",15,NA,NA,NA,NA,NA,NA,NA,NA,NA,NA,NA,"IBD",2.83941655503538,8.466975
"HSMA33MZ","HMP_2019_ibdmdb","H4042","stool","IBD","IBD","schoolage","USA","no","IlluminaHiSeq","31142855",15236270,1397109673,50,101,"Paolo_Manghi","UC",15,"male",NA,31,"no",NA,NA,30.7,"Chemagen","Cincinnati",3,NA,NA,NA,NA,NA,NA,NA,NA,NA,NA,NA,"IBD",0.59036689341484,6.019715
"HSMA33RF","HMP_2019_ibdmdb","H4042","stool","IBD","IBD","schoolage","USA","no","IlluminaHiSeq","31142855",16178006,1486482950,50,101,"Paolo_Manghi","UC",15,"male",NA,274,"no",NA,NA,30.7,"Chemagen","Cincinnati",23,NA,NA,NA,NA,NA,NA,NA,NA,NA,NA,NA,"IBD",2.07511420508567,8.71588499999999
"HSMA33RD","HMP_2019_ibdmdb","H4042","stool","IBD","IBD","schoolage","USA","no","IlluminaHiSeq","31142855",30422208,2788575248,50,101,"Paolo_Manghi","UC",15,"male",NA,253,"no",NA,NA,30.7,"Chemagen","Cincinnati",20,NA,NA,NA,NA,NA,NA,NA,NA,NA,NA,NA,"IBD",1.52625041087286,9.16995499999999
"HSMA33R9","HMP_2019_ibdmdb","H4043","stool","IBD","IBD","schoolage","USA","no","IlluminaHiSeq","31142855",11229106,1020946532,50,101,"Paolo_Manghi","CD",14,"female",NA,233,"no",NA,NA,22,"Chemagen","Cincinnati",21,NA,NA,NA,NA,NA,NA,NA,NA,NA,NA,NA,"IBD",2.65407914283712,8.223675
"HSMA33QY","HMP_2019_ibdmdb","H4043","stool","IBD","IBD","schoolage","USA","no","IlluminaHiSeq","31142855",13163986,1215325169,50,101,"Paolo_Manghi","CD",14,"female",NA,161,"no",NA,NA,22,"Chemagen","Cincinnati",12,NA,NA,NA,NA,NA,NA,NA,NA,NA,NA,NA,"IBD",2.644508027123,7.993765
"HSMA33IE","HMP_2019_ibdmdb","H4043","stool","IBD","IBD","schoolage","USA","no","IlluminaHiSeq","31142855",16808400,1544630120,50,101,"Paolo_Manghi","CD",14,"female",NA,0,"no",NA,NA,22,"Chemagen","Cincinnati",1,NA,NA,NA,NA,NA,NA,NA,NA,NA,NA,NA,"IBD",2.31675823705396,6.698525
"HSMA33R7","HMP_2019_ibdmdb","H4043","stool","IBD","IBD","schoolage","USA","no","IlluminaHiSeq","31142855",17112344,1565055755,50,101,"Paolo_Manghi","CD",14,"female",NA,217,"no",NA,NA,22,"Chemagen","Cincinnati",18,NA,NA,NA,NA,NA,NA,NA,NA,NA,NA,NA,"IBD",2.14513267601361,8.207075
"HSMA33S4","HMP_2019_ibdmdb","H4043","stool","IBD","IBD","schoolage","USA","no","IlluminaHiSeq","31142855",18033316,1647311229,50,101,"Paolo_Manghi","CD",14,"female",NA,254,"no",NA,NA,22,"Chemagen","Cincinnati",22,NA,NA,NA,NA,NA,NA,NA,NA,NA,NA,NA,"IBD",2.39685789524015,7.140315
"HSMA33IK","HMP_2019_ibdmdb","H4043","stool","IBD","IBD","schoolage","USA","no","IlluminaHiSeq","31142855",19867416,1842465261,50,101,"Paolo_Manghi","CD",14,"female",NA,43,"no",NA,NA,22,"Chemagen","Cincinnati",4,NA,NA,NA,NA,NA,NA,NA,NA,NA,NA,NA,"IBD",2.40151717385588,7.396875
"HSMA33IG","HMP_2019_ibdmdb","H4043","stool","IBD","IBD","schoolage","USA","no","IlluminaHiSeq","31142855",20665528,1878813270,50,101,"Paolo_Manghi","CD",14,"female",NA,15,"no",NA,NA,22,"Chemagen","Cincinnati",2,NA,NA,NA,NA,NA,NA,NA,NA,NA,NA,NA,"IBD",2.33500871550239,5.705555
"HSMA33R1","HMP_2019_ibdmdb","H4043","stool","IBD","IBD","schoolage","USA","no","IlluminaHiSeq","31142855",26266308,2415065521,50,101,"Paolo_Manghi","CD",14,"female",NA,168,"no",NA,NA,22,"Chemagen","Cincinnati",14,NA,NA,NA,NA,NA,NA,NA,NA,NA,NA,NA,"IBD",2.36699025565597,6.648795
"HSMA33R5","HMP_2019_ibdmdb","H4043","stool","IBD","IBD","schoolage","USA","no","IlluminaHiSeq","31142855",28110192,2596412267,50,101,"Paolo_Manghi","CD",14,"female",NA,197,"no",NA,NA,22,"Chemagen","Cincinnati",17,NA,NA,NA,NA,NA,NA,NA,NA,NA,NA,NA,"IBD",2.52266449454097,7.730265
"HSMA33LP","HMP_2019_ibdmdb","H4043","stool","IBD","IBD","schoolage","USA","no","IlluminaHiSeq","31142855",31744010,2887167604,50,101,"Paolo_Manghi","CD",14,"female",NA,99,"no",NA,NA,22,"Chemagen","Cincinnati",9,NA,NA,NA,NA,NA,NA,NA,NA,NA,NA,NA,"IBD",2.74903145131861,10.182905
"HSMA33P2_P","HMP_2019_ibdmdb","H4044","stool","IBD","IBD","schoolage","USA","no","IlluminaHiSeq","29311644",29631468,2934765866,51,101,"Paolo_Manghi","UC",16,"male",NA,20,"no",NA,NA,22.3,"Chemagen","Cincinnati",2,NA,NA,NA,NA,NA,NA,NA,NA,NA,NA,NA,"IBD",2.24418694831452,8.26336499999999
"HSMA33LB","HMP_2019_ibdmdb","H4044","stool","IBD","IBD","schoolage","USA","no","IlluminaHiSeq","31142855",3451658,324320264,50,101,"Paolo_Manghi","UC",16,"male",NA,112,"no",NA,NA,22.3,"Chemagen","Cincinnati",10,NA,NA,NA,NA,NA,NA,NA,NA,NA,NA,NA,"IBD",1.86053053887828,4.174125
"HSMA33RR","HMP_2019_ibdmdb","H4044","stool","IBD","IBD","schoolage","USA","no","IlluminaHiSeq","31142855",4899552,444465361,50,101,"Paolo_Manghi","UC",16,"male",NA,202,"no",NA,NA,22.3,"Chemagen","Cincinnati",17,NA,NA,NA,NA,NA,NA,NA,NA,NA,NA,NA,"IBD",1.63586076783643,3.220865
"HSMA33LH","HMP_2019_ibdmdb","H4044","stool","IBD","IBD","schoolage","USA","no","IlluminaHiSeq","31142855",7562584,705573814,50,101,"Paolo_Manghi","UC",16,"male",NA,162,"no",NA,NA,22.3,"Chemagen","Cincinnati",13,NA,NA,NA,NA,NA,NA,NA,NA,NA,NA,NA,"IBD",1.91462350353268,4.702365
"HSMA33LH_TR","HMP_2019_ibdmdb","H4044","stool","IBD","IBD","schoolage","USA","no","IlluminaHiSeq","31142855",15631892,1481836768,50,101,"Paolo_Manghi","UC",16,"male",NA,162,"no",NA,NA,22.3,"Chemagen","Cincinnati",13,NA,NA,NA,NA,NA,NA,NA,NA,NA,NA,NA,"IBD",1.98107345060189,6.205015
"HSMA33NW","HMP_2019_ibdmdb","H4044","stool","IBD","IBD","schoolage","USA","no","IlluminaHiSeq","31142855",18580284,1706337761,50,101,"Paolo_Manghi","UC",16,"male",NA,0,"no",NA,NA,22.3,"Chemagen","Cincinnati",1,NA,NA,NA,NA,NA,NA,NA,NA,NA,NA,NA,"IBD",2.41708272138492,8.530475
"HSMA33P6","HMP_2019_ibdmdb","H4044","stool","IBD","IBD","schoolage","USA","no","IlluminaHiSeq","31142855",20378234,1903062436,50,101,"Paolo_Manghi","UC",16,"male",NA,44,"no",NA,NA,22.3,"Chemagen","Cincinnati",4,NA,NA,NA,NA,NA,NA,NA,NA,NA,NA,NA,"IBD",2.4714647235077,8.020805
"HSMA33LJ","HMP_2019_ibdmdb","H4044","stool","IBD","IBD","schoolage","USA","no","IlluminaHiSeq","31142855",22405000,2076052476,50,101,"Paolo_Manghi","UC",16,"male",NA,173,"no",NA,NA,22.3,"Chemagen","Cincinnati",15,NA,NA,NA,NA,NA,NA,NA,NA,NA,NA,NA,"IBD",2.24885589243603,6.243665
"HSMA33RT","HMP_2019_ibdmdb","H4044","stool","IBD","IBD","schoolage","USA","no","IlluminaHiSeq","31142855",25322008,2337257630,50,101,"Paolo_Manghi","UC",16,"male",NA,271,"no",NA,NA,22.3,"Chemagen","Cincinnati",23,NA,NA,NA,NA,NA,NA,NA,NA,NA,NA,NA,"IBD",2.24376591383889,6.051945
"HSMA33RX_TR","HMP_2019_ibdmdb","H4044","stool","IBD","IBD","schoolage","USA","no","IlluminaHiSeq","31142855",27058272,2587663226,50,101,"Paolo_Manghi","UC",16,"male",NA,316,"no",NA,NA,22.3,"Chemagen","Cincinnati",24,NA,NA,NA,NA,NA,NA,NA,NA,NA,NA,NA,"IBD",1.84960153716712,5.292425
"HSMA33IC","HMP_2019_ibdmdb","H4044","stool","IBD","IBD","schoolage","USA","no","IlluminaHiSeq","31142855",28462072,2614326379,50,101,"Paolo_Manghi","UC",16,"male",NA,58,"no",NA,NA,22.3,"Chemagen","Cincinnati",6,NA,NA,NA,NA,NA,NA,NA,NA,NA,NA,NA,"IBD",2.27137021595227,7.927545
"HSMA33IA","HMP_2019_ibdmdb","H4044","stool","IBD","IBD","schoolage","USA","no","IlluminaHiSeq","31142855",34561150,3210264407,50,101,"Paolo_Manghi","UC",16,"male",NA,48,"no",NA,NA,22.3,"Chemagen","Cincinnati",5,NA,NA,NA,NA,NA,NA,NA,NA,NA,NA,NA,"IBD",1.92423775349894,5.198475
"HSMA33RX","HMP_2019_ibdmdb","H4044","stool","IBD","IBD","schoolage","USA","no","IlluminaHiSeq","31142855",37551074,3491817727,50,101,"Paolo_Manghi","UC",16,"male",NA,316,"no",NA,NA,22.3,"Chemagen","Cincinnati",24,NA,NA,NA,NA,NA,NA,NA,NA,NA,NA,NA,"IBD",2.03840002934057,6.882315
"HSMA33J1_P","HMP_2019_ibdmdb","H4045","stool","control","healthy","schoolage","USA","no","IlluminaHiSeq","29311644",19022196,1859337152,50,101,"Paolo_Manghi",NA,14,"female",NA,11,"no",NA,NA,33.8,"Chemagen","Cincinnati",2,NA,NA,NA,NA,NA,NA,NA,NA,NA,NA,NA,"Healthy",2.40588019445661,8.757785
"HSMA33SG","HMP_2019_ibdmdb","H4045","stool","control","healthy","schoolage","USA","no","IlluminaHiSeq","31142855",12952644,1201829173,50,101,"Paolo_Manghi",NA,14,"female",NA,250,"no",NA,NA,33.8,"Chemagen","Cincinnati",22,NA,NA,NA,NA,NA,NA,NA,NA,NA,NA,NA,"Healthy",2.86102082347391,9.994405
"HSMA33J7","HMP_2019_ibdmdb","H4045","stool","control","healthy","schoolage","USA","no","IlluminaHiSeq","31142855",19588754,1793805454,50,101,"Paolo_Manghi",NA,14,"female",NA,53,"no",NA,NA,33.8,"Chemagen","Cincinnati",5,NA,NA,NA,NA,NA,NA,NA,NA,NA,NA,NA,"Healthy",2.55510825065413,8.337685
"HSMA33J9","HMP_2019_ibdmdb","H4045","stool","control","healthy","schoolage","USA","no","IlluminaHiSeq","31142855",20287678,1859302758,50,101,"Paolo_Manghi",NA,14,"female",NA,76,"no",NA,NA,33.8,"Chemagen","Cincinnati",6,NA,NA,NA,NA,NA,NA,NA,NA,NA,NA,NA,"Healthy",2.9033784513532,9.968105
"HSMA33NY","HMP_2019_ibdmdb","H4045","stool","control","healthy","schoolage","USA","no","IlluminaHiSeq","31142855",20998344,1903444720,50,101,"Paolo_Manghi",NA,14,"female",NA,0,"no",NA,NA,33.8,"Chemagen","Cincinnati",1,NA,NA,NA,NA,NA,NA,NA,NA,NA,NA,NA,"Healthy",2.5114765977494,9.417495
"HSMA33SI","HMP_2019_ibdmdb","H4045","stool","control","healthy","schoolage","USA","no","IlluminaHiSeq","31142855",23698670,2151184405,50,101,"Paolo_Manghi",NA,14,"female",NA,265,"no",NA,NA,33.8,"Chemagen","Cincinnati",23,NA,NA,NA,NA,NA,NA,NA,NA,NA,NA,NA,"Healthy",3.06995929622438,10.982425
"HSMA33SK","HMP_2019_ibdmdb","H4045","stool","control","healthy","schoolage","USA","no","IlluminaHiSeq","31142855",26277774,2388814857,50,101,"Paolo_Manghi",NA,14,"female",NA,278,"no",NA,NA,33.8,"Chemagen","Cincinnati",24,NA,NA,NA,NA,NA,NA,NA,NA,NA,NA,NA,"Healthy",2.83347730243342,9.657395
"HSMA33MS","HMP_2019_ibdmdb","H4045","stool","control","healthy","schoolage","USA","no","IlluminaHiSeq","31142855",27639858,2515966644,50,101,"Paolo_Manghi",NA,14,"female",NA,112,"no",NA,NA,33.8,"Chemagen","Cincinnati",10,NA,NA,NA,NA,NA,NA,NA,NA,NA,NA,NA,"Healthy",1.94173316431939,7.81933499999999
"HSMA33J5","HMP_2019_ibdmdb","H4045","stool","control","healthy","schoolage","USA","no","IlluminaHiSeq","31142855",27834984,2548749795,50,101,"Paolo_Manghi",NA,14,"female",NA,41,"no",NA,NA,33.8,"Chemagen","Cincinnati",4,NA,NA,NA,NA,NA,NA,NA,NA,NA,NA,NA,"Healthy",1.741611183732,8.501785
"HSMA33QM","HMP_2019_ibdmdb","H4045","stool","control","healthy","schoolage","USA","no","IlluminaHiSeq","31142855",28736658,2590949303,50,101,"Paolo_Manghi",NA,14,"female",NA,162,"no",NA,NA,33.8,"Chemagen","Cincinnati",15,NA,NA,NA,NA,NA,NA,NA,NA,NA,NA,NA,"Healthy",2.67518464749342,10.240305
"HSMA33SE","HMP_2019_ibdmdb","H4045","stool","control","healthy","schoolage","USA","no","IlluminaHiSeq","31142855",30448356,2740077359,50,101,"Paolo_Manghi",NA,14,"female",NA,235,"no",NA,NA,33.8,"Chemagen","Cincinnati",20,NA,NA,NA,NA,NA,NA,NA,NA,NA,NA,NA,"Healthy",2.88403053118066,10.511375
"HSMA33QO","HMP_2019_ibdmdb","H4045","stool","control","healthy","schoolage","USA","no","IlluminaHiSeq","31142855",30557288,2815266305,50,101,"Paolo_Manghi",NA,14,"female",NA,179,"no",NA,NA,33.8,"Chemagen","Cincinnati",16,NA,NA,NA,NA,NA,NA,NA,NA,NA,NA,NA,"Healthy",1.24020291670266,7.784945
"HSMA33J3","HMP_2019_ibdmdb","H4045","stool","control","healthy","schoolage","USA","no","IlluminaHiSeq","31142855",36005054,3333728391,50,101,"Paolo_Manghi",NA,14,"female",NA,26,"no",NA,NA,33.8,"Chemagen","Cincinnati",3,NA,NA,NA,NA,NA,NA,NA,NA,NA,NA,NA,"Healthy",1.64032367237571,8.321915
"MSM5LLD6_P","HMP_2019_ibdmdb","M2008","stool","IBD","IBD","adult","USA","no","IlluminaHiSeq","29311644",21994828,2129045510,50,101,"Paolo_Manghi","CD",30,"female",NA,219,"no",NA,NA,24.1,"Chemagen","Boston",18,NA,NA,NA,NA,NA,NA,NA,NA,NA,NA,NA,"IBD",1.88436026481673,6.347865
"MSM5LLI4_P","HMP_2019_ibdmdb","M2008","stool","IBD","IBD","adult","USA","no","IlluminaHiSeq","29311644",27713472,2682778122,50,101,"Paolo_Manghi","CD",30,"female",NA,177,"no",NA,NA,24.1,"Chemagen","Boston",15,NA,NA,NA,NA,NA,NA,NA,NA,NA,NA,NA,"IBD",1.85243856898682,7.206155
"MSM5LLHQ_P","HMP_2019_ibdmdb","M2008","stool","IBD","IBD","adult","USA","no","IlluminaHiSeq","29311644",30067296,2910494110,50,101,"Paolo_Manghi","CD",30,"female",NA,191,"no",NA,NA,24.1,"Chemagen","Boston",16,NA,NA,NA,NA,NA,NA,NA,NA,NA,NA,NA,"IBD",1.49187412902625,6.057115
"MSM5LLHX_P","HMP_2019_ibdmdb","M2008","stool","IBD","IBD","adult","USA","no","IlluminaHiSeq","29311644",32405094,3144701163,50,101,"Paolo_Manghi","CD",30,"female",NA,100,"no",NA,NA,24.1,"Chemagen","Boston",9,NA,NA,NA,NA,NA,NA,NA,NA,NA,NA,NA,"IBD",2.06078313047992,7.587455
"MSM5LLI6_P","HMP_2019_ibdmdb","M2008","stool","IBD","IBD","adult","USA","no","IlluminaHiSeq","29311644",37817998,3669431544,50,101,"Paolo_Manghi","CD",30,"female",NA,156,"no",NA,NA,24.1,"Chemagen","Boston",13,NA,NA,NA,NA,NA,NA,NA,NA,NA,NA,NA,"IBD",1.89858478905976,7.96020499999999
"MSM5LLI2_P","HMP_2019_ibdmdb","M2008","stool","IBD","IBD","adult","USA","no","IlluminaHiSeq","29311644",38707784,3757661353,50,101,"Paolo_Manghi","CD",30,"female",NA,128,"no",NA,NA,24.1,"Chemagen","Boston",11,NA,NA,NA,NA,NA,NA,NA,NA,NA,NA,NA,"IBD",1.62290266942407,7.050385
"MSM5LLI8_P","HMP_2019_ibdmdb","M2008","stool","IBD","IBD","adult","USA","no","IlluminaHiSeq","29311644",63325972,6162873698,50,101,"Paolo_Manghi","CD",30,"female",NA,149,"no",NA,NA,24.1,"Chemagen","Boston",12,NA,NA,NA,NA,NA,NA,NA,NA,NA,NA,NA,"IBD",1.53987411671832,7.97404499999999
"MSM5LLDU","HMP_2019_ibdmdb","M2008","stool","IBD","IBD","adult","USA","no","IlluminaHiSeq","31142855",91380,8698365,50,101,"Paolo_Manghi","CD",30,"female",NA,84,"no",NA,NA,24.1,"Chemagen","Boston",8,NA,NA,NA,NA,NA,NA,NA,NA,NA,NA,NA,"IBD",0.825928187259466,1.697515
"MSM6J2LB","HMP_2019_ibdmdb","M2008","stool","IBD","IBD","adult","USA","no","IlluminaHiSeq","31142855",4308562,401392710,50,101,"Paolo_Manghi","CD",30,"female",NA,366,"no",NA,NA,24.1,"Chemagen","Boston",25,NA,NA,NA,NA,NA,NA,NA,NA,NA,NA,NA,"IBD",2.08203769101533,5.131815
"MSM5LLDE","HMP_2019_ibdmdb","M2008","stool","IBD","IBD","adult","USA","no","IlluminaHiSeq","31142855",6142548,579612209,50,101,"Paolo_Manghi","CD",30,"female",NA,247,"no",NA,NA,24.1,"Chemagen","Boston",20,NA,NA,NA,NA,NA,NA,NA,NA,NA,NA,NA,"IBD",2.20588694968953,6.395315
"MSM5LLDS","HMP_2019_ibdmdb","M2008","stool","IBD","IBD","adult","USA","no","IlluminaHiSeq","31142855",10348874,978777662,50,101,"Paolo_Manghi","CD",30,"female",NA,70,"no",NA,NA,24.1,"Chemagen","Boston",6,NA,NA,NA,NA,NA,NA,NA,NA,NA,NA,NA,"IBD",1.63867618205231,5.240245
"MSM5LLDI","HMP_2019_ibdmdb","M2008","stool","IBD","IBD","adult","USA","no","IlluminaHiSeq","31142855",11278734,1052487015,50,101,"Paolo_Manghi","CD",30,"female",NA,0,"no",NA,NA,24.1,"Chemagen","Boston",1,NA,NA,NA,NA,NA,NA,NA,NA,NA,NA,NA,"IBD",1.93998091497926,8.569175
"MSM5LLDK","HMP_2019_ibdmdb","M2008","stool","IBD","IBD","adult","USA","no","IlluminaHiSeq","31142855",14102564,1316954800,50,101,"Paolo_Manghi","CD",30,"female",NA,8,"no",NA,NA,24.1,"Chemagen","Boston",2,NA,NA,NA,NA,NA,NA,NA,NA,NA,NA,NA,"IBD",2.13269494390093,9.078745
"MSM5LLDA","HMP_2019_ibdmdb","M2008","stool","IBD","IBD","adult","USA","no","IlluminaHiSeq","31142855",16652100,1540092338,50,101,"Paolo_Manghi","CD",30,"female",NA,259,"no",NA,NA,24.1,"Chemagen","Boston",22,NA,NA,NA,NA,NA,NA,NA,NA,NA,NA,NA,"IBD",2.10438368272539,8.266765
"MSM5LLDM","HMP_2019_ibdmdb","M2008","stool","IBD","IBD","adult","USA","no","IlluminaHiSeq","31142855",18003306,1659779195,50,101,"Paolo_Manghi","CD",30,"female",NA,28,"no",NA,NA,24.1,"Chemagen","Boston",3,NA,NA,NA,NA,NA,NA,NA,NA,NA,NA,NA,"IBD",2.13338043595878,8.993075
"MSM5LLDC","HMP_2019_ibdmdb","M2008","stool","IBD","IBD","adult","USA","no","IlluminaHiSeq","31142855",19929804,1871294091,50,101,"Paolo_Manghi","CD",30,"female",NA,240,"no",NA,NA,24.1,"Chemagen","Boston",19,NA,NA,NA,NA,NA,NA,NA,NA,NA,NA,NA,"IBD",1.88925409106708,6.822995
"MSM5LLDQ","HMP_2019_ibdmdb","M2008","stool","IBD","IBD","adult","USA","no","IlluminaHiSeq","31142855",22952330,2151107680,50,101,"Paolo_Manghi","CD",30,"female",NA,56,"no",NA,NA,24.1,"Chemagen","Boston",5,NA,NA,NA,NA,NA,NA,NA,NA,NA,NA,NA,"IBD",1.94387171598788,8.131135
"MSM5LLE9_P","HMP_2019_ibdmdb","M2010","stool","IBD","IBD","schoolage","USA","no","IlluminaHiSeq","29311644",4544354,449629085,55,101,"Paolo_Manghi","CD",18,"male",NA,114,"no",NA,NA,NA,"Chemagen","Boston",9,NA,NA,NA,NA,NA,NA,NA,NA,NA,NA,NA,"IBD",1.94001394097744,4.906955
"MSM5LLE3_P","HMP_2019_ibdmdb","M2010","stool","IBD","IBD","schoolage","USA","no","IlluminaHiSeq","29311644",29275060,2840914279,50,101,"Paolo_Manghi","CD",18,"male",NA,92,"no",NA,NA,NA,"Chemagen","Boston",6,NA,NA,NA,NA,NA,NA,NA,NA,NA,NA,NA,"IBD",2.59493339022621,9.124975
"MSM5FZ9N_P","HMP_2019_ibdmdb","M2010","stool","IBD","IBD","schoolage","USA","no","IlluminaHiSeq","29311644",34223306,3310452584,50,101,"Paolo_Manghi","CD",18,"male",NA,0,"no",NA,NA,NA,"Chemagen","Boston",1,NA,NA,NA,NA,NA,NA,NA,NA,NA,NA,NA,"IBD",2.35111856799864,7.306225
"MSM633FF_P","HMP_2019_ibdmdb","M2014","stool","IBD","IBD","adult","USA","no","IlluminaHiSeq","29311644",4914624,476892571,54,101,"Paolo_Manghi","CD",30,"male",NA,53,"no",NA,NA,25.4,"Chemagen","Boston",6,NA,NA,NA,NA,NA,NA,NA,NA,NA,NA,NA,"IBD",2.29897293491054,4.918535
"MSM5FZ9X_P","HMP_2019_ibdmdb","M2014","stool","IBD","IBD","adult","USA","no","IlluminaHiSeq","29311644",24426942,2372238988,50,101,"Paolo_Manghi","CD",30,"male",NA,0,"no",NA,NA,25.4,"Chemagen","Boston",1,NA,NA,NA,NA,NA,NA,NA,NA,NA,NA,NA,"IBD",2.19897556415905,8.476075
"MSM5FZA2_P","HMP_2019_ibdmdb","M2014","stool","IBD","IBD","adult","USA","no","IlluminaHiSeq","29311644",27137346,2631187027,50,101,"Paolo_Manghi","CD",30,"male",NA,25,"no",NA,NA,25.4,"Chemagen","Boston",3,NA,NA,NA,NA,NA,NA,NA,NA,NA,NA,NA,"IBD",2.43107609420194,8.229195
"MSM5ZOJY_P","HMP_2019_ibdmdb","M2014","stool","IBD","IBD","adult","USA","no","IlluminaHiSeq","29311644",35365936,3453402624,50,101,"Paolo_Manghi","CD",30,"male",NA,39,"no",NA,NA,25.4,"Chemagen","Boston",4,NA,NA,NA,NA,NA,NA,NA,NA,NA,NA,NA,"IBD",2.15299260734088,8.253115
"MSM5LLGF_P","HMP_2019_ibdmdb","M2014","stool","IBD","IBD","adult","USA","no","IlluminaHiSeq","29311644",35504610,3497205819,55,101,"Paolo_Manghi","CD",30,"male",NA,95,"no",NA,NA,25.4,"Chemagen","Boston",9,NA,NA,NA,NA,NA,NA,NA,NA,NA,NA,NA,"IBD",1.97574126916528,8.283635
"MSM5LLGH_P","HMP_2019_ibdmdb","M2014","stool","IBD","IBD","adult","USA","no","IlluminaHiSeq","29311644",38157284,3705607993,50,101,"Paolo_Manghi","CD",30,"male",NA,81,"no",NA,NA,25.4,"Chemagen","Boston",8,NA,NA,NA,NA,NA,NA,NA,NA,NA,NA,NA,"IBD",1.90638635718236,7.721155
"CSM5LLGB_P","HMP_2019_ibdmdb","M2014","stool","IBD","IBD","adult","USA","no","IlluminaHiSeq","29311644",39669394,3912301366,55,101,"Paolo_Manghi","CD",30,"male",NA,67,"no",NA,NA,25.4,"Chemagen","Boston",7,NA,NA,NA,NA,NA,NA,NA,NA,NA,NA,NA,"IBD",1.76891212541292,9.254265
"MSM5LLGD_P","HMP_2019_ibdmdb","M2014","stool","IBD","IBD","adult","USA","no","IlluminaHiSeq","29311644",42605928,4143225727,50,101,"Paolo_Manghi","CD",30,"male",NA,109,"no",NA,NA,25.4,"Chemagen","Boston",10,NA,NA,NA,NA,NA,NA,NA,NA,NA,NA,NA,"IBD",1.84428938397914,7.238995
"MSM5LLGJ_P","HMP_2019_ibdmdb","M2014","stool","IBD","IBD","adult","USA","no","IlluminaHiSeq","29311644",46042096,4489840822,50,101,"Paolo_Manghi","CD",30,"male",NA,123,"no",NA,NA,25.4,"Chemagen","Boston",11,NA,NA,NA,NA,NA,NA,NA,NA,NA,NA,NA,"IBD",2.1023643296367,8.677595
"MSM6J2J1","HMP_2019_ibdmdb","M2014","stool","IBD","IBD","adult","USA","no","IlluminaHiSeq","31142855",25879496,2452049682,50,101,"Paolo_Manghi","CD",30,"male",NA,221,"no",NA,NA,25.4,"Chemagen","Boston",20,NA,NA,NA,NA,NA,NA,NA,NA,NA,NA,NA,"IBD",2.22527488979264,9.322615
"MSM6J2QR","HMP_2019_ibdmdb","M2014","stool","IBD","IBD","adult","USA","no","IlluminaHiSeq","31142855",28328170,2640398097,50,101,"Paolo_Manghi","CD",30,"male",NA,235,"no",NA,NA,25.4,"Chemagen","Boston",21,NA,NA,NA,NA,NA,NA,NA,NA,NA,NA,NA,"IBD",1.96566503008173,8.855295
"MSM6J2IQ","HMP_2019_ibdmdb","M2014","stool","IBD","IBD","adult","USA","no","IlluminaHiSeq","31142855",30930536,2886441070,50,101,"Paolo_Manghi","CD",30,"male",NA,152,"no",NA,NA,25.4,"Chemagen","Boston",14,NA,NA,NA,NA,NA,NA,NA,NA,NA,NA,NA,"IBD",2.16810106216432,7.394275
"MSM5LLGL","HMP_2019_ibdmdb","M2014","stool","IBD","IBD","adult","USA","no","IlluminaHiSeq","31142855",36259106,3409028279,50,101,"Paolo_Manghi","CD",30,"male",NA,139,"no",NA,NA,25.4,"Chemagen","Boston",13,NA,NA,NA,NA,NA,NA,NA,NA,NA,NA,NA,"IBD",1.96059748826473,8.188935
"MSM6J2IY","HMP_2019_ibdmdb","M2014","stool","IBD","IBD","adult","USA","no","IlluminaHiSeq","31142855",54297010,5078049074,50,101,"Paolo_Manghi","CD",30,"male",NA,207,"no",NA,NA,25.4,"Chemagen","Boston",18,NA,NA,NA,NA,NA,NA,NA,NA,NA,NA,NA,"IBD",1.91478747736413,9.791805
"MSM5LLIG_P","HMP_2019_ibdmdb","M2021","stool","IBD","IBD","adult","USA","no","IlluminaHiSeq","29311644",7088002,686450521,50,101,"Paolo_Manghi","CD",26,"male",NA,43,"no",NA,NA,19.1,"Chemagen","Boston",3,NA,NA,NA,NA,NA,NA,NA,NA,NA,NA,NA,"IBD",2.1795309553208,5.945615
"MSM5LLIE_P","HMP_2019_ibdmdb","M2021","stool","IBD","IBD","adult","USA","no","IlluminaHiSeq","29311644",26019268,2527682321,54,101,"Paolo_Manghi","CD",26,"male",NA,30,"no",NA,NA,19.1,"Chemagen","Boston",2,NA,NA,NA,NA,NA,NA,NA,NA,NA,NA,NA,"IBD",2.52444729778834,7.789835
"MSM5LLHR_P","HMP_2019_ibdmdb","M2021","stool","IBD","IBD","adult","USA","no","IlluminaHiSeq","29311644",39494288,3845548307,50,101,"Paolo_Manghi","CD",26,"male",NA,0,"no",NA,NA,19.1,"Chemagen","Boston",1,NA,NA,NA,NA,NA,NA,NA,NA,NA,NA,NA,"IBD",2.4038230802775,9.85183499999999
"MSM5LLIK_P","HMP_2019_ibdmdb","M2021","stool","IBD","IBD","adult","USA","no","IlluminaHiSeq","29311644",40467354,3946748453,50,101,"Paolo_Manghi","CD",26,"male",NA,70,"yes",NA,NA,19.1,"Chemagen","Boston",5,NA,NA,NA,NA,NA,NA,NA,NA,NA,NA,NA,"IBD",1.73901667688891,6.645535
"MSM5LLIM_P","HMP_2019_ibdmdb","M2021","stool","IBD","IBD","adult","USA","no","IlluminaHiSeq","29311644",42906738,4252060287,55,101,"Paolo_Manghi","CD",26,"male",NA,84,"no",NA,NA,19.1,"Chemagen","Boston",6,NA,NA,NA,NA,NA,NA,NA,NA,NA,NA,NA,"IBD",2.10714476383845,8.826335
"MSM5LLER","HMP_2019_ibdmdb","M2021","stool","IBD","IBD","adult","USA","no","IlluminaHiSeq","31142855",28241248,2649393059,50,101,"Paolo_Manghi","CD",26,"male",NA,175,"no",NA,NA,19.1,"Chemagen","Boston",12,NA,NA,NA,NA,NA,NA,NA,NA,NA,NA,NA,"IBD",2.28502930867285,6.665635
"MSM5LLEP","HMP_2019_ibdmdb","M2021","stool","IBD","IBD","adult","USA","no","IlluminaHiSeq","31142855",31915668,2994346715,50,101,"Paolo_Manghi","CD",26,"male",NA,148,"no",NA,NA,19.1,"Chemagen","Boston",11,NA,NA,NA,NA,NA,NA,NA,NA,NA,NA,NA,"IBD",2.4398785203024,8.881155
"MSM6J2LT","HMP_2019_ibdmdb","M2021","stool","IBD","IBD","adult","USA","no","IlluminaHiSeq","31142855",32106896,2993468449,50,101,"Paolo_Manghi","CD",26,"male",NA,238,"no",NA,NA,19.1,"Chemagen","Boston",19,NA,NA,NA,NA,NA,NA,NA,NA,NA,NA,NA,"IBD",2.35100564609332,7.53527499999999
"MSM5LLHV_P","HMP_2019_ibdmdb","M2024","stool","IBD","IBD","adult","USA","no","IlluminaHiSeq","29311644",18601998,1795901039,50,101,"Paolo_Manghi","UC",38,"female",NA,0,"no",NA,NA,NA,"Chemagen","Boston",1,NA,NA,NA,NA,NA,NA,NA,NA,NA,NA,NA,"IBD",2.63379590780703,9.717145
"MSM5LLHE_P","HMP_2019_ibdmdb","M2025","stool","IBD","IBD","adult","USA","no","IlluminaHiSeq","29311644",1664708,160158975,54,101,"Paolo_Manghi","CD",43,"female",NA,21,"no",NA,NA,19.3,"Chemagen","Boston",2,NA,NA,NA,NA,NA,NA,NA,NA,NA,NA,NA,"IBD",2.20159283809243,2.731975
"MSM5LLHG_P","HMP_2019_ibdmdb","M2025","stool","IBD","IBD","adult","USA","no","IlluminaHiSeq","29311644",31510884,3054987859,54,101,"Paolo_Manghi","CD",43,"female",NA,44,"no",NA,NA,19.3,"Chemagen","Boston",3,NA,NA,NA,NA,NA,NA,NA,NA,NA,NA,NA,"IBD",2.72153164020436,9.014625
"MSM5LLIC_P","HMP_2019_ibdmdb","M2025","stool","IBD","IBD","adult","USA","no","IlluminaHiSeq","29311644",35456488,3459855869,50,101,"Paolo_Manghi","CD",43,"female",NA,0,"no",NA,NA,19.3,"Chemagen","Boston",1,NA,NA,NA,NA,NA,NA,NA,NA,NA,NA,NA,"IBD",2.6129203772762,12.020505
"MSM5LLHI_P","HMP_2019_ibdmdb","M2025","stool","IBD","IBD","adult","USA","no","IlluminaHiSeq","29311644",37876960,3683907933,50,101,"Paolo_Manghi","CD",43,"female",NA,58,"yes",NA,NA,19.3,"Chemagen","Boston",4,NA,NA,NA,NA,NA,NA,NA,NA,NA,NA,NA,"IBD",2.67598847554076,7.71015499999999
"MSM5LLHO_P","HMP_2019_ibdmdb","M2025","stool","IBD","IBD","adult","USA","no","IlluminaHiSeq","29311644",40857846,3967863408,50,101,"Paolo_Manghi","CD",43,"female",NA,100,"yes",NA,NA,19.3,"Chemagen","Boston",8,NA,NA,NA,NA,NA,NA,NA,NA,NA,NA,NA,"IBD",2.61544730663079,8.02280499999999
"MSM6J2JB","HMP_2019_ibdmdb","M2025","stool","IBD","IBD","adult","USA","no","IlluminaHiSeq","31142855",12318992,1151358455,50,101,"Paolo_Manghi","CD",43,"female",NA,161,"no",NA,NA,19.3,"Chemagen","Boston",12,NA,NA,NA,NA,NA,NA,NA,NA,NA,NA,NA,"IBD",2.40470067490806,7.489045
"MSM6J2J3","HMP_2019_ibdmdb","M2025","stool","IBD","IBD","adult","USA","no","IlluminaHiSeq","31142855",17916850,1647407673,50,101,"Paolo_Manghi","CD",43,"female",NA,113,"no",NA,NA,19.3,"Chemagen","Boston",9,NA,NA,NA,NA,NA,NA,NA,NA,NA,NA,NA,"IBD",2.21497412809405,10.231895
"MSM6J2J5","HMP_2019_ibdmdb","M2025","stool","IBD","IBD","adult","USA","no","IlluminaHiSeq","31142855",22441534,2068350513,50,101,"Paolo_Manghi","CD",43,"female",NA,128,"no",NA,NA,19.3,"Chemagen","Boston",10,NA,NA,NA,NA,NA,NA,NA,NA,NA,NA,NA,"IBD",2.82396142169758,9.01975500000001
"MSM6J2JD","HMP_2019_ibdmdb","M2025","stool","IBD","IBD","adult","USA","no","IlluminaHiSeq","31142855",23263962,2130455242,50,101,"Paolo_Manghi","CD",43,"female",NA,171,"no",NA,NA,19.3,"Chemagen","Boston",13,NA,NA,NA,NA,NA,NA,NA,NA,NA,NA,NA,"IBD",2.48592047476671,8.730725
"MSM6J2PK","HMP_2019_ibdmdb","M2025","stool","IBD","IBD","adult","USA","no","IlluminaHiSeq","31142855",27555356,2558076024,50,101,"Paolo_Manghi","CD",43,"female",NA,245,"yes",NA,NA,19.3,"Chemagen","Boston",19,NA,NA,NA,NA,NA,NA,NA,NA,NA,NA,NA,"IBD",2.59022729212968,7.126025
"MSM6J2PM","HMP_2019_ibdmdb","M2025","stool","IBD","IBD","adult","USA","no","IlluminaHiSeq","31142855",33448572,3112596709,50,101,"Paolo_Manghi","CD",43,"female",NA,269,"no",NA,NA,19.3,"Chemagen","Boston",22,NA,NA,NA,NA,NA,NA,NA,NA,NA,NA,NA,"IBD",2.78266683299118,8.193945
"MSM5LLFK_P","HMP_2019_ibdmdb","M2026","stool","IBD","IBD","adult","USA","no","IlluminaHiSeq","29311644",11070576,1083601548,55,101,"Paolo_Manghi","UC",21,"female",NA,14,"no",NA,NA,20.3,"Chemagen","Boston",2,NA,NA,NA,NA,NA,NA,NA,NA,NA,NA,NA,"IBD",1.24125757899513,3.499445
"MSM5LLFM_P","HMP_2019_ibdmdb","M2026","stool","IBD","IBD","adult","USA","no","IlluminaHiSeq","29311644",12360040,1193236484,50,101,"Paolo_Manghi","UC",21,"female",NA,30,"no",NA,NA,20.3,"Chemagen","Boston",3,NA,NA,NA,NA,NA,NA,NA,NA,NA,NA,NA,"IBD",1.32720127537092,4.492445
"MSM5LLFU_P","HMP_2019_ibdmdb","M2026","stool","IBD","IBD","adult","USA","no","IlluminaHiSeq","29311644",13997588,1376225175,55,101,"Paolo_Manghi","UC",21,"female",NA,85,"no",NA,NA,20.3,"Chemagen","Boston",8,NA,NA,NA,NA,NA,NA,NA,NA,NA,NA,NA,"IBD",1.43354906491335,4.921175
"MSM5LLIQ_P","HMP_2019_ibdmdb","M2026","stool","IBD","IBD","adult","USA","no","IlluminaHiSeq","29311644",16698134,1618197312,50,101,"Paolo_Manghi","UC",21,"female",NA,0,"no",NA,NA,20.3,"Chemagen","Boston",1,NA,NA,NA,NA,NA,NA,NA,NA,NA,NA,NA,"IBD",0.85993646364757,1.470515
"MSM5LLFO_P","HMP_2019_ibdmdb","M2026","stool","IBD","IBD","adult","USA","no","IlluminaHiSeq","29311644",25192970,2451869111,50,101,"Paolo_Manghi","UC",21,"female",NA,44,"no",NA,NA,20.3,"Chemagen","Boston",4,NA,NA,NA,NA,NA,NA,NA,NA,NA,NA,NA,"IBD",1.13645652406217,4.567075
"MSM6J2HH","HMP_2019_ibdmdb","M2026","stool","IBD","IBD","adult","USA","no","IlluminaHiSeq","31142855",2683018,254993682,50,101,"Paolo_Manghi","UC",21,"female",NA,141,"no",NA,NA,20.3,"Chemagen","Boston",12,NA,NA,NA,NA,NA,NA,NA,NA,NA,NA,NA,"IBD",1.75941175716704,3.686815
"MSM6J2OH","HMP_2019_ibdmdb","M2026","stool","IBD","IBD","adult","USA","no","IlluminaHiSeq","31142855",5713174,540192493,50,101,"Paolo_Manghi","UC",21,"female",NA,188,"no",NA,NA,20.3,"Chemagen","Boston",16,NA,NA,NA,NA,NA,NA,NA,NA,NA,NA,NA,"IBD",1.45054347410281,4.271395
"MSM6J2HJ","HMP_2019_ibdmdb","M2026","stool","IBD","IBD","adult","USA","no","IlluminaHiSeq","31142855",8335262,789199156,50,101,"Paolo_Manghi","UC",21,"female",NA,156,"no",NA,NA,20.3,"Chemagen","Boston",13,NA,NA,NA,NA,NA,NA,NA,NA,NA,NA,NA,"IBD",1.84660756002336,5.385645
"MSM6J2HD","HMP_2019_ibdmdb","M2026","stool","IBD","IBD","adult","USA","no","IlluminaHiSeq","31142855",13070864,1236209701,50,101,"Paolo_Manghi","UC",21,"female",NA,120,"no",NA,NA,20.3,"Chemagen","Boston",10,NA,NA,NA,NA,NA,NA,NA,NA,NA,NA,NA,"IBD",1.28050769494437,4.738135
"MSM6J2HF","HMP_2019_ibdmdb","M2026","stool","IBD","IBD","adult","USA","no","IlluminaHiSeq","31142855",15423118,1448688486,50,101,"Paolo_Manghi","UC",21,"female",NA,128,"no",NA,NA,20.3,"Chemagen","Boston",11,NA,NA,NA,NA,NA,NA,NA,NA,NA,NA,NA,"IBD",1.31450818949561,5.737895
"MSM6J2HL","HMP_2019_ibdmdb","M2026","stool","IBD","IBD","adult","USA","no","IlluminaHiSeq","31142855",16657832,1567742349,50,101,"Paolo_Manghi","UC",21,"female",NA,170,"no",NA,NA,20.3,"Chemagen","Boston",15,NA,NA,NA,NA,NA,NA,NA,NA,NA,NA,NA,"IBD",1.54546437474658,4.546825
"MSM6J2ON","HMP_2019_ibdmdb","M2026","stool","IBD","IBD","adult","USA","no","IlluminaHiSeq","31142855",19509460,1839425872,50,101,"Paolo_Manghi","UC",21,"female",NA,232,"no",NA,NA,20.3,"Chemagen","Boston",19,NA,NA,NA,NA,NA,NA,NA,NA,NA,NA,NA,"IBD",1.099288858452,5.066855
"MSM6J2OL","HMP_2019_ibdmdb","M2026","stool","IBD","IBD","adult","USA","no","IlluminaHiSeq","31142855",26960904,2530332749,50,101,"Paolo_Manghi","UC",21,"female",NA,219,"no",NA,NA,20.3,"Chemagen","Boston",18,NA,NA,NA,NA,NA,NA,NA,NA,NA,NA,NA,"IBD",1.12574556837311,5.800185
"MSM6J2OP","HMP_2019_ibdmdb","M2026","stool","IBD","IBD","adult","USA","no","IlluminaHiSeq","31142855",32352994,3019589971,50,101,"Paolo_Manghi","UC",21,"female",NA,280,"no",NA,NA,20.3,"Chemagen","Boston",24,NA,NA,NA,NA,NA,NA,NA,NA,NA,NA,NA,"IBD",1.16361253681733,6.227075
"MSM79HEA","HMP_2019_ibdmdb","M2026","stool","IBD","IBD","adult","USA","no","IlluminaHiSeq","31142855",32702794,3065557655,50,101,"Paolo_Manghi","UC",21,"female",NA,320,"no",NA,NA,20.3,"Chemagen","Boston",26,NA,NA,NA,NA,NA,NA,NA,NA,NA,NA,NA,"IBD",1.36474157545788,5.566845
"MSM6J2OJ","HMP_2019_ibdmdb","M2026","stool","IBD","IBD","adult","USA","no","IlluminaHiSeq","31142855",37290890,3449573600,50,101,"Paolo_Manghi","UC",21,"female",NA,204,"no",NA,NA,20.3,"Chemagen","Boston",17,NA,NA,NA,NA,NA,NA,NA,NA,NA,NA,NA,"IBD",1.31010188392929,8.358295
"MSM5LLHA_P","HMP_2019_ibdmdb","M2027","stool","IBD","IBD","adult","USA","no","IlluminaHiSeq","29311644",23195324,2288213222,56,101,"Paolo_Manghi","CD",41,"male",NA,81,"no",NA,NA,23.7,"Chemagen","Boston",6,NA,NA,NA,NA,NA,NA,NA,NA,NA,NA,NA,"IBD",0.940678076929294,7.888105
"MSM5LLH2_P","HMP_2019_ibdmdb","M2027","stool","IBD","IBD","adult","USA","no","IlluminaHiSeq","29311644",29085290,2825230350,50,101,"Paolo_Manghi","CD",41,"male",NA,18,"no",NA,NA,23.7,"Chemagen","Boston",2,NA,NA,NA,NA,NA,NA,NA,NA,NA,NA,NA,"IBD",1.42643138068081,8.78828499999999
"MSM5LLIS_P","HMP_2019_ibdmdb","M2027","stool","IBD","IBD","adult","USA","no","IlluminaHiSeq","29311644",35145206,3424292181,50,101,"Paolo_Manghi","CD",41,"male",NA,0,"no",NA,NA,23.7,"Chemagen","Boston",1,NA,NA,NA,NA,NA,NA,NA,NA,NA,NA,NA,"IBD",0.630126923581095,5.979055
"MSM5LLH8_P","HMP_2019_ibdmdb","M2027","stool","IBD","IBD","adult","USA","no","IlluminaHiSeq","29311644",35805714,3543604208,55,101,"Paolo_Manghi","CD",41,"male",NA,60,"no",NA,NA,23.7,"Chemagen","Boston",5,NA,NA,NA,NA,NA,NA,NA,NA,NA,NA,NA,"IBD",0.667174917651828,7.05474
"MSM5LLH4_P","HMP_2019_ibdmdb","M2027","stool","IBD","IBD","adult","USA","no","IlluminaHiSeq","29311644",50710014,5010998169,55,101,"Paolo_Manghi","CD",41,"male",NA,32,"no",NA,NA,23.7,"Chemagen","Boston",3,NA,NA,NA,NA,NA,NA,NA,NA,NA,NA,NA,"IBD",0.793468028305747,9.29104
"MSM6J2KM","HMP_2019_ibdmdb","M2027","stool","IBD","IBD","adult","USA","no","IlluminaHiSeq","31142855",21727414,2016572500,50,101,"Paolo_Manghi","CD",41,"male",NA,172,"no",NA,NA,23.7,"Chemagen","Boston",15,NA,NA,NA,NA,NA,NA,NA,NA,NA,NA,NA,"IBD",1.22238882680185,7.220115
"MSM6J2KE","HMP_2019_ibdmdb","M2027","stool","IBD","IBD","adult","USA","no","IlluminaHiSeq","31142855",21938292,2048999965,50,101,"Paolo_Manghi","CD",41,"male",NA,130,"no",NA,NA,23.7,"Chemagen","Boston",10,NA,NA,NA,NA,NA,NA,NA,NA,NA,NA,NA,"IBD",0.99657163034575,7.168975
"MSM6J2RA","HMP_2019_ibdmdb","M2027","stool","IBD","IBD","adult","USA","no","IlluminaHiSeq","31142855",25521676,2399338404,50,101,"Paolo_Manghi","CD",41,"male",NA,256,"no",NA,NA,23.7,"Chemagen","Boston",20,NA,NA,NA,NA,NA,NA,NA,NA,NA,NA,NA,"IBD",1.62516526256356,9.195375
"MSM5LLHC","HMP_2019_ibdmdb","M2027","stool","IBD","IBD","adult","USA","no","IlluminaHiSeq","31142855",28368788,2643863307,50,101,"Paolo_Manghi","CD",41,"male",NA,109,"no",NA,NA,23.7,"Chemagen","Boston",8,NA,NA,NA,NA,NA,NA,NA,NA,NA,NA,NA,"IBD",1.19561016366226,8.880155
"MSM6J2R8","HMP_2019_ibdmdb","M2027","stool","IBD","IBD","adult","USA","no","IlluminaHiSeq","31142855",28827296,2707231962,50,101,"Paolo_Manghi","CD",41,"male",NA,229,"no",NA,NA,23.7,"Chemagen","Boston",19,NA,NA,NA,NA,NA,NA,NA,NA,NA,NA,NA,"IBD",1.19170262051618,7.546975
"MSM6J2KC","HMP_2019_ibdmdb","M2027","stool","IBD","IBD","adult","USA","no","IlluminaHiSeq","31142855",29774980,2783812130,50,101,"Paolo_Manghi","CD",41,"male",NA,116,"no",NA,NA,23.7,"Chemagen","Boston",9,NA,NA,NA,NA,NA,NA,NA,NA,NA,NA,NA,"IBD",0.854706983457366,8.191935
"MSM6J2R2","HMP_2019_ibdmdb","M2027","stool","IBD","IBD","adult","USA","no","IlluminaHiSeq","31142855",30625736,2847175138,50,101,"Paolo_Manghi","CD",41,"male",NA,186,"no",NA,NA,23.7,"Chemagen","Boston",16,NA,NA,NA,NA,NA,NA,NA,NA,NA,NA,NA,"IBD",0.919902316082425,8.056785
"MSM6J2RC","HMP_2019_ibdmdb","M2027","stool","IBD","IBD","adult","USA","no","IlluminaHiSeq","31142855",32501648,3027949837,50,101,"Paolo_Manghi","CD",41,"male",NA,291,"no",NA,NA,23.7,"Chemagen","Boston",22,NA,NA,NA,NA,NA,NA,NA,NA,NA,NA,NA,"IBD",1.59849615372737,8.679395
"MSM5LLFG_P","HMP_2019_ibdmdb","M2028","stool","IBD","IBD","adult","USA","no","IlluminaHiSeq","29311644",21737922,2120050187,54,101,"Paolo_Manghi","CD",24,"female",NA,0,"no",NA,NA,20.9,"Chemagen","Boston",1,NA,NA,NA,NA,NA,NA,NA,NA,NA,NA,NA,"IBD",2.52980800516909,8.342095
"MSM5LLGR_P","HMP_2019_ibdmdb","M2028","stool","IBD","IBD","adult","USA","no","IlluminaHiSeq","29311644",34111916,3363927730,55,101,"Paolo_Manghi","CD",24,"female",NA,44,"no",NA,NA,20.9,"Chemagen","Boston",4,NA,NA,NA,NA,NA,NA,NA,NA,NA,NA,NA,"IBD",2.16261655544738,10.511075
"MSM5LLGN_P","HMP_2019_ibdmdb","M2028","stool","IBD","IBD","adult","USA","no","IlluminaHiSeq","29311644",41935422,4076063678,50,101,"Paolo_Manghi","CD",24,"female",NA,15,"no",NA,NA,20.9,"Chemagen","Boston",2,NA,NA,NA,NA,NA,NA,NA,NA,NA,NA,NA,"IBD",2.05444576812984,6.35215499999999
"MSM6J2II","HMP_2019_ibdmdb","M2028","stool","IBD","IBD","adult","USA","no","IlluminaHiSeq","31142855",13552582,1260421448,50,101,"Paolo_Manghi","CD",24,"female",NA,134,"no",NA,NA,20.9,"Chemagen","Boston",11,NA,NA,NA,NA,NA,NA,NA,NA,NA,NA,NA,"IBD",2.919987860892,7.87401499999999
"MSM79H67","HMP_2019_ibdmdb","M2028","stool","IBD","IBD","adult","USA","no","IlluminaHiSeq","31142855",13621850,1244497796,50,101,"Paolo_Manghi","CD",24,"female",NA,311,"no",NA,NA,20.9,"Chemagen","Boston",25,NA,NA,NA,NA,NA,NA,NA,NA,NA,NA,NA,"IBD",2.20205467951071,7.05123499999999
"MSM6J2IM","HMP_2019_ibdmdb","M2028","stool","IBD","IBD","adult","USA","no","IlluminaHiSeq","31142855",18404950,1711991411,50,101,"Paolo_Manghi","CD",24,"female",NA,163,"no",NA,NA,20.9,"Chemagen","Boston",13,NA,NA,NA,NA,NA,NA,NA,NA,NA,NA,NA,"IBD",3.04563347684656,9.940345
"MSM6J2Q3","HMP_2019_ibdmdb","M2028","stool","IBD","IBD","adult","USA","no","IlluminaHiSeq","31142855",19521906,1810212907,50,101,"Paolo_Manghi","CD",24,"female",NA,183,"no",NA,NA,20.9,"Chemagen","Boston",16,NA,NA,NA,NA,NA,NA,NA,NA,NA,NA,NA,"IBD",2.17819728082476,7.99011499999999
"MSM6J2IG","HMP_2019_ibdmdb","M2028","stool","IBD","IBD","adult","USA","no","IlluminaHiSeq","31142855",20974802,1939913025,50,101,"Paolo_Manghi","CD",24,"female",NA,120,"yes",NA,NA,20.9,"Chemagen","Boston",10,NA,NA,NA,NA,NA,NA,NA,NA,NA,NA,NA,"IBD",2.73771203528401,7.73545499999999
"MSM6J2QD","HMP_2019_ibdmdb","M2028","stool","IBD","IBD","adult","USA","no","IlluminaHiSeq","31142855",22025230,2057953866,50,101,"Paolo_Manghi","CD",24,"female",NA,280,"no",NA,NA,20.9,"Chemagen","Boston",22,NA,NA,NA,NA,NA,NA,NA,NA,NA,NA,NA,"IBD",2.33535503814389,7.16874499999999
"MSM79H69","HMP_2019_ibdmdb","M2028","stool","IBD","IBD","adult","USA","no","IlluminaHiSeq","31142855",22090728,2032621106,50,101,"Paolo_Manghi","CD",24,"female",NA,331,"no",NA,NA,20.9,"Chemagen","Boston",26,NA,NA,NA,NA,NA,NA,NA,NA,NA,NA,NA,"IBD",2.56947829269417,7.25903499999999
"MSM6J2IE","HMP_2019_ibdmdb","M2028","stool","IBD","IBD","adult","USA","no","IlluminaHiSeq","31142855",22452248,2076115930,50,101,"Paolo_Manghi","CD",24,"female",NA,99,"yes",NA,NA,20.9,"Chemagen","Boston",9,NA,NA,NA,NA,NA,NA,NA,NA,NA,NA,NA,"IBD",2.23852176027435,6.478095
"MSM6J2Q9","HMP_2019_ibdmdb","M2028","stool","IBD","IBD","adult","USA","no","IlluminaHiSeq","31142855",22687778,2127238998,50,101,"Paolo_Manghi","CD",24,"female",NA,232,"yes",NA,NA,20.9,"Chemagen","Boston",19,NA,NA,NA,NA,NA,NA,NA,NA,NA,NA,NA,"IBD",2.430784350741,5.89810499999999
"MSM6J2QB","HMP_2019_ibdmdb","M2028","stool","IBD","IBD","adult","USA","no","IlluminaHiSeq","31142855",24145154,2231385430,50,101,"Paolo_Manghi","CD",24,"female",NA,254,"no",NA,NA,20.9,"Chemagen","Boston",20,NA,NA,NA,NA,NA,NA,NA,NA,NA,NA,NA,"IBD",2.61430792708964,8.00174499999999
"MSM6J2IO","HMP_2019_ibdmdb","M2028","stool","IBD","IBD","adult","USA","no","IlluminaHiSeq","31142855",25530784,2353684904,50,101,"Paolo_Manghi","CD",24,"female",NA,170,"no",NA,NA,20.9,"Chemagen","Boston",15,NA,NA,NA,NA,NA,NA,NA,NA,NA,NA,NA,"IBD",2.51127150887297,9.009055
"MSM6J2IK","HMP_2019_ibdmdb","M2028","stool","IBD","IBD","adult","USA","no","IlluminaHiSeq","31142855",25854128,2386011189,50,101,"Paolo_Manghi","CD",24,"female",NA,146,"no",NA,NA,20.9,"Chemagen","Boston",12,NA,NA,NA,NA,NA,NA,NA,NA,NA,NA,NA,"IBD",2.73571368323165,8.09348499999999
"MSM79H65","HMP_2019_ibdmdb","M2028","stool","IBD","IBD","adult","USA","no","IlluminaHiSeq","31142855",26986220,2475004566,50,101,"Paolo_Manghi","CD",24,"female",NA,289,"no",NA,NA,20.9,"Chemagen","Boston",24,NA,NA,NA,NA,NA,NA,NA,NA,NA,NA,NA,"IBD",2.75825385298894,8.634965
"MSM79H63","HMP_2019_ibdmdb","M2028","stool","IBD","IBD","adult","USA","no","IlluminaHiSeq","31142855",27779800,2584744087,50,101,"Paolo_Manghi","CD",24,"female",NA,288,"no",NA,NA,20.9,"Chemagen","Boston",23,NA,NA,NA,NA,NA,NA,NA,NA,NA,NA,NA,"IBD",2.31186116175451,5.980525
"MSM6J2Q5","HMP_2019_ibdmdb","M2028","stool","IBD","IBD","adult","USA","no","IlluminaHiSeq","31142855",28305520,2582650261,50,101,"Paolo_Manghi","CD",24,"female",NA,205,"yes",NA,NA,20.9,"Chemagen","Boston",17,NA,NA,NA,NA,NA,NA,NA,NA,NA,NA,NA,"IBD",2.50977441047343,9.364145
"MSM6J2Q7","HMP_2019_ibdmdb","M2028","stool","IBD","IBD","adult","USA","no","IlluminaHiSeq","31142855",29690158,2743733701,50,101,"Paolo_Manghi","CD",24,"female",NA,216,"yes",NA,NA,20.9,"Chemagen","Boston",18,NA,NA,NA,NA,NA,NA,NA,NA,NA,NA,NA,"IBD",2.52377993302967,6.58451499999999
"MSM79H6B","HMP_2019_ibdmdb","M2028","stool","IBD","IBD","adult","USA","no","IlluminaHiSeq","31142855",31037294,2888851699,50,101,"Paolo_Manghi","CD",24,"female",NA,345,"no",NA,NA,20.9,"Chemagen","Boston",27,NA,NA,NA,NA,NA,NA,NA,NA,NA,NA,NA,"IBD",2.43778068154514,7.24052499999999
"MSM5LLF2_P","HMP_2019_ibdmdb","M2034","stool","IBD","IBD","adult","USA","no","IlluminaHiSeq","29311644",11182582,1108542010,51,101,"Paolo_Manghi","CD",22,"female",NA,0,"no",NA,NA,31.2,"Chemagen","Boston",1,NA,NA,NA,NA,NA,NA,NA,NA,NA,NA,NA,"IBD",2.17693222630829,8.232135
"MSM79HBP","HMP_2019_ibdmdb","M2034","stool","IBD","IBD","adult","USA","no","IlluminaHiSeq","31142855",11212774,1049255673,50,101,"Paolo_Manghi","CD",22,"female",NA,238,"no",NA,NA,31.2,"Chemagen","Boston",21,NA,NA,NA,NA,NA,NA,NA,NA,NA,NA,NA,"IBD",3.0309848326914,10.879995
"MSM5LLF4","HMP_2019_ibdmdb","M2034","stool","IBD","IBD","adult","USA","no","IlluminaHiSeq","31142855",12605154,1159720045,50,101,"Paolo_Manghi","CD",22,"female",NA,15,"no",NA,NA,31.2,"Chemagen","Boston",2,NA,NA,NA,NA,NA,NA,NA,NA,NA,NA,NA,"IBD",2.09803322075387,6.399035
"MSM79HBV","HMP_2019_ibdmdb","M2034","stool","IBD","IBD","adult","USA","no","IlluminaHiSeq","31142855",13603810,1257894169,50,101,"Paolo_Manghi","CD",22,"female",NA,280,"no",NA,NA,31.2,"Chemagen","Boston",24,NA,NA,NA,NA,NA,NA,NA,NA,NA,NA,NA,"IBD",1.78251181680643,6.328395
"MSM79HBT","HMP_2019_ibdmdb","M2034","stool","IBD","IBD","adult","USA","no","IlluminaHiSeq","31142855",13735802,1311344429,50,101,"Paolo_Manghi","CD",22,"female",NA,267,"yes",NA,NA,31.2,"Chemagen","Boston",23,NA,NA,NA,NA,NA,NA,NA,NA,NA,NA,NA,"IBD",1.78687509922557,6.425265
"MSM6J2MJ","HMP_2019_ibdmdb","M2034","stool","IBD","IBD","adult","USA","no","IlluminaHiSeq","31142855",13764882,1244786679,50,101,"Paolo_Manghi","CD",22,"female",NA,197,"no",NA,NA,31.2,"Chemagen","Boston",17,NA,NA,NA,NA,NA,NA,NA,NA,NA,NA,NA,"IBD",2.13934833617841,8.019065
"MSM79HBN","HMP_2019_ibdmdb","M2034","stool","IBD","IBD","adult","USA","no","IlluminaHiSeq","31142855",14323192,1265374651,50,101,"Paolo_Manghi","CD",22,"female",NA,226,"no",NA,NA,31.2,"Chemagen","Boston",20,NA,NA,NA,NA,NA,NA,NA,NA,NA,NA,NA,"IBD",1.54259950007705,6.134555
"MSM6J2LH","HMP_2019_ibdmdb","M2034","stool","IBD","IBD","adult","USA","no","IlluminaHiSeq","31142855",15004966,1376563577,50,101,"Paolo_Manghi","CD",22,"female",NA,58,"no",NA,NA,31.2,"Chemagen","Boston",6,NA,NA,NA,NA,NA,NA,NA,NA,NA,NA,NA,"IBD",2.47705228386278,7.763845
"MSM5LLF8","HMP_2019_ibdmdb","M2034","stool","IBD","IBD","adult","USA","no","IlluminaHiSeq","31142855",15724768,1449208940,50,101,"Paolo_Manghi","CD",22,"female",NA,43,"no",NA,NA,31.2,"Chemagen","Boston",5,NA,NA,NA,NA,NA,NA,NA,NA,NA,NA,NA,"IBD",1.55507029217278,6.410475
"MSM6J2LR","HMP_2019_ibdmdb","M2034","stool","IBD","IBD","adult","USA","no","IlluminaHiSeq","31142855",20163610,1851247671,50,101,"Paolo_Manghi","CD",22,"female",NA,134,"no",NA,NA,31.2,"Chemagen","Boston",12,NA,NA,NA,NA,NA,NA,NA,NA,NA,NA,NA,"IBD",2.09676618855321,10.435005
"MSM6J2ML","HMP_2019_ibdmdb","M2034","stool","IBD","IBD","adult","USA","no","IlluminaHiSeq","31142855",20633046,1902695856,50,101,"Paolo_Manghi","CD",22,"female",NA,213,"no",NA,NA,31.2,"Chemagen","Boston",19,NA,NA,NA,NA,NA,NA,NA,NA,NA,NA,NA,"IBD",2.36307590045011,7.009815
"MSM6J2MB","HMP_2019_ibdmdb","M2034","stool","IBD","IBD","adult","USA","no","IlluminaHiSeq","31142855",22686790,2088396289,50,101,"Paolo_Manghi","CD",22,"female",NA,136,"no",NA,NA,31.2,"Chemagen","Boston",13,NA,NA,NA,NA,NA,NA,NA,NA,NA,NA,NA,"IBD",2.59128257573466,9.251005
"MSM6J2LL","HMP_2019_ibdmdb","M2034","stool","IBD","IBD","adult","USA","no","IlluminaHiSeq","31142855",23205034,2132717424,50,101,"Paolo_Manghi","CD",22,"female",NA,85,"no",NA,NA,31.2,"Chemagen","Boston",8,NA,NA,NA,NA,NA,NA,NA,NA,NA,NA,NA,"IBD",2.60324521493957,7.22852499999999
"MSM79HBR","HMP_2019_ibdmdb","M2034","stool","IBD","IBD","adult","USA","no","IlluminaHiSeq","31142855",23394958,2145085800,50,101,"Paolo_Manghi","CD",22,"female",NA,259,"yes",NA,NA,31.2,"Chemagen","Boston",22,NA,NA,NA,NA,NA,NA,NA,NA,NA,NA,NA,"IBD",1.07978568483135,4.251835
"MSM6J2LJ","HMP_2019_ibdmdb","M2034","stool","IBD","IBD","adult","USA","no","IlluminaHiSeq","31142855",26567928,2438070080,50,101,"Paolo_Manghi","CD",22,"female",NA,70,"no",NA,NA,31.2,"Chemagen","Boston",7,NA,NA,NA,NA,NA,NA,NA,NA,NA,NA,NA,"IBD",1.97633354297591,6.910185
"MSM6J2MH","HMP_2019_ibdmdb","M2034","stool","IBD","IBD","adult","USA","no","IlluminaHiSeq","31142855",28241228,2603749606,50,101,"Paolo_Manghi","CD",22,"female",NA,183,"no",NA,NA,31.2,"Chemagen","Boston",16,NA,NA,NA,NA,NA,NA,NA,NA,NA,NA,NA,"IBD",2.33660792724701,10.602485
"MSM6J2MF","HMP_2019_ibdmdb","M2034","stool","IBD","IBD","adult","USA","no","IlluminaHiSeq","31142855",28376522,2679057527,50,101,"Paolo_Manghi","CD",22,"female",NA,174,"no",NA,NA,31.2,"Chemagen","Boston",15,NA,NA,NA,NA,NA,NA,NA,NA,NA,NA,NA,"IBD",2.4032589148991,9.471085
"MSM5LLF6","HMP_2019_ibdmdb","M2034","stool","IBD","IBD","adult","USA","no","IlluminaHiSeq","31142855",30583746,2841521448,50,101,"Paolo_Manghi","CD",22,"female",NA,34,"no",NA,NA,31.2,"Chemagen","Boston",3,NA,NA,NA,NA,NA,NA,NA,NA,NA,NA,NA,"IBD",2.28698512397321,10.135555
"MSM6J2MD","HMP_2019_ibdmdb","M2034","stool","IBD","IBD","adult","USA","no","IlluminaHiSeq","31142855",32271856,2992287985,50,101,"Paolo_Manghi","CD",22,"female",NA,160,"no",NA,NA,31.2,"Chemagen","Boston",14,NA,NA,NA,NA,NA,NA,NA,NA,NA,NA,NA,"IBD",2.42276614674607,7.909475
"MSM6J2LN","HMP_2019_ibdmdb","M2034","stool","IBD","IBD","adult","USA","no","IlluminaHiSeq","31142855",32529430,3027833879,50,101,"Paolo_Manghi","CD",22,"female",NA,99,"no",NA,NA,31.2,"Chemagen","Boston",9,NA,NA,NA,NA,NA,NA,NA,NA,NA,NA,NA,"IBD",2.63410165395059,7.800605
"CSM6J2H9_P","HMP_2019_ibdmdb","M2039","stool","control","healthy","adult","USA","no","IlluminaHiSeq","29311644",55732718,5421301445,50,101,"Paolo_Manghi",NA,40,"female",NA,0,"no",NA,NA,40.6,"Chemagen","Boston",1,NA,NA,NA,NA,NA,NA,NA,NA,NA,NA,NA,"Healthy",2.50662598776327,9.28138499999999
"MSM6J2HP","HMP_2019_ibdmdb","M2039","stool","control","healthy","adult","USA","no","IlluminaHiSeq","31142855",19487108,1773200590,50,101,"Paolo_Manghi",NA,40,"female",NA,36,"no",NA,NA,40.6,"Chemagen","Boston",3,NA,NA,NA,NA,NA,NA,NA,NA,NA,NA,NA,"Healthy",2.71602824056684,8.915985
"MSM79H5U","HMP_2019_ibdmdb","M2039","stool","control","healthy","adult","USA","no","IlluminaHiSeq","31142855",19944786,1852042447,50,101,"Paolo_Manghi",NA,40,"female",NA,233,"no",NA,NA,40.6,"Chemagen","Boston",19,NA,NA,NA,NA,NA,NA,NA,NA,NA,NA,NA,"Healthy",2.49390174413796,6.863705
"MSM6J2QJ","HMP_2019_ibdmdb","M2039","stool","control","healthy","adult","USA","no","IlluminaHiSeq","31142855",20781402,1904819092,50,101,"Paolo_Manghi",NA,40,"female",NA,169,"no",NA,NA,40.6,"Chemagen","Boston",13,NA,NA,NA,NA,NA,NA,NA,NA,NA,NA,NA,"Healthy",2.41971983627376,8.229725
"MSM79HAH","HMP_2019_ibdmdb","M2039","stool","control","healthy","adult","USA","no","IlluminaHiSeq","31142855",21257780,1971907018,50,101,"Paolo_Manghi",NA,40,"female",NA,339,"no",NA,NA,40.6,"Chemagen","Boston",27,NA,NA,NA,NA,NA,NA,NA,NA,NA,NA,NA,"Healthy",2.27038074643057,7.106055
"MSM79H5S","HMP_2019_ibdmdb","M2039","stool","control","healthy","adult","USA","no","IlluminaHiSeq","31142855",27433172,2588783674,50,101,"Paolo_Manghi",NA,40,"female",NA,261,"no",NA,NA,40.6,"Chemagen","Boston",22,NA,NA,NA,NA,NA,NA,NA,NA,NA,NA,NA,"Healthy",2.61378524611116,9.361145
"MSM6J2QH","HMP_2019_ibdmdb","M2039","stool","control","healthy","adult","USA","no","IlluminaHiSeq","31142855",27846788,2593162414,50,101,"Paolo_Manghi",NA,40,"female",NA,126,"no",NA,NA,40.6,"Chemagen","Boston",10,NA,NA,NA,NA,NA,NA,NA,NA,NA,NA,NA,"Healthy",2.41025742191475,6.524565
"MSM79H5Q","HMP_2019_ibdmdb","M2039","stool","control","healthy","adult","USA","no","IlluminaHiSeq","31142855",27899716,2587746877,50,101,"Paolo_Manghi",NA,40,"female",NA,221,"no",NA,NA,40.6,"Chemagen","Boston",18,NA,NA,NA,NA,NA,NA,NA,NA,NA,NA,NA,"Healthy",2.24960663800751,6.904095
"MSM6J2QF","HMP_2019_ibdmdb","M2039","stool","control","healthy","adult","USA","no","IlluminaHiSeq","31142855",28114202,2623687502,50,101,"Paolo_Manghi",NA,40,"female",NA,183,"no",NA,NA,40.6,"Chemagen","Boston",15,NA,NA,NA,NA,NA,NA,NA,NA,NA,NA,NA,"Healthy",2.21220440422384,6.065275
"MSM6J2QP","HMP_2019_ibdmdb","M2039","stool","control","healthy","adult","USA","no","IlluminaHiSeq","31142855",28522390,2665696979,50,101,"Paolo_Manghi",NA,40,"female",NA,141,"no",NA,NA,40.6,"Chemagen","Boston",11,NA,NA,NA,NA,NA,NA,NA,NA,NA,NA,NA,"Healthy",2.35143737344656,5.289465
"MSM79H5Y","HMP_2019_ibdmdb","M2039","stool","control","healthy","adult","USA","no","IlluminaHiSeq","31142855",31576500,2937255334,50,101,"Paolo_Manghi",NA,40,"female",NA,247,"no",NA,NA,40.6,"Chemagen","Boston",20,NA,NA,NA,NA,NA,NA,NA,NA,NA,NA,NA,"Healthy",2.26020081213454,7.919695
"MSM6J2HR","HMP_2019_ibdmdb","M2039","stool","control","healthy","adult","USA","no","IlluminaHiSeq","31142855",33015566,3059179132,50,101,"Paolo_Manghi",NA,40,"female",NA,53,"no",NA,NA,40.6,"Chemagen","Boston",4,NA,NA,NA,NA,NA,NA,NA,NA,NA,NA,NA,"Healthy",2.22505783431116,7.603135
"MSM6J2QL","HMP_2019_ibdmdb","M2039","stool","control","healthy","adult","USA","no","IlluminaHiSeq","31142855",33140694,3115083087,50,101,"Paolo_Manghi",NA,40,"female",NA,112,"no",NA,NA,40.6,"Chemagen","Boston",9,NA,NA,NA,NA,NA,NA,NA,NA,NA,NA,NA,"Healthy",2.28857356551668,6.769695
"MSM6J2HT","HMP_2019_ibdmdb","M2039","stool","control","healthy","adult","USA","no","IlluminaHiSeq","31142855",37759808,3539135454,50,101,"Paolo_Manghi",NA,40,"female",NA,72,"no",NA,NA,40.6,"Chemagen","Boston",5,NA,NA,NA,NA,NA,NA,NA,NA,NA,NA,NA,"Healthy",2.0680570921068,6.751195
"MSM6J2HN","HMP_2019_ibdmdb","M2039","stool","control","healthy","adult","USA","no","IlluminaHiSeq","31142855",39727188,3693136196,50,101,"Paolo_Manghi",NA,40,"female",NA,17,"no",NA,NA,40.6,"Chemagen","Boston",2,NA,NA,NA,NA,NA,NA,NA,NA,NA,NA,NA,"Healthy",2.1562427568141,7.96315499999999
"MSM6J2JF_P","HMP_2019_ibdmdb","M2041","stool","control","healthy","adult","USA","no","IlluminaHiSeq","29311644",38017264,3763138790,52,101,"Paolo_Manghi",NA,55,"male",NA,0,"no",NA,NA,22.7,"Chemagen","Boston",1,NA,NA,NA,NA,NA,NA,NA,NA,NA,NA,NA,"Healthy",2.54357848433956,11.139515
"MSM79HEW","HMP_2019_ibdmdb","M2041","stool","control","healthy","adult","USA","no","IlluminaHiSeq","31142855",11117506,1041410907,50,101,"Paolo_Manghi",NA,55,"male",NA,258,"no",NA,NA,22.7,"Chemagen","Boston",20,NA,NA,NA,NA,NA,NA,NA,NA,NA,NA,NA,"Healthy",2.37095523945699,8.977235
"MSM6J2JP","HMP_2019_ibdmdb","M2041","stool","control","healthy","adult","USA","no","IlluminaHiSeq","31142855",15995312,1493400819,50,101,"Paolo_Manghi",NA,55,"male",NA,26,"no",NA,NA,22.7,"Chemagen","Boston",3,NA,NA,NA,NA,NA,NA,NA,NA,NA,NA,NA,"Healthy",1.80457474681858,9.917675
"MSM6J2LV","HMP_2019_ibdmdb","M2041","stool","control","healthy","adult","USA","no","IlluminaHiSeq","31142855",18216348,1698332428,50,101,"Paolo_Manghi",NA,55,"male",NA,117,"no",NA,NA,22.7,"Chemagen","Boston",9,NA,NA,NA,NA,NA,NA,NA,NA,NA,NA,NA,"Healthy",2.76100849467455,10.895845
"MSM79HB6","HMP_2019_ibdmdb","M2041","stool","control","healthy","adult","USA","no","IlluminaHiSeq","31142855",22057764,2057054657,50,101,"Paolo_Manghi",NA,55,"male",NA,354,"no",NA,NA,22.7,"Chemagen","Boston",27,NA,NA,NA,NA,NA,NA,NA,NA,NA,NA,NA,"Healthy",2.61111078723717,11.622065
"MSM79HEU","HMP_2019_ibdmdb","M2041","stool","control","healthy","adult","USA","no","IlluminaHiSeq","31142855",23504182,2184985875,50,101,"Paolo_Manghi",NA,55,"male",NA,250,"no",NA,NA,22.7,"Chemagen","Boston",19,NA,NA,NA,NA,NA,NA,NA,NA,NA,NA,NA,"Healthy",2.19625375768396,8.860885
"MSM79HEY","HMP_2019_ibdmdb","M2041","stool","control","healthy","adult","USA","no","IlluminaHiSeq","31142855",23848594,2214843465,50,101,"Paolo_Manghi",NA,55,"male",NA,278,"no",NA,NA,22.7,"Chemagen","Boston",22,NA,NA,NA,NA,NA,NA,NA,NA,NA,NA,NA,"Healthy",1.87856571076556,7.651205
"MSM6J2SI","HMP_2019_ibdmdb","M2041","stool","control","healthy","adult","USA","no","IlluminaHiSeq","31142855",25099122,2325548522,50,101,"Paolo_Manghi",NA,55,"male",NA,168,"no",NA,NA,22.7,"Chemagen","Boston",12,NA,NA,NA,NA,NA,NA,NA,NA,NA,NA,NA,"Healthy",2.72649982831473,10.185305
"MSM79HES","HMP_2019_ibdmdb","M2041","stool","control","healthy","adult","USA","no","IlluminaHiSeq","31142855",25909332,2438037450,50,101,"Paolo_Manghi",NA,55,"male",NA,236,"no",NA,NA,22.7,"Chemagen","Boston",18,NA,NA,NA,NA,NA,NA,NA,NA,NA,NA,NA,"Healthy",3.01742636748552,11.019115
"MSM6J2JT","HMP_2019_ibdmdb","M2041","stool","control","healthy","adult","USA","no","IlluminaHiSeq","31142855",26270238,2441057131,50,101,"Paolo_Manghi",NA,55,"male",NA,68,"no",NA,NA,22.7,"Chemagen","Boston",5,NA,NA,NA,NA,NA,NA,NA,NA,NA,NA,NA,"Healthy",2.19743383578825,9.056815
"MSM6J2SE","HMP_2019_ibdmdb","M2041","stool","control","healthy","adult","USA","no","IlluminaHiSeq","31142855",26282032,2436878894,50,101,"Paolo_Manghi",NA,55,"male",NA,131,"no",NA,NA,22.7,"Chemagen","Boston",10,NA,NA,NA,NA,NA,NA,NA,NA,NA,NA,NA,"Healthy",2.72142011865547,11.440705
"MSM6J2SK","HMP_2019_ibdmdb","M2041","stool","control","healthy","adult","USA","no","IlluminaHiSeq","31142855",29208440,2730856501,50,101,"Paolo_Manghi",NA,55,"male",NA,181,"no",NA,NA,22.7,"Chemagen","Boston",13,NA,NA,NA,NA,NA,NA,NA,NA,NA,NA,NA,"Healthy",1.75736102657656,7.571245
"MSM6J2JR","HMP_2019_ibdmdb","M2041","stool","control","healthy","adult","USA","no","IlluminaHiSeq","31142855",29600112,2772790740,50,101,"Paolo_Manghi",NA,55,"male",NA,56,"no",NA,NA,22.7,"Chemagen","Boston",4,NA,NA,NA,NA,NA,NA,NA,NA,NA,NA,NA,"Healthy",2.24168892718542,10.599345
"MSM6J2JN","HMP_2019_ibdmdb","M2041","stool","control","healthy","adult","USA","no","IlluminaHiSeq","31142855",32521936,3012837135,50,101,"Paolo_Manghi",NA,55,"male",NA,14,"no",NA,NA,22.7,"Chemagen","Boston",2,NA,NA,NA,NA,NA,NA,NA,NA,NA,NA,NA,"Healthy",2.31613912292446,9.842335
"MSM6J2JH_P","HMP_2019_ibdmdb","M2042","stool","control","healthy","adult","USA","no","IlluminaHiSeq","29311644",24414102,2390387570,50,101,"Paolo_Manghi",NA,44,"male",NA,0,"no",NA,NA,24.5,"Chemagen","Boston",1,NA,NA,NA,NA,NA,NA,NA,NA,NA,NA,NA,"Healthy",1.74435073414251,7.685785
"MSM79H6F","HMP_2019_ibdmdb","M2042","stool","control","healthy","adult","USA","no","IlluminaHiSeq","31142855",3542958,333187068,50,101,"Paolo_Manghi",NA,44,"male",NA,190,"no",NA,NA,24.5,"Chemagen","Boston",17,NA,NA,NA,NA,NA,NA,NA,NA,NA,NA,NA,"Healthy",3.06456728789595,5.814365
"MSM6J2K8","HMP_2019_ibdmdb","M2042","stool","control","healthy","adult","USA","no","IlluminaHiSeq","31142855",17325884,1593714504,50,101,"Paolo_Manghi",NA,44,"male",NA,35,"no",NA,NA,24.5,"Chemagen","Boston",6,NA,NA,NA,NA,NA,NA,NA,NA,NA,NA,NA,"Healthy",3.04452372854192,7.305525
"MSM6J2K2","HMP_2019_ibdmdb","M2042","stool","control","healthy","adult","USA","no","IlluminaHiSeq","31142855",24804864,2318322678,50,101,"Paolo_Manghi",NA,44,"male",NA,14,"no",NA,NA,24.5,"Chemagen","Boston",3,NA,NA,NA,NA,NA,NA,NA,NA,NA,NA,NA,"Healthy",1.44812559440016,8.293155
"MSM6J2JZ","HMP_2019_ibdmdb","M2042","stool","control","healthy","adult","USA","no","IlluminaHiSeq","31142855",25422218,2382418955,50,101,"Paolo_Manghi",NA,44,"male",NA,8,"no",NA,NA,24.5,"Chemagen","Boston",2,NA,NA,NA,NA,NA,NA,NA,NA,NA,NA,NA,"Healthy",1.59614407420517,8.04814499999999
"MSM79H9Y","HMP_2019_ibdmdb","M2042","stool","control","healthy","adult","USA","no","IlluminaHiSeq","31142855",25788042,2380677212,50,101,"Paolo_Manghi",NA,44,"male",NA,238,"no",NA,NA,24.5,"Chemagen","Boston",23,NA,NA,NA,NA,NA,NA,NA,NA,NA,NA,NA,"Healthy",2.8819307962549,9.220265
"MSM6J2KA","HMP_2019_ibdmdb","M2042","stool","control","healthy","adult","USA","no","IlluminaHiSeq","31142855",30057714,2800582760,50,101,"Paolo_Manghi",NA,44,"male",NA,42,"no",NA,NA,24.5,"Chemagen","Boston",8,NA,NA,NA,NA,NA,NA,NA,NA,NA,NA,NA,"Healthy",2.87469757488163,10.804905
"MSM79H6H","HMP_2019_ibdmdb","M2042","stool","control","healthy","adult","USA","no","IlluminaHiSeq","31142855",30365556,2853311946,50,101,"Paolo_Manghi",NA,44,"male",NA,204,"no",NA,NA,24.5,"Chemagen","Boston",19,NA,NA,NA,NA,NA,NA,NA,NA,NA,NA,NA,"Healthy",1.93492030418028,7.328045
"MSM6J2RO","HMP_2019_ibdmdb","M2042","stool","control","healthy","adult","USA","no","IlluminaHiSeq","31142855",30561104,2858109884,50,101,"Paolo_Manghi",NA,44,"male",NA,106,"no",NA,NA,24.5,"Chemagen","Boston",11,NA,NA,NA,NA,NA,NA,NA,NA,NA,NA,NA,"Healthy",1.56583600983794,9.012095
"MSM79HA7","HMP_2019_ibdmdb","M2042","stool","control","healthy","adult","USA","no","IlluminaHiSeq","31142855",31595534,2914499013,50,101,"Paolo_Manghi",NA,44,"male",NA,308,"no",NA,NA,24.5,"Chemagen","Boston",26,NA,NA,NA,NA,NA,NA,NA,NA,NA,NA,NA,"Healthy",2.6587582626708,9.690985
"MSM79H6L","HMP_2019_ibdmdb","M2042","stool","control","healthy","adult","USA","no","IlluminaHiSeq","31142855",31761566,2962580737,50,101,"Paolo_Manghi",NA,44,"male",NA,211,"no",NA,NA,24.5,"Chemagen","Boston",20,NA,NA,NA,NA,NA,NA,NA,NA,NA,NA,NA,"Healthy",2.73583018223555,8.702715
"MSM79HA3","HMP_2019_ibdmdb","M2042","stool","control","healthy","adult","USA","no","IlluminaHiSeq","31142855",31866584,2942872409,50,101,"Paolo_Manghi",NA,44,"male",NA,281,"no",NA,NA,24.5,"Chemagen","Boston",25,NA,NA,NA,NA,NA,NA,NA,NA,NA,NA,NA,"Healthy",1.39143013550739,8.504945
"MSM79H6J","HMP_2019_ibdmdb","M2042","stool","control","healthy","adult","USA","no","IlluminaHiSeq","31142855",32560122,3036329978,50,101,"Paolo_Manghi",NA,44,"male",NA,197,"no",NA,NA,24.5,"Chemagen","Boston",18,NA,NA,NA,NA,NA,NA,NA,NA,NA,NA,NA,"Healthy",2.76879567640462,8.283765
"MSM6J2RS","HMP_2019_ibdmdb","M2042","stool","control","healthy","adult","USA","no","IlluminaHiSeq","31142855",33364286,3143338318,50,101,"Paolo_Manghi",NA,44,"male",NA,141,"no",NA,NA,24.5,"Chemagen","Boston",15,NA,NA,NA,NA,NA,NA,NA,NA,NA,NA,NA,"Healthy",0.601894770372446,6.566595
"MSM6J2K6","HMP_2019_ibdmdb","M2042","stool","control","healthy","adult","USA","no","IlluminaHiSeq","31142855",35284928,3299525720,50,101,"Paolo_Manghi",NA,44,"male",NA,28,"no",NA,NA,24.5,"Chemagen","Boston",5,NA,NA,NA,NA,NA,NA,NA,NA,NA,NA,NA,"Healthy",1.6996933110319,9.36022499999999
"MSM6J2RM","HMP_2019_ibdmdb","M2042","stool","control","healthy","adult","USA","no","IlluminaHiSeq","31142855",36889984,3465707205,50,101,"Paolo_Manghi",NA,44,"male",NA,98,"no",NA,NA,24.5,"Chemagen","Boston",10,NA,NA,NA,NA,NA,NA,NA,NA,NA,NA,NA,"Healthy",1.98508445209251,8.838305
"MSM79H6N","HMP_2019_ibdmdb","M2042","stool","control","healthy","adult","USA","no","IlluminaHiSeq","31142855",37571552,3475083080,50,101,"Paolo_Manghi",NA,44,"male",NA,220,"no",NA,NA,24.5,"Chemagen","Boston",22,NA,NA,NA,NA,NA,NA,NA,NA,NA,NA,NA,"Healthy",2.80725045604694,9.261115
"MSM79HA1","HMP_2019_ibdmdb","M2042","stool","control","healthy","adult","USA","no","IlluminaHiSeq","31142855",39422114,3684174241,50,101,"Paolo_Manghi",NA,44,"male",NA,247,"no",NA,NA,24.5,"Chemagen","Boston",24,NA,NA,NA,NA,NA,NA,NA,NA,NA,NA,NA,"Healthy",2.37550355070923,9.297435
"MSM79H6D","HMP_2019_ibdmdb","M2042","stool","control","healthy","adult","USA","no","IlluminaHiSeq","31142855",40304364,3791940366,50,101,"Paolo_Manghi",NA,44,"male",NA,182,"no",NA,NA,24.5,"Chemagen","Boston",16,NA,NA,NA,NA,NA,NA,NA,NA,NA,NA,NA,"Healthy",2.97107743304371,10.652065
"MSM6J2RK","HMP_2019_ibdmdb","M2042","stool","control","healthy","adult","USA","no","IlluminaHiSeq","31142855",40695182,3801290798,50,101,"Paolo_Manghi",NA,44,"male",NA,85,"no",NA,NA,24.5,"Chemagen","Boston",9,NA,NA,NA,NA,NA,NA,NA,NA,NA,NA,NA,"Healthy",2.63316906711512,9.96039499999999
"MSM6J2RU","HMP_2019_ibdmdb","M2042","stool","control","healthy","adult","USA","no","IlluminaHiSeq","31142855",41786064,3917500508,50,101,"Paolo_Manghi",NA,44,"male",NA,133,"no",NA,NA,24.5,"Chemagen","Boston",13,NA,NA,NA,NA,NA,NA,NA,NA,NA,NA,NA,"Healthy",2.80176095677556,10.099655
"MSM6J2K4","HMP_2019_ibdmdb","M2042","stool","control","healthy","adult","USA","no","IlluminaHiSeq","31142855",42320244,3935383350,50,101,"Paolo_Manghi",NA,44,"male",NA,21,"no",NA,NA,24.5,"Chemagen","Boston",4,NA,NA,NA,NA,NA,NA,NA,NA,NA,NA,NA,"Healthy",2.30526187156031,8.634035
"MSM6J2RQ","HMP_2019_ibdmdb","M2042","stool","control","healthy","adult","USA","no","IlluminaHiSeq","31142855",46705904,4304684741,50,101,"Paolo_Manghi",NA,44,"male",NA,112,"no",NA,NA,24.5,"Chemagen","Boston",12,NA,NA,NA,NA,NA,NA,NA,NA,NA,NA,NA,"Healthy",2.4813753734849,8.664285
"MSM6J2PQ_P","HMP_2019_ibdmdb","M2047","stool","control","healthy","adult","USA","no","IlluminaHiSeq","29311644",32900594,3199393910,50,101,"Paolo_Manghi",NA,57,"male",NA,15,"no",NA,NA,25.1,"Chemagen","Boston",2,NA,NA,NA,NA,NA,NA,NA,NA,NA,NA,NA,"Healthy",3.35631463814417,10.273045
"MSM6J2PU","HMP_2019_ibdmdb","M2047","stool","control","healthy","adult","USA","no","IlluminaHiSeq","31142855",4243680,393771674,50,101,"Paolo_Manghi",NA,57,"male",NA,50,"no",NA,NA,25.1,"Chemagen","Boston",4,NA,NA,NA,NA,NA,NA,NA,NA,NA,NA,NA,"Healthy",2.90932197285333,7.77875499999999
"MSM6J2PO","HMP_2019_ibdmdb","M2047","stool","control","healthy","adult","USA","no","IlluminaHiSeq","31142855",16055356,1453019103,50,101,"Paolo_Manghi",NA,57,"male",NA,0,"no",NA,NA,25.1,"Chemagen","Boston",1,NA,NA,NA,NA,NA,NA,NA,NA,NA,NA,NA,"Healthy",2.59473895050323,8.785995
"MSM9VZNH_TR","HMP_2019_ibdmdb","M2047","stool","control","healthy","adult","USA","no","IlluminaHiSeq","31142855",17274480,1621290619,50,101,"Paolo_Manghi",NA,57,"male",NA,251,"no",NA,NA,25.1,"Chemagen","Boston",23,NA,NA,NA,NA,NA,NA,NA,NA,NA,NA,NA,"Healthy",2.9240081549763,10.258765
"MSM6J2PW","HMP_2019_ibdmdb","M2047","stool","control","healthy","adult","USA","no","IlluminaHiSeq","31142855",17819044,1635149991,50,101,"Paolo_Manghi",NA,57,"male",NA,70,"no",NA,NA,25.1,"Chemagen","Boston",5,NA,NA,NA,NA,NA,NA,NA,NA,NA,NA,NA,"Healthy",2.186016768793,8.751185
"MSM9VZNL","HMP_2019_ibdmdb","M2047","stool","control","healthy","adult","USA","no","IlluminaHiSeq","31142855",20953436,1904241622,50,101,"Paolo_Manghi",NA,57,"male",NA,279,"no",NA,NA,25.1,"Chemagen","Boston",25,NA,NA,NA,NA,NA,NA,NA,NA,NA,NA,NA,"Healthy",2.92192750144286,11.115625
"MSM79H7Y","HMP_2019_ibdmdb","M2047","stool","control","healthy","adult","USA","no","IlluminaHiSeq","31142855",23622248,2187138403,50,101,"Paolo_Manghi",NA,57,"male",NA,237,"no",NA,NA,25.1,"Chemagen","Boston",22,NA,NA,NA,NA,NA,NA,NA,NA,NA,NA,NA,"Healthy",2.70350033170076,10.629595
"MSM79HC8","HMP_2019_ibdmdb","M2047","stool","control","healthy","adult","USA","no","IlluminaHiSeq","31142855",24142982,2222941824,50,101,"Paolo_Manghi",NA,57,"male",NA,140,"no",NA,NA,25.1,"Chemagen","Boston",12,NA,NA,NA,NA,NA,NA,NA,NA,NA,NA,NA,"Healthy",2.19012171429872,9.877755
"MSM9VZNH","HMP_2019_ibdmdb","M2047","stool","control","healthy","adult","USA","no","IlluminaHiSeq","31142855",24505234,2212674525,50,101,"Paolo_Manghi",NA,57,"male",NA,251,"no",NA,NA,25.1,"Chemagen","Boston",23,NA,NA,NA,NA,NA,NA,NA,NA,NA,NA,NA,"Healthy",3.01372934571812,10.434425
"MSM79H7W","HMP_2019_ibdmdb","M2047","stool","control","healthy","adult","USA","no","IlluminaHiSeq","31142855",24815284,2278459479,50,101,"Paolo_Manghi",NA,57,"male",NA,230,"no",NA,NA,25.1,"Chemagen","Boston",20,NA,NA,NA,NA,NA,NA,NA,NA,NA,NA,NA,"Healthy",2.45582953583384,9.008825
"MSM6J2PS","HMP_2019_ibdmdb","M2047","stool","control","healthy","adult","USA","no","IlluminaHiSeq","31142855",25613852,2352166909,50,101,"Paolo_Manghi",NA,57,"male",NA,28,"no",NA,NA,25.1,"Chemagen","Boston",3,NA,NA,NA,NA,NA,NA,NA,NA,NA,NA,NA,"Healthy",2.73155912061887,10.664315
"MSM79H7O","HMP_2019_ibdmdb","M2047","stool","control","healthy","adult","USA","no","IlluminaHiSeq","31142855",26124322,2426246193,50,101,"Paolo_Manghi",NA,57,"male",NA,181,"no",NA,NA,25.1,"Chemagen","Boston",15,NA,NA,NA,NA,NA,NA,NA,NA,NA,NA,NA,"Healthy",2.29415932005868,8.059135
"MSM79HC4","HMP_2019_ibdmdb","M2047","stool","control","healthy","adult","USA","no","IlluminaHiSeq","31142855",26253554,2397545326,50,101,"Paolo_Manghi",NA,57,"male",NA,111,"no",NA,NA,25.1,"Chemagen","Boston",10,NA,NA,NA,NA,NA,NA,NA,NA,NA,NA,NA,"Healthy",2.12925857231495,9.941525
"MSM79H7Q","HMP_2019_ibdmdb","M2047","stool","control","healthy","adult","USA","no","IlluminaHiSeq","31142855",29345362,2730911195,50,101,"Paolo_Manghi",NA,57,"male",NA,197,"no",NA,NA,25.1,"Chemagen","Boston",16,NA,NA,NA,NA,NA,NA,NA,NA,NA,NA,NA,"Healthy",2.45488870877304,8.811385
"MSM6J2M3_P","HMP_2019_ibdmdb","M2048","stool","control","healthy","adult","USA","no","IlluminaHiSeq","29311644",33218830,3294276582,50,101,"Paolo_Manghi",NA,28,"male",NA,69,"no",NA,NA,NA,"Chemagen","Boston",5,NA,NA,NA,NA,NA,NA,NA,NA,NA,NA,NA,"Healthy",3.03291270928624,11.16876
"MSM79H6Y","HMP_2019_ibdmdb","M2048","stool","control","healthy","adult","USA","no","IlluminaHiSeq","31142855",11580110,1086428013,50,101,"Paolo_Manghi",NA,28,"male",NA,231,"no",NA,NA,NA,"Chemagen","Boston",17,NA,NA,NA,NA,NA,NA,NA,NA,NA,NA,NA,"Healthy",2.77334771328244,8.06601499999999
"MSM79HBB","HMP_2019_ibdmdb","M2048","stool","control","healthy","adult","USA","no","IlluminaHiSeq","31142855",22916734,2115935464,50,101,"Paolo_Manghi",NA,28,"male",NA,270,"no",NA,NA,NA,"Chemagen","Boston",20,NA,NA,NA,NA,NA,NA,NA,NA,NA,NA,NA,"Healthy",2.45583053410747,9.98775
"MSM6J2LY","HMP_2019_ibdmdb","M2048","stool","control","healthy","adult","USA","no","IlluminaHiSeq","31142855",25551780,2365376753,50,101,"Paolo_Manghi",NA,28,"male",NA,31,"no",NA,NA,NA,"Chemagen","Boston",3,NA,NA,NA,NA,NA,NA,NA,NA,NA,NA,NA,"Healthy",2.86619575835352,9.672155
"MSM6J2M3","HMP_2019_ibdmdb","M2048","stool","control","healthy","adult","USA","no","IlluminaHiSeq","31142855",29478574,2766780934,50,101,"Paolo_Manghi",NA,28,"male",NA,69,"no",NA,NA,NA,"Chemagen","Boston",5,NA,NA,NA,NA,NA,NA,NA,NA,NA,NA,NA,"Healthy",3.1510504825914,11.61818
"MSM79HBL","HMP_2019_ibdmdb","M2048","stool","control","healthy","adult","USA","no","IlluminaHiSeq","31142855",29644084,2775866651,50,101,"Paolo_Manghi",NA,28,"male",NA,124,"no",NA,NA,NA,"Chemagen","Boston",9,NA,NA,NA,NA,NA,NA,NA,NA,NA,NA,NA,"Healthy",2.46091245115857,7.962165
"MSM79HFW","HMP_2019_ibdmdb","M2048","stool","control","healthy","adult","USA","no","IlluminaHiSeq","31142855",29881076,2794187374,50,101,"Paolo_Manghi",NA,28,"male",NA,175,"no",NA,NA,NA,"Chemagen","Boston",12,NA,NA,NA,NA,NA,NA,NA,NA,NA,NA,NA,"Healthy",2.64966746605494,8.710925
"MSM79HFY","HMP_2019_ibdmdb","M2048","stool","control","healthy","adult","USA","no","IlluminaHiSeq","31142855",30003550,2782389223,50,101,"Paolo_Manghi",NA,28,"male",NA,186,"no",NA,NA,NA,"Chemagen","Boston",13,NA,NA,NA,NA,NA,NA,NA,NA,NA,NA,NA,"Healthy",2.77242271730721,8.615435
"MSM6J2Q1","HMP_2019_ibdmdb","M2048","stool","control","healthy","adult","USA","no","IlluminaHiSeq","31142855",33179358,3129007976,50,101,"Paolo_Manghi",NA,28,"male",NA,0,"no",NA,NA,NA,"Chemagen","Boston",1,NA,NA,NA,NA,NA,NA,NA,NA,NA,NA,NA,"Healthy",2.3727434946514,9.744375
"MSM6J2LW","HMP_2019_ibdmdb","M2048","stool","control","healthy","adult","USA","no","IlluminaHiSeq","31142855",39439736,3670041389,50,101,"Paolo_Manghi",NA,28,"male",NA,18,"no",NA,NA,NA,"Chemagen","Boston",2,NA,NA,NA,NA,NA,NA,NA,NA,NA,NA,NA,"Healthy",2.94804220609659,10.212195
"MSM6J2RG_P","HMP_2019_ibdmdb","M2058","stool","IBD","IBD","adult","USA","no","IlluminaHiSeq","29311644",38410466,3809567444,51,101,"Paolo_Manghi","CD",25,"female",NA,0,"no",NA,NA,NA,"Chemagen","Boston",1,NA,NA,NA,NA,NA,NA,NA,NA,NA,NA,NA,"IBD",2.07660827627114,5.838335
"MSM6J2N6_P","HMP_2019_ibdmdb","M2059","stool","IBD","IBD","adult","USA","no","IlluminaHiSeq","29311644",18208648,1781081666,50,101,"Paolo_Manghi","UC",NA,"male",NA,0,"yes",NA,NA,NA,"Chemagen","Boston",1,NA,NA,NA,NA,NA,NA,NA,NA,NA,NA,NA,"IBD",0.893023709713338,6.274755
"MSM79H52_P","HMP_2019_ibdmdb","M2060","stool","control","healthy","adult","USA","no","IlluminaHiSeq","29311644",15608358,1523163853,50,101,"Paolo_Manghi",NA,62,"female",NA,0,"no",NA,NA,20.2,"Chemagen","Boston",1,NA,NA,NA,NA,NA,NA,NA,NA,NA,NA,NA,"Healthy",2.26845424644085,7.97503
"MSM79H9K","HMP_2019_ibdmdb","M2060","stool","control","healthy","adult","USA","no","IlluminaHiSeq","31142855",23255754,2172229801,50,101,"Paolo_Manghi",NA,62,"female",NA,146,"no",NA,NA,20.2,"Chemagen","Boston",14,NA,NA,NA,NA,NA,NA,NA,NA,NA,NA,NA,"Healthy",2.52249014400906,10.58713
"MSM79H5A","HMP_2019_ibdmdb","M2060","stool","control","healthy","adult","USA","no","IlluminaHiSeq","31142855",23300102,2160299383,50,101,"Paolo_Manghi",NA,62,"female",NA,55,"no",NA,NA,20.2,"Chemagen","Boston",5,NA,NA,NA,NA,NA,NA,NA,NA,NA,NA,NA,"Healthy",2.29053934637166,9.5372
"MSM79H9C","HMP_2019_ibdmdb","M2060","stool","control","healthy","adult","USA","no","IlluminaHiSeq","31142855",25409840,2341819702,50,101,"Paolo_Manghi",NA,62,"female",NA,97,"no",NA,NA,20.2,"Chemagen","Boston",9,NA,NA,NA,NA,NA,NA,NA,NA,NA,NA,NA,"Healthy",2.35422714982579,10.34476
"MSM79H54","HMP_2019_ibdmdb","M2060","stool","control","healthy","adult","USA","no","IlluminaHiSeq","31142855",25767142,2403794992,50,101,"Paolo_Manghi",NA,62,"female",NA,14,"no",NA,NA,20.2,"Chemagen","Boston",2,NA,NA,NA,NA,NA,NA,NA,NA,NA,NA,NA,"Healthy",2.26440514400554,9.619
"MSM79H58","HMP_2019_ibdmdb","M2060","stool","control","healthy","adult","USA","no","IlluminaHiSeq","31142855",26047808,2410400443,50,101,"Paolo_Manghi",NA,62,"female",NA,41,"no",NA,NA,20.2,"Chemagen","Boston",4,NA,NA,NA,NA,NA,NA,NA,NA,NA,NA,NA,"Healthy",2.53570755129891,10.15153
"MSM9VZFH","HMP_2019_ibdmdb","M2060","stool","control","healthy","adult","USA","no","IlluminaHiSeq","31142855",27923652,2611374061,50,101,"Paolo_Manghi",NA,62,"female",NA,237,"no",NA,NA,20.2,"Chemagen","Boston",21,NA,NA,NA,NA,NA,NA,NA,NA,NA,NA,NA,"Healthy",2.34123715946064,11.0707
"MSM79H9G","HMP_2019_ibdmdb","M2060","stool","control","healthy","adult","USA","no","IlluminaHiSeq","31142855",28319814,2632602942,50,101,"Paolo_Manghi",NA,62,"female",NA,139,"no",NA,NA,20.2,"Chemagen","Boston",12,NA,NA,NA,NA,NA,NA,NA,NA,NA,NA,NA,"Healthy",2.29123132656477,9.23769
"MSM9VZFF","HMP_2019_ibdmdb","M2060","stool","control","healthy","adult","USA","no","IlluminaHiSeq","31142855",28703574,2667138131,50,101,"Paolo_Manghi",NA,62,"female",NA,223,"no",NA,NA,20.2,"Chemagen","Boston",19,NA,NA,NA,NA,NA,NA,NA,NA,NA,NA,NA,"Healthy",2.40318245735849,10.05209
"MSM79H9A","HMP_2019_ibdmdb","M2060","stool","control","healthy","adult","USA","no","IlluminaHiSeq","31142855",28727958,2660450341,50,101,"Paolo_Manghi",NA,62,"female",NA,83,"no",NA,NA,20.2,"Chemagen","Boston",8,NA,NA,NA,NA,NA,NA,NA,NA,NA,NA,NA,"Healthy",2.41414975704367,10.10409
"MSM9VZPT","HMP_2019_ibdmdb","M2060","stool","control","healthy","adult","USA","no","IlluminaHiSeq","31142855",29404688,2734555736,50,101,"Paolo_Manghi",NA,62,"female",NA,250,"no",NA,NA,20.2,"Chemagen","Boston",22,NA,NA,NA,NA,NA,NA,NA,NA,NA,NA,NA,"Healthy",2.93254944147419,10.35066
"MSM9VZF7","HMP_2019_ibdmdb","M2060","stool","control","healthy","adult","USA","no","IlluminaHiSeq","31142855",36209998,3426182677,50,101,"Paolo_Manghi",NA,62,"female",NA,173,"no",NA,NA,20.2,"Chemagen","Boston",15,NA,NA,NA,NA,NA,NA,NA,NA,NA,NA,NA,"Healthy",2.29191347067668,7.637865
"MSM9VZGS","HMP_2019_ibdmdb","M2061","stool","control","healthy","adult","USA","no","IlluminaHiSeq","31142855",17157228,1551469222,50,101,"Paolo_Manghi",NA,56,"male",NA,224,"no",NA,NA,26.3,"Chemagen","Boston",17,NA,NA,NA,NA,NA,NA,NA,NA,NA,NA,NA,"Healthy",3.02644150583872,11.03716
"MSM9VZHF","HMP_2019_ibdmdb","M2061","stool","control","healthy","adult","USA","no","IlluminaHiSeq","31142855",19125336,1760436529,50,101,"Paolo_Manghi",NA,56,"male",NA,341,"no",NA,NA,26.3,"Chemagen","Boston",25,NA,NA,NA,NA,NA,NA,NA,NA,NA,NA,NA,"Healthy",2.83635341976763,11.12588
"MSM9VZGU","HMP_2019_ibdmdb","M2061","stool","control","healthy","adult","USA","no","IlluminaHiSeq","31142855",20863596,1896916009,50,101,"Paolo_Manghi",NA,56,"male",NA,238,"no",NA,NA,26.3,"Chemagen","Boston",18,NA,NA,NA,NA,NA,NA,NA,NA,NA,NA,NA,"Healthy",2.97036200616338,11.41073
"MSM79H5E","HMP_2019_ibdmdb","M2061","stool","control","healthy","adult","USA","no","IlluminaHiSeq","31142855",21065820,1945093294,50,101,"Paolo_Manghi",NA,56,"male",NA,0,"no",NA,NA,26.3,"Chemagen","Boston",1,NA,NA,NA,NA,NA,NA,NA,NA,NA,NA,NA,"Healthy",2.99938622833218,9.87644499999999
"MSM79H9Q","HMP_2019_ibdmdb","M2061","stool","control","healthy","adult","USA","no","IlluminaHiSeq","31142855",21371556,1962424544,50,101,"Paolo_Manghi",NA,56,"male",NA,118,"no",NA,NA,26.3,"Chemagen","Boston",10,NA,NA,NA,NA,NA,NA,NA,NA,NA,NA,NA,"Healthy",2.40747994441341,10.69524
"MSM9VZGO","HMP_2019_ibdmdb","M2061","stool","control","healthy","adult","USA","no","IlluminaHiSeq","31142855",23060148,2116260126,50,101,"Paolo_Manghi",NA,56,"male",NA,195,"no",NA,NA,26.3,"Chemagen","Boston",15,NA,NA,NA,NA,NA,NA,NA,NA,NA,NA,NA,"Healthy",2.879548241301,11.8171
"MSM79H5G","HMP_2019_ibdmdb","M2061","stool","control","healthy","adult","USA","no","IlluminaHiSeq","31142855",23071960,2136464627,50,101,"Paolo_Manghi",NA,56,"male",NA,13,"no",NA,NA,26.3,"Chemagen","Boston",2,NA,NA,NA,NA,NA,NA,NA,NA,NA,NA,NA,"Healthy",2.81165244101737,9.74579
"MSM9VZHB","HMP_2019_ibdmdb","M2061","stool","control","healthy","adult","USA","no","IlluminaHiSeq","31142855",24399288,2228368496,50,101,"Paolo_Manghi",NA,56,"male",NA,306,"no",NA,NA,26.3,"Chemagen","Boston",23,NA,NA,NA,NA,NA,NA,NA,NA,NA,NA,NA,"Healthy",2.56945268587199,10.436945
"MSM9VZLJ","HMP_2019_ibdmdb","M2061","stool","control","healthy","adult","USA","no","IlluminaHiSeq","31142855",25965250,2367050039,50,101,"Paolo_Manghi",NA,56,"male",NA,250,"no",NA,NA,26.3,"Chemagen","Boston",19,NA,NA,NA,NA,NA,NA,NA,NA,NA,NA,NA,"Healthy",3.06700028969715,11.5344
"MSM79H9M","HMP_2019_ibdmdb","M2061","stool","control","healthy","adult","USA","no","IlluminaHiSeq","31142855",26700090,2475315878,50,101,"Paolo_Manghi",NA,56,"male",NA,90,"no",NA,NA,26.3,"Chemagen","Boston",8,NA,NA,NA,NA,NA,NA,NA,NA,NA,NA,NA,"Healthy",2.65756217324961,10.79971
"MSM79H9W","HMP_2019_ibdmdb","M2061","stool","control","healthy","adult","USA","no","IlluminaHiSeq","31142855",26788176,2475234588,50,101,"Paolo_Manghi",NA,56,"male",NA,160,"no",NA,NA,26.3,"Chemagen","Boston",12,NA,NA,NA,NA,NA,NA,NA,NA,NA,NA,NA,"Healthy",3.03776162443207,11.52668
"MSM79H5K","HMP_2019_ibdmdb","M2061","stool","control","healthy","adult","USA","no","IlluminaHiSeq","31142855",27552662,2521929331,50,101,"Paolo_Manghi",NA,56,"male",NA,40,"no",NA,NA,26.3,"Chemagen","Boston",4,NA,NA,NA,NA,NA,NA,NA,NA,NA,NA,NA,"Healthy",3.1716285466164,10.46894
"MSM79H5M","HMP_2019_ibdmdb","M2061","stool","control","healthy","adult","USA","no","IlluminaHiSeq","31142855",31276176,2933787161,50,101,"Paolo_Manghi",NA,56,"male",NA,54,"no",NA,NA,26.3,"Chemagen","Boston",5,NA,NA,NA,NA,NA,NA,NA,NA,NA,NA,NA,"Healthy",3.28596134108911,11.47834
"MSM79HF1_P","HMP_2019_ibdmdb","M2064","stool","IBD","IBD","senior","USA","no","IlluminaHiSeq","29311644",19659376,1920968855,50,101,"Paolo_Manghi","UC",74,"male",NA,0,"no",NA,NA,27.7,"Chemagen","Boston",1,NA,NA,NA,NA,NA,NA,NA,NA,NA,NA,NA,"IBD",2.67325410006798,11.13436
"MSM79HF9_TR","HMP_2019_ibdmdb","M2064","stool","IBD","IBD","senior","USA","no","IlluminaHiSeq","31142855",10042692,934594034,50,101,"Paolo_Manghi","UC",74,"male",NA,57,"yes",NA,NA,27.7,"Chemagen","Boston",5,NA,NA,NA,NA,NA,NA,NA,NA,NA,NA,NA,"IBD",3.35660018611727,13.0799
"MSMA26ER","HMP_2019_ibdmdb","M2064","stool","IBD","IBD","senior","USA","no","IlluminaHiSeq","31142855",10197354,930473899,50,101,"Paolo_Manghi","UC",74,"male",NA,293,"yes",NA,NA,27.7,"Chemagen","Boston",22,NA,NA,NA,NA,NA,NA,NA,NA,NA,NA,NA,"IBD",2.63860882280206,9.88049999999999
"MSM79HF9","HMP_2019_ibdmdb","M2064","stool","IBD","IBD","senior","USA","no","IlluminaHiSeq","31142855",10843178,972305968,50,101,"Paolo_Manghi","UC",74,"male",NA,57,"yes",NA,NA,27.7,"Chemagen","Boston",5,NA,NA,NA,NA,NA,NA,NA,NA,NA,NA,NA,"IBD",3.4157629916301,13.40333
"MSM79HF3","HMP_2019_ibdmdb","M2064","stool","IBD","IBD","senior","USA","no","IlluminaHiSeq","31142855",13280026,1192409168,50,101,"Paolo_Manghi","UC",74,"male",NA,15,"no",NA,NA,27.7,"Chemagen","Boston",2,NA,NA,NA,NA,NA,NA,NA,NA,NA,NA,NA,"IBD",3.17925931930634,11.8036
"MSM9VZLP","HMP_2019_ibdmdb","M2064","stool","IBD","IBD","senior","USA","no","IlluminaHiSeq","31142855",13950672,1292119481,50,101,"Paolo_Manghi","UC",74,"male",NA,201,"no",NA,NA,27.7,"Chemagen","Boston",16,NA,NA,NA,NA,NA,NA,NA,NA,NA,NA,NA,"IBD",3.20538314088392,11.84885
"MSM9VZLR","HMP_2019_ibdmdb","M2064","stool","IBD","IBD","senior","USA","no","IlluminaHiSeq","31142855",14790650,1350295580,50,101,"Paolo_Manghi","UC",74,"male",NA,216,"no",NA,NA,27.7,"Chemagen","Boston",17,NA,NA,NA,NA,NA,NA,NA,NA,NA,NA,NA,"IBD",3.33883871930982,12.96335
"MSMA26ET","HMP_2019_ibdmdb","M2064","stool","IBD","IBD","senior","USA","no","IlluminaHiSeq","31142855",16051588,1451627427,50,101,"Paolo_Manghi","UC",74,"male",NA,351,"no",NA,NA,27.7,"Chemagen","Boston",24,NA,NA,NA,NA,NA,NA,NA,NA,NA,NA,NA,"IBD",2.4147717314026,11.040405
"MSM9VZLT","HMP_2019_ibdmdb","M2064","stool","IBD","IBD","senior","USA","no","IlluminaHiSeq","31142855",17650922,1605420915,50,101,"Paolo_Manghi","UC",74,"male",NA,265,"no",NA,NA,27.7,"Chemagen","Boston",20,NA,NA,NA,NA,NA,NA,NA,NA,NA,NA,NA,"IBD",3.5117349087007,13.3079
"MSMA26EZ","HMP_2019_ibdmdb","M2064","stool","IBD","IBD","senior","USA","no","IlluminaHiSeq","31142855",17729658,1642022175,50,101,"Paolo_Manghi","UC",74,"male",NA,356,"no",NA,NA,27.7,"Chemagen","Boston",25,NA,NA,NA,NA,NA,NA,NA,NA,NA,NA,NA,"IBD",2.47739617249285,8.502445
"MSM79HAJ","HMP_2019_ibdmdb","M2064","stool","IBD","IBD","senior","USA","no","IlluminaHiSeq","31142855",18180410,1661371324,50,101,"Paolo_Manghi","UC",74,"male",NA,78,"no",NA,NA,27.7,"Chemagen","Boston",8,NA,NA,NA,NA,NA,NA,NA,NA,NA,NA,NA,"IBD",3.43150953901718,12.28774
"MSM79HAT","HMP_2019_ibdmdb","M2064","stool","IBD","IBD","senior","USA","no","IlluminaHiSeq","31142855",18768212,1703463883,50,101,"Paolo_Manghi","UC",74,"male",NA,140,"no",NA,NA,27.7,"Chemagen","Boston",11,NA,NA,NA,NA,NA,NA,NA,NA,NA,NA,NA,"IBD",3.24382717375877,11.49511
"MSMA2688","HMP_2019_ibdmdb","M2064","stool","IBD","IBD","senior","USA","no","IlluminaHiSeq","31142855",19511160,1796050831,50,101,"Paolo_Manghi","UC",75,"male",NA,371,"no",NA,NA,27.7,"Chemagen","Boston",26,NA,NA,NA,NA,NA,NA,NA,NA,NA,NA,NA,"IBD",2.50322105533569,9.45326499999999
"MSM79HAL","HMP_2019_ibdmdb","M2064","stool","IBD","IBD","senior","USA","no","IlluminaHiSeq","31142855",19857008,1853436328,50,101,"Paolo_Manghi","UC",74,"male",NA,98,"no",NA,NA,27.7,"Chemagen","Boston",9,NA,NA,NA,NA,NA,NA,NA,NA,NA,NA,NA,"IBD",3.09698417907538,11.30548
"MSM9VZLV","HMP_2019_ibdmdb","M2064","stool","IBD","IBD","senior","USA","no","IlluminaHiSeq","31142855",21144148,1946838511,50,101,"Paolo_Manghi","UC",74,"male",NA,237,"no",NA,NA,27.7,"Chemagen","Boston",18,NA,NA,NA,NA,NA,NA,NA,NA,NA,NA,NA,"IBD",2.94867287398057,13.53692
"MSM79HF5","HMP_2019_ibdmdb","M2064","stool","IBD","IBD","senior","USA","no","IlluminaHiSeq","31142855",23442392,2181757711,50,101,"Paolo_Manghi","UC",74,"male",NA,29,"no",NA,NA,27.7,"Chemagen","Boston",3,NA,NA,NA,NA,NA,NA,NA,NA,NA,NA,NA,"IBD",3.25013980518338,13.62979
"MSM9VZLN","HMP_2019_ibdmdb","M2064","stool","IBD","IBD","senior","USA","no","IlluminaHiSeq","31142855",27514304,2521941982,50,101,"Paolo_Manghi","UC",74,"male",NA,196,"no",NA,NA,27.7,"Chemagen","Boston",15,NA,NA,NA,NA,NA,NA,NA,NA,NA,NA,NA,"IBD",3.09984559301489,11.64144
"MSM79HAR","HMP_2019_ibdmdb","M2064","stool","IBD","IBD","senior","USA","no","IlluminaHiSeq","31142855",29262062,2662958159,50,101,"Paolo_Manghi","UC",74,"male",NA,160,"yes",NA,NA,27.7,"Chemagen","Boston",12,NA,NA,NA,NA,NA,NA,NA,NA,NA,NA,NA,"IBD",3.28063816136213,12.05953
"MSM79HAN","HMP_2019_ibdmdb","M2064","stool","IBD","IBD","senior","USA","no","IlluminaHiSeq","31142855",30135780,2767922570,50,101,"Paolo_Manghi","UC",74,"male",NA,113,"no",NA,NA,27.7,"Chemagen","Boston",10,NA,NA,NA,NA,NA,NA,NA,NA,NA,NA,NA,"IBD",3.46543497038704,13.10994
"MSM9VZLL","HMP_2019_ibdmdb","M2064","stool","IBD","IBD","senior","USA","no","IlluminaHiSeq","31142855",30458100,2822949661,50,101,"Paolo_Manghi","UC",74,"male",NA,173,"yes",NA,NA,27.7,"Chemagen","Boston",13,NA,NA,NA,NA,NA,NA,NA,NA,NA,NA,NA,"IBD",3.00940043538333,13.15114
"MSM79HF7","HMP_2019_ibdmdb","M2064","stool","IBD","IBD","senior","USA","no","IlluminaHiSeq","31142855",32258484,3006345426,50,101,"Paolo_Manghi","UC",74,"male",NA,43,"no",NA,NA,27.7,"Chemagen","Boston",4,NA,NA,NA,NA,NA,NA,NA,NA,NA,NA,NA,"IBD",3.0771993308323,11.93595
"MSM79HFB","HMP_2019_ibdmdb","M2064","stool","IBD","IBD","senior","USA","no","IlluminaHiSeq","31142855",45156790,4133432110,50,101,"Paolo_Manghi","UC",74,"male",NA,71,"no",NA,NA,27.7,"Chemagen","Boston",6,NA,NA,NA,NA,NA,NA,NA,NA,NA,NA,NA,"IBD",3.22285543283411,10.87954
"MSM79H9U_P","HMP_2019_ibdmdb","M2067","stool","IBD","IBD","adult","USA","no","IlluminaHiSeq","29311644",29365134,2905924305,51,101,"Paolo_Manghi","UC",35,"male",NA,0,"no",NA,NA,NA,"Chemagen","Boston",1,NA,NA,NA,NA,NA,NA,NA,NA,NA,NA,NA,"IBD",1.47957552680358,9.344035
"MSM79HBX_P","HMP_2019_ibdmdb","M2068","stool","IBD","IBD","adult","USA","no","IlluminaHiSeq","29311644",23600874,2309957994,50,101,"Paolo_Manghi","CD",19,"female",NA,0,"yes",NA,NA,21.3,"Chemagen","Boston",1,NA,NA,NA,NA,NA,NA,NA,NA,NA,NA,NA,"IBD",2.12828281536391,8.839375
"MSM79HDO","HMP_2019_ibdmdb","M2068","stool","IBD","IBD","adult","USA","no","IlluminaHiSeq","31142855",6433598,585633062,50,101,"Paolo_Manghi","CD",19,"female",NA,41,"yes",NA,NA,21.3,"Chemagen","Boston",4,NA,NA,NA,NA,NA,NA,NA,NA,NA,NA,NA,"IBD",2.7643207600068,7.221795
"MSM9VZEK_TR","HMP_2019_ibdmdb","M2068","stool","IBD","IBD","adult","USA","no","IlluminaHiSeq","31142855",7334638,700527248,50,101,"Paolo_Manghi","CD",19,"female",NA,111,"yes",NA,NA,21.3,"Chemagen","Boston",10,NA,NA,NA,NA,NA,NA,NA,NA,NA,NA,NA,"IBD",2.7693328533343,6.401565
"MSMA26AN","HMP_2019_ibdmdb","M2068","stool","IBD","IBD","adult","USA","no","IlluminaHiSeq","31142855",8479156,788509602,50,101,"Paolo_Manghi","CD",19,"female",NA,294,"no",NA,NA,21.3,"Chemagen","Boston",24,NA,NA,NA,NA,NA,NA,NA,NA,NA,NA,NA,"IBD",2.53122208409345,8.539605
"MSM79HDS","HMP_2019_ibdmdb","M2068","stool","IBD","IBD","adult","USA","no","IlluminaHiSeq","31142855",10041122,922957172,50,101,"Paolo_Manghi","CD",19,"female",NA,69,"no",NA,NA,21.3,"Chemagen","Boston",6,NA,NA,NA,NA,NA,NA,NA,NA,NA,NA,NA,"IBD",2.67296131931703,7.626065
"MSM9VZEK","HMP_2019_ibdmdb","M2068","stool","IBD","IBD","adult","USA","no","IlluminaHiSeq","31142855",10060326,918762663,50,101,"Paolo_Manghi","CD",19,"female",NA,111,"yes",NA,NA,21.3,"Chemagen","Boston",10,NA,NA,NA,NA,NA,NA,NA,NA,NA,NA,NA,"IBD",2.25566205890551,7.146275
"MSM79HDQ_TR","HMP_2019_ibdmdb","M2068","stool","IBD","IBD","adult","USA","no","IlluminaHiSeq","31142855",10327054,981930366,50,101,"Paolo_Manghi","CD",19,"female",NA,56,"no",NA,NA,21.3,"Chemagen","Boston",5,NA,NA,NA,NA,NA,NA,NA,NA,NA,NA,NA,"IBD",2.56919759388489,8.236825
"MSM79HDM","HMP_2019_ibdmdb","M2068","stool","IBD","IBD","adult","USA","no","IlluminaHiSeq","31142855",12556814,1153471101,50,101,"Paolo_Manghi","CD",19,"female",NA,27,"yes",NA,NA,21.3,"Chemagen","Boston",3,NA,NA,NA,NA,NA,NA,NA,NA,NA,NA,NA,"IBD",2.56502926375118,7.859535
"MSMA26AR","HMP_2019_ibdmdb","M2068","stool","IBD","IBD","adult","USA","no","IlluminaHiSeq","31142855",13989984,1288505297,50,101,"Paolo_Manghi","CD",19,"female",NA,322,"no",NA,NA,21.3,"Chemagen","Boston",26,NA,NA,NA,NA,NA,NA,NA,NA,NA,NA,NA,"IBD",2.77533971039486,9.788175
"MSMA26AL","HMP_2019_ibdmdb","M2068","stool","IBD","IBD","adult","USA","no","IlluminaHiSeq","31142855",14069978,1285900400,50,101,"Paolo_Manghi","CD",19,"female",NA,279,"no",NA,NA,21.3,"Chemagen","Boston",23,NA,NA,NA,NA,NA,NA,NA,NA,NA,NA,NA,"IBD",2.97466593316665,9.844115
"MSM9VZES","HMP_2019_ibdmdb","M2068","stool","IBD","IBD","adult","USA","no","IlluminaHiSeq","31142855",15017960,1394653637,50,101,"Paolo_Manghi","CD",19,"female",NA,167,"no",NA,NA,21.3,"Chemagen","Boston",15,NA,NA,NA,NA,NA,NA,NA,NA,NA,NA,NA,"IBD",2.79490135605692,8.72879499999999
"MSM7J16N","HMP_2019_ibdmdb","M2068","stool","IBD","IBD","adult","USA","no","IlluminaHiSeq","31142855",15956012,1453429624,50,101,"Paolo_Manghi","CD",19,"female",NA,215,"no",NA,NA,21.3,"Chemagen","Boston",18,NA,NA,NA,NA,NA,NA,NA,NA,NA,NA,NA,"IBD",2.86919824742456,8.254875
"MSM7J16J","HMP_2019_ibdmdb","M2068","stool","IBD","IBD","adult","USA","no","IlluminaHiSeq","31142855",16182272,1469455816,50,101,"Paolo_Manghi","CD",19,"female",NA,182,"no",NA,NA,21.3,"Chemagen","Boston",16,NA,NA,NA,NA,NA,NA,NA,NA,NA,NA,NA,"IBD",2.49960492948791,9.320825
"MSMA26AT","HMP_2019_ibdmdb","M2068","stool","IBD","IBD","adult","USA","no","IlluminaHiSeq","31142855",17759516,1647567117,50,101,"Paolo_Manghi","CD",19,"female",NA,335,"no",NA,NA,21.3,"Chemagen","Boston",27,NA,NA,NA,NA,NA,NA,NA,NA,NA,NA,NA,"IBD",2.77139354467815,8.045935
"MSM9VZEM","HMP_2019_ibdmdb","M2068","stool","IBD","IBD","adult","USA","no","IlluminaHiSeq","31142855",18074540,1705714308,50,101,"Paolo_Manghi","CD",19,"female",NA,125,"yes",NA,NA,21.3,"Chemagen","Boston",11,NA,NA,NA,NA,NA,NA,NA,NA,NA,NA,NA,"IBD",1.90548611621885,7.608285
"MSM79HDQ","HMP_2019_ibdmdb","M2068","stool","IBD","IBD","adult","USA","no","IlluminaHiSeq","31142855",18252272,1671860685,50,101,"Paolo_Manghi","CD",19,"female",NA,56,"no",NA,NA,21.3,"Chemagen","Boston",5,NA,NA,NA,NA,NA,NA,NA,NA,NA,NA,NA,"IBD",2.56544713684755,8.581285
"MSM9VZJB","HMP_2019_ibdmdb","M2068","stool","IBD","IBD","adult","USA","no","IlluminaHiSeq","31142855",18435608,1689320496,50,101,"Paolo_Manghi","CD",19,"female",NA,254,"no",NA,NA,21.3,"Chemagen","Boston",22,NA,NA,NA,NA,NA,NA,NA,NA,NA,NA,NA,"IBD",2.34326353418176,7.770325
"MSMA26AP","HMP_2019_ibdmdb","M2068","stool","IBD","IBD","adult","USA","no","IlluminaHiSeq","31142855",20654066,1906908379,50,101,"Paolo_Manghi","CD",19,"female",NA,307,"no",NA,NA,21.3,"Chemagen","Boston",25,NA,NA,NA,NA,NA,NA,NA,NA,NA,NA,NA,"IBD",2.42755655731846,10.796575
"MSM79HDK","HMP_2019_ibdmdb","M2068","stool","IBD","IBD","adult","USA","no","IlluminaHiSeq","31142855",20849906,1943329537,50,101,"Paolo_Manghi","CD",19,"female",NA,15,"yes",NA,NA,21.3,"Chemagen","Boston",2,NA,NA,NA,NA,NA,NA,NA,NA,NA,NA,NA,"IBD",2.6732418376838,9.041985
"MSM79HDU","HMP_2019_ibdmdb","M2068","stool","IBD","IBD","adult","USA","no","IlluminaHiSeq","31142855",22522530,2111164202,50,101,"Paolo_Manghi","CD",19,"female",NA,83,"yes",NA,NA,21.3,"Chemagen","Boston",8,NA,NA,NA,NA,NA,NA,NA,NA,NA,NA,NA,"IBD",2.18346701297138,7.951035
"MSM9VZEO","HMP_2019_ibdmdb","M2068","stool","IBD","IBD","adult","USA","no","IlluminaHiSeq","31142855",22877750,2169159666,50,101,"Paolo_Manghi","CD",19,"female",NA,140,"yes",NA,NA,21.3,"Chemagen","Boston",12,NA,NA,NA,NA,NA,NA,NA,NA,NA,NA,NA,"IBD",1.81365702607049,6.325835
"MSM7J16P","HMP_2019_ibdmdb","M2068","stool","IBD","IBD","adult","USA","no","IlluminaHiSeq","31142855",22960506,2153534328,50,101,"Paolo_Manghi","CD",19,"female",NA,225,"no",NA,NA,21.3,"Chemagen","Boston",19,NA,NA,NA,NA,NA,NA,NA,NA,NA,NA,NA,"IBD",2.57675820105491,9.217395
"MSM9VZEQ","HMP_2019_ibdmdb","M2068","stool","IBD","IBD","adult","USA","no","IlluminaHiSeq","31142855",24693652,2300666867,50,101,"Paolo_Manghi","CD",19,"female",NA,161,"no",NA,NA,21.3,"Chemagen","Boston",13,NA,NA,NA,NA,NA,NA,NA,NA,NA,NA,NA,"IBD",2.27008226155207,8.093585
"MSM7J16R","HMP_2019_ibdmdb","M2068","stool","IBD","IBD","adult","USA","no","IlluminaHiSeq","31142855",27249436,2548285012,50,101,"Paolo_Manghi","CD",19,"female",NA,244,"no",NA,NA,21.3,"Chemagen","Boston",20,NA,NA,NA,NA,NA,NA,NA,NA,NA,NA,NA,"IBD",2.43266902135697,10.222565
"MSM7J16L","HMP_2019_ibdmdb","M2068","stool","IBD","IBD","adult","USA","no","IlluminaHiSeq","31142855",30847806,2902722208,50,101,"Paolo_Manghi","CD",19,"female",NA,198,"no",NA,NA,21.3,"Chemagen","Boston",17,NA,NA,NA,NA,NA,NA,NA,NA,NA,NA,NA,"IBD",2.2362445112496,9.41060499999999
"MSM79H98","HMP_2019_ibdmdb","M2068","stool","IBD","IBD","adult","USA","no","IlluminaHiSeq","31142855",33821270,3128430242,50,101,"Paolo_Manghi","CD",19,"female",NA,97,"yes",NA,NA,21.3,"Chemagen","Boston",9,NA,NA,NA,NA,NA,NA,NA,NA,NA,NA,NA,"IBD",2.45251432090998,8.374205
"MSM79HD8_P","HMP_2019_ibdmdb","M2069","stool","IBD","IBD","adult","USA","no","IlluminaHiSeq","29311644",48514122,4786920426,51,101,"Paolo_Manghi","UC",29,"female",NA,18,"yes",NA,NA,19.1,"Chemagen","Boston",2,NA,NA,NA,NA,NA,NA,NA,NA,NA,NA,NA,"IBD",2.42216654440564,11.831695
"MSMA26EP","HMP_2019_ibdmdb","M2069","stool","IBD","IBD","adult","USA","no","IlluminaHiSeq","31142855",614656,57173063,50,101,"Paolo_Manghi","UC",29,"female",NA,326,"yes",NA,NA,19.1,"Chemagen","Boston",27,NA,NA,NA,NA,NA,NA,NA,NA,NA,NA,NA,"IBD",1.38139446866307,1.751315
"MSMA26EH","HMP_2019_ibdmdb","M2069","stool","IBD","IBD","adult","USA","no","IlluminaHiSeq","31142855",795180,72040893,50,101,"Paolo_Manghi","UC",29,"female",NA,277,"yes",NA,NA,19.1,"Chemagen","Boston",23,NA,NA,NA,NA,NA,NA,NA,NA,NA,NA,NA,"IBD",1.85829473515447,2.589345
"MSM79HBZ","HMP_2019_ibdmdb","M2069","stool","IBD","IBD","adult","USA","no","IlluminaHiSeq","31142855",5140998,477661155,50,101,"Paolo_Manghi","UC",29,"female",NA,0,"yes",NA,NA,19.1,"Chemagen","Boston",1,NA,NA,NA,NA,NA,NA,NA,NA,NA,NA,NA,"IBD",1.91596520685091,3.449775
"MSM9VZOU","HMP_2019_ibdmdb","M2069","stool","IBD","IBD","adult","USA","no","IlluminaHiSeq","31142855",6165792,563061078,50,101,"Paolo_Manghi","UC",29,"female",NA,200,"no",NA,NA,19.1,"Chemagen","Boston",17,NA,NA,NA,NA,NA,NA,NA,NA,NA,NA,NA,"IBD",1.63355779999924,5.826485
"MSMA26EN","HMP_2019_ibdmdb","M2069","stool","IBD","IBD","adult","USA","no","IlluminaHiSeq","31142855",9695884,903060648,50,101,"Paolo_Manghi","UC",29,"female",NA,320,"no",NA,NA,19.1,"Chemagen","Boston",26,NA,NA,NA,NA,NA,NA,NA,NA,NA,NA,NA,"IBD",2.00953478653575,5.914225
"MSMA26EL","HMP_2019_ibdmdb","M2069","stool","IBD","IBD","adult","USA","no","IlluminaHiSeq","31142855",10099262,926754158,50,101,"Paolo_Manghi","UC",29,"female",NA,305,"no",NA,NA,19.1,"Chemagen","Boston",25,NA,NA,NA,NA,NA,NA,NA,NA,NA,NA,NA,"IBD",1.50969361930025,6.950525
"MSM9VZF5","HMP_2019_ibdmdb","M2069","stool","IBD","IBD","adult","USA","no","IlluminaHiSeq","31142855",10233410,941484208,50,101,"Paolo_Manghi","UC",29,"female",NA,172,"no",NA,NA,19.1,"Chemagen","Boston",15,NA,NA,NA,NA,NA,NA,NA,NA,NA,NA,NA,"IBD",2.01003717462279,6.717955
"MSM79HDA","HMP_2019_ibdmdb","M2069","stool","IBD","IBD","adult","USA","no","IlluminaHiSeq","31142855",11029138,998179287,50,101,"Paolo_Manghi","UC",29,"female",NA,32,"no",NA,NA,19.1,"Chemagen","Boston",3,NA,NA,NA,NA,NA,NA,NA,NA,NA,NA,NA,"IBD",1.90442590129749,5.795515
"MSM79HDG","HMP_2019_ibdmdb","M2069","stool","IBD","IBD","adult","USA","no","IlluminaHiSeq","31142855",13104214,1182796919,50,101,"Paolo_Manghi","UC",29,"female",NA,74,"no",NA,NA,19.1,"Chemagen","Boston",6,NA,NA,NA,NA,NA,NA,NA,NA,NA,NA,NA,"IBD",1.75867850256457,6.678225
"MSM9VZOY","HMP_2019_ibdmdb","M2069","stool","IBD","IBD","adult","USA","no","IlluminaHiSeq","31142855",16065626,1455575807,50,101,"Paolo_Manghi","UC",29,"female",NA,186,"no",NA,NA,19.1,"Chemagen","Boston",16,NA,NA,NA,NA,NA,NA,NA,NA,NA,NA,NA,"IBD",2.02773136469299,7.244835
"MSM9VZF1","HMP_2019_ibdmdb","M2069","stool","IBD","IBD","adult","USA","no","IlluminaHiSeq","31142855",16346098,1459565869,50,101,"Paolo_Manghi","UC",29,"female",NA,144,"no",NA,NA,19.1,"Chemagen","Boston",12,NA,NA,NA,NA,NA,NA,NA,NA,NA,NA,NA,"IBD",2.04217660637995,6.363625
"MSMA26EJ","HMP_2019_ibdmdb","M2069","stool","IBD","IBD","adult","USA","no","IlluminaHiSeq","31142855",16562320,1527452326,50,101,"Paolo_Manghi","UC",29,"female",NA,292,"no",NA,NA,19.1,"Chemagen","Boston",24,NA,NA,NA,NA,NA,NA,NA,NA,NA,NA,NA,"IBD",1.91616392915568,5.194905
"MSM9VZP3","HMP_2019_ibdmdb","M2069","stool","IBD","IBD","adult","USA","no","IlluminaHiSeq","31142855",17098310,1597697418,50,101,"Paolo_Manghi","UC",29,"female",NA,256,"no",NA,NA,19.1,"Chemagen","Boston",22,NA,NA,NA,NA,NA,NA,NA,NA,NA,NA,NA,"IBD",1.41616101546449,6.119775
"MSM79HDI","HMP_2019_ibdmdb","M2069","stool","IBD","IBD","adult","USA","no","IlluminaHiSeq","31142855",18180794,1657602227,50,101,"Paolo_Manghi","UC",29,"female",NA,88,"no",NA,NA,19.1,"Chemagen","Boston",8,NA,NA,NA,NA,NA,NA,NA,NA,NA,NA,NA,"IBD",2.16820809606212,7.184125
"MSM9VZOS","HMP_2019_ibdmdb","M2069","stool","IBD","IBD","adult","USA","no","IlluminaHiSeq","31142855",18990312,1760382357,50,101,"Paolo_Manghi","UC",29,"female",NA,228,"no",NA,NA,19.1,"Chemagen","Boston",19,NA,NA,NA,NA,NA,NA,NA,NA,NA,NA,NA,"IBD",1.76482522006007,6.725515
"MSM79HDG_TR","HMP_2019_ibdmdb","M2069","stool","IBD","IBD","adult","USA","no","IlluminaHiSeq","31142855",20304374,1931165291,50,101,"Paolo_Manghi","UC",29,"female",NA,74,"no",NA,NA,19.1,"Chemagen","Boston",6,NA,NA,NA,NA,NA,NA,NA,NA,NA,NA,NA,"IBD",1.65178711886663,6.131895
"MSM9VZP1","HMP_2019_ibdmdb","M2069","stool","IBD","IBD","adult","USA","no","IlluminaHiSeq","31142855",21572370,1993841129,50,101,"Paolo_Manghi","UC",29,"female",NA,245,"no",NA,NA,19.1,"Chemagen","Boston",20,NA,NA,NA,NA,NA,NA,NA,NA,NA,NA,NA,"IBD",1.37669216869774,6.155965
"MSM9VZEU","HMP_2019_ibdmdb","M2069","stool","IBD","IBD","adult","USA","no","IlluminaHiSeq","31142855",22194752,2041036963,50,101,"Paolo_Manghi","UC",29,"female",NA,102,"no",NA,NA,19.1,"Chemagen","Boston",9,NA,NA,NA,NA,NA,NA,NA,NA,NA,NA,NA,"IBD",2.18550017882975,6.545465
"MSM9VZEW","HMP_2019_ibdmdb","M2069","stool","IBD","IBD","adult","USA","no","IlluminaHiSeq","31142855",23848358,2210269424,50,101,"Paolo_Manghi","UC",29,"female",NA,116,"no",NA,NA,19.1,"Chemagen","Boston",10,NA,NA,NA,NA,NA,NA,NA,NA,NA,NA,NA,"IBD",1.90286101852932,6.689055
"MSM9VZF3","HMP_2019_ibdmdb","M2069","stool","IBD","IBD","adult","USA","no","IlluminaHiSeq","31142855",26374428,2421862175,50,101,"Paolo_Manghi","UC",29,"female",NA,159,"no",NA,NA,19.1,"Chemagen","Boston",13,NA,NA,NA,NA,NA,NA,NA,NA,NA,NA,NA,"IBD",2.16056938873748,7.563895
"MSM79HDE","HMP_2019_ibdmdb","M2069","stool","IBD","IBD","adult","USA","no","IlluminaHiSeq","31142855",26737962,2461920323,50,101,"Paolo_Manghi","UC",29,"female",NA,60,"no",NA,NA,19.1,"Chemagen","Boston",5,NA,NA,NA,NA,NA,NA,NA,NA,NA,NA,NA,"IBD",1.71238733991995,6.941345
"MSM79HDC","HMP_2019_ibdmdb","M2069","stool","IBD","IBD","adult","USA","no","IlluminaHiSeq","31142855",30161392,2770846238,50,101,"Paolo_Manghi","UC",29,"female",NA,46,"no",NA,NA,19.1,"Chemagen","Boston",4,NA,NA,NA,NA,NA,NA,NA,NA,NA,NA,NA,"IBD",1.57084045462526,5.803855
"MSM9VZOW","HMP_2019_ibdmdb","M2069","stool","IBD","IBD","adult","USA","no","IlluminaHiSeq","31142855",32340554,2948203784,50,101,"Paolo_Manghi","UC",29,"female",NA,214,"no",NA,NA,19.1,"Chemagen","Boston",18,NA,NA,NA,NA,NA,NA,NA,NA,NA,NA,NA,"IBD",1.47285388256754,7.047325
"MSM9VZEY","HMP_2019_ibdmdb","M2069","stool","IBD","IBD","adult","USA","no","IlluminaHiSeq","31142855",32426348,3013219949,50,101,"Paolo_Manghi","UC",29,"female",NA,130,"no",NA,NA,19.1,"Chemagen","Boston",11,NA,NA,NA,NA,NA,NA,NA,NA,NA,NA,NA,"IBD",1.99649255382615,7.44514499999999
"MSM79HD6_P","HMP_2019_ibdmdb","M2071","stool","IBD","IBD","adult","USA","no","IlluminaHiSeq","29311644",28258622,2797207034,51,101,"Paolo_Manghi","UC",26,"female",NA,0,"no",NA,NA,NA,"Chemagen","Boston",1,NA,NA,NA,NA,NA,NA,NA,NA,NA,NA,NA,"IBD",2.26492975267966,7.51711499999999
"MSMA26AX","HMP_2019_ibdmdb","M2071","stool","IBD","IBD","adult","USA","no","IlluminaHiSeq","31142855",13805554,1217761217,50,101,"Paolo_Manghi","UC",26,"female",NA,231,"no",NA,NA,NA,"Chemagen","Boston",8,NA,NA,NA,NA,NA,NA,NA,NA,NA,NA,NA,"IBD",2.53935014136167,6.357785
"MSMA26AV","HMP_2019_ibdmdb","M2071","stool","IBD","IBD","adult","USA","no","IlluminaHiSeq","31142855",16725362,1505970304,50,101,"Paolo_Manghi","UC",26,"female",NA,274,"no",NA,NA,NA,"Chemagen","Boston",10,NA,NA,NA,NA,NA,NA,NA,NA,NA,NA,NA,"IBD",2.84513010376946,9.304265
"MSMA26AZ_TR","HMP_2019_ibdmdb","M2071","stool","IBD","IBD","adult","USA","no","IlluminaHiSeq","31142855",19506198,1835601797,50,101,"Paolo_Manghi","UC",26,"female",NA,244,"no",NA,NA,NA,"Chemagen","Boston",9,NA,NA,NA,NA,NA,NA,NA,NA,NA,NA,NA,"IBD",2.54907699242074,8.10833499999999
"MSM79H7M","HMP_2019_ibdmdb","M2071","stool","IBD","IBD","adult","USA","no","IlluminaHiSeq","31142855",20256140,1876810820,50,101,"Paolo_Manghi","UC",26,"female",NA,83,"yes",NA,NA,NA,"Chemagen","Boston",4,NA,NA,NA,NA,NA,NA,NA,NA,NA,NA,NA,"IBD",2.39750579897754,6.536225
"MSMB4LZ4","HMP_2019_ibdmdb","M2071","stool","IBD","IBD","adult","USA","no","IlluminaHiSeq","31142855",21029168,1941345105,50,101,"Paolo_Manghi","UC",26,"female",NA,405,"no",NA,NA,NA,"Chemagen","Boston",13,NA,NA,NA,NA,NA,NA,NA,NA,NA,NA,NA,"IBD",2.6606329415836,8.103095
"MSMA26AZ","HMP_2019_ibdmdb","M2071","stool","IBD","IBD","adult","USA","no","IlluminaHiSeq","31142855",24255124,2215321934,50,101,"Paolo_Manghi","UC",26,"female",NA,244,"no",NA,NA,NA,"Chemagen","Boston",9,NA,NA,NA,NA,NA,NA,NA,NA,NA,NA,NA,"IBD",2.57868032956624,9.107145
"MSM79H7E","HMP_2019_ibdmdb","M2071","stool","IBD","IBD","adult","USA","no","IlluminaHiSeq","31142855",26247056,2436023024,50,101,"Paolo_Manghi","UC",26,"female",NA,29,"no",NA,NA,NA,"Chemagen","Boston",3,NA,NA,NA,NA,NA,NA,NA,NA,NA,NA,NA,"IBD",2.52419590945497,8.986585
"MSM79H7G","HMP_2019_ibdmdb","M2071","stool","IBD","IBD","adult","USA","no","IlluminaHiSeq","31142855",27704274,2562907571,50,101,"Paolo_Manghi","UC",26,"female",NA,111,"no",NA,NA,NA,"Chemagen","Boston",6,NA,NA,NA,NA,NA,NA,NA,NA,NA,NA,NA,"IBD",2.4462638766851,7.629965
"MSM79H7C","HMP_2019_ibdmdb","M2071","stool","IBD","IBD","adult","USA","no","IlluminaHiSeq","31142855",33036526,3051284850,50,101,"Paolo_Manghi","UC",26,"female",NA,18,"no",NA,NA,NA,"Chemagen","Boston",2,NA,NA,NA,NA,NA,NA,NA,NA,NA,NA,NA,"IBD",2.50612393790854,8.369315
"MSM79HCN_P","HMP_2019_ibdmdb","M2072","stool","control","healthy","adult","USA","no","IlluminaHiSeq","29311644",29306904,2868513234,50,101,"Paolo_Manghi",NA,51,"male",NA,46,"no",NA,NA,28.7,"Chemagen","Boston",4,NA,NA,NA,NA,NA,NA,NA,NA,NA,NA,NA,"Healthy",1.31707421327376,5.190055
"MSM9VZHL","HMP_2019_ibdmdb","M2072","stool","control","healthy","adult","USA","no","IlluminaHiSeq","31142855",10217370,873755474,50,98,"Paolo_Manghi",NA,51,"male",NA,263,"no",NA,NA,28.7,"Chemagen","Boston",23,NA,NA,NA,NA,NA,NA,NA,NA,NA,NA,NA,"Healthy",2.16391333634675,6.401615
"MSM79HCR","HMP_2019_ibdmdb","M2072","stool","control","healthy","adult","USA","no","IlluminaHiSeq","31142855",11041472,1024953548,50,101,"Paolo_Manghi",NA,51,"male",NA,67,"no",NA,NA,28.7,"Chemagen","Boston",6,NA,NA,NA,NA,NA,NA,NA,NA,NA,NA,NA,"Healthy",1.37739749580296,6.799155
"MSM9VZOK","HMP_2019_ibdmdb","M2072","stool","control","healthy","adult","USA","no","IlluminaHiSeq","31142855",13352352,1172003226,50,101,"Paolo_Manghi",NA,51,"male",NA,193,"no",NA,NA,28.7,"Chemagen","Boston",17,NA,NA,NA,NA,NA,NA,NA,NA,NA,NA,NA,"Healthy",2.24223413711866,8.557235
"MSM9VZHT","HMP_2019_ibdmdb","M2072","stool","control","healthy","adult","USA","no","IlluminaHiSeq","31142855",15109940,1357406850,50,101,"Paolo_Manghi",NA,51,"male",NA,320,"no",NA,NA,28.7,"Chemagen","Boston",27,NA,NA,NA,NA,NA,NA,NA,NA,NA,NA,NA,"Healthy",2.09539051444308,8.402745
"MSM9VZOQ","HMP_2019_ibdmdb","M2072","stool","control","healthy","adult","USA","no","IlluminaHiSeq","31142855",16904470,1507060686,50,101,"Paolo_Manghi",NA,51,"male",NA,234,"no",NA,NA,28.7,"Chemagen","Boston",20,NA,NA,NA,NA,NA,NA,NA,NA,NA,NA,NA,"Healthy",1.79637803585317,7.255745
"MSM9VZHP","HMP_2019_ibdmdb","M2072","stool","control","healthy","adult","USA","no","IlluminaHiSeq","31142855",18087350,1618906658,50,101,"Paolo_Manghi",NA,51,"male",NA,291,"no",NA,NA,28.7,"Chemagen","Boston",25,NA,NA,NA,NA,NA,NA,NA,NA,NA,NA,NA,"Healthy",2.06873450268978,7.352385
"MSM9VZHJ","HMP_2019_ibdmdb","M2072","stool","control","healthy","adult","USA","no","IlluminaHiSeq","31142855",18863648,1717421617,50,101,"Paolo_Manghi",NA,51,"male",NA,248,"no",NA,NA,28.7,"Chemagen","Boston",22,NA,NA,NA,NA,NA,NA,NA,NA,NA,NA,NA,"Healthy",1.77262216141174,6.135265
"MSM79H89","HMP_2019_ibdmdb","M2072","stool","control","healthy","adult","USA","no","IlluminaHiSeq","31142855",19827914,1812908398,50,101,"Paolo_Manghi",NA,51,"male",NA,137,"no",NA,NA,28.7,"Chemagen","Boston",12,NA,NA,NA,NA,NA,NA,NA,NA,NA,NA,NA,"Healthy",2.05474516305239,8.999235
"MSM9VZOO","HMP_2019_ibdmdb","M2072","stool","control","healthy","adult","USA","no","IlluminaHiSeq","31142855",20648460,1901336829,50,101,"Paolo_Manghi",NA,51,"male",NA,220,"no",NA,NA,28.7,"Chemagen","Boston",19,NA,NA,NA,NA,NA,NA,NA,NA,NA,NA,NA,"Healthy",1.58083950359681,7.329765
"MSM79HCK","HMP_2019_ibdmdb","M2072","stool","control","healthy","adult","USA","no","IlluminaHiSeq","31142855",21739666,2001897444,50,101,"Paolo_Manghi",NA,51,"male",NA,39,"no",NA,NA,28.7,"Chemagen","Boston",3,NA,NA,NA,NA,NA,NA,NA,NA,NA,NA,NA,"Healthy",1.37282952172196,5.198015
"MSM9VZHR","HMP_2019_ibdmdb","M2072","stool","control","healthy","adult","USA","no","IlluminaHiSeq","31142855",22103870,1994321070,50,101,"Paolo_Manghi",NA,51,"male",NA,304,"no",NA,NA,28.7,"Chemagen","Boston",26,NA,NA,NA,NA,NA,NA,NA,NA,NA,NA,NA,"Healthy",1.95798825092863,9.063255
"MSM79H8B","HMP_2019_ibdmdb","M2072","stool","control","healthy","adult","USA","no","IlluminaHiSeq","31142855",22190280,2012953401,50,101,"Paolo_Manghi",NA,51,"male",NA,151,"no",NA,NA,28.7,"Chemagen","Boston",13,NA,NA,NA,NA,NA,NA,NA,NA,NA,NA,NA,"Healthy",1.71708631835583,6.792015
"MSM9VZOI","HMP_2019_ibdmdb","M2072","stool","control","healthy","adult","USA","no","IlluminaHiSeq","31142855",22999872,2043001904,50,101,"Paolo_Manghi",NA,51,"male",NA,179,"no",NA,NA,28.7,"Chemagen","Boston",16,NA,NA,NA,NA,NA,NA,NA,NA,NA,NA,NA,"Healthy",1.50892422022005,8.838595
"MSM79H81","HMP_2019_ibdmdb","M2072","stool","control","healthy","adult","USA","no","IlluminaHiSeq","31142855",23630532,2177187392,50,101,"Paolo_Manghi",NA,51,"male",NA,81,"no",NA,NA,28.7,"Chemagen","Boston",8,NA,NA,NA,NA,NA,NA,NA,NA,NA,NA,NA,"Healthy",1.99476146973433,8.376505
"MSM79HCI","HMP_2019_ibdmdb","M2072","stool","control","healthy","adult","USA","no","IlluminaHiSeq","31142855",23687840,2183196802,50,101,"Paolo_Manghi",NA,51,"male",NA,31,"no",NA,NA,28.7,"Chemagen","Boston",2,NA,NA,NA,NA,NA,NA,NA,NA,NA,NA,NA,"Healthy",1.41669339406384,6.035385
"MSM9VZOM","HMP_2019_ibdmdb","M2072","stool","control","healthy","adult","USA","no","IlluminaHiSeq","31142855",24044316,2240981213,50,101,"Paolo_Manghi",NA,51,"male",NA,208,"no",NA,NA,28.7,"Chemagen","Boston",18,NA,NA,NA,NA,NA,NA,NA,NA,NA,NA,NA,"Healthy",1.2223801815682,7.463165
"MSM79HCP","HMP_2019_ibdmdb","M2072","stool","control","healthy","adult","USA","no","IlluminaHiSeq","31142855",28186742,2596204192,50,101,"Paolo_Manghi",NA,51,"male",NA,54,"no",NA,NA,28.7,"Chemagen","Boston",5,NA,NA,NA,NA,NA,NA,NA,NA,NA,NA,NA,"Healthy",1.52798446054221,7.006505
"MSM9VZHN","HMP_2019_ibdmdb","M2072","stool","control","healthy","adult","USA","no","IlluminaHiSeq","31142855",32839398,3027648631,50,101,"Paolo_Manghi",NA,51,"male",NA,276,"no",NA,NA,28.7,"Chemagen","Boston",24,NA,NA,NA,NA,NA,NA,NA,NA,NA,NA,NA,"Healthy",1.73151016153923,7.620265
"MSM79H85","HMP_2019_ibdmdb","M2072","stool","control","healthy","adult","USA","no","IlluminaHiSeq","31142855",35025404,3301263833,50,101,"Paolo_Manghi",NA,51,"male",NA,109,"no",NA,NA,28.7,"Chemagen","Boston",10,NA,NA,NA,NA,NA,NA,NA,NA,NA,NA,NA,"Healthy",1.71475561472628,8.587665
"MSM79H87","HMP_2019_ibdmdb","M2072","stool","control","healthy","adult","USA","no","IlluminaHiSeq","31142855",35589346,3279611055,50,101,"Paolo_Manghi",NA,51,"male",NA,123,"no",NA,NA,28.7,"Chemagen","Boston",11,NA,NA,NA,NA,NA,NA,NA,NA,NA,NA,NA,"Healthy",1.46088309889114,7.739995
"MSM9VZOG","HMP_2019_ibdmdb","M2072","stool","control","healthy","adult","USA","no","IlluminaHiSeq","31142855",36059710,3314451517,50,101,"Paolo_Manghi",NA,51,"male",NA,172,"no",NA,NA,28.7,"Chemagen","Boston",15,NA,NA,NA,NA,NA,NA,NA,NA,NA,NA,NA,"Healthy",2.07670789111899,9.313495
"MSM79HCG","HMP_2019_ibdmdb","M2072","stool","control","healthy","adult","USA","no","IlluminaHiSeq","31142855",36743544,3400024909,50,101,"Paolo_Manghi",NA,51,"male",NA,0,"no",NA,NA,28.7,"Chemagen","Boston",1,NA,NA,NA,NA,NA,NA,NA,NA,NA,NA,NA,"Healthy",1.40627597772638,8.380635
"MSM79H83","HMP_2019_ibdmdb","M2072","stool","control","healthy","adult","USA","no","IlluminaHiSeq","31142855",42083960,3914538441,50,101,"Paolo_Manghi",NA,51,"male",NA,95,"no",NA,NA,28.7,"Chemagen","Boston",9,NA,NA,NA,NA,NA,NA,NA,NA,NA,NA,NA,"Healthy",1.33816717688561,8.668585
"MSM79H8J_P","HMP_2019_ibdmdb","M2075","stool","control","healthy","adult","USA","no","IlluminaHiSeq","29311644",57428098,5693342777,51,101,"Paolo_Manghi",NA,61,"male",NA,39,"no",NA,NA,27.2,"Chemagen","Boston",4,NA,NA,NA,NA,NA,NA,NA,NA,NA,NA,NA,"Healthy",2.49318156187338,11.405105
"MSM9VZGY","HMP_2019_ibdmdb","M2075","stool","control","healthy","adult","USA","no","IlluminaHiSeq","31142855",11620166,1034660344,50,101,"Paolo_Manghi",NA,61,"male",NA,188,"no",NA,NA,27.2,"Chemagen","Boston",16,NA,NA,NA,NA,NA,NA,NA,NA,NA,NA,NA,"Healthy",2.44721996917251,9.21011499999999
"MSM9VZH7","HMP_2019_ibdmdb","M2075","stool","control","healthy","adult","USA","no","IlluminaHiSeq","31142855",13110842,1169347017,50,101,"Paolo_Manghi",NA,61,"male",NA,242,"no",NA,NA,27.2,"Chemagen","Boston",20,NA,NA,NA,NA,NA,NA,NA,NA,NA,NA,NA,"Healthy",2.64800540444235,8.873685
"MSM79H8H","HMP_2019_ibdmdb","M2075","stool","control","healthy","adult","USA","no","IlluminaHiSeq","31142855",15437664,1425064335,50,101,"Paolo_Manghi",NA,61,"male",NA,25,"no",NA,NA,27.2,"Chemagen","Boston",3,NA,NA,NA,NA,NA,NA,NA,NA,NA,NA,NA,"Healthy",2.82463334310425,9.436585
"MSM79H8L","HMP_2019_ibdmdb","M2075","stool","control","healthy","adult","USA","no","IlluminaHiSeq","31142855",20942030,1868938853,50,101,"Paolo_Manghi",NA,61,"male",NA,54,"no",NA,NA,27.2,"Chemagen","Boston",5,NA,NA,NA,NA,NA,NA,NA,NA,NA,NA,NA,"Healthy",2.28515520581197,9.478845
"MSM9VZGW","HMP_2019_ibdmdb","M2075","stool","control","healthy","adult","USA","no","IlluminaHiSeq","31142855",22706392,2027474963,50,101,"Paolo_Manghi",NA,61,"male",NA,172,"no",NA,NA,27.2,"Chemagen","Boston",15,NA,NA,NA,NA,NA,NA,NA,NA,NA,NA,NA,"Healthy",2.61032774204343,10.307395
"MSM79H8F","HMP_2019_ibdmdb","M2075","stool","control","healthy","adult","USA","no","IlluminaHiSeq","31142855",25052080,2343840193,50,101,"Paolo_Manghi",NA,61,"male",NA,14,"no",NA,NA,27.2,"Chemagen","Boston",2,NA,NA,NA,NA,NA,NA,NA,NA,NA,NA,NA,"Healthy",1.89622463290088,5.609465
"MSMAPC7J","HMP_2019_ibdmdb","M2075","stool","control","healthy","adult","USA","no","IlluminaHiSeq","31142855",26744542,2437189145,50,101,"Paolo_Manghi",NA,61,"male",NA,264,"no",NA,NA,27.2,"Chemagen","Boston",22,NA,NA,NA,NA,NA,NA,NA,NA,NA,NA,NA,"Healthy",2.86854949315022,11.969355
"MSM79H8N","HMP_2019_ibdmdb","M2075","stool","control","healthy","adult","USA","no","IlluminaHiSeq","31142855",28498338,2610929377,50,101,"Paolo_Manghi",NA,61,"male",NA,67,"no",NA,NA,27.2,"Chemagen","Boston",6,NA,NA,NA,NA,NA,NA,NA,NA,NA,NA,NA,"Healthy",1.8283438020247,7.956935
"MSM79H8D","HMP_2019_ibdmdb","M2075","stool","control","healthy","adult","USA","no","IlluminaHiSeq","31142855",32780958,2978022163,50,101,"Paolo_Manghi",NA,61,"male",NA,0,"no",NA,NA,27.2,"Chemagen","Boston",1,NA,NA,NA,NA,NA,NA,NA,NA,NA,NA,NA,"Healthy",2.44854142345644,10.674425
"MSM9VZJZ","HMP_2019_ibdmdb","M2075","stool","control","healthy","adult","USA","no","IlluminaHiSeq","31142855",38142724,3484907092,50,101,"Paolo_Manghi",NA,61,"male",NA,104,"no",NA,NA,27.2,"Chemagen","Boston",10,NA,NA,NA,NA,NA,NA,NA,NA,NA,NA,NA,"Healthy",2.29451190368873,10.428225
"MSM79H94_P","HMP_2019_ibdmdb","M2077","stool","control","healthy","adult","USA","no","IlluminaHiSeq","29311644",66179026,6555127480,50,101,"Paolo_Manghi",NA,32,"female",NA,0,"no",NA,NA,NA,"Chemagen","Boston",1,NA,NA,NA,NA,NA,NA,NA,NA,NA,NA,NA,"Healthy",1.73414323196879,6.439205
"MSM9VZHZ","HMP_2019_ibdmdb","M2077","stool","control","healthy","adult","USA","no","IlluminaHiSeq","31142855",14017852,1212695224,50,100,"Paolo_Manghi",NA,32,"female",NA,173,"yes",NA,NA,NA,"Chemagen","Boston",11,NA,NA,NA,NA,NA,NA,NA,NA,NA,NA,NA,"Healthy",2.59451286263849,9.283385
"MSMB4LZC","HMP_2019_ibdmdb","M2077","stool","control","healthy","adult","USA","no","IlluminaHiSeq","31142855",15506260,1374484392,50,101,"Paolo_Manghi",NA,32,"female",NA,359,"no",NA,NA,NA,"Chemagen","Boston",24,NA,NA,NA,NA,NA,NA,NA,NA,NA,NA,NA,"Healthy",2.13259789367552,9.329985
"MSM9VZME","HMP_2019_ibdmdb","M2077","stool","control","healthy","adult","USA","no","IlluminaHiSeq","31142855",21498516,1942082217,50,101,"Paolo_Manghi",NA,32,"female",NA,69,"no",NA,NA,NA,"Chemagen","Boston",3,NA,NA,NA,NA,NA,NA,NA,NA,NA,NA,NA,"Healthy",2.00158203945293,6.798045
"MSMAPC7P","HMP_2019_ibdmdb","M2077","stool","control","healthy","adult","USA","no","IlluminaHiSeq","31142855",22023652,1984910753,50,101,"Paolo_Manghi",NA,32,"female",NA,255,"no",NA,NA,NA,"Chemagen","Boston",16,NA,NA,NA,NA,NA,NA,NA,NA,NA,NA,NA,"Healthy",1.90166278171413,6.206155
"MSMAPC7R","HMP_2019_ibdmdb","M2077","stool","control","healthy","adult","USA","no","IlluminaHiSeq","31142855",22115668,1997726384,50,101,"Paolo_Manghi",NA,32,"female",NA,267,"no",NA,NA,NA,"Chemagen","Boston",17,NA,NA,NA,NA,NA,NA,NA,NA,NA,NA,NA,"Healthy",1.85569179729927,7.167225
"MSMAPC7T","HMP_2019_ibdmdb","M2077","stool","control","healthy","adult","USA","no","IlluminaHiSeq","31142855",22414916,2005220427,50,101,"Paolo_Manghi",NA,32,"female",NA,274,"no",NA,NA,NA,"Chemagen","Boston",18,NA,NA,NA,NA,NA,NA,NA,NA,NA,NA,NA,"Healthy",2.20441581260892,7.784735
"MSM9VZMA_TR","HMP_2019_ibdmdb","M2077","stool","control","healthy","adult","USA","no","IlluminaHiSeq","31142855",23124294,2200748394,50,101,"Paolo_Manghi",NA,32,"female",NA,40,"no",NA,NA,NA,"Chemagen","Boston",2,NA,NA,NA,NA,NA,NA,NA,NA,NA,NA,NA,"Healthy",1.87302713376766,5.804815
"MSM9VZI2","HMP_2019_ibdmdb","M2077","stool","control","healthy","adult","USA","no","IlluminaHiSeq","31142855",26164504,2421027101,50,101,"Paolo_Manghi",NA,32,"female",NA,183,"no",NA,NA,NA,"Chemagen","Boston",12,NA,NA,NA,NA,NA,NA,NA,NA,NA,NA,NA,"Healthy",1.96183457919238,6.627735
"MSM9VZHX","HMP_2019_ibdmdb","M2077","stool","control","healthy","adult","USA","no","IlluminaHiSeq","31142855",28801570,2643562653,50,101,"Paolo_Manghi",NA,32,"female",NA,149,"no",NA,NA,NA,"Chemagen","Boston",10,NA,NA,NA,NA,NA,NA,NA,NA,NA,NA,NA,"Healthy",1.60712686182659,6.801385
"MSM9VZI6","HMP_2019_ibdmdb","M2077","stool","control","healthy","adult","USA","no","IlluminaHiSeq","31142855",29984214,2743786973,50,101,"Paolo_Manghi",NA,32,"female",NA,222,"yes",NA,NA,NA,"Chemagen","Boston",15,NA,NA,NA,NA,NA,NA,NA,NA,NA,NA,NA,"Healthy",1.07135212878989,8.251245
"MSM9VZMC","HMP_2019_ibdmdb","M2077","stool","control","healthy","adult","USA","no","IlluminaHiSeq","31142855",32309188,3003194838,50,101,"Paolo_Manghi",NA,32,"female",NA,69,"no",NA,NA,NA,"Chemagen","Boston",4,NA,NA,NA,NA,NA,NA,NA,NA,NA,NA,NA,"Healthy",1.79169484760146,6.872075
"MSM9VZMA","HMP_2019_ibdmdb","M2077","stool","control","healthy","adult","USA","no","IlluminaHiSeq","31142855",41343142,3786101975,50,101,"Paolo_Manghi",NA,32,"female",NA,40,"no",NA,NA,NA,"Chemagen","Boston",2,NA,NA,NA,NA,NA,NA,NA,NA,NA,NA,NA,"Healthy",1.71060410138364,7.003265
"MSM9VZMI","HMP_2019_ibdmdb","M2077","stool","control","healthy","adult","USA","no","IlluminaHiSeq","31142855",41900132,3891199550,50,101,"Paolo_Manghi",NA,32,"female",NA,113,"no",NA,NA,NA,"Chemagen","Boston",6,NA,NA,NA,NA,NA,NA,NA,NA,NA,NA,NA,"Healthy",1.53847930424715,6.469825
"MSM9VZFJ_P","HMP_2019_ibdmdb","M2079","stool","control","healthy","adult","USA","no","IlluminaHiSeq","29311644",33617016,3329639357,50,101,"Paolo_Manghi",NA,29,"male",NA,0,"no",NA,NA,NA,"Chemagen","Boston",1,NA,NA,NA,NA,NA,NA,NA,NA,NA,NA,NA,"Healthy",2.36143210489448,9.58549499999999
"MSMA26BV","HMP_2019_ibdmdb","M2079","stool","control","healthy","adult","USA","no","IlluminaHiSeq","31142855",15409294,1398950674,50,101,"Paolo_Manghi",NA,29,"male",NA,252,"no",NA,NA,NA,"Chemagen","Boston",18,NA,NA,NA,NA,NA,NA,NA,NA,NA,NA,NA,"Healthy",2.78546933302512,9.26168499999999
"MSMA26BR","HMP_2019_ibdmdb","M2079","stool","control","healthy","adult","USA","no","IlluminaHiSeq","31142855",15512728,1396638288,50,101,"Paolo_Manghi",NA,29,"male",NA,224,"no",NA,NA,NA,"Chemagen","Boston",16,NA,NA,NA,NA,NA,NA,NA,NA,NA,NA,NA,"Healthy",2.72028550694104,9.30505499999999
"MSM9VZKC","HMP_2019_ibdmdb","M2079","stool","control","healthy","adult","USA","no","IlluminaHiSeq","31142855",17875530,1577664845,50,101,"Paolo_Manghi",NA,29,"male",NA,111,"no",NA,NA,NA,"Chemagen","Boston",9,NA,NA,NA,NA,NA,NA,NA,NA,NA,NA,NA,"Healthy",2.64637298352592,10.088855
"MSM9VZFT","HMP_2019_ibdmdb","M2079","stool","control","healthy","adult","USA","no","IlluminaHiSeq","31142855",20853324,1880655707,50,101,"Paolo_Manghi",NA,29,"male",NA,69,"no",NA,NA,NA,"Chemagen","Boston",6,NA,NA,NA,NA,NA,NA,NA,NA,NA,NA,NA,"Healthy",2.66755372366614,8.814315
"MSMA26BX","HMP_2019_ibdmdb","M2079","stool","control","healthy","adult","USA","no","IlluminaHiSeq","31142855",21271110,1925481459,50,101,"Paolo_Manghi",NA,29,"male",NA,266,"no",NA,NA,NA,"Chemagen","Boston",19,NA,NA,NA,NA,NA,NA,NA,NA,NA,NA,NA,"Healthy",2.45821338234793,8.935825
"MSM9VZFN","HMP_2019_ibdmdb","M2079","stool","control","healthy","adult","USA","no","IlluminaHiSeq","31142855",21839296,2023512616,50,101,"Paolo_Manghi",NA,29,"male",NA,27,"no",NA,NA,NA,"Chemagen","Boston",3,NA,NA,NA,NA,NA,NA,NA,NA,NA,NA,NA,"Healthy",2.51187690752659,7.81658499999999
"MSM9VZFL","HMP_2019_ibdmdb","M2079","stool","control","healthy","adult","USA","no","IlluminaHiSeq","31142855",22166840,2026086590,50,101,"Paolo_Manghi",NA,29,"male",NA,13,"no",NA,NA,NA,"Chemagen","Boston",2,NA,NA,NA,NA,NA,NA,NA,NA,NA,NA,NA,"Healthy",2.34226305882957,7.209845
"MSMB4LZ8","HMP_2019_ibdmdb","M2079","stool","control","healthy","adult","USA","no","IlluminaHiSeq","31142855",22275938,2016941020,50,101,"Paolo_Manghi",NA,29,"male",NA,404,"no",NA,NA,NA,"Chemagen","Boston",24,NA,NA,NA,NA,NA,NA,NA,NA,NA,NA,NA,"Healthy",2.90998176299476,10.098945
"MSM9VZKI","HMP_2019_ibdmdb","M2079","stool","control","healthy","adult","USA","no","IlluminaHiSeq","31142855",27111760,2492557329,50,101,"Paolo_Manghi",NA,29,"male",NA,153,"no",NA,NA,NA,"Chemagen","Boston",12,NA,NA,NA,NA,NA,NA,NA,NA,NA,NA,NA,"Healthy",2.37828785967536,8.838715
"MSMA26BN","HMP_2019_ibdmdb","M2079","stool","control","healthy","adult","USA","no","IlluminaHiSeq","31142855",27132030,2380588392,50,101,"Paolo_Manghi",NA,29,"male",NA,197,"no",NA,NA,NA,"Chemagen","Boston",13,NA,NA,NA,NA,NA,NA,NA,NA,NA,NA,NA,"Healthy",2.67258463122708,10.177165
"MSM9VZFR","HMP_2019_ibdmdb","M2079","stool","control","healthy","adult","USA","no","IlluminaHiSeq","31142855",28944008,2656649811,50,101,"Paolo_Manghi",NA,29,"male",NA,56,"no",NA,NA,NA,"Chemagen","Boston",5,NA,NA,NA,NA,NA,NA,NA,NA,NA,NA,NA,"Healthy",1.99161298796638,7.37249499999999
"MSM9VZKE","HMP_2019_ibdmdb","M2079","stool","control","healthy","adult","USA","no","IlluminaHiSeq","31142855",29557144,2665483505,50,101,"Paolo_Manghi",NA,29,"male",NA,125,"no",NA,NA,NA,"Chemagen","Boston",10,NA,NA,NA,NA,NA,NA,NA,NA,NA,NA,NA,"Healthy",2.39630541955449,8.317015
"MSMA26BT","HMP_2019_ibdmdb","M2079","stool","control","healthy","adult","USA","no","IlluminaHiSeq","31142855",31239776,2899977027,50,101,"Paolo_Manghi",NA,29,"male",NA,239,"no",NA,NA,NA,"Chemagen","Boston",17,NA,NA,NA,NA,NA,NA,NA,NA,NA,NA,NA,"Healthy",2.44116759861007,9.16214499999999
"MSM9VZN4_P","HMP_2019_ibdmdb","M2081","stool","IBD","IBD","adult","USA","no","IlluminaHiSeq","29311644",20168574,1975916713,50,101,"Paolo_Manghi","UC",39,"male",NA,0,"no",NA,NA,NA,"Chemagen","Boston",1,NA,NA,NA,NA,NA,NA,NA,NA,NA,NA,NA,"IBD",2.75254210328581,6.564905
"MSM9VZLX_P","HMP_2019_ibdmdb","M2082","stool","IBD","IBD","adult","USA","no","IlluminaHiSeq","29311644",27397506,2665792829,50,101,"Paolo_Manghi","CD",NA,"male",NA,0,"no",NA,NA,NA,"Chemagen","Boston",1,NA,NA,NA,NA,NA,NA,NA,NA,NA,NA,NA,"IBD",1.90951722909907,5.969895
"MSM9VZLZ","HMP_2019_ibdmdb","M2083","stool","IBD","IBD","adult","USA","no","IlluminaHiSeq","31142855",585536,51971390,50,100,"Paolo_Manghi","UC",25,"male",NA,0,"yes",NA,NA,NA,"Chemagen","Boston",1,NA,NA,NA,NA,NA,NA,NA,NA,NA,NA,NA,"IBD",0.81164068072967,1.459805
"MSM9VZIO","HMP_2019_ibdmdb","M2083","stool","IBD","IBD","adult","USA","no","IlluminaHiSeq","31142855",7591776,685128335,50,101,"Paolo_Manghi","UC",25,"male",NA,119,"no",NA,NA,NA,"Chemagen","Boston",9,NA,NA,NA,NA,NA,NA,NA,NA,NA,NA,NA,"IBD",2.4725219380073,6.840955
"MSMAPC5B","HMP_2019_ibdmdb","M2083","stool","IBD","IBD","adult","USA","no","IlluminaHiSeq","31142855",14327388,1292672639,50,101,"Paolo_Manghi","UC",25,"male",NA,260,"no",NA,NA,NA,"Chemagen","Boston",18,NA,NA,NA,NA,NA,NA,NA,NA,NA,NA,NA,"IBD",1.63262968603736,6.525345
"MSM9VZIM","HMP_2019_ibdmdb","M2083","stool","IBD","IBD","adult","USA","no","IlluminaHiSeq","31142855",14857988,1310321705,50,101,"Paolo_Manghi","UC",25,"male",NA,107,"no",NA,NA,NA,"Chemagen","Boston",8,NA,NA,NA,NA,NA,NA,NA,NA,NA,NA,NA,"IBD",2.12341823779559,7.315995
"MSMAPC57","HMP_2019_ibdmdb","M2083","stool","IBD","IBD","adult","USA","no","IlluminaHiSeq","31142855",15957898,1424109941,50,101,"Paolo_Manghi","UC",25,"male",NA,246,"no",NA,NA,NA,"Chemagen","Boston",16,NA,NA,NA,NA,NA,NA,NA,NA,NA,NA,NA,"IBD",1.86050439931605,6.811075
"MSMB4LZP","HMP_2019_ibdmdb","M2083","stool","IBD","IBD","adult","USA","no","IlluminaHiSeq","31142855",17483848,1574639849,50,101,"Paolo_Manghi","UC",25,"male",NA,325,"no",NA,NA,NA,"Chemagen","Boston",20,NA,NA,NA,NA,NA,NA,NA,NA,NA,NA,NA,"IBD",1.8477876187674,7.097635
"MSMAPC59","HMP_2019_ibdmdb","M2083","stool","IBD","IBD","adult","USA","no","IlluminaHiSeq","31142855",19944796,1784459533,50,101,"Paolo_Manghi","UC",25,"male",NA,252,"no",NA,NA,NA,"Chemagen","Boston",17,NA,NA,NA,NA,NA,NA,NA,NA,NA,NA,NA,"IBD",2.56495198182391,8.093365
"MSM9VZNR","HMP_2019_ibdmdb","M2083","stool","IBD","IBD","adult","USA","no","IlluminaHiSeq","31142855",20596658,1905996063,50,101,"Paolo_Manghi","UC",25,"male",NA,23,"no",NA,NA,NA,"Chemagen","Boston",2,NA,NA,NA,NA,NA,NA,NA,NA,NA,NA,NA,"IBD",1.55552213758249,6.313395
"MSM9VZNZ","HMP_2019_ibdmdb","M2083","stool","IBD","IBD","adult","USA","no","IlluminaHiSeq","31142855",21235278,1936721273,50,101,"Paolo_Manghi","UC",25,"male",NA,72,"no",NA,NA,NA,"Chemagen","Boston",5,NA,NA,NA,NA,NA,NA,NA,NA,NA,NA,NA,"IBD",2.08298218831369,6.164215
"MSM9VZIW","HMP_2019_ibdmdb","M2083","stool","IBD","IBD","adult","USA","no","IlluminaHiSeq","31142855",21796138,2003112958,50,101,"Paolo_Manghi","UC",25,"male",NA,184,"no",NA,NA,NA,"Chemagen","Boston",13,NA,NA,NA,NA,NA,NA,NA,NA,NA,NA,NA,"IBD",1.82940496836267,6.279965
"MSMAPC5D","HMP_2019_ibdmdb","M2083","stool","IBD","IBD","adult","USA","no","IlluminaHiSeq","31142855",22436532,2033977699,50,101,"Paolo_Manghi","UC",25,"male",NA,311,"no",NA,NA,NA,"Chemagen","Boston",19,NA,NA,NA,NA,NA,NA,NA,NA,NA,NA,NA,"IBD",2.41837256431024,7.204055
"MSM9VZIS","HMP_2019_ibdmdb","M2083","stool","IBD","IBD","adult","USA","no","IlluminaHiSeq","31142855",22735710,2019983595,50,101,"Paolo_Manghi","UC",25,"male",NA,162,"no",NA,NA,NA,"Chemagen","Boston",11,NA,NA,NA,NA,NA,NA,NA,NA,NA,NA,NA,"IBD",1.53783296236897,6.509995
"MSMB4LZR","HMP_2019_ibdmdb","M2083","stool","IBD","IBD","adult","USA","no","IlluminaHiSeq","31142855",24844868,2280189539,50,101,"Paolo_Manghi","UC",25,"male",NA,338,"no",NA,NA,NA,"Chemagen","Boston",22,NA,NA,NA,NA,NA,NA,NA,NA,NA,NA,NA,"IBD",1.50602742421151,6.564415
"MSMAPC55","HMP_2019_ibdmdb","M2083","stool","IBD","IBD","adult","USA","no","IlluminaHiSeq","31142855",26958150,2463650983,50,101,"Paolo_Manghi","UC",25,"male",NA,234,"no",NA,NA,NA,"Chemagen","Boston",15,NA,NA,NA,NA,NA,NA,NA,NA,NA,NA,NA,"IBD",2.94562725517155,11.318765
"MSM9VZIQ","HMP_2019_ibdmdb","M2083","stool","IBD","IBD","adult","USA","no","IlluminaHiSeq","31142855",28727202,2601998707,50,101,"Paolo_Manghi","UC",25,"male",NA,140,"no",NA,NA,NA,"Chemagen","Boston",10,NA,NA,NA,NA,NA,NA,NA,NA,NA,NA,NA,"IBD",1.71892528711501,7.510785
"MSM9VZO2","HMP_2019_ibdmdb","M2083","stool","IBD","IBD","adult","USA","no","IlluminaHiSeq","31142855",29116310,2694696211,50,101,"Paolo_Manghi","UC",25,"male",NA,93,"no",NA,NA,NA,"Chemagen","Boston",6,NA,NA,NA,NA,NA,NA,NA,NA,NA,NA,NA,"IBD",1.42021769732985,6.633995
"MSM9VZIU","HMP_2019_ibdmdb","M2083","stool","IBD","IBD","adult","USA","no","IlluminaHiSeq","31142855",31529378,2870197919,50,101,"Paolo_Manghi","UC",25,"male",NA,177,"no",NA,NA,NA,"Chemagen","Boston",12,NA,NA,NA,NA,NA,NA,NA,NA,NA,NA,NA,"IBD",2.07354012073264,7.563785
"MSM9VZNX","HMP_2019_ibdmdb","M2083","stool","IBD","IBD","adult","USA","no","IlluminaHiSeq","31142855",35294590,3251817525,50,101,"Paolo_Manghi","UC",25,"male",NA,56,"no",NA,NA,NA,"Chemagen","Boston",4,NA,NA,NA,NA,NA,NA,NA,NA,NA,NA,NA,"IBD",1.99802685695016,8.221485
"MSMB4LZV","HMP_2019_ibdmdb","M2084","stool","control","healthy","adult","USA","no","IlluminaHiSeq","31142855",14913660,1341160679,50,101,"Paolo_Manghi",NA,23,"female",NA,316,"yes",NA,NA,21.6,"Chemagen","Boston",26,NA,NA,NA,NA,NA,NA,NA,NA,NA,NA,NA,"Healthy",2.8284542809284,9.855695
"MSMB4LZX","HMP_2019_ibdmdb","M2084","stool","control","healthy","adult","USA","no","IlluminaHiSeq","31142855",15844146,1405490142,50,101,"Paolo_Manghi",NA,23,"female",NA,331,"no",NA,NA,21.6,"Chemagen","Boston",27,NA,NA,NA,NA,NA,NA,NA,NA,NA,NA,NA,"Healthy",2.96451804478339,10.532605
"MSM9VZLD","HMP_2019_ibdmdb","M2084","stool","control","healthy","adult","USA","no","IlluminaHiSeq","31142855",17466476,1584719296,50,101,"Paolo_Manghi",NA,23,"female",NA,127,"no",NA,NA,21.6,"Chemagen","Boston",11,NA,NA,NA,NA,NA,NA,NA,NA,NA,NA,NA,"Healthy",2.95271199371192,7.205985
"MSM9VZLF","HMP_2019_ibdmdb","M2084","stool","control","healthy","adult","USA","no","IlluminaHiSeq","31142855",17864026,1598964056,50,101,"Paolo_Manghi",NA,23,"female",NA,147,"no",NA,NA,21.6,"Chemagen","Boston",12,NA,NA,NA,NA,NA,NA,NA,NA,NA,NA,NA,"Healthy",2.92718959292429,10.031835
"MSM9VZL7","HMP_2019_ibdmdb","M2084","stool","control","healthy","adult","USA","no","IlluminaHiSeq","31142855",18523482,1683494770,50,101,"Paolo_Manghi",NA,23,"female",NA,85,"no",NA,NA,21.6,"Chemagen","Boston",8,NA,NA,NA,NA,NA,NA,NA,NA,NA,NA,NA,"Healthy",2.85351240006747,8.545415
"MSMA26BD","HMP_2019_ibdmdb","M2084","stool","control","healthy","adult","USA","no","IlluminaHiSeq","31142855",18725986,1720557419,50,101,"Paolo_Manghi",NA,23,"female",NA,191,"no",NA,NA,21.6,"Chemagen","Boston",16,NA,NA,NA,NA,NA,NA,NA,NA,NA,NA,NA,"Healthy",2.9804654141292,6.980955
"MSM9VZLH","HMP_2019_ibdmdb","M2084","stool","control","healthy","adult","USA","no","IlluminaHiSeq","31142855",18813066,1700609747,50,101,"Paolo_Manghi",NA,23,"female",NA,163,"no",NA,NA,21.6,"Chemagen","Boston",13,NA,NA,NA,NA,NA,NA,NA,NA,NA,NA,NA,"Healthy",2.99573638137031,9.482455
"MSMAPC6O","HMP_2019_ibdmdb","M2084","stool","control","healthy","adult","USA","no","IlluminaHiSeq","31142855",19516472,1754753183,50,101,"Paolo_Manghi",NA,23,"female",NA,288,"no",NA,NA,21.6,"Chemagen","Boston",24,NA,NA,NA,NA,NA,NA,NA,NA,NA,NA,NA,"Healthy",3.00985499229758,10.163875
"MSMA26BH","HMP_2019_ibdmdb","M2084","stool","control","healthy","adult","USA","no","IlluminaHiSeq","31142855",20401582,1845341828,50,101,"Paolo_Manghi",NA,23,"female",NA,218,"no",NA,NA,21.6,"Chemagen","Boston",18,NA,NA,NA,NA,NA,NA,NA,NA,NA,NA,NA,"Healthy",2.86516104500387,7.854245
"MSMA26BJ","HMP_2019_ibdmdb","M2084","stool","control","healthy","adult","USA","no","IlluminaHiSeq","31142855",20859020,1917804415,50,101,"Paolo_Manghi",NA,23,"female",NA,233,"no",NA,NA,21.6,"Chemagen","Boston",19,NA,NA,NA,NA,NA,NA,NA,NA,NA,NA,NA,"Healthy",2.97042245578517,10.305375
"MSM9VZMO","HMP_2019_ibdmdb","M2084","stool","control","healthy","adult","USA","no","IlluminaHiSeq","31142855",21108606,1946564732,50,101,"Paolo_Manghi",NA,23,"female",NA,15,"no",NA,NA,21.6,"Chemagen","Boston",2,NA,NA,NA,NA,NA,NA,NA,NA,NA,NA,NA,"Healthy",2.84044744934079,8.806785
"MSMA26BF","HMP_2019_ibdmdb","M2084","stool","control","healthy","adult","USA","no","IlluminaHiSeq","31142855",21301456,1915311418,50,101,"Paolo_Manghi",NA,23,"female",NA,204,"no",NA,NA,21.6,"Chemagen","Boston",17,NA,NA,NA,NA,NA,NA,NA,NA,NA,NA,NA,"Healthy",2.86785166469685,8.803415
"MSMAPC6M","HMP_2019_ibdmdb","M2084","stool","control","healthy","adult","USA","no","IlluminaHiSeq","31142855",22645322,2052993610,50,101,"Paolo_Manghi",NA,23,"female",NA,275,"no",NA,NA,21.6,"Chemagen","Boston",23,NA,NA,NA,NA,NA,NA,NA,NA,NA,NA,NA,"Healthy",3.00149198222913,9.758635
"MSM9VZMW","HMP_2019_ibdmdb","M2084","stool","control","healthy","adult","USA","no","IlluminaHiSeq","31142855",22651024,2105441713,50,101,"Paolo_Manghi",NA,23,"female",NA,71,"no",NA,NA,21.6,"Chemagen","Boston",6,NA,NA,NA,NA,NA,NA,NA,NA,NA,NA,NA,"Healthy",2.91138585595307,9.485955
"MSM9VZMS","HMP_2019_ibdmdb","M2084","stool","control","healthy","adult","USA","no","IlluminaHiSeq","31142855",23629514,2187981861,50,101,"Paolo_Manghi",NA,23,"female",NA,43,"no",NA,NA,21.6,"Chemagen","Boston",4,NA,NA,NA,NA,NA,NA,NA,NA,NA,NA,NA,"Healthy",2.9274532122619,9.218275
"MSMB4LZZ","HMP_2019_ibdmdb","M2084","stool","control","healthy","adult","USA","no","IlluminaHiSeq","31142855",24054496,2206887350,50,101,"Paolo_Manghi",NA,23,"female",NA,302,"yes",NA,NA,21.6,"Chemagen","Boston",25,NA,NA,NA,NA,NA,NA,NA,NA,NA,NA,NA,"Healthy",2.92238166171135,9.845595
"MSMA26BL","HMP_2019_ibdmdb","M2084","stool","control","healthy","adult","USA","no","IlluminaHiSeq","31142855",26293024,2378744106,50,101,"Paolo_Manghi",NA,23,"female",NA,246,"no",NA,NA,21.6,"Chemagen","Boston",20,NA,NA,NA,NA,NA,NA,NA,NA,NA,NA,NA,"Healthy",2.61860158820439,8.371265
"MSM9VZL9","HMP_2019_ibdmdb","M2084","stool","control","healthy","adult","USA","no","IlluminaHiSeq","31142855",28619848,2623896483,50,101,"Paolo_Manghi",NA,23,"female",NA,99,"no",NA,NA,21.6,"Chemagen","Boston",9,NA,NA,NA,NA,NA,NA,NA,NA,NA,NA,NA,"Healthy",2.90261944178624,10.413555
"MSMAPC6K","HMP_2019_ibdmdb","M2084","stool","control","healthy","adult","USA","no","IlluminaHiSeq","31142855",31372072,2821020517,50,101,"Paolo_Manghi",NA,23,"female",NA,261,"no",NA,NA,21.6,"Chemagen","Boston",22,NA,NA,NA,NA,NA,NA,NA,NA,NA,NA,NA,"Healthy",2.95032520800483,10.578935
"MSMA26BB","HMP_2019_ibdmdb","M2084","stool","control","healthy","adult","USA","no","IlluminaHiSeq","31142855",32503014,2938872686,50,101,"Paolo_Manghi",NA,23,"female",NA,176,"no",NA,NA,21.6,"Chemagen","Boston",15,NA,NA,NA,NA,NA,NA,NA,NA,NA,NA,NA,"Healthy",2.88578783623391,10.763875
"MSM9VZMU","HMP_2019_ibdmdb","M2084","stool","control","healthy","adult","USA","no","IlluminaHiSeq","31142855",33976032,3113059562,50,101,"Paolo_Manghi",NA,23,"female",NA,57,"no",NA,NA,21.6,"Chemagen","Boston",5,NA,NA,NA,NA,NA,NA,NA,NA,NA,NA,NA,"Healthy",2.96837910756628,9.337565
"MSM9VZLB","HMP_2019_ibdmdb","M2084","stool","control","healthy","adult","USA","no","IlluminaHiSeq","31142855",34187572,3110946641,50,101,"Paolo_Manghi",NA,23,"female",NA,114,"no",NA,NA,21.6,"Chemagen","Boston",10,NA,NA,NA,NA,NA,NA,NA,NA,NA,NA,NA,"Healthy",3.04853632386939,9.844885
"MSM9VZMM","HMP_2019_ibdmdb","M2084","stool","control","healthy","adult","USA","no","IlluminaHiSeq","31142855",43479636,4043515285,50,101,"Paolo_Manghi",NA,23,"female",NA,0,"no",NA,NA,21.6,"Chemagen","Boston",1,NA,NA,NA,NA,NA,NA,NA,NA,NA,NA,NA,"Healthy",2.47538372372525,7.982895
"MSM9VZM4_P","HMP_2019_ibdmdb","M2085","stool","IBD","IBD","adult","USA","no","IlluminaHiSeq","29311644",1264434,123911092,53,101,"Paolo_Manghi","CD",23,"male",NA,0,"yes",NA,NA,NA,"Chemagen","Boston",1,NA,NA,NA,NA,NA,NA,NA,NA,NA,NA,NA,"IBD",1.81690000658051,3.176345
"MSM9VZPN","HMP_2019_ibdmdb","M2085","stool","IBD","IBD","adult","USA","no","IlluminaHiSeq","31142855",13667268,1246724429,50,101,"Paolo_Manghi","CD",23,"male",NA,63,"no",NA,NA,NA,"Chemagen","Boston",5,NA,NA,NA,NA,NA,NA,NA,NA,NA,NA,NA,"IBD",2.23425075886882,6.566545
"MSMAPC6A","HMP_2019_ibdmdb","M2085","stool","IBD","IBD","adult","USA","no","IlluminaHiSeq","31142855",16797200,1503364721,50,101,"Paolo_Manghi","CD",23,"male",NA,221,"no",NA,NA,NA,"Chemagen","Boston",15,NA,NA,NA,NA,NA,NA,NA,NA,NA,NA,NA,"IBD",2.16277194529583,8.552015
"MSM9VZIY","HMP_2019_ibdmdb","M2085","stool","IBD","IBD","adult","USA","no","IlluminaHiSeq","31142855",18552606,1696094981,50,101,"Paolo_Manghi","CD",23,"male",NA,105,"no",NA,NA,NA,"Chemagen","Boston",9,NA,NA,NA,NA,NA,NA,NA,NA,NA,NA,NA,"IBD",2.04156655397523,7.163425
"MSMA26CV","HMP_2019_ibdmdb","M2085","stool","IBD","IBD","adult","USA","no","IlluminaHiSeq","31142855",23379438,2165443152,50,101,"Paolo_Manghi","CD",23,"male",NA,167,"no",NA,NA,NA,"Chemagen","Boston",12,NA,NA,NA,NA,NA,NA,NA,NA,NA,NA,NA,"IBD",1.85421216159989,6.074655
"MSMB4LYB","HMP_2019_ibdmdb","M2085","stool","IBD","IBD","adult","USA","no","IlluminaHiSeq","31142855",23415036,2106776239,50,101,"Paolo_Manghi","CD",23,"male",NA,351,"no",NA,NA,NA,"Chemagen","Boston",25,NA,NA,NA,NA,NA,NA,NA,NA,NA,NA,NA,"IBD",2.30925625538115,8.495895
"MSM9VZPH","HMP_2019_ibdmdb","M2085","stool","IBD","IBD","adult","USA","no","IlluminaHiSeq","31142855",25547164,2303226342,50,101,"Paolo_Manghi","CD",23,"male",NA,24,"no",NA,NA,NA,"Chemagen","Boston",2,NA,NA,NA,NA,NA,NA,NA,NA,NA,NA,NA,"IBD",2.18660779340575,8.759305
"MSMAPC6C","HMP_2019_ibdmdb","M2085","stool","IBD","IBD","adult","USA","no","IlluminaHiSeq","31142855",26375252,2442007252,50,101,"Paolo_Manghi","CD",23,"male",NA,231,"no",NA,NA,NA,"Chemagen","Boston",16,NA,NA,NA,NA,NA,NA,NA,NA,NA,NA,NA,"IBD",1.36369344463713,7.218435
"MSM9VZPL","HMP_2019_ibdmdb","M2085","stool","IBD","IBD","adult","USA","no","IlluminaHiSeq","31142855",28605714,2630024616,50,101,"Paolo_Manghi","CD",23,"male",NA,50,"no",NA,NA,NA,"Chemagen","Boston",4,NA,NA,NA,NA,NA,NA,NA,NA,NA,NA,NA,"IBD",2.05708663494674,8.347705
"MSMAPC6E","HMP_2019_ibdmdb","M2085","stool","IBD","IBD","adult","USA","no","IlluminaHiSeq","31142855",29002946,2670295458,50,101,"Paolo_Manghi","CD",23,"male",NA,238,"no",NA,NA,NA,"Chemagen","Boston",17,NA,NA,NA,NA,NA,NA,NA,NA,NA,NA,NA,"IBD",1.78616487076236,8.466215
"MSMAPC6G","HMP_2019_ibdmdb","M2085","stool","IBD","IBD","adult","USA","no","IlluminaHiSeq","31142855",29511796,2701315623,50,101,"Paolo_Manghi","CD",23,"male",NA,252,"no",NA,NA,NA,"Chemagen","Boston",19,NA,NA,NA,NA,NA,NA,NA,NA,NA,NA,NA,"IBD",2.06961162093859,8.166065
"MSMA26CX","HMP_2019_ibdmdb","M2085","stool","IBD","IBD","adult","USA","no","IlluminaHiSeq","31142855",31964650,2989546082,50,101,"Paolo_Manghi","CD",23,"male",NA,183,"no",NA,NA,NA,"Chemagen","Boston",13,NA,NA,NA,NA,NA,NA,NA,NA,NA,NA,NA,"IBD",1.58866602726899,7.289635
"MSMB4LXY","HMP_2019_ibdmdb","M2085","stool","IBD","IBD","adult","USA","no","IlluminaHiSeq","31142855",34179408,3095114279,50,101,"Paolo_Manghi","CD",23,"male",NA,281,"no",NA,NA,NA,"Chemagen","Boston",22,NA,NA,NA,NA,NA,NA,NA,NA,NA,NA,NA,"IBD",2.88354140980128,9.162165
"MSM9VZJ3","HMP_2019_ibdmdb","M2085","stool","IBD","IBD","adult","USA","no","IlluminaHiSeq","31142855",46549776,4281375596,50,101,"Paolo_Manghi","CD",23,"male",NA,133,"no",NA,NA,NA,"Chemagen","Boston",11,NA,NA,NA,NA,NA,NA,NA,NA,NA,NA,NA,"IBD",1.4526934835227,8.04981499999999
"MSM9VZJJ_P","HMP_2019_ibdmdb","M2086","stool","IBD","IBD","adult","USA","no","IlluminaHiSeq","29311644",28952038,2868047123,51,101,"Paolo_Manghi","CD",22,"male",NA,0,"no",NA,NA,NA,"Chemagen","Boston",1,NA,NA,NA,NA,NA,NA,NA,NA,NA,NA,NA,"IBD",2.10880080356421,8.08853499999999
"MSM9VZJF_P","HMP_2019_ibdmdb","M2091","stool","IBD","IBD","adult","USA","no","IlluminaHiSeq","29311644",26525506,2619550976,50,101,"Paolo_Manghi","UC",56,"male",NA,0,"no",NA,NA,NA,"Chemagen","Boston",1,NA,NA,NA,NA,NA,NA,NA,NA,NA,NA,NA,"IBD",2.93220743959228,10.243825
"MSMB4LXW","HMP_2019_ibdmdb","M2097","stool","control","healthy","adult","USA","no","IlluminaHiSeq","31142855",13371276,1188635982,50,100,"Paolo_Manghi",NA,21,"male",NA,218,"no",NA,NA,NA,"Chemagen","Boston",17,NA,NA,NA,NA,NA,NA,NA,NA,NA,NA,NA,"Healthy",2.43990376183642,9.300815
"MSMA26DG","HMP_2019_ibdmdb","M2097","stool","control","healthy","adult","USA","no","IlluminaHiSeq","31142855",14547070,1325591405,50,101,"Paolo_Manghi",NA,21,"male",NA,64,"no",NA,NA,NA,"Chemagen","Boston",3,NA,NA,NA,NA,NA,NA,NA,NA,NA,NA,NA,"Healthy",1.96542035461332,5.690785
"MSMAPC5H","HMP_2019_ibdmdb","M2097","stool","control","healthy","adult","USA","no","IlluminaHiSeq","31142855",20114200,1854765051,50,101,"Paolo_Manghi",NA,21,"male",NA,154,"no",NA,NA,NA,"Chemagen","Boston",11,NA,NA,NA,NA,NA,NA,NA,NA,NA,NA,NA,"Healthy",2.45557308121236,5.938465
"MSMB4LXS","HMP_2019_ibdmdb","M2097","stool","control","healthy","adult","USA","no","IlluminaHiSeq","31142855",20912164,1953771281,50,101,"Paolo_Manghi",NA,21,"male",NA,226,"yes",NA,NA,NA,"Chemagen","Boston",18,NA,NA,NA,NA,NA,NA,NA,NA,NA,NA,NA,"Healthy",1.85844776409152,6.198515
"MSMAPC5L","HMP_2019_ibdmdb","M2097","stool","control","healthy","adult","USA","no","IlluminaHiSeq","31142855",25287712,2301110787,50,101,"Paolo_Manghi",NA,21,"male",NA,168,"no",NA,NA,NA,"Chemagen","Boston",13,NA,NA,NA,NA,NA,NA,NA,NA,NA,NA,NA,"Healthy",2.42347982064648,8.405025
"MSMA26DI","HMP_2019_ibdmdb","M2097","stool","control","healthy","adult","USA","no","IlluminaHiSeq","31142855",25784504,2405593594,50,101,"Paolo_Manghi",NA,21,"male",NA,78,"no",NA,NA,NA,"Chemagen","Boston",4,NA,NA,NA,NA,NA,NA,NA,NA,NA,NA,NA,"Healthy",2.37479777318679,8.854605
"MSMB4LZK","HMP_2019_ibdmdb","M2097","stool","control","healthy","adult","USA","no","IlluminaHiSeq","31142855",29934234,2754178669,50,101,"Paolo_Manghi",NA,21,"male",NA,268,"no",NA,NA,NA,"Chemagen","Boston",19,NA,NA,NA,NA,NA,NA,NA,NA,NA,NA,NA,"Healthy",2.11137269259492,7.297435
"MSMA26DM","HMP_2019_ibdmdb","M2097","stool","control","healthy","adult","USA","no","IlluminaHiSeq","31142855",31053250,2848895819,50,101,"Paolo_Manghi",NA,21,"male",NA,28,"no",NA,NA,NA,"Chemagen","Boston",2,NA,NA,NA,NA,NA,NA,NA,NA,NA,NA,NA,"Healthy",2.40552619490309,8.866455
"MSMA26DO","HMP_2019_ibdmdb","M2097","stool","control","healthy","adult","USA","no","IlluminaHiSeq","31142855",31305408,2899877358,50,101,"Paolo_Manghi",NA,21,"male",NA,84,"no",NA,NA,NA,"Chemagen","Boston",5,NA,NA,NA,NA,NA,NA,NA,NA,NA,NA,NA,"Healthy",2.14714036061865,7.672405
"MSMA26DK","HMP_2019_ibdmdb","M2097","stool","control","healthy","adult","USA","no","IlluminaHiSeq","31142855",32118896,3010364595,50,101,"Paolo_Manghi",NA,21,"male",NA,98,"no",NA,NA,NA,"Chemagen","Boston",6,NA,NA,NA,NA,NA,NA,NA,NA,NA,NA,NA,"Healthy",2.47207311631525,7.716175
"MSM9VZL5","HMP_2019_ibdmdb","M2097","stool","control","healthy","adult","USA","no","IlluminaHiSeq","31142855",34352378,3158476286,50,101,"Paolo_Manghi",NA,21,"male",NA,0,"no",NA,NA,NA,"Chemagen","Boston",1,NA,NA,NA,NA,NA,NA,NA,NA,NA,NA,NA,"Healthy",2.50913313036264,8.883285
"MSMAPC66","HMP_2019_ibdmdb","M2103","stool","IBD","IBD","adult","USA","no","IlluminaHiSeq","31142855",18127960,1624136402,50,101,"Paolo_Manghi","UC",35,"female",NA,155,"no",NA,NA,NA,"Chemagen","Boston",10,NA,NA,NA,NA,NA,NA,NA,NA,NA,NA,NA,"IBD",3.27562919918794,11.78362
"MSMAPC64","HMP_2019_ibdmdb","M2103","stool","IBD","IBD","adult","USA","no","IlluminaHiSeq","31142855",18292544,1619908136,50,100,"Paolo_Manghi","UC",35,"female",NA,169,"no",NA,NA,NA,"Chemagen","Boston",11,NA,NA,NA,NA,NA,NA,NA,NA,NA,NA,NA,"IBD",3.38526501437553,12.55778
"MSMB4LYH","HMP_2019_ibdmdb","M2103","stool","IBD","IBD","adult","USA","no","IlluminaHiSeq","31142855",19781328,1768222480,50,101,"Paolo_Manghi","UC",35,"female",NA,231,"no",NA,NA,NA,"Chemagen","Boston",15,NA,NA,NA,NA,NA,NA,NA,NA,NA,NA,NA,"IBD",3.18466115414279,10.78887
"MSMA2684","HMP_2019_ibdmdb","M2103","stool","IBD","IBD","adult","USA","no","IlluminaHiSeq","31142855",20398744,1833968533,50,101,"Paolo_Manghi","UC",35,"female",NA,64,"no",NA,NA,NA,"Chemagen","Boston",5,NA,NA,NA,NA,NA,NA,NA,NA,NA,NA,NA,"IBD",2.41122399395826,8.848
"MSMA267X","HMP_2019_ibdmdb","M2103","stool","IBD","IBD","adult","USA","no","IlluminaHiSeq","31142855",21375956,1951069709,50,101,"Paolo_Manghi","UC",35,"female",NA,22,"no",NA,NA,NA,"Chemagen","Boston",2,NA,NA,NA,NA,NA,NA,NA,NA,NA,NA,NA,"IBD",2.75013642974495,9.59215499999999
"MSMAPC5Z","HMP_2019_ibdmdb","M2103","stool","IBD","IBD","adult","USA","no","IlluminaHiSeq","31142855",21850674,1980507636,50,101,"Paolo_Manghi","UC",35,"female",NA,109,"no",NA,NA,NA,"Chemagen","Boston",8,NA,NA,NA,NA,NA,NA,NA,NA,NA,NA,NA,"IBD",3.07583499485842,12.3998
"MSMA267V","HMP_2019_ibdmdb","M2103","stool","IBD","IBD","adult","USA","no","IlluminaHiSeq","31142855",21939018,2027353625,50,101,"Paolo_Manghi","UC",35,"female",NA,0,"no",NA,NA,NA,"Chemagen","Boston",1,NA,NA,NA,NA,NA,NA,NA,NA,NA,NA,NA,"IBD",2.94034967069714,11.53208
"PSM6XBQM_P","HMP_2019_ibdmdb","P6005","stool","IBD","IBD","child","USA","no","IlluminaHiSeq","29311644",12721074,1255699973,52,101,"Paolo_Manghi","CD",11,"male",NA,0,"no",NA,NA,14.3,"Chemagen","Boston",1,NA,NA,NA,NA,NA,NA,NA,NA,NA,NA,NA,"IBD",2.23981544611821,7.340225
"PSM6XBQY","HMP_2019_ibdmdb","P6005","stool","IBD","IBD","child","USA","no","IlluminaHiSeq","31142855",3078078,293657718,50,101,"Paolo_Manghi","CD",11,"male",NA,61,"no",NA,NA,14.3,"Chemagen","Boston",5,NA,NA,NA,NA,NA,NA,NA,NA,NA,NA,NA,"IBD",2.58898218489931,7.093175
"PSM6XBQY_TR","HMP_2019_ibdmdb","P6005","stool","IBD","IBD","child","USA","no","IlluminaHiSeq","31142855",8976590,868018358,50,101,"Paolo_Manghi","CD",11,"male",NA,61,"no",NA,NA,14.3,"Chemagen","Boston",5,NA,NA,NA,NA,NA,NA,NA,NA,NA,NA,NA,"IBD",2.57361709678901,8.432745
"PSM6XBT1","HMP_2019_ibdmdb","P6005","stool","IBD","IBD","child","USA","no","IlluminaHiSeq","31142855",10269256,941934004,50,101,"Paolo_Manghi","CD",11,"male",NA,172,"no",NA,NA,14.3,"Chemagen","Boston",15,NA,NA,NA,NA,NA,NA,NA,NA,NA,NA,NA,"IBD",2.50899970731439,7.399055
"PSM7J13E","HMP_2019_ibdmdb","P6005","stool","IBD","IBD","child","USA","no","IlluminaHiSeq","31142855",17490156,1626833325,50,101,"Paolo_Manghi","CD",11,"male",NA,347,"no",NA,NA,14.3,"Chemagen","Boston",27,NA,NA,NA,NA,NA,NA,NA,NA,NA,NA,NA,"IBD",2.62437593490061,8.127695
"PSM6XBQS","HMP_2019_ibdmdb","P6005","stool","IBD","IBD","child","USA","no","IlluminaHiSeq","31142855",22661894,2109832133,50,101,"Paolo_Manghi","CD",11,"male",NA,18,"no",NA,NA,14.3,"Chemagen","Boston",2,NA,NA,NA,NA,NA,NA,NA,NA,NA,NA,NA,"IBD",2.06970068809818,8.345185
"PSM6XBSU","HMP_2019_ibdmdb","P6005","stool","IBD","IBD","child","USA","no","IlluminaHiSeq","31142855",24894370,2331576045,50,101,"Paolo_Manghi","CD",11,"male",NA,131,"no",NA,NA,14.3,"Chemagen","Boston",11,NA,NA,NA,NA,NA,NA,NA,NA,NA,NA,NA,"IBD",2.33899589423842,8.024705
"PSM7J136","HMP_2019_ibdmdb","P6005","stool","IBD","IBD","child","USA","no","IlluminaHiSeq","31142855",25523496,2355918947,50,101,"Paolo_Manghi","CD",11,"male",NA,292,"no",NA,NA,14.3,"Chemagen","Boston",23,NA,NA,NA,NA,NA,NA,NA,NA,NA,NA,NA,"IBD",2.19687370644461,7.753575
"PSM6XBQU","HMP_2019_ibdmdb","P6005","stool","IBD","IBD","child","USA","no","IlluminaHiSeq","31142855",27444720,2550484117,50,101,"Paolo_Manghi","CD",11,"male",NA,33,"no",NA,NA,14.3,"Chemagen","Boston",3,NA,NA,NA,NA,NA,NA,NA,NA,NA,NA,NA,"IBD",2.58247689716192,8.966875
"PSM6XBR1","HMP_2019_ibdmdb","P6005","stool","IBD","IBD","child","USA","no","IlluminaHiSeq","31142855",27749750,2576405590,50,101,"Paolo_Manghi","CD",11,"male",NA,74,"no",NA,NA,14.3,"Chemagen","Boston",6,NA,NA,NA,NA,NA,NA,NA,NA,NA,NA,NA,"IBD",2.52805444375173,7.274815
"PSM7J1CC","HMP_2019_ibdmdb","P6005","stool","IBD","IBD","child","USA","no","IlluminaHiSeq","31142855",27826216,2536977770,50,101,"Paolo_Manghi","CD",11,"male",NA,214,"no",NA,NA,14.3,"Chemagen","Boston",18,NA,NA,NA,NA,NA,NA,NA,NA,NA,NA,NA,"IBD",2.61415894489215,9.660885
"PSM7J1CI","HMP_2019_ibdmdb","P6005","stool","IBD","IBD","child","USA","no","IlluminaHiSeq","31142855",30895958,2854327479,50,101,"Paolo_Manghi","CD",11,"male",NA,264,"no",NA,NA,14.3,"Chemagen","Boston",22,NA,NA,NA,NA,NA,NA,NA,NA,NA,NA,NA,"IBD",2.3154679141279,7.349505
"PSM7J1CG","HMP_2019_ibdmdb","P6005","stool","IBD","IBD","child","USA","no","IlluminaHiSeq","31142855",31607150,2901146057,50,101,"Paolo_Manghi","CD",11,"male",NA,243,"yes",NA,NA,14.3,"Chemagen","Boston",20,NA,NA,NA,NA,NA,NA,NA,NA,NA,NA,NA,"IBD",2.06705041680536,6.373155
"PSM7J1C8","HMP_2019_ibdmdb","P6005","stool","IBD","IBD","child","USA","no","IlluminaHiSeq","31142855",34235890,3150191723,50,101,"Paolo_Manghi","CD",11,"male",NA,186,"no",NA,NA,14.3,"Chemagen","Boston",16,NA,NA,NA,NA,NA,NA,NA,NA,NA,NA,NA,"IBD",2.26287587964034,7.353625
"PSM6XBSS","HMP_2019_ibdmdb","P6005","stool","IBD","IBD","child","USA","no","IlluminaHiSeq","31142855",36066530,3327850315,50,101,"Paolo_Manghi","CD",11,"male",NA,118,"no",NA,NA,14.3,"Chemagen","Boston",10,NA,NA,NA,NA,NA,NA,NA,NA,NA,NA,NA,"IBD",2.23218805921452,7.963545
"PSM7J13U_P","HMP_2019_ibdmdb","P6009","stool","IBD","IBD","schoolage","USA","no","IlluminaHiSeq","29311644",15253832,1495098372,51,101,"Paolo_Manghi","CD",16,"male",NA,273,"no",NA,NA,22.1,"Chemagen","Boston",23,NA,NA,NA,NA,NA,NA,NA,NA,NA,NA,NA,"IBD",2.06565726779309,5.376915
"PSM7J1CS_P","HMP_2019_ibdmdb","P6009","stool","IBD","IBD","schoolage","USA","no","IlluminaHiSeq","29311644",15534170,1509891321,50,101,"Paolo_Manghi","CD",16,"male",NA,237,"no",NA,NA,22.1,"Chemagen","Boston",20,NA,NA,NA,NA,NA,NA,NA,NA,NA,NA,NA,"IBD",2.29681358602232,5.346405
"PSM6XBSC_P","HMP_2019_ibdmdb","P6009","stool","IBD","IBD","schoolage","USA","no","IlluminaHiSeq","29311644",23702908,2322954737,50,101,"Paolo_Manghi","CD",16,"male",NA,83,"no",NA,NA,22.1,"Chemagen","Boston",8,NA,NA,NA,NA,NA,NA,NA,NA,NA,NA,NA,"IBD",2.46308835763,6.71719499999999
"PSM7J1CK_P","HMP_2019_ibdmdb","P6009","stool","IBD","IBD","schoolage","USA","no","IlluminaHiSeq","29311644",30300676,2958151362,50,101,"Paolo_Manghi","CD",16,"male",NA,181,"no",NA,NA,22.1,"Chemagen","Boston",16,NA,NA,NA,NA,NA,NA,NA,NA,NA,NA,NA,"IBD",2.10897104156107,6.271265
"PSM6XBTF_P","HMP_2019_ibdmdb","P6009","stool","IBD","IBD","schoolage","USA","no","IlluminaHiSeq","29311644",30606740,3038776632,52,101,"Paolo_Manghi","CD",16,"male",NA,97,"no",NA,NA,22.1,"Chemagen","Boston",9,NA,NA,NA,NA,NA,NA,NA,NA,NA,NA,NA,"IBD",2.21033942489114,7.64222499999999
"PSM7J13Y_P","HMP_2019_ibdmdb","P6009","stool","IBD","IBD","schoolage","USA","no","IlluminaHiSeq","29311644",31144930,3074745349,50,101,"Paolo_Manghi","CD",16,"male",NA,302,"no",NA,NA,22.1,"Chemagen","Boston",25,NA,NA,NA,NA,NA,NA,NA,NA,NA,NA,NA,"IBD",2.54134476031934,5.715145
"PSM6XBTH_P","HMP_2019_ibdmdb","P6009","stool","IBD","IBD","schoolage","USA","no","IlluminaHiSeq","29311644",31819124,3107128417,50,101,"Paolo_Manghi","CD",16,"male",NA,111,"no",NA,NA,22.1,"Chemagen","Boston",10,NA,NA,NA,NA,NA,NA,NA,NA,NA,NA,NA,"IBD",2.48891899294802,7.93137499999999
"PSM7J143_P","HMP_2019_ibdmdb","P6009","stool","IBD","IBD","schoolage","USA","no","IlluminaHiSeq","29311644",32615336,3226475666,51,101,"Paolo_Manghi","CD",16,"male",NA,328,"no",NA,NA,22.1,"Chemagen","Boston",27,NA,NA,NA,NA,NA,NA,NA,NA,NA,NA,NA,"IBD",2.16560798277979,5.099285
"PSM6XBTN_P","HMP_2019_ibdmdb","P6009","stool","IBD","IBD","schoolage","USA","no","IlluminaHiSeq","29311644",36313438,3607647601,51,101,"Paolo_Manghi","CD",16,"male",NA,153,"no",NA,NA,22.1,"Chemagen","Boston",13,NA,NA,NA,NA,NA,NA,NA,NA,NA,NA,NA,"IBD",2.46336529331256,8.70724499999999
"PSM6XBS2_P","HMP_2019_ibdmdb","P6009","stool","IBD","IBD","schoolage","USA","no","IlluminaHiSeq","29311644",38391978,3793788739,51,101,"Paolo_Manghi","CD",16,"male",NA,13,"no",NA,NA,22.1,"Chemagen","Boston",2,NA,NA,NA,NA,NA,NA,NA,NA,NA,NA,NA,"IBD",2.14457621247316,7.33547499999999
"PSM6XBS4_P","HMP_2019_ibdmdb","P6009","stool","IBD","IBD","schoolage","USA","no","IlluminaHiSeq","29311644",38880768,3851665662,51,101,"Paolo_Manghi","CD",16,"male",NA,27,"no",NA,NA,22.1,"Chemagen","Boston",3,NA,NA,NA,NA,NA,NA,NA,NA,NA,NA,NA,"IBD",2.35587754431265,8.07925499999999
"PSM6XBRK_P","HMP_2019_ibdmdb","P6009","stool","IBD","IBD","schoolage","USA","no","IlluminaHiSeq","29311644",66703410,6595231302,52,101,"Paolo_Manghi","CD",16,"male",NA,0,"no",NA,NA,22.1,"Chemagen","Boston",1,NA,NA,NA,NA,NA,NA,NA,NA,NA,NA,NA,"IBD",2.4099085280418,8.440595
"PSM6XBRK_TR","HMP_2019_ibdmdb","P6009","stool","IBD","IBD","schoolage","USA","no","IlluminaHiSeq","31142855",14042216,1330918508,50,101,"Paolo_Manghi","CD",16,"male",NA,0,"no",NA,NA,22.1,"Chemagen","Boston",1,NA,NA,NA,NA,NA,NA,NA,NA,NA,NA,NA,"IBD",2.52229893833529,7.891325
"PSM6XBRK","HMP_2019_ibdmdb","P6009","stool","IBD","IBD","schoolage","USA","no","IlluminaHiSeq","31142855",21280904,1971401123,50,101,"Paolo_Manghi","CD",16,"male",NA,0,"no",NA,NA,22.1,"Chemagen","Boston",1,NA,NA,NA,NA,NA,NA,NA,NA,NA,NA,NA,"IBD",2.39358646570504,7.76458499999999
"PSM6XBS8","HMP_2019_ibdmdb","P6009","stool","IBD","IBD","schoolage","USA","no","IlluminaHiSeq","31142855",23617612,2189005183,50,101,"Paolo_Manghi","CD",16,"male",NA,55,"no",NA,NA,22.1,"Chemagen","Boston",5,NA,NA,NA,NA,NA,NA,NA,NA,NA,NA,NA,"IBD",1.96685743335024,7.18085499999999
"PSM6XBSA","HMP_2019_ibdmdb","P6009","stool","IBD","IBD","schoolage","USA","no","IlluminaHiSeq","31142855",23974836,2187179563,50,101,"Paolo_Manghi","CD",16,"male",NA,71,"no",NA,NA,22.1,"Chemagen","Boston",6,NA,NA,NA,NA,NA,NA,NA,NA,NA,NA,NA,"IBD",2.45071143809628,6.94071499999999
"PSM7J1CU","HMP_2019_ibdmdb","P6009","stool","IBD","IBD","schoolage","USA","no","IlluminaHiSeq","31142855",24444492,2279046761,50,101,"Paolo_Manghi","CD",16,"male",NA,258,"no",NA,NA,22.1,"Chemagen","Boston",22,NA,NA,NA,NA,NA,NA,NA,NA,NA,NA,NA,"IBD",2.33880115612479,6.168215
"PSM7J13Y","HMP_2019_ibdmdb","P6009","stool","IBD","IBD","schoolage","USA","no","IlluminaHiSeq","31142855",26161276,2428713137,50,101,"Paolo_Manghi","CD",16,"male",NA,302,"no",NA,NA,22.1,"Chemagen","Boston",25,NA,NA,NA,NA,NA,NA,NA,NA,NA,NA,NA,"IBD",2.55730929477999,5.531755
"PSM6XBTP","HMP_2019_ibdmdb","P6009","stool","IBD","IBD","schoolage","USA","no","IlluminaHiSeq","31142855",28188784,2635486150,50,101,"Paolo_Manghi","CD",16,"male",NA,167,"no",NA,NA,22.1,"Chemagen","Boston",15,NA,NA,NA,NA,NA,NA,NA,NA,NA,NA,NA,"IBD",2.49140696282081,8.205695
"PSM6XBS4","HMP_2019_ibdmdb","P6009","stool","IBD","IBD","schoolage","USA","no","IlluminaHiSeq","31142855",28577718,2664180508,50,101,"Paolo_Manghi","CD",16,"male",NA,27,"no",NA,NA,22.1,"Chemagen","Boston",3,NA,NA,NA,NA,NA,NA,NA,NA,NA,NA,NA,"IBD",2.42723811206898,7.92138499999999
"PSM6XBTL","HMP_2019_ibdmdb","P6009","stool","IBD","IBD","schoolage","USA","no","IlluminaHiSeq","31142855",35392174,3275682485,50,101,"Paolo_Manghi","CD",16,"male",NA,139,"yes",NA,NA,22.1,"Chemagen","Boston",12,NA,NA,NA,NA,NA,NA,NA,NA,NA,NA,NA,"IBD",2.26228905891591,8.085975
"PSM7J141","HMP_2019_ibdmdb","P6009","stool","IBD","IBD","schoolage","USA","no","IlluminaHiSeq","31142855",41541936,3886695944,50,101,"Paolo_Manghi","CD",16,"male",NA,314,"no",NA,NA,22.1,"Chemagen","Boston",26,NA,NA,NA,NA,NA,NA,NA,NA,NA,NA,NA,"IBD",2.17532898051305,5.633215
"PSM6XBRM_P","HMP_2019_ibdmdb","P6010","stool","IBD","IBD","child","USA","no","IlluminaHiSeq","29311644",28104964,2747149912,50,101,"Paolo_Manghi","CD",10,"male",NA,0,"no",NA,NA,19,"Chemagen","Boston",1,NA,NA,NA,NA,NA,NA,NA,NA,NA,NA,NA,"IBD",2.29838334546825,7.201985
"PSM6XBUI","HMP_2019_ibdmdb","P6010","stool","IBD","IBD","child","USA","no","IlluminaHiSeq","31142855",2969610,277846456,50,101,"Paolo_Manghi","CD",10,"male",NA,125,"yes",NA,NA,19,"Chemagen","Boston",11,NA,NA,NA,NA,NA,NA,NA,NA,NA,NA,NA,"IBD",2.30833157250817,5.141535
"PSM6XBSO","HMP_2019_ibdmdb","P6010","stool","IBD","IBD","child","USA","no","IlluminaHiSeq","31142855",4821110,444914178,50,101,"Paolo_Manghi","CD",10,"male",NA,34,"no",NA,NA,19,"Chemagen","Boston",3,NA,NA,NA,NA,NA,NA,NA,NA,NA,NA,NA,"IBD",2.31640267597577,5.430255
"PSM6XBV2","HMP_2019_ibdmdb","P6010","stool","IBD","IBD","child","USA","no","IlluminaHiSeq","31142855",12000358,1140054490,50,101,"Paolo_Manghi","CD",10,"male",NA,76,"no",NA,NA,19,"Chemagen","Boston",6,NA,NA,NA,NA,NA,NA,NA,NA,NA,NA,NA,"IBD",2.50420039512783,7.712325
"PSM7J14T","HMP_2019_ibdmdb","P6010","stool","IBD","IBD","child","USA","no","IlluminaHiSeq","31142855",15677300,1414688421,50,101,"Paolo_Manghi","CD",10,"male",NA,335,"no",NA,NA,19,"Chemagen","Boston",27,NA,NA,NA,NA,NA,NA,NA,NA,NA,NA,NA,"IBD",2.87388155774656,10.402635
"PSM6XBSM","HMP_2019_ibdmdb","P6010","stool","IBD","IBD","child","USA","no","IlluminaHiSeq","31142855",17229156,1610208782,50,101,"Paolo_Manghi","CD",10,"male",NA,48,"no",NA,NA,19,"Chemagen","Boston",4,NA,NA,NA,NA,NA,NA,NA,NA,NA,NA,NA,"IBD",2.69839678084029,8.247085
"PSM7J18M","HMP_2019_ibdmdb","P6010","stool","IBD","IBD","child","USA","no","IlluminaHiSeq","31142855",18581866,1736644692,50,101,"Paolo_Manghi","CD",10,"male",NA,251,"no",NA,NA,19,"Chemagen","Boston",22,NA,NA,NA,NA,NA,NA,NA,NA,NA,NA,NA,"IBD",2.25423066002874,7.320035
"PSM6XBUG","HMP_2019_ibdmdb","P6010","stool","IBD","IBD","child","USA","no","IlluminaHiSeq","31142855",19789056,1835358030,50,101,"Paolo_Manghi","CD",10,"male",NA,111,"yes",NA,NA,19,"Chemagen","Boston",9,NA,NA,NA,NA,NA,NA,NA,NA,NA,NA,NA,"IBD",2.16928984439987,5.572515
"PSM7J14L","HMP_2019_ibdmdb","P6010","stool","IBD","IBD","child","USA","no","IlluminaHiSeq","31142855",20031484,1859030822,50,101,"Paolo_Manghi","CD",10,"male",NA,280,"no",NA,NA,19,"Chemagen","Boston",23,NA,NA,NA,NA,NA,NA,NA,NA,NA,NA,NA,"IBD",1.76152798090571,3.436935
"PSM6XBV4","HMP_2019_ibdmdb","P6010","stool","IBD","IBD","child","USA","no","IlluminaHiSeq","31142855",20280388,1929101997,50,101,"Paolo_Manghi","CD",10,"male",NA,90,"yes",NA,NA,19,"Chemagen","Boston",8,NA,NA,NA,NA,NA,NA,NA,NA,NA,NA,NA,"IBD",0.846202688580785,4.429315
"PSM6XBSI","HMP_2019_ibdmdb","P6010","stool","IBD","IBD","child","USA","no","IlluminaHiSeq","31142855",21428764,1991581339,50,101,"Paolo_Manghi","CD",10,"male",NA,14,"no",NA,NA,19,"Chemagen","Boston",2,NA,NA,NA,NA,NA,NA,NA,NA,NA,NA,NA,"IBD",2.28866739513855,8.03570499999999
"PSM6XBSK","HMP_2019_ibdmdb","P6010","stool","IBD","IBD","child","USA","no","IlluminaHiSeq","31142855",24044808,2157232566,50,101,"Paolo_Manghi","CD",10,"male",NA,64,"no",NA,NA,19,"Chemagen","Boston",5,NA,NA,NA,NA,NA,NA,NA,NA,NA,NA,NA,"IBD",2.32507458812933,9.445465
"PSM7J14N","HMP_2019_ibdmdb","P6010","stool","IBD","IBD","child","USA","no","IlluminaHiSeq","31142855",24626426,2266376950,50,101,"Paolo_Manghi","CD",10,"male",NA,293,"no",NA,NA,19,"Chemagen","Boston",24,NA,NA,NA,NA,NA,NA,NA,NA,NA,NA,NA,"IBD",1.84032506085779,7.272995
"PSM7J18K","HMP_2019_ibdmdb","P6010","stool","IBD","IBD","child","USA","no","IlluminaHiSeq","31142855",24909520,2272403906,50,101,"Paolo_Manghi","CD",10,"male",NA,239,"no",NA,NA,19,"Chemagen","Boston",20,NA,NA,NA,NA,NA,NA,NA,NA,NA,NA,NA,"IBD",1.41713585610262,6.023175
"PSM6XBUO","HMP_2019_ibdmdb","P6010","stool","IBD","IBD","child","USA","no","IlluminaHiSeq","31142855",25863694,2369418218,50,101,"Paolo_Manghi","CD",10,"male",NA,181,"no",NA,NA,19,"Chemagen","Boston",16,NA,NA,NA,NA,NA,NA,NA,NA,NA,NA,NA,"IBD",2.3314802967266,8.368335
"PSM7J14P","HMP_2019_ibdmdb","P6010","stool","IBD","IBD","child","USA","no","IlluminaHiSeq","31142855",26306570,2458183491,50,101,"Paolo_Manghi","CD",10,"male",NA,308,"no",NA,NA,19,"Chemagen","Boston",25,NA,NA,NA,NA,NA,NA,NA,NA,NA,NA,NA,"IBD",2.28162399851674,8.937045
"PSM6XBUM","HMP_2019_ibdmdb","P6010","stool","IBD","IBD","child","USA","no","IlluminaHiSeq","31142855",27585042,2505554987,50,101,"Paolo_Manghi","CD",10,"male",NA,142,"no",NA,NA,19,"Chemagen","Boston",12,NA,NA,NA,NA,NA,NA,NA,NA,NA,NA,NA,"IBD",2.61934573108361,8.70507499999999
"PSM7J18I","HMP_2019_ibdmdb","P6010","stool","IBD","IBD","child","USA","no","IlluminaHiSeq","31142855",27848208,2558787703,50,101,"Paolo_Manghi","CD",10,"male",NA,223,"no",NA,NA,19,"Chemagen","Boston",19,NA,NA,NA,NA,NA,NA,NA,NA,NA,NA,NA,"IBD",2.32430190964605,8.255375
"PSM7J18G","HMP_2019_ibdmdb","P6010","stool","IBD","IBD","child","USA","no","IlluminaHiSeq","31142855",28085222,2577337332,50,101,"Paolo_Manghi","CD",10,"male",NA,209,"no",NA,NA,19,"Chemagen","Boston",18,NA,NA,NA,NA,NA,NA,NA,NA,NA,NA,NA,"IBD",2.18476006066275,8.757575
"PSM6XBUK","HMP_2019_ibdmdb","P6010","stool","IBD","IBD","child","USA","no","IlluminaHiSeq","31142855",30265556,2768991337,50,101,"Paolo_Manghi","CD",10,"male",NA,153,"no",NA,NA,19,"Chemagen","Boston",13,NA,NA,NA,NA,NA,NA,NA,NA,NA,NA,NA,"IBD",2.57956997030503,8.017435
"PSM7J18E","HMP_2019_ibdmdb","P6010","stool","IBD","IBD","child","USA","no","IlluminaHiSeq","31142855",30656694,2853526686,50,101,"Paolo_Manghi","CD",10,"male",NA,195,"no",NA,NA,19,"Chemagen","Boston",17,NA,NA,NA,NA,NA,NA,NA,NA,NA,NA,NA,"IBD",2.18423544651002,8.413835
"PSM6XBUQ","HMP_2019_ibdmdb","P6010","stool","IBD","IBD","child","USA","no","IlluminaHiSeq","31142855",36784982,3418705365,50,101,"Paolo_Manghi","CD",10,"male",NA,167,"no",NA,NA,19,"Chemagen","Boston",15,NA,NA,NA,NA,NA,NA,NA,NA,NA,NA,NA,"IBD",2.35175810761011,8.571455
"PSM7J14R","HMP_2019_ibdmdb","P6010","stool","IBD","IBD","child","USA","no","IlluminaHiSeq","31142855",37764680,3563608848,50,101,"Paolo_Manghi","CD",10,"male",NA,321,"no",NA,NA,19,"Chemagen","Boston",26,NA,NA,NA,NA,NA,NA,NA,NA,NA,NA,NA,"IBD",2.49948560128305,9.243285
"PSM6XBSE_P","HMP_2019_ibdmdb","P6012","stool","IBD","IBD","schoolage","USA","no","IlluminaHiSeq","29311644",22413676,2220144108,51,101,"Paolo_Manghi","UC",16,"female",NA,0,"no",NA,NA,21.1,"Chemagen","Boston",1,NA,NA,NA,NA,NA,NA,NA,NA,NA,NA,NA,"IBD",2.30740896807124,7.208575
"PSM6XBSE","HMP_2019_ibdmdb","P6012","stool","IBD","IBD","schoolage","USA","no","IlluminaHiSeq","31142855",6444010,604232273,50,101,"Paolo_Manghi","UC",16,"female",NA,0,"no",NA,NA,21.1,"Chemagen","Boston",1,NA,NA,NA,NA,NA,NA,NA,NA,NA,NA,NA,"IBD",2.18673462510663,6.689925
"PSM7J1BD","HMP_2019_ibdmdb","P6012","stool","IBD","IBD","schoolage","USA","no","IlluminaHiSeq","31142855",16886050,1603058251,50,101,"Paolo_Manghi","UC",16,"female",NA,165,"no",NA,NA,21.1,"Chemagen","Boston",13,NA,NA,NA,NA,NA,NA,NA,NA,NA,NA,NA,"IBD",2.42513311183429,7.473125
"PSM6XBVO","HMP_2019_ibdmdb","P6012","stool","IBD","IBD","schoolage","USA","no","IlluminaHiSeq","31142855",19608776,1809122179,50,101,"Paolo_Manghi","UC",16,"female",NA,60,"no",NA,NA,21.1,"Chemagen","Boston",5,NA,NA,NA,NA,NA,NA,NA,NA,NA,NA,NA,"IBD",2.08475087757623,7.793235
"PSM6XBVM","HMP_2019_ibdmdb","P6012","stool","IBD","IBD","schoolage","USA","no","IlluminaHiSeq","31142855",20332040,1884623626,50,101,"Paolo_Manghi","UC",16,"female",NA,48,"no",NA,NA,21.1,"Chemagen","Boston",4,NA,NA,NA,NA,NA,NA,NA,NA,NA,NA,NA,"IBD",2.06297218043656,8.355555
"PSM6XBVK","HMP_2019_ibdmdb","P6012","stool","IBD","IBD","schoolage","USA","no","IlluminaHiSeq","31142855",22535326,2110995794,50,101,"Paolo_Manghi","UC",16,"female",NA,33,"no",NA,NA,21.1,"Chemagen","Boston",3,NA,NA,NA,NA,NA,NA,NA,NA,NA,NA,NA,"IBD",1.38497366934174,6.368085
"PSM7J1B9","HMP_2019_ibdmdb","P6012","stool","IBD","IBD","schoolage","USA","no","IlluminaHiSeq","31142855",22919150,2194182174,50,101,"Paolo_Manghi","UC",16,"female",NA,124,"no",NA,NA,21.1,"Chemagen","Boston",10,NA,NA,NA,NA,NA,NA,NA,NA,NA,NA,NA,"IBD",2.08160627298289,7.325045
"PSM7J1B7","HMP_2019_ibdmdb","P6012","stool","IBD","IBD","schoolage","USA","no","IlluminaHiSeq","31142855",24095048,2292688210,50,101,"Paolo_Manghi","UC",16,"female",NA,109,"no",NA,NA,21.1,"Chemagen","Boston",9,NA,NA,NA,NA,NA,NA,NA,NA,NA,NA,NA,"IBD",2.01224584627813,6.304655
"PSM6XBVI","HMP_2019_ibdmdb","P6012","stool","IBD","IBD","schoolage","USA","no","IlluminaHiSeq","31142855",24592400,2290479090,50,101,"Paolo_Manghi","UC",16,"female",NA,18,"no",NA,NA,21.1,"Chemagen","Boston",2,NA,NA,NA,NA,NA,NA,NA,NA,NA,NA,NA,"IBD",2.15829678834165,8.845725
"PSM7J18Q","HMP_2019_ibdmdb","P6012","stool","IBD","IBD","schoolage","USA","no","IlluminaHiSeq","31142855",26020298,2394732661,50,101,"Paolo_Manghi","UC",16,"female",NA,249,"no",NA,NA,21.1,"Chemagen","Boston",20,NA,NA,NA,NA,NA,NA,NA,NA,NA,NA,NA,"IBD",2.29527858544484,7.30048499999999
"PSM7J1BF","HMP_2019_ibdmdb","P6012","stool","IBD","IBD","schoolage","USA","no","IlluminaHiSeq","31142855",26100622,2405753834,50,101,"Paolo_Manghi","UC",16,"female",NA,165,"no",NA,NA,21.1,"Chemagen","Boston",15,NA,NA,NA,NA,NA,NA,NA,NA,NA,NA,NA,"IBD",2.52900480426387,7.329065
"PSM6XBVS","HMP_2019_ibdmdb","P6012","stool","IBD","IBD","schoolage","USA","no","IlluminaHiSeq","31142855",26959164,2589595810,50,101,"Paolo_Manghi","UC",16,"female",NA,88,"no",NA,NA,21.1,"Chemagen","Boston",8,NA,NA,NA,NA,NA,NA,NA,NA,NA,NA,NA,"IBD",1.92241757518913,7.240795
"PSM7J1BB","HMP_2019_ibdmdb","P6012","stool","IBD","IBD","schoolage","USA","no","IlluminaHiSeq","31142855",32397802,3005055633,50,101,"Paolo_Manghi","UC",16,"female",NA,138,"no",NA,NA,21.1,"Chemagen","Boston",12,NA,NA,NA,NA,NA,NA,NA,NA,NA,NA,NA,"IBD",2.29342337425524,8.289825
"PSM6XBVQ","HMP_2019_ibdmdb","P6012","stool","IBD","IBD","schoolage","USA","no","IlluminaHiSeq","31142855",38896514,3531357039,50,101,"Paolo_Manghi","UC",16,"female",NA,75,"no",NA,NA,21.1,"Chemagen","Boston",6,NA,NA,NA,NA,NA,NA,NA,NA,NA,NA,NA,"IBD",1.87572441009356,8.521405
"PSM6XBSG_P","HMP_2019_ibdmdb","P6013","stool","IBD","IBD","child","USA","no","IlluminaHiSeq","29311644",16370852,1601936378,50,101,"Paolo_Manghi","UC",6,"male",NA,0,"no",NA,NA,13.5,"Chemagen","Boston",1,NA,NA,NA,NA,NA,NA,NA,NA,NA,NA,NA,"IBD",2.37266811618563,6.695775
"PSM7J16H","HMP_2019_ibdmdb","P6013","stool","IBD","IBD","child","USA","no","IlluminaHiSeq","31142855",463344,43592801,50,101,"Paolo_Manghi","UC",6,"male",NA,322,"yes",NA,NA,13.5,"Chemagen","Boston",27,NA,NA,NA,NA,NA,NA,NA,NA,NA,NA,NA,"IBD",0.773172483385525,0.808905
"PSM7J16B","HMP_2019_ibdmdb","P6013","stool","IBD","IBD","child","USA","no","IlluminaHiSeq","31142855",2315640,216804100,50,101,"Paolo_Manghi","UC",6,"male",NA,308,"yes",NA,NA,13.5,"Chemagen","Boston",26,NA,NA,NA,NA,NA,NA,NA,NA,NA,NA,NA,"IBD",1.65483206355938,3.412885
"PSM6XBT9","HMP_2019_ibdmdb","P6013","stool","IBD","IBD","child","USA","no","IlluminaHiSeq","31142855",3027388,270732465,50,101,"Paolo_Manghi","UC",6,"male",NA,56,"no",NA,NA,13.5,"Chemagen","Boston",5,NA,NA,NA,NA,NA,NA,NA,NA,NA,NA,NA,"IBD",1.99292668740416,3.815405
"PSM6XBT5","HMP_2019_ibdmdb","P6013","stool","IBD","IBD","child","USA","no","IlluminaHiSeq","31142855",3561036,343098986,50,101,"Paolo_Manghi","UC",6,"male",NA,29,"no",NA,NA,13.5,"Chemagen","Boston",3,NA,NA,NA,NA,NA,NA,NA,NA,NA,NA,NA,"IBD",1.57558734201358,4.510525
"PSM6XBT3","HMP_2019_ibdmdb","P6013","stool","IBD","IBD","child","USA","no","IlluminaHiSeq","31142855",9109394,841222329,50,101,"Paolo_Manghi","UC",6,"male",NA,15,"no",NA,NA,13.5,"Chemagen","Boston",2,NA,NA,NA,NA,NA,NA,NA,NA,NA,NA,NA,"IBD",2.01341163776884,5.592105
"PSM6XBT7","HMP_2019_ibdmdb","P6013","stool","IBD","IBD","child","USA","no","IlluminaHiSeq","31142855",10927560,1014617590,50,101,"Paolo_Manghi","UC",6,"male",NA,42,"no",NA,NA,13.5,"Chemagen","Boston",4,NA,NA,NA,NA,NA,NA,NA,NA,NA,NA,NA,"IBD",2.1188124177979,5.956675
"PSM7J12F","HMP_2019_ibdmdb","P6013","stool","IBD","IBD","child","USA","no","IlluminaHiSeq","31142855",11994510,1143210560,50,101,"Paolo_Manghi","UC",6,"male",NA,252,"no",NA,NA,13.5,"Chemagen","Boston",22,NA,NA,NA,NA,NA,NA,NA,NA,NA,NA,NA,"IBD",1.63841118560456,5.865915
"PSM7J1AM","HMP_2019_ibdmdb","P6013","stool","IBD","IBD","child","USA","no","IlluminaHiSeq","31142855",14136696,1318599068,50,101,"Paolo_Manghi","UC",6,"male",NA,99,"no",NA,NA,13.5,"Chemagen","Boston",9,NA,NA,NA,NA,NA,NA,NA,NA,NA,NA,NA,"IBD",2.18252895103433,7.282865
"PSM6XBTB","HMP_2019_ibdmdb","P6013","stool","IBD","IBD","child","USA","no","IlluminaHiSeq","31142855",17818276,1717016631,50,101,"Paolo_Manghi","UC",6,"male",NA,70,"no",NA,NA,13.5,"Chemagen","Boston",6,NA,NA,NA,NA,NA,NA,NA,NA,NA,NA,NA,"IBD",1.83725231606318,6.639265
"PSM7J1AO","HMP_2019_ibdmdb","P6013","stool","IBD","IBD","child","USA","no","IlluminaHiSeq","31142855",17829990,1716355708,50,101,"Paolo_Manghi","UC",6,"male",NA,141,"no",NA,NA,13.5,"Chemagen","Boston",12,NA,NA,NA,NA,NA,NA,NA,NA,NA,NA,NA,"IBD",1.83369017865567,5.884795
"PSM7J169","HMP_2019_ibdmdb","P6013","stool","IBD","IBD","child","USA","no","IlluminaHiSeq","31142855",19646980,1865554718,50,101,"Paolo_Manghi","UC",6,"male",NA,266,"no",NA,NA,13.5,"Chemagen","Boston",23,NA,NA,NA,NA,NA,NA,NA,NA,NA,NA,NA,"IBD",2.08918252284771,5.658845
"PSM7J16F","HMP_2019_ibdmdb","P6013","stool","IBD","IBD","child","USA","no","IlluminaHiSeq","31142855",19684680,1864840158,50,101,"Paolo_Manghi","UC",6,"male",NA,281,"no",NA,NA,13.5,"Chemagen","Boston",24,NA,NA,NA,NA,NA,NA,NA,NA,NA,NA,NA,"IBD",1.92637098982445,6.319105
"PSM7J1AU","HMP_2019_ibdmdb","P6013","stool","IBD","IBD","child","USA","no","IlluminaHiSeq","31142855",21250170,1922760252,50,101,"Paolo_Manghi","UC",6,"male",NA,126,"no",NA,NA,13.5,"Chemagen","Boston",11,NA,NA,NA,NA,NA,NA,NA,NA,NA,NA,NA,"IBD",1.76473451768408,5.676395
"PSM7J1AQ","HMP_2019_ibdmdb","P6013","stool","IBD","IBD","child","USA","no","IlluminaHiSeq","31142855",22901316,2192800069,50,101,"Paolo_Manghi","UC",6,"male",NA,155,"no",NA,NA,13.5,"Chemagen","Boston",13,NA,NA,NA,NA,NA,NA,NA,NA,NA,NA,NA,"IBD",1.81107380213359,5.356035
"PSM7J12D","HMP_2019_ibdmdb","P6013","stool","IBD","IBD","child","USA","no","IlluminaHiSeq","31142855",24499164,2292996713,50,101,"Paolo_Manghi","UC",6,"male",NA,248,"no",NA,NA,13.5,"Chemagen","Boston",20,NA,NA,NA,NA,NA,NA,NA,NA,NA,NA,NA,"IBD",1.84168943013524,6.739325
"PSM7J193","HMP_2019_ibdmdb","P6013","stool","IBD","IBD","child","USA","no","IlluminaHiSeq","31142855",24957888,2360572714,50,101,"Paolo_Manghi","UC",6,"male",NA,184,"no",NA,NA,13.5,"Chemagen","Boston",16,NA,NA,NA,NA,NA,NA,NA,NA,NA,NA,NA,"IBD",1.76014399305282,6.153015
"PSM7J1AS","HMP_2019_ibdmdb","P6013","stool","IBD","IBD","child","USA","no","IlluminaHiSeq","31142855",26290796,2506647373,50,101,"Paolo_Manghi","UC",6,"male",NA,112,"no",NA,NA,13.5,"Chemagen","Boston",10,NA,NA,NA,NA,NA,NA,NA,NA,NA,NA,NA,"IBD",1.96357120330701,6.165025
"PSM7J12B","HMP_2019_ibdmdb","P6013","stool","IBD","IBD","child","USA","no","IlluminaHiSeq","31142855",26946154,2541031763,50,101,"Paolo_Manghi","UC",6,"male",NA,232,"no",NA,NA,13.5,"Chemagen","Boston",19,NA,NA,NA,NA,NA,NA,NA,NA,NA,NA,NA,"IBD",1.80773466291117,6.188845
"PSM7J127","HMP_2019_ibdmdb","P6013","stool","IBD","IBD","child","USA","no","IlluminaHiSeq","31142855",30409070,2896585085,50,101,"Paolo_Manghi","UC",6,"male",NA,197,"no",NA,NA,13.5,"Chemagen","Boston",17,NA,NA,NA,NA,NA,NA,NA,NA,NA,NA,NA,"IBD",1.81527004756072,6.064835
"PSM6XBTZ_P","HMP_2019_ibdmdb","P6014","stool","control","healthy","schoolage","USA","no","IlluminaHiSeq","29311644",19272602,1889796967,50,101,"Paolo_Manghi",NA,15,"male",NA,55,"no",NA,NA,23.8,"Chemagen","Boston",6,NA,NA,NA,NA,NA,NA,NA,NA,NA,NA,NA,"Healthy",2.20355455801531,6.697115
"PSM7J1DF","HMP_2019_ibdmdb","P6014","stool","control","healthy","schoolage","USA","no","IlluminaHiSeq","31142855",12046154,1128604218,50,101,"Paolo_Manghi",NA,15,"male",NA,105,"no",NA,NA,23.8,"Chemagen","Boston",9,NA,NA,NA,NA,NA,NA,NA,NA,NA,NA,NA,"Healthy",2.76476548165287,8.388895
"PSM6XBTX","HMP_2019_ibdmdb","P6014","stool","control","healthy","schoolage","USA","no","IlluminaHiSeq","31142855",12843324,1207213368,50,101,"Paolo_Manghi",NA,15,"male",NA,43,"no",NA,NA,23.8,"Chemagen","Boston",4,NA,NA,NA,NA,NA,NA,NA,NA,NA,NA,NA,"Healthy",2.31763274292572,8.609245
"PSM7J14X","HMP_2019_ibdmdb","P6014","stool","control","healthy","schoolage","USA","no","IlluminaHiSeq","31142855",18460440,1688151903,50,101,"Paolo_Manghi",NA,15,"male",NA,188,"no",NA,NA,23.8,"Chemagen","Boston",14,NA,NA,NA,NA,NA,NA,NA,NA,NA,NA,NA,"Healthy",2.9185552629276,10.801865
"PSM7J156","HMP_2019_ibdmdb","P6014","stool","control","healthy","schoolage","USA","no","IlluminaHiSeq","31142855",18938060,1792236173,50,101,"Paolo_Manghi",NA,15,"male",NA,244,"no",NA,NA,23.8,"Chemagen","Boston",17,NA,NA,NA,NA,NA,NA,NA,NA,NA,NA,NA,"Healthy",2.51650768835785,8.472375
"PSM7J1DL","HMP_2019_ibdmdb","P6014","stool","control","healthy","schoolage","USA","no","IlluminaHiSeq","31142855",19676974,1860184579,50,101,"Paolo_Manghi",NA,15,"male",NA,140,"no",NA,NA,23.8,"Chemagen","Boston",13,NA,NA,NA,NA,NA,NA,NA,NA,NA,NA,NA,"Healthy",2.76318881957433,8.76591499999999
"PSM6XBU2","HMP_2019_ibdmdb","P6014","stool","control","healthy","schoolage","USA","no","IlluminaHiSeq","31142855",20939540,1991901961,50,101,"Paolo_Manghi",NA,15,"male",NA,70,"no",NA,NA,23.8,"Chemagen","Boston",7,NA,NA,NA,NA,NA,NA,NA,NA,NA,NA,NA,"Healthy",2.3758234547417,9.59200499999999
"PSM7J154","HMP_2019_ibdmdb","P6014","stool","control","healthy","schoolage","USA","no","IlluminaHiSeq","31142855",22566272,2111564631,50,101,"Paolo_Manghi",NA,15,"male",NA,223,"no",NA,NA,23.8,"Chemagen","Boston",16,NA,NA,NA,NA,NA,NA,NA,NA,NA,NA,NA,"Healthy",2.58279113771948,8.687315
"PSM6XBTT","HMP_2019_ibdmdb","P6014","stool","control","healthy","schoolage","USA","no","IlluminaHiSeq","31142855",22705422,2162566157,50,101,"Paolo_Manghi",NA,15,"male",NA,13,"no",NA,NA,23.8,"Chemagen","Boston",2,NA,NA,NA,NA,NA,NA,NA,NA,NA,NA,NA,"Healthy",2.44550638573668,8.998455
"PSM6XBTR","HMP_2019_ibdmdb","P6014","stool","control","healthy","schoolage","USA","no","IlluminaHiSeq","31142855",32773146,3113986053,50,101,"Paolo_Manghi",NA,15,"male",NA,0,"yes",NA,NA,23.8,"Chemagen","Boston",1,NA,NA,NA,NA,NA,NA,NA,NA,NA,NA,NA,"Healthy",2.03888902569183,7.079905
"PSM6XBVY_P","HMP_2019_ibdmdb","P6016","stool","IBD","IBD","schoolage","USA","no","IlluminaHiSeq","29311644",24382702,2384723039,50,101,"Paolo_Manghi","CD",16,"male",NA,0,"yes",NA,NA,14.7,"Chemagen","Boston",1,NA,NA,NA,NA,NA,NA,NA,NA,NA,NA,NA,"IBD",2.66978721145994,8.17398
"PSM7J19F","HMP_2019_ibdmdb","P6016","stool","IBD","IBD","schoolage","USA","no","IlluminaHiSeq","31142855",4639924,441746513,50,101,"Paolo_Manghi","CD",16,"male",NA,56,"no",NA,NA,14.7,"Chemagen","Boston",5,NA,NA,NA,NA,NA,NA,NA,NA,NA,NA,NA,"IBD",2.15723151395017,6.812935
"PSM7J19H","HMP_2019_ibdmdb","P6016","stool","IBD","IBD","schoolage","USA","no","IlluminaHiSeq","31142855",4900328,471805711,50,101,"Paolo_Manghi","CD",16,"male",NA,70,"no",NA,NA,14.7,"Chemagen","Boston",6,NA,NA,NA,NA,NA,NA,NA,NA,NA,NA,NA,"IBD",2.26911578144327,6.191455
"PSMA265N","HMP_2019_ibdmdb","P6016","stool","IBD","IBD","schoolage","USA","no","IlluminaHiSeq","31142855",11738774,1094773613,50,101,"Paolo_Manghi","CD",16,"male",NA,266,"no",NA,NA,14.7,"Chemagen","Boston",23,NA,NA,NA,NA,NA,NA,NA,NA,NA,NA,NA,"IBD",2.15145617370412,7.51186499999999
"PSM7J15I","HMP_2019_ibdmdb","P6016","stool","IBD","IBD","schoolage","USA","no","IlluminaHiSeq","31142855",15920706,1520968097,50,101,"Paolo_Manghi","CD",16,"male",NA,253,"no",NA,NA,14.7,"Chemagen","Boston",22,NA,NA,NA,NA,NA,NA,NA,NA,NA,NA,NA,"IBD",2.50361819734079,9.48981499999999
"PSM7J17T","HMP_2019_ibdmdb","P6016","stool","IBD","IBD","schoolage","USA","no","IlluminaHiSeq","31142855",17742138,1670061499,50,101,"Paolo_Manghi","CD",16,"male",NA,168,"no",NA,NA,14.7,"Chemagen","Boston",15,NA,NA,NA,NA,NA,NA,NA,NA,NA,NA,NA,"IBD",2.54097584600576,7.391015
"PSM7J15A","HMP_2019_ibdmdb","P6016","stool","IBD","IBD","schoolage","USA","no","IlluminaHiSeq","31142855",21080236,1921719770,50,101,"Paolo_Manghi","CD",16,"male",NA,197,"no",NA,NA,14.7,"Chemagen","Boston",17,NA,NA,NA,NA,NA,NA,NA,NA,NA,NA,NA,"IBD",2.57549202951767,8.673685
"PSM7J158","HMP_2019_ibdmdb","P6016","stool","IBD","IBD","schoolage","USA","no","IlluminaHiSeq","31142855",22128470,2112500648,50,101,"Paolo_Manghi","CD",16,"male",NA,183,"no",NA,NA,14.7,"Chemagen","Boston",16,NA,NA,NA,NA,NA,NA,NA,NA,NA,NA,NA,"IBD",2.79649626603213,10.100905
"PSM7J15G","HMP_2019_ibdmdb","P6016","stool","IBD","IBD","schoolage","USA","no","IlluminaHiSeq","31142855",23908882,2289156664,50,101,"Paolo_Manghi","CD",16,"male",NA,239,"no",NA,NA,14.7,"Chemagen","Boston",20,NA,NA,NA,NA,NA,NA,NA,NA,NA,NA,NA,"IBD",2.02691447024574,9.136055
"PSMA265T","HMP_2019_ibdmdb","P6016","stool","IBD","IBD","schoolage","USA","no","IlluminaHiSeq","31142855",25964050,2420066613,50,101,"Paolo_Manghi","CD",16,"male",NA,315,"no",NA,NA,14.7,"Chemagen","Boston",26,NA,NA,NA,NA,NA,NA,NA,NA,NA,NA,NA,"IBD",2.43853622313213,8.229005
"PSM7J19J","HMP_2019_ibdmdb","P6016","stool","IBD","IBD","schoolage","USA","no","IlluminaHiSeq","31142855",28945148,2738529910,50,101,"Paolo_Manghi","CD",16,"male",NA,84,"no",NA,NA,14.7,"Chemagen","Boston",8,NA,NA,NA,NA,NA,NA,NA,NA,NA,NA,NA,"IBD",2.45097405986209,8.929115
"PSM7J17L","HMP_2019_ibdmdb","P6016","stool","IBD","IBD","schoolage","USA","no","IlluminaHiSeq","31142855",31120956,2957173666,50,101,"Paolo_Manghi","CD",16,"male",NA,112,"no",NA,NA,14.7,"Chemagen","Boston",10,NA,NA,NA,NA,NA,NA,NA,NA,NA,NA,NA,"IBD",2.58380959003834,9.061375
"PSM7J19B","HMP_2019_ibdmdb","P6016","stool","IBD","IBD","schoolage","USA","no","IlluminaHiSeq","31142855",38329144,3603570417,50,101,"Paolo_Manghi","CD",16,"male",NA,29,"yes",NA,NA,14.7,"Chemagen","Boston",3,NA,NA,NA,NA,NA,NA,NA,NA,NA,NA,NA,"IBD",2.30606040497016,10.368195
"PSM7J199","HMP_2019_ibdmdb","P6016","stool","IBD","IBD","schoolage","USA","no","IlluminaHiSeq","31142855",54566512,5106546994,50,101,"Paolo_Manghi","CD",16,"male",NA,14,"yes",NA,NA,14.7,"Chemagen","Boston",2,NA,NA,NA,NA,NA,NA,NA,NA,NA,NA,NA,"IBD",1.96073218547679,6.907005
"PSM6XBW1_P","HMP_2019_ibdmdb","P6017","stool","control","healthy","child","USA","no","IlluminaHiSeq","29311644",30269858,3005126675,50,101,"Paolo_Manghi",NA,11,"male",NA,0,"no",NA,NA,NA,"Chemagen","Boston",1,NA,NA,NA,NA,NA,NA,NA,NA,NA,NA,NA,"Healthy",1.93236908661388,10.731475
"PSM7J171","HMP_2019_ibdmdb","P6017","stool","control","healthy","child","USA","no","IlluminaHiSeq","31142855",12602708,1202040012,50,101,"Paolo_Manghi",NA,11,"male",NA,225,"no",NA,NA,NA,"Chemagen","Boston",15,NA,NA,NA,NA,NA,NA,NA,NA,NA,NA,NA,"Healthy",1.25339477220669,5.766535
"PSM7J16U","HMP_2019_ibdmdb","P6017","stool","control","healthy","child","USA","no","IlluminaHiSeq","31142855",16973896,1613121343,50,101,"Paolo_Manghi",NA,11,"male",NA,117,"no",NA,NA,NA,"Chemagen","Boston",10,NA,NA,NA,NA,NA,NA,NA,NA,NA,NA,NA,"Healthy",1.15501208612467,6.745415
"PSM7J19R","HMP_2019_ibdmdb","P6017","stool","control","healthy","child","USA","no","IlluminaHiSeq","31142855",22407888,2123310743,50,101,"Paolo_Manghi",NA,11,"male",NA,54,"no",NA,NA,NA,"Chemagen","Boston",5,NA,NA,NA,NA,NA,NA,NA,NA,NA,NA,NA,"Healthy",2.78472467300506,11.650715
"PSM7J16Y","HMP_2019_ibdmdb","P6017","stool","control","healthy","child","USA","no","IlluminaHiSeq","31142855",24125020,2207297835,50,101,"Paolo_Manghi",NA,11,"male",NA,215,"no",NA,NA,NA,"Chemagen","Boston",13,NA,NA,NA,NA,NA,NA,NA,NA,NA,NA,NA,"Healthy",2.86048353922548,10.402205
"PSM7J16W","HMP_2019_ibdmdb","P6017","stool","control","healthy","child","USA","no","IlluminaHiSeq","31142855",24427658,2306297450,50,101,"Paolo_Manghi",NA,11,"male",NA,159,"no",NA,NA,NA,"Chemagen","Boston",12,NA,NA,NA,NA,NA,NA,NA,NA,NA,NA,NA,"Healthy",1.29854333879299,7.718185
"PSM7J19N","HMP_2019_ibdmdb","P6017","stool","control","healthy","child","USA","no","IlluminaHiSeq","31142855",24657700,2308390890,50,101,"Paolo_Manghi",NA,11,"male",NA,39,"no",NA,NA,NA,"Chemagen","Boston",3,NA,NA,NA,NA,NA,NA,NA,NA,NA,NA,NA,"Healthy",1.84635850389186,10.080795
"PSM7J173","HMP_2019_ibdmdb","P6017","stool","control","healthy","child","USA","no","IlluminaHiSeq","31142855",25195306,2409845740,50,101,"Paolo_Manghi",NA,11,"male",NA,250,"no",NA,NA,NA,"Chemagen","Boston",16,NA,NA,NA,NA,NA,NA,NA,NA,NA,NA,NA,"Healthy",1.82170624265942,9.273595
"PSM7J19T","HMP_2019_ibdmdb","P6017","stool","control","healthy","child","USA","no","IlluminaHiSeq","31142855",28971810,2772459138,50,101,"Paolo_Manghi",NA,11,"male",NA,67,"no",NA,NA,NA,"Chemagen","Boston",6,NA,NA,NA,NA,NA,NA,NA,NA,NA,NA,NA,"Healthy",1.41039003376231,7.847375
"PSM7J19P","HMP_2019_ibdmdb","P6017","stool","control","healthy","child","USA","no","IlluminaHiSeq","31142855",40726142,3833558658,50,101,"Paolo_Manghi",NA,11,"male",NA,43,"no",NA,NA,NA,"Chemagen","Boston",4,NA,NA,NA,NA,NA,NA,NA,NA,NA,NA,NA,"Healthy",1.45641092722343,8.548735
"PSM7J19X_P","HMP_2019_ibdmdb","P6018","stool","control","healthy","schoolage","USA","no","IlluminaHiSeq","29311644",19658524,1921730141,50,101,"Paolo_Manghi",NA,17,"female",NA,14,"yes",NA,NA,20.9,"Chemagen","Boston",2,NA,NA,NA,NA,NA,NA,NA,NA,NA,NA,NA,"Healthy",2.28281563291362,5.450895
"PSM7J17X","HMP_2019_ibdmdb","P6018","stool","control","healthy","schoolage","USA","no","IlluminaHiSeq","31142855",6072764,569204188,50,101,"Paolo_Manghi",NA,17,"female",NA,112,"no",NA,NA,20.9,"Chemagen","Boston",10,NA,NA,NA,NA,NA,NA,NA,NA,NA,NA,NA,"Healthy",1.61609910645305,7.213395
"PSM6XBW3","HMP_2019_ibdmdb","P6018","stool","control","healthy","schoolage","USA","no","IlluminaHiSeq","31142855",6211160,593951789,50,101,"Paolo_Manghi",NA,17,"female",NA,0,"no",NA,NA,20.9,"Chemagen","Boston",1,NA,NA,NA,NA,NA,NA,NA,NA,NA,NA,NA,"Healthy",2.3351197348865,5.423805
"PSM7J19Z","HMP_2019_ibdmdb","P6018","stool","control","healthy","schoolage","USA","no","IlluminaHiSeq","31142855",6686524,638366911,50,101,"Paolo_Manghi",NA,17,"female",NA,29,"yes",NA,NA,20.9,"Chemagen","Boston",3,NA,NA,NA,NA,NA,NA,NA,NA,NA,NA,NA,"Healthy",2.69145888759501,5.348705
"PSM7J15U","HMP_2019_ibdmdb","P6018","stool","control","healthy","schoolage","USA","no","IlluminaHiSeq","31142855",9405068,843466279,50,101,"Paolo_Manghi",NA,17,"female",NA,252,"no",NA,NA,20.9,"Chemagen","Boston",22,NA,NA,NA,NA,NA,NA,NA,NA,NA,NA,NA,"Healthy",1.90558087665987,7.367415
"PSM7J15M","HMP_2019_ibdmdb","P6018","stool","control","healthy","schoolage","USA","no","IlluminaHiSeq","31142855",10360428,970093654,50,101,"Paolo_Manghi",NA,17,"female",NA,197,"no",NA,NA,20.9,"Chemagen","Boston",17,NA,NA,NA,NA,NA,NA,NA,NA,NA,NA,NA,"Healthy",1.85632692128821,7.045635
"PSM7J1A6","HMP_2019_ibdmdb","P6018","stool","control","healthy","schoolage","USA","no","IlluminaHiSeq","31142855",12537658,1142713727,50,101,"Paolo_Manghi",NA,17,"female",NA,70,"yes",NA,NA,20.9,"Chemagen","Boston",6,NA,NA,NA,NA,NA,NA,NA,NA,NA,NA,NA,"Healthy",1.69858148632181,4.028665
"PSM7J1A2","HMP_2019_ibdmdb","P6018","stool","control","healthy","schoolage","USA","no","IlluminaHiSeq","31142855",12823118,1195472523,50,101,"Paolo_Manghi",NA,17,"female",NA,43,"no",NA,NA,20.9,"Chemagen","Boston",4,NA,NA,NA,NA,NA,NA,NA,NA,NA,NA,NA,"Healthy",2.67770172257229,6.009175
"PSMA265H","HMP_2019_ibdmdb","P6018","stool","control","healthy","schoolage","USA","no","IlluminaHiSeq","31142855",13467738,1231758137,50,101,"Paolo_Manghi",NA,17,"female",NA,322,"no",NA,NA,20.9,"Chemagen","Boston",27,NA,NA,NA,NA,NA,NA,NA,NA,NA,NA,NA,"Healthy",1.79558123620357,7.688285
"PSM7J1A4","HMP_2019_ibdmdb","P6018","stool","control","healthy","schoolage","USA","no","IlluminaHiSeq","31142855",14634270,1374827873,50,101,"Paolo_Manghi",NA,17,"female",NA,57,"no",NA,NA,20.9,"Chemagen","Boston",5,NA,NA,NA,NA,NA,NA,NA,NA,NA,NA,NA,"Healthy",2.83764236441048,9.87281499999999
"PSM7J15O","HMP_2019_ibdmdb","P6018","stool","control","healthy","schoolage","USA","no","IlluminaHiSeq","31142855",14652730,1333066620,50,101,"Paolo_Manghi",NA,17,"female",NA,210,"no",NA,NA,20.9,"Chemagen","Boston",18,NA,NA,NA,NA,NA,NA,NA,NA,NA,NA,NA,"Healthy",1.73157695931298,6.509305
"PSM7J15K","HMP_2019_ibdmdb","P6018","stool","control","healthy","schoolage","USA","no","IlluminaHiSeq","31142855",15304684,1453754716,50,101,"Paolo_Manghi",NA,17,"female",NA,183,"no",NA,NA,20.9,"Chemagen","Boston",16,NA,NA,NA,NA,NA,NA,NA,NA,NA,NA,NA,"Healthy",1.94561279501593,6.946675
"PSMA265F","HMP_2019_ibdmdb","P6018","stool","control","healthy","schoolage","USA","no","IlluminaHiSeq","31142855",16093724,1490251457,50,101,"Paolo_Manghi",NA,17,"female",NA,280,"no",NA,NA,20.9,"Chemagen","Boston",24,NA,NA,NA,NA,NA,NA,NA,NA,NA,NA,NA,"Healthy",1.33656529957303,6.868555
"PSM7J17V","HMP_2019_ibdmdb","P6018","stool","control","healthy","schoolage","USA","no","IlluminaHiSeq","31142855",17755242,1663945574,50,101,"Paolo_Manghi",NA,17,"female",NA,99,"no",NA,NA,20.9,"Chemagen","Boston",9,NA,NA,NA,NA,NA,NA,NA,NA,NA,NA,NA,"Healthy",1.9832928210498,6.270325
"PSM7J15Q","HMP_2019_ibdmdb","P6018","stool","control","healthy","schoolage","USA","no","IlluminaHiSeq","31142855",17897654,1626424509,50,101,"Paolo_Manghi",NA,17,"female",NA,224,"no",NA,NA,20.9,"Chemagen","Boston",19,NA,NA,NA,NA,NA,NA,NA,NA,NA,NA,NA,"Healthy",2.5605927105857,8.235515
"PSM7J186","HMP_2019_ibdmdb","P6018","stool","control","healthy","schoolage","USA","no","IlluminaHiSeq","31142855",18183644,1672319261,50,101,"Paolo_Manghi",NA,17,"female",NA,168,"no",NA,NA,20.9,"Chemagen","Boston",15,NA,NA,NA,NA,NA,NA,NA,NA,NA,NA,NA,"Healthy",1.33907540333995,6.578725
"PSM7J15S","HMP_2019_ibdmdb","P6018","stool","control","healthy","schoolage","USA","no","IlluminaHiSeq","31142855",22262000,2000292139,50,101,"Paolo_Manghi",NA,17,"female",NA,238,"no",NA,NA,20.9,"Chemagen","Boston",20,NA,NA,NA,NA,NA,NA,NA,NA,NA,NA,NA,"Healthy",2.57621444059,9.202205
"PSM7J17Z","HMP_2019_ibdmdb","P6018","stool","control","healthy","schoolage","USA","no","IlluminaHiSeq","31142855",23571142,2207808982,50,101,"Paolo_Manghi",NA,17,"female",NA,126,"no",NA,NA,20.9,"Chemagen","Boston",11,NA,NA,NA,NA,NA,NA,NA,NA,NA,NA,NA,"Healthy",1.79393210222117,6.406995
"PSMA265D","HMP_2019_ibdmdb","P6018","stool","control","healthy","schoolage","USA","no","IlluminaHiSeq","31142855",24614304,2351472640,50,101,"Paolo_Manghi",NA,17,"female",NA,266,"no",NA,NA,20.9,"Chemagen","Boston",23,NA,NA,NA,NA,NA,NA,NA,NA,NA,NA,NA,"Healthy",1.52640023232826,6.852275
"PSMA265L","HMP_2019_ibdmdb","P6018","stool","control","healthy","schoolage","USA","no","IlluminaHiSeq","31142855",25200626,2336930767,50,101,"Paolo_Manghi",NA,17,"female",NA,294,"no",NA,NA,20.9,"Chemagen","Boston",25,NA,NA,NA,NA,NA,NA,NA,NA,NA,NA,NA,"Healthy",2.49307432986095,7.575005
"PSM7J184","HMP_2019_ibdmdb","P6018","stool","control","healthy","schoolage","USA","no","IlluminaHiSeq","31142855",25308676,2327084025,50,101,"Paolo_Manghi",NA,17,"female",NA,154,"no",NA,NA,20.9,"Chemagen","Boston",13,NA,NA,NA,NA,NA,NA,NA,NA,NA,NA,NA,"Healthy",1.30148923372622,7.016815
"PSM7J1A8","HMP_2019_ibdmdb","P6018","stool","control","healthy","schoolage","USA","no","IlluminaHiSeq","31142855",26324772,2465096767,50,101,"Paolo_Manghi",NA,17,"female",NA,84,"no",NA,NA,20.9,"Chemagen","Boston",8,NA,NA,NA,NA,NA,NA,NA,NA,NA,NA,NA,"Healthy",1.63163509827511,6.210095
"PSM7J182","HMP_2019_ibdmdb","P6018","stool","control","healthy","schoolage","USA","no","IlluminaHiSeq","31142855",29075268,2701932413,50,101,"Paolo_Manghi",NA,17,"female",NA,140,"no",NA,NA,20.9,"Chemagen","Boston",12,NA,NA,NA,NA,NA,NA,NA,NA,NA,NA,NA,"Healthy",1.67012649097313,6.969135
"PSMA265J","HMP_2019_ibdmdb","P6018","stool","control","healthy","schoolage","USA","no","IlluminaHiSeq","31142855",30345188,2793060816,50,101,"Paolo_Manghi",NA,17,"female",NA,314,"no",NA,NA,20.9,"Chemagen","Boston",26,NA,NA,NA,NA,NA,NA,NA,NA,NA,NA,NA,"Healthy",1.87469615667526,6.542745
"PSMA265J_TR","HMP_2019_ibdmdb","P6018","stool","control","healthy","schoolage","USA","no","IlluminaHiSeq","31142855",30345188,2793060816,50,101,"Paolo_Manghi",NA,17,"female",NA,314,"no",NA,NA,20.9,"Chemagen","Boston",26,NA,NA,NA,NA,NA,NA,NA,NA,NA,NA,NA,"Healthy",1.87469615667526,6.542745
"PSM7J1BN_P","HMP_2019_ibdmdb","P6024","stool","IBD","IBD","schoolage","USA","no","IlluminaHiSeq","29311644",16874498,1644070417,50,101,"Paolo_Manghi","CD",16,"male",NA,28,"yes",NA,NA,28.4,"Chemagen","Boston",3,NA,NA,NA,NA,NA,NA,NA,NA,NA,NA,NA,"IBD",0.780554468903662,3.275355
"PSM7J1BL","HMP_2019_ibdmdb","P6024","stool","IBD","IBD","schoolage","USA","no","IlluminaHiSeq","31142855",3893724,372314076,50,101,"Paolo_Manghi","CD",16,"male",NA,14,"yes",NA,NA,28.4,"Chemagen","Boston",2,NA,NA,NA,NA,NA,NA,NA,NA,NA,NA,NA,"IBD",1.10273351045163,2.785645
"PSM7J1BJ","HMP_2019_ibdmdb","P6024","stool","IBD","IBD","schoolage","USA","no","IlluminaHiSeq","31142855",3924440,377678701,50,101,"Paolo_Manghi","CD",16,"male",NA,0,"no",NA,NA,28.4,"Chemagen","Boston",1,NA,NA,NA,NA,NA,NA,NA,NA,NA,NA,NA,"IBD",2.15447020408647,4.531615
"PSM7J1BP","HMP_2019_ibdmdb","P6024","stool","IBD","IBD","schoolage","USA","no","IlluminaHiSeq","31142855",5072440,489055606,50,101,"Paolo_Manghi","CD",16,"male",NA,43,"yes",NA,NA,28.4,"Chemagen","Boston",4,NA,NA,NA,NA,NA,NA,NA,NA,NA,NA,NA,"IBD",1.87358577747717,3.203935
"PSM7J1BR","HMP_2019_ibdmdb","P6024","stool","IBD","IBD","schoolage","USA","no","IlluminaHiSeq","31142855",5105904,479432879,50,101,"Paolo_Manghi","CD",16,"male",NA,56,"yes",NA,NA,28.4,"Chemagen","Boston",6,NA,NA,NA,NA,NA,NA,NA,NA,NA,NA,NA,"IBD",0.599152774743625,3.963065
"PSMA263W","HMP_2019_ibdmdb","P6024","stool","IBD","IBD","schoolage","USA","no","IlluminaHiSeq","31142855",16511006,1557859629,50,101,"Paolo_Manghi","CD",16,"male",NA,246,"no",NA,NA,28.4,"Chemagen","Boston",20,NA,NA,NA,NA,NA,NA,NA,NA,NA,NA,NA,"IBD",1.64405129178215,6.030575
"PSM7J12J","HMP_2019_ibdmdb","P6024","stool","IBD","IBD","schoolage","USA","no","IlluminaHiSeq","31142855",16788660,1573534775,50,101,"Paolo_Manghi","CD",16,"male",NA,91,"no",NA,NA,28.4,"Chemagen","Boston",8,NA,NA,NA,NA,NA,NA,NA,NA,NA,NA,NA,"IBD",0.676824719228052,6.225085
"PSMA263U","HMP_2019_ibdmdb","P6024","stool","IBD","IBD","schoolage","USA","no","IlluminaHiSeq","31142855",20799460,1961036655,50,101,"Paolo_Manghi","CD",16,"male",NA,232,"no",NA,NA,28.4,"Chemagen","Boston",18,NA,NA,NA,NA,NA,NA,NA,NA,NA,NA,NA,"IBD",1.65338963921689,5.156105
"PSMA263S","HMP_2019_ibdmdb","P6024","stool","IBD","IBD","schoolage","USA","no","IlluminaHiSeq","31142855",21135238,1988942620,50,101,"Paolo_Manghi","CD",16,"male",NA,212,"no",NA,NA,28.4,"Chemagen","Boston",17,NA,NA,NA,NA,NA,NA,NA,NA,NA,NA,NA,"IBD",1.60923333958117,4.748835
"PSM7J12R","HMP_2019_ibdmdb","P6024","stool","IBD","IBD","schoolage","USA","no","IlluminaHiSeq","31142855",26696920,2512903375,50,101,"Paolo_Manghi","CD",16,"male",NA,149,"no",NA,NA,28.4,"Chemagen","Boston",13,NA,NA,NA,NA,NA,NA,NA,NA,NA,NA,NA,"IBD",1.27450456173334,4.864175
"PSMA263M","HMP_2019_ibdmdb","P6024","stool","IBD","IBD","schoolage","USA","no","IlluminaHiSeq","31142855",30203922,2866038294,50,101,"Paolo_Manghi","CD",16,"male",NA,163,"no",NA,NA,28.4,"Chemagen","Boston",14,NA,NA,NA,NA,NA,NA,NA,NA,NA,NA,NA,"IBD",1.31516004038618,5.025055
"PSM7J1C2_P","HMP_2019_ibdmdb","P6025","stool","IBD","IBD","schoolage","USA","no","IlluminaHiSeq","29311644",36842368,3610057836,50,101,"Paolo_Manghi","UC",17,"male",NA,43,"no",NA,NA,19.6,"Chemagen","Boston",4,NA,NA,NA,NA,NA,NA,NA,NA,NA,NA,NA,"IBD",1.50935460639756,3.077855
"PSM7J1BX","HMP_2019_ibdmdb","P6025","stool","IBD","IBD","schoolage","USA","no","IlluminaHiSeq","31142855",17517506,1680474730,50,101,"Paolo_Manghi","UC",17,"male",NA,14,"no",NA,NA,19.6,"Chemagen","Boston",2,NA,NA,NA,NA,NA,NA,NA,NA,NA,NA,NA,"IBD",2.34480318615815,7.30652499999999
"PSM7J1C4","HMP_2019_ibdmdb","P6025","stool","IBD","IBD","schoolage","USA","no","IlluminaHiSeq","31142855",22336430,2118110369,50,101,"Paolo_Manghi","UC",17,"male",NA,57,"no",NA,NA,19.6,"Chemagen","Boston",5,NA,NA,NA,NA,NA,NA,NA,NA,NA,NA,NA,"IBD",2.70365540704635,8.583455
"PSM7J1BV","HMP_2019_ibdmdb","P6025","stool","IBD","IBD","schoolage","USA","no","IlluminaHiSeq","31142855",25063176,2383083943,50,101,"Paolo_Manghi","UC",17,"male",NA,0,"no",NA,NA,19.6,"Chemagen","Boston",1,NA,NA,NA,NA,NA,NA,NA,NA,NA,NA,NA,"IBD",2.21755398351372,7.040165
"PSM7J12V","HMP_2019_ibdmdb","P6025","stool","IBD","IBD","schoolage","USA","no","IlluminaHiSeq","31142855",28618556,2735649174,50,101,"Paolo_Manghi","UC",17,"male",NA,99,"yes",NA,NA,19.6,"Chemagen","Boston",9,NA,NA,NA,NA,NA,NA,NA,NA,NA,NA,NA,"IBD",2.74344464036331,7.739175
"PSMA264K","HMP_2019_ibdmdb","P6025","stool","IBD","IBD","schoolage","USA","no","IlluminaHiSeq","31142855",29542964,2841095442,50,101,"Paolo_Manghi","UC",17,"male",NA,248,"no",NA,NA,19.6,"Chemagen","Boston",17,NA,NA,NA,NA,NA,NA,NA,NA,NA,NA,NA,"IBD",1.49556144831949,5.432545
"PSM7J12Z","HMP_2019_ibdmdb","P6025","stool","IBD","IBD","schoolage","USA","no","IlluminaHiSeq","31142855",33081682,3168024732,50,101,"Paolo_Manghi","UC",17,"male",NA,148,"no",NA,NA,19.6,"Chemagen","Boston",11,NA,NA,NA,NA,NA,NA,NA,NA,NA,NA,NA,"IBD",2.87865330510663,8.715505
"PSM7J1B3_P","HMP_2019_ibdmdb","P6028","stool","IBD","IBD","child","USA","no","IlluminaHiSeq","29311644",27954442,2764087466,50,101,"Paolo_Manghi","CD",9,"male",NA,0,"yes",NA,NA,15.9,"Chemagen","Boston",1,NA,NA,NA,NA,NA,NA,NA,NA,NA,NA,NA,"IBD",2.52870732767546,10.675495
"PSM7J17F","HMP_2019_ibdmdb","P6028","stool","IBD","IBD","child","USA","no","IlluminaHiSeq","31142855",1883256,176248078,50,101,"Paolo_Manghi","CD",9,"male",NA,70,"no",NA,NA,15.9,"Chemagen","Boston",6,NA,NA,NA,NA,NA,NA,NA,NA,NA,NA,NA,"IBD",0.801438181838321,2.006485
"PSM7J17D","HMP_2019_ibdmdb","P6028","stool","IBD","IBD","child","USA","no","IlluminaHiSeq","31142855",1981944,186665409,50,101,"Paolo_Manghi","CD",9,"male",NA,56,"no",NA,NA,15.9,"Chemagen","Boston",5,NA,NA,NA,NA,NA,NA,NA,NA,NA,NA,NA,"IBD",1.38817810468262,2.970555
"PSM7J179","HMP_2019_ibdmdb","P6028","stool","IBD","IBD","child","USA","no","IlluminaHiSeq","31142855",2615342,244886562,50,101,"Paolo_Manghi","CD",9,"male",NA,29,"yes",NA,NA,15.9,"Chemagen","Boston",3,NA,NA,NA,NA,NA,NA,NA,NA,NA,NA,NA,"IBD",1.64341423377335,5.864735
"PSM7J17B","HMP_2019_ibdmdb","P6028","stool","IBD","IBD","child","USA","no","IlluminaHiSeq","31142855",3852142,344195106,50,101,"Paolo_Manghi","CD",9,"male",NA,42,"no",NA,NA,15.9,"Chemagen","Boston",4,NA,NA,NA,NA,NA,NA,NA,NA,NA,NA,NA,"IBD",0.809749260603134,2.348945
"PSM7J15W","HMP_2019_ibdmdb","P6028","stool","IBD","IBD","child","USA","no","IlluminaHiSeq","31142855",14386492,1349010552,50,101,"Paolo_Manghi","CD",9,"male",NA,134,"no",NA,NA,15.9,"Chemagen","Boston",9,NA,NA,NA,NA,NA,NA,NA,NA,NA,NA,NA,"IBD",2.78921375847209,10.627445
"PSM7J163","HMP_2019_ibdmdb","P6028","stool","IBD","IBD","child","USA","no","IlluminaHiSeq","31142855",19435188,1841485788,50,101,"Paolo_Manghi","CD",9,"male",NA,175,"no",NA,NA,15.9,"Chemagen","Boston",12,NA,NA,NA,NA,NA,NA,NA,NA,NA,NA,NA,"IBD",1.83443512828343,3.757465
"PSMA2668","HMP_2019_ibdmdb","P6028","stool","IBD","IBD","child","USA","no","IlluminaHiSeq","31142855",24325566,2295904617,50,101,"Paolo_Manghi","CD",9,"male",NA,232,"no",NA,NA,15.9,"Chemagen","Boston",17,NA,NA,NA,NA,NA,NA,NA,NA,NA,NA,NA,"IBD",1.55826441505531,3.764895
"PSM7J161","HMP_2019_ibdmdb","P6028","stool","IBD","IBD","child","USA","no","IlluminaHiSeq","31142855",30397332,2866929138,50,101,"Paolo_Manghi","CD",9,"male",NA,162,"no",NA,NA,15.9,"Chemagen","Boston",11,NA,NA,NA,NA,NA,NA,NA,NA,NA,NA,NA,"IBD",2.02219481724428,4.415375
"PSMA2651_P","HMP_2019_ibdmdb","P6033","stool","IBD","IBD","schoolage","USA","no","IlluminaHiSeq","29311644",28166912,2784594461,52,101,"Paolo_Manghi","CD",15,"male",NA,90,"no",NA,NA,16.4,"Chemagen","Boston",8,NA,NA,NA,NA,NA,NA,NA,NA,NA,NA,NA,"IBD",2.10927793463443,8.00441499999999
"PSM7J13K","HMP_2019_ibdmdb","P6033","stool","IBD","IBD","schoolage","USA","no","IlluminaHiSeq","31142855",15626076,1475057739,50,101,"Paolo_Manghi","CD",15,"male",NA,13,"yes",NA,NA,16.4,"Chemagen","Boston",2,NA,NA,NA,NA,NA,NA,NA,NA,NA,NA,NA,"IBD",2.07891633149055,4.707135
"PSMA265B","HMP_2019_ibdmdb","P6033","stool","IBD","IBD","schoolage","USA","no","IlluminaHiSeq","31142855",16116878,1482620105,50,101,"Paolo_Manghi","CD",15,"male",NA,167,"no",NA,NA,16.4,"Chemagen","Boston",14,NA,NA,NA,NA,NA,NA,NA,NA,NA,NA,NA,"IBD",1.96705231147015,5.538705
"PSMA2653","HMP_2019_ibdmdb","P6033","stool","IBD","IBD","schoolage","USA","no","IlluminaHiSeq","31142855",19013702,1796569444,50,101,"Paolo_Manghi","CD",15,"male",NA,104,"no",NA,NA,16.4,"Chemagen","Boston",9,NA,NA,NA,NA,NA,NA,NA,NA,NA,NA,NA,"IBD",2.30469395115492,7.146955
"PSM7J13I","HMP_2019_ibdmdb","P6033","stool","IBD","IBD","schoolage","USA","no","IlluminaHiSeq","31142855",22401840,2121632894,50,101,"Paolo_Manghi","CD",15,"male",NA,0,"no",NA,NA,16.4,"Chemagen","Boston",1,NA,NA,NA,NA,NA,NA,NA,NA,NA,NA,NA,"IBD",2.20082458258303,6.276155
"PSMA267H","HMP_2019_ibdmdb","P6033","stool","IBD","IBD","schoolage","USA","no","IlluminaHiSeq","31142855",23147972,2138905689,50,101,"Paolo_Manghi","CD",15,"male",NA,251,"no",NA,NA,16.4,"Chemagen","Boston",21,NA,NA,NA,NA,NA,NA,NA,NA,NA,NA,NA,"IBD",2.17040937275564,8.431855
"PSM7J13M","HMP_2019_ibdmdb","P6033","stool","IBD","IBD","schoolage","USA","no","IlluminaHiSeq","31142855",27636826,2582637056,50,101,"Paolo_Manghi","CD",15,"male",NA,55,"no",NA,NA,16.4,"Chemagen","Boston",5,NA,NA,NA,NA,NA,NA,NA,NA,NA,NA,NA,"IBD",2.03285385174695,6.112325
"PSMA2659","HMP_2019_ibdmdb","P6033","stool","IBD","IBD","schoolage","USA","no","IlluminaHiSeq","31142855",28440678,2705916702,50,101,"Paolo_Manghi","CD",15,"male",NA,153,"no",NA,NA,16.4,"Chemagen","Boston",12,NA,NA,NA,NA,NA,NA,NA,NA,NA,NA,NA,"IBD",2.2064147373154,7.298985
"PSMA267F","HMP_2019_ibdmdb","P6033","stool","IBD","IBD","schoolage","USA","no","IlluminaHiSeq","31142855",30284758,2879003096,50,101,"Paolo_Manghi","CD",15,"male",NA,237,"no",NA,NA,16.4,"Chemagen","Boston",19,NA,NA,NA,NA,NA,NA,NA,NA,NA,NA,NA,"IBD",2.18180818894157,8.815875
"PSMA267D","HMP_2019_ibdmdb","P6033","stool","IBD","IBD","schoolage","USA","no","IlluminaHiSeq","31142855",33063860,3148690011,50,101,"Paolo_Manghi","CD",15,"male",NA,223,"no",NA,NA,16.4,"Chemagen","Boston",18,NA,NA,NA,NA,NA,NA,NA,NA,NA,NA,NA,"IBD",2.03464865057959,7.526875
"PSM7J13Q","HMP_2019_ibdmdb","P6033","stool","IBD","IBD","schoolage","USA","no","IlluminaHiSeq","31142855",36070680,3450967001,50,101,"Paolo_Manghi","CD",15,"male",NA,41,"no",NA,NA,16.4,"Chemagen","Boston",4,NA,NA,NA,NA,NA,NA,NA,NA,NA,NA,NA,"IBD",1.84108559220635,5.833015
"PSMB4MC7","HMP_2019_ibdmdb","P6035","stool","IBD","IBD","schoolage","USA","no","IlluminaHiSeq","31142855",10594156,976688316,50,101,"Paolo_Manghi","UC",16,"male",NA,252,"no",NA,NA,NA,"Chemagen","Boston",19,NA,NA,NA,NA,NA,NA,NA,NA,NA,NA,NA,"IBD",2.29371303084208,6.89071499999999
"PSMA264Q","HMP_2019_ibdmdb","P6035","stool","IBD","IBD","schoolage","USA","no","IlluminaHiSeq","31142855",14163016,1353790060,50,101,"Paolo_Manghi","UC",16,"male",NA,14,"no",NA,NA,NA,"Chemagen","Boston",2,NA,NA,NA,NA,NA,NA,NA,NA,NA,NA,NA,"IBD",1.65936531458779,5.167795
"PSMB4MBK","HMP_2019_ibdmdb","P6035","stool","IBD","IBD","schoolage","USA","no","IlluminaHiSeq","31142855",17248976,1575518734,50,101,"Paolo_Manghi","UC",16,"male",NA,225,"no",NA,NA,NA,"Chemagen","Boston",17,NA,NA,NA,NA,NA,NA,NA,NA,NA,NA,NA,"IBD",2.83378446288892,8.820085
"PSMA264S","HMP_2019_ibdmdb","P6035","stool","IBD","IBD","schoolage","USA","no","IlluminaHiSeq","31142855",19906200,1855728183,50,101,"Paolo_Manghi","UC",16,"male",NA,28,"no",NA,NA,NA,"Chemagen","Boston",3,NA,NA,NA,NA,NA,NA,NA,NA,NA,NA,NA,"IBD",1.38084910398554,6.59719499999999
"PSMA264O","HMP_2019_ibdmdb","P6035","stool","IBD","IBD","schoolage","USA","no","IlluminaHiSeq","31142855",23335138,2221118086,50,101,"Paolo_Manghi","UC",16,"male",NA,0,"no",NA,NA,NA,"Chemagen","Boston",1,NA,NA,NA,NA,NA,NA,NA,NA,NA,NA,NA,"IBD",1.63156989011336,6.450595
"PSMA264W","HMP_2019_ibdmdb","P6035","stool","IBD","IBD","schoolage","USA","no","IlluminaHiSeq","31142855",24673980,2354576100,50,101,"Paolo_Manghi","UC",16,"male",NA,56,"no",NA,NA,NA,"Chemagen","Boston",5,NA,NA,NA,NA,NA,NA,NA,NA,NA,NA,NA,"IBD",1.95649383537092,7.86669499999999
"PSMA267R","HMP_2019_ibdmdb","P6035","stool","IBD","IBD","schoolage","USA","no","IlluminaHiSeq","31142855",29612860,2759414921,50,101,"Paolo_Manghi","UC",16,"male",NA,161,"no",NA,NA,NA,"Chemagen","Boston",12,NA,NA,NA,NA,NA,NA,NA,NA,NA,NA,NA,"IBD",1.12840703331185,5.766785
"PSMA264U","HMP_2019_ibdmdb","P6035","stool","IBD","IBD","schoolage","USA","no","IlluminaHiSeq","31142855",30569222,2882097273,50,101,"Paolo_Manghi","UC",16,"male",NA,42,"no",NA,NA,NA,"Chemagen","Boston",4,NA,NA,NA,NA,NA,NA,NA,NA,NA,NA,NA,"IBD",1.65586396818658,6.314725
"PSMB4MBI","HMP_2019_ibdmdb","P6035","stool","IBD","IBD","schoolage","USA","no","IlluminaHiSeq","31142855",34432030,3256776642,50,101,"Paolo_Manghi","UC",16,"male",NA,238,"no",NA,NA,NA,"Chemagen","Boston",18,NA,NA,NA,NA,NA,NA,NA,NA,NA,NA,NA,"IBD",1.27514699963875,5.778525
"PSMA267P","HMP_2019_ibdmdb","P6035","stool","IBD","IBD","schoolage","USA","no","IlluminaHiSeq","31142855",42020498,3911872993,50,101,"Paolo_Manghi","UC",16,"male",NA,147,"no",NA,NA,NA,"Chemagen","Boston",11,NA,NA,NA,NA,NA,NA,NA,NA,NA,NA,NA,"IBD",1.49876378102856,7.20887499999999
"PSMA267J","HMP_2019_ibdmdb","P6035","stool","IBD","IBD","schoolage","USA","no","IlluminaHiSeq","31142855",51824854,4859215279,50,101,"Paolo_Manghi","UC",16,"male",NA,91,"no",NA,NA,NA,"Chemagen","Boston",8,NA,NA,NA,NA,NA,NA,NA,NA,NA,NA,NA,"IBD",1.48691508434458,6.34721499999999
"PSM7J4EF","HMP_2019_ibdmdb","P6037","stool","IBD","IBD","schoolage","USA","no","IlluminaHiSeq","31142855",2446644,223610567,50,101,"Paolo_Manghi","CD",15,"male",NA,0,"no",NA,NA,NA,"Chemagen","Boston",1,NA,NA,NA,NA,NA,NA,NA,NA,NA,NA,NA,"IBD",2.42814704105524,6.158605
"PSMA266Q","HMP_2019_ibdmdb","P6037","stool","IBD","IBD","schoolage","USA","no","IlluminaHiSeq","31142855",13474396,1240218761,50,101,"Paolo_Manghi","CD",15,"male",NA,88,"yes",NA,NA,NA,"Chemagen","Boston",6,NA,NA,NA,NA,NA,NA,NA,NA,NA,NA,NA,"IBD",2.25074515097063,7.611365
"PSMA269G","HMP_2019_ibdmdb","P6037","stool","IBD","IBD","schoolage","USA","no","IlluminaHiSeq","31142855",17035132,1608129823,50,101,"Paolo_Manghi","CD",15,"male",NA,116,"no",NA,NA,NA,"Chemagen","Boston",9,NA,NA,NA,NA,NA,NA,NA,NA,NA,NA,NA,"IBD",2.03573427895803,8.840245
"PSMA266O","HMP_2019_ibdmdb","P6037","stool","IBD","IBD","schoolage","USA","no","IlluminaHiSeq","31142855",21017214,1974803453,50,101,"Paolo_Manghi","CD",15,"male",NA,75,"yes",NA,NA,NA,"Chemagen","Boston",5,NA,NA,NA,NA,NA,NA,NA,NA,NA,NA,NA,"IBD",2.24005525767361,8.511275
"PSMA266I","HMP_2019_ibdmdb","P6037","stool","IBD","IBD","schoolage","USA","no","IlluminaHiSeq","31142855",22185880,2088967500,50,101,"Paolo_Manghi","CD",15,"male",NA,25,"no",NA,NA,NA,"Chemagen","Boston",2,NA,NA,NA,NA,NA,NA,NA,NA,NA,NA,NA,"IBD",2.21878441130244,9.527555
"PSMB4MBS","HMP_2019_ibdmdb","P6037","stool","IBD","IBD","schoolage","USA","no","IlluminaHiSeq","31142855",23179382,2164029455,50,101,"Paolo_Manghi","CD",15,"male",NA,235,"no",NA,NA,NA,"Chemagen","Boston",18,NA,NA,NA,NA,NA,NA,NA,NA,NA,NA,NA,"IBD",2.24337396170671,8.490645
"PSMA266M","HMP_2019_ibdmdb","P6037","stool","IBD","IBD","schoolage","USA","no","IlluminaHiSeq","31142855",31990052,2972941109,50,101,"Paolo_Manghi","CD",15,"male",NA,60,"yes",NA,NA,NA,"Chemagen","Boston",4,NA,NA,NA,NA,NA,NA,NA,NA,NA,NA,NA,"IBD",2.53520605714984,9.290665
"PSMA269O","HMP_2019_ibdmdb","P6037","stool","IBD","IBD","schoolage","USA","no","IlluminaHiSeq","31142855",39749512,3644089584,50,101,"Paolo_Manghi","CD",15,"male",NA,172,"no",NA,NA,NA,"Chemagen","Boston",13,NA,NA,NA,NA,NA,NA,NA,NA,NA,NA,NA,"IBD",1.9479815688829,7.132595
"PSMA266U","HMP_2019_ibdmdb","P6038","stool","IBD","IBD","schoolage","USA","no","IlluminaHiSeq","31142855",13473934,1250457159,50,101,"Paolo_Manghi","UC",16,"female",NA,19,"no",NA,NA,NA,"Chemagen","Boston",2,NA,NA,NA,NA,NA,NA,NA,NA,NA,NA,NA,"IBD",2.24722802653565,6.366815
"PSMB4MC5","HMP_2019_ibdmdb","P6038","stool","IBD","IBD","schoolage","USA","no","IlluminaHiSeq","31142855",13826372,1298758448,50,101,"Paolo_Manghi","UC",16,"female",NA,265,"no",NA,NA,NA,"Chemagen","Boston",22,NA,NA,NA,NA,NA,NA,NA,NA,NA,NA,NA,"IBD",1.99664717280385,6.887925
"PSMB4MC3","HMP_2019_ibdmdb","P6038","stool","IBD","IBD","schoolage","USA","no","IlluminaHiSeq","31142855",14639544,1380460451,50,101,"Paolo_Manghi","UC",16,"female",NA,251,"no",NA,NA,NA,"Chemagen","Boston",20,NA,NA,NA,NA,NA,NA,NA,NA,NA,NA,NA,"IBD",1.54109073184348,7.841435
"PSMA269S","HMP_2019_ibdmdb","P6038","stool","IBD","IBD","schoolage","USA","no","IlluminaHiSeq","31142855",15560252,1443147536,50,101,"Paolo_Manghi","UC",16,"female",NA,110,"no",NA,NA,NA,"Chemagen","Boston",9,NA,NA,NA,NA,NA,NA,NA,NA,NA,NA,NA,"IBD",2.22710809644402,8.881395
"PSMA2671","HMP_2019_ibdmdb","P6038","stool","IBD","IBD","schoolage","USA","no","IlluminaHiSeq","31142855",15584356,1464445906,50,101,"Paolo_Manghi","UC",16,"female",NA,69,"no",NA,NA,NA,"Chemagen","Boston",5,NA,NA,NA,NA,NA,NA,NA,NA,NA,NA,NA,"IBD",1.93358517982982,6.451405
"PSMA266Y","HMP_2019_ibdmdb","P6038","stool","IBD","IBD","schoolage","USA","no","IlluminaHiSeq","31142855",17710034,1658792963,50,101,"Paolo_Manghi","UC",16,"female",NA,54,"no",NA,NA,NA,"Chemagen","Boston",4,NA,NA,NA,NA,NA,NA,NA,NA,NA,NA,NA,"IBD",1.46587478631958,7.924975
"PSMA26A3","HMP_2019_ibdmdb","P6038","stool","IBD","IBD","schoolage","USA","no","IlluminaHiSeq","31142855",19541512,1807531113,50,101,"Paolo_Manghi","UC",16,"female",NA,182,"no",NA,NA,NA,"Chemagen","Boston",15,NA,NA,NA,NA,NA,NA,NA,NA,NA,NA,NA,"IBD",1.9149799270205,7.317085
"PSMA2675","HMP_2019_ibdmdb","P6038","stool","IBD","IBD","schoolage","USA","no","IlluminaHiSeq","31142855",19967018,1864409985,50,101,"Paolo_Manghi","UC",16,"female",NA,97,"no",NA,NA,NA,"Chemagen","Boston",8,NA,NA,NA,NA,NA,NA,NA,NA,NA,NA,NA,"IBD",2.16016580785638,7.871285
"PSMA269W","HMP_2019_ibdmdb","P6038","stool","IBD","IBD","schoolage","USA","no","IlluminaHiSeq","31142855",20468618,1885459048,50,101,"Paolo_Manghi","UC",16,"female",NA,141,"no",NA,NA,NA,"Chemagen","Boston",11,NA,NA,NA,NA,NA,NA,NA,NA,NA,NA,NA,"IBD",2.22894402723363,10.223115
"PSMA265X","HMP_2019_ibdmdb","P6038","stool","IBD","IBD","schoolage","USA","no","IlluminaHiSeq","31142855",21773046,2035204480,50,101,"Paolo_Manghi","UC",16,"female",NA,0,"no",NA,NA,NA,"Chemagen","Boston",1,NA,NA,NA,NA,NA,NA,NA,NA,NA,NA,NA,"IBD",1.88896932691237,7.872825
"PSMA26A1","HMP_2019_ibdmdb","P6038","stool","IBD","IBD","schoolage","USA","no","IlluminaHiSeq","31142855",25527364,2431033462,50,101,"Paolo_Manghi","UC",16,"female",NA,168,"no",NA,NA,NA,"Chemagen","Boston",13,NA,NA,NA,NA,NA,NA,NA,NA,NA,NA,NA,"IBD",1.97856443718155,7.840695
"PSMB4MC1","HMP_2019_ibdmdb","P6038","stool","IBD","IBD","schoolage","USA","no","IlluminaHiSeq","31142855",31130786,2979259662,50,101,"Paolo_Manghi","UC",16,"female",NA,239,"no",NA,NA,NA,"Chemagen","Boston",19,NA,NA,NA,NA,NA,NA,NA,NA,NA,NA,NA,"IBD",2.01537150240226,9.303285
"SKST006_7_G102965","HallAB_2017","SKST006","stool","IBD","IBD","adult","USA","no","IlluminaMiSeq","29183332",1128218,112812111,51,101,"Marisa_Metzger","UC",NA,NA,"SRR5651392",210,NA,NA,NA,NA,"other","Atlanta",7,NA,NA,NA,NA,NA,NA,NA,NA,NA,NA,NA,"IBD",1.39834078965261,3.218645
"SKST006_9_G103014","HallAB_2017","SKST006","stool","IBD","IBD","adult","USA","no","IlluminaMiSeq","29183332",2215948,221173810,50,101,"Marisa_Metzger","UC",NA,NA,"SRR5651400",270,NA,NA,NA,NA,"other","Atlanta",9,NA,NA,NA,NA,NA,NA,NA,NA,NA,NA,NA,"IBD",1.41523081872555,2.819365
"SKST006_6_G102964","HallAB_2017","SKST006","stool","IBD","IBD","adult","USA","no","IlluminaMiSeq","29183332",6458544,647139014,50,101,"Marisa_Metzger","UC",NA,NA,"SRR5651391",180,NA,NA,NA,NA,"other","Atlanta",6,NA,NA,NA,NA,NA,NA,NA,NA,NA,NA,NA,"IBD",1.22211277451515,2.992645
"SKST006_5_G102963","HallAB_2017","SKST006","stool","IBD","IBD","adult","USA","no","IlluminaMiSeq","29183332",8312632,829324141,50,101,"Marisa_Metzger","UC",NA,NA,"SRR5651394",150,NA,NA,NA,NA,"other","Atlanta",5,NA,NA,NA,NA,NA,NA,NA,NA,NA,NA,NA,"IBD",1.26354663161687,1.219265
"SKST006_3_G102961","HallAB_2017","SKST006","stool","IBD","IBD","adult","USA","no","IlluminaMiSeq","29183332",8680844,862893635,50,101,"Marisa_Metzger","UC",NA,NA,"SRR5651396",90,NA,NA,NA,NA,"other","Atlanta",3,NA,NA,NA,NA,NA,NA,NA,NA,NA,NA,NA,"IBD",0.613082765296201,0.780605
"SKST006_1_G102959","HallAB_2017","SKST006","stool","IBD","IBD","adult","USA","no","IlluminaMiSeq","29183332",11595922,1154090908,50,101,"Marisa_Metzger","UC",NA,NA,"SRR5651398",30,NA,NA,NA,NA,"other","Atlanta",1,NA,NA,NA,NA,NA,NA,NA,NA,NA,NA,NA,"IBD",1.4493797975206,3.081095
"SKST006_4_G102962","HallAB_2017","SKST006","stool","IBD","IBD","adult","USA","no","IlluminaMiSeq","29183332",12073898,1203906363,50,101,"Marisa_Metzger","UC",NA,NA,"SRR5651393",120,NA,NA,NA,NA,"other","Atlanta",4,NA,NA,NA,NA,NA,NA,NA,NA,NA,NA,NA,"IBD",1.51092947732361,3.125375
"SKST006_2_G102960","HallAB_2017","SKST006","stool","IBD","IBD","adult","USA","no","IlluminaMiSeq","29183332",13027960,1295022367,50,101,"Marisa_Metzger","UC",NA,NA,"SRR5651395",60,NA,NA,NA,NA,"other","Atlanta",2,NA,NA,NA,NA,NA,NA,NA,NA,NA,NA,NA,"IBD",0.978069665774403,1.204035
"SKST006_10_G102994","HallAB_2017","SKST006","stool","control","healthy","adult","USA","no","IlluminaMiSeq","29183332",7308752,728956828,50,101,"Marisa_Metzger",NA,NA,NA,"SRR5651397",300,NA,NA,NA,NA,"other","Atlanta",10,NA,NA,NA,NA,NA,NA,NA,NA,NA,NA,NA,"Healthy",0,0.531675
"SKST007_8_G102999","HallAB_2017","SKST007","stool","control","healthy","adult","USA","no","IlluminaMiSeq","29183332",24672328,2471538532,50,101,"Marisa_Metzger",NA,NA,NA,"SRR5651465",240,NA,NA,NA,NA,"other","Atlanta",8,NA,NA,NA,NA,NA,NA,NA,NA,NA,NA,NA,"Healthy",2.61423378091841,8.226785
"SKST007_2_G102967","HallAB_2017","SKST007","stool","control","healthy","adult","USA","no","IlluminaMiSeq","29183332",30849722,3090591843,50,101,"Marisa_Metzger",NA,NA,NA,"SRR5651472",60,NA,NA,NA,NA,"other","Atlanta",2,NA,NA,NA,NA,NA,NA,NA,NA,NA,NA,NA,"Healthy",2.50479648158314,8.477855
"SKST007_1_G102966","HallAB_2017","SKST007","stool","control","healthy","adult","USA","no","IlluminaMiSeq","29183332",31321434,3136203607,50,101,"Marisa_Metzger",NA,NA,NA,"SRR5651471",30,NA,NA,NA,NA,"other","Atlanta",1,NA,NA,NA,NA,NA,NA,NA,NA,NA,NA,NA,"Healthy",2.76660034320643,10.209375
"SKST007_6_G102995","HallAB_2017","SKST007","stool","control","healthy","adult","USA","no","IlluminaMiSeq","29183332",33397538,3348547001,50,101,"Marisa_Metzger",NA,NA,NA,"SRR5651467",180,NA,NA,NA,NA,"other","Atlanta",6,NA,NA,NA,NA,NA,NA,NA,NA,NA,NA,NA,"Healthy",2.6634173590426,11.238215
"SKST007_3_G102949","HallAB_2017","SKST007","stool","control","healthy","adult","USA","no","IlluminaMiSeq","29183332",35683932,3574561472,50,101,"Marisa_Metzger",NA,NA,NA,"SRR5651469",90,NA,NA,NA,NA,"other","Atlanta",3,NA,NA,NA,NA,NA,NA,NA,NA,NA,NA,NA,"Healthy",2.91036726293482,10.083575
"SKST007_7_G103016","HallAB_2017","SKST007","stool","control","healthy","adult","USA","no","IlluminaMiSeq","29183332",39784786,3982927506,50,101,"Marisa_Metzger",NA,NA,NA,"SRR5651468",210,NA,NA,NA,NA,"other","Atlanta",7,NA,NA,NA,NA,NA,NA,NA,NA,NA,NA,NA,"Healthy",2.81357779357556,10.099755
"SKST007_4_G102948","HallAB_2017","SKST007","stool","control","healthy","adult","USA","no","IlluminaMiSeq","29183332",45183508,4529145321,50,101,"Marisa_Metzger",NA,NA,NA,"SRR5651470",120,NA,NA,NA,NA,"other","Atlanta",4,NA,NA,NA,NA,NA,NA,NA,NA,NA,NA,NA,"Healthy",2.66260778606685,9.988285
"SKST010_6_G103004","HallAB_2017","SKST010","stool","control","healthy","adult","USA","no","IlluminaMiSeq","29183332",8318322,833359162,50,101,"Marisa_Metzger",NA,NA,NA,"SRR5651426",180,NA,NA,NA,NA,"other","Atlanta",6,NA,NA,NA,NA,NA,NA,NA,NA,NA,NA,NA,"Healthy",2.33946577116548,8.07638499999999
"SKST010_3_G102970","HallAB_2017","SKST010","stool","control","healthy","adult","USA","no","IlluminaMiSeq","29183332",9548806,955334283,50,101,"Marisa_Metzger",NA,NA,NA,"SRR5651464",90,NA,NA,NA,NA,"other","Atlanta",3,NA,NA,NA,NA,NA,NA,NA,NA,NA,NA,NA,"Healthy",3.33751247169532,11.733505
"SKST010_4_G102956","HallAB_2017","SKST010","stool","control","healthy","adult","USA","no","IlluminaMiSeq","29183332",15757472,1579018344,50,101,"Marisa_Metzger",NA,NA,NA,"SRR5651428",120,NA,NA,NA,NA,"other","Atlanta",4,NA,NA,NA,NA,NA,NA,NA,NA,NA,NA,NA,"Healthy",2.81449981059924,11.256195
"SKST010_7_G103003","HallAB_2017","SKST010","stool","control","healthy","adult","USA","no","IlluminaMiSeq","29183332",26384618,2643156346,50,101,"Marisa_Metzger",NA,NA,NA,"SRR5651425",210,NA,NA,NA,NA,"other","Atlanta",7,NA,NA,NA,NA,NA,NA,NA,NA,NA,NA,NA,"Healthy",2.71260751914182,12.173625
"SKST010_2_G102969","HallAB_2017","SKST010","stool","control","healthy","adult","USA","no","IlluminaMiSeq","29183332",28795094,2886140786,50,101,"Marisa_Metzger",NA,NA,NA,"SRR5651463",60,NA,NA,NA,NA,"other","Atlanta",2,NA,NA,NA,NA,NA,NA,NA,NA,NA,NA,NA,"Healthy",2.53098447516957,10.942885
"SKST010_1_G102968","HallAB_2017","SKST010","stool","control","healthy","adult","USA","no","IlluminaMiSeq","29183332",29414048,2945332394,50,101,"Marisa_Metzger",NA,NA,NA,"SRR5651466",30,NA,NA,NA,NA,"other","Atlanta",1,NA,NA,NA,NA,NA,NA,NA,NA,NA,NA,NA,"Healthy",3.48651564649482,12.869425
"SKST010_5_G102990","HallAB_2017","SKST010","stool","control","healthy","adult","USA","no","IlluminaMiSeq","29183332",30370118,3043746444,50,101,"Marisa_Metzger",NA,NA,NA,"SRR5651427",150,NA,NA,NA,NA,"other","Atlanta",5,NA,NA,NA,NA,NA,NA,NA,NA,NA,NA,NA,"Healthy",2.76262251963295,11.516615
"SKST010_8_G102998","HallAB_2017","SKST010","stool","control","healthy","adult","USA","no","IlluminaMiSeq","29183332",35773120,3581287287,50,101,"Marisa_Metzger",NA,NA,NA,"SRR5651424",240,NA,NA,NA,NA,"other","Atlanta",8,NA,NA,NA,NA,NA,NA,NA,NA,NA,NA,NA,"Healthy",2.62289579320233,12.506575
"SKST011_7_G103017","HallAB_2017","SKST011","stool","control","healthy","adult","USA","no","IlluminaMiSeq","29183332",17276988,1728614996,50,101,"Marisa_Metzger",NA,NA,NA,"SRR5651442",210,NA,NA,NA,NA,"other","Atlanta",7,NA,NA,NA,NA,NA,NA,NA,NA,NA,NA,NA,"Healthy",2.60730378901053,10.010095
"SKST011_8_G103000","HallAB_2017","SKST011","stool","control","healthy","adult","USA","no","IlluminaMiSeq","29183332",18138272,1812513446,50,101,"Marisa_Metzger",NA,NA,NA,"SRR5651443",240,NA,NA,NA,NA,"other","Atlanta",8,NA,NA,NA,NA,NA,NA,NA,NA,NA,NA,NA,"Healthy",2.54532119844978,9.820735
"SKST011_3_G102973","HallAB_2017","SKST011","stool","control","healthy","adult","USA","no","IlluminaMiSeq","29183332",25591224,2564668531,50,101,"Marisa_Metzger",NA,NA,NA,"SRR5651421",90,NA,NA,NA,NA,"other","Atlanta",3,NA,NA,NA,NA,NA,NA,NA,NA,NA,NA,NA,"Healthy",2.76584418588018,10.303485
"SKST011_4_G102952","HallAB_2017","SKST011","stool","control","healthy","adult","USA","no","IlluminaMiSeq","29183332",26306100,2635439825,50,101,"Marisa_Metzger",NA,NA,NA,"SRR5651430",120,NA,NA,NA,NA,"other","Atlanta",4,NA,NA,NA,NA,NA,NA,NA,NA,NA,NA,NA,"Healthy",2.71274150546538,10.215485
"SKST011_5_G102993","HallAB_2017","SKST011","stool","control","healthy","adult","USA","no","IlluminaMiSeq","29183332",31163812,3119706989,50,101,"Marisa_Metzger",NA,NA,NA,"SRR5651429",150,NA,NA,NA,NA,"other","Atlanta",5,NA,NA,NA,NA,NA,NA,NA,NA,NA,NA,NA,"Healthy",2.72834775229214,11.552955
"SKST011_1_G102971","HallAB_2017","SKST011","stool","control","healthy","adult","USA","no","IlluminaMiSeq","29183332",33341438,3338815499,50,101,"Marisa_Metzger",NA,NA,NA,"SRR5651423",30,NA,NA,NA,NA,"other","Atlanta",1,NA,NA,NA,NA,NA,NA,NA,NA,NA,NA,NA,"Healthy",2.7763425283684,11.619195
"SKST011_2_G102972","HallAB_2017","SKST011","stool","control","healthy","adult","USA","no","IlluminaMiSeq","29183332",35890852,3588516009,50,101,"Marisa_Metzger",NA,NA,NA,"SRR5651422",60,NA,NA,NA,NA,"other","Atlanta",2,NA,NA,NA,NA,NA,NA,NA,NA,NA,NA,NA,"Healthy",2.73653862081139,10.821665
"SKST011_6_G103002","HallAB_2017","SKST011","stool","control","healthy","adult","USA","no","IlluminaMiSeq","29183332",37488188,3755564194,50,101,"Marisa_Metzger",NA,NA,NA,"SRR5651441",180,NA,NA,NA,NA,"other","Atlanta",6,NA,NA,NA,NA,NA,NA,NA,NA,NA,NA,NA,"Healthy",2.78488997219997,11.034875
"SKST012_2_G102975","HallAB_2017","SKST012","stool","control","healthy","adult","USA","no","IlluminaMiSeq","29183332",21598976,2163084548,50,101,"Marisa_Metzger",NA,NA,NA,"SRR5651445",60,NA,NA,NA,NA,"other","Atlanta",2,NA,NA,NA,NA,NA,NA,NA,NA,NA,NA,NA,"Healthy",3.24195403147624,13.098205
"SKST012_3_G102950","HallAB_2017","SKST012","stool","control","healthy","adult","USA","no","IlluminaMiSeq","29183332",21880380,2192845566,50,101,"Marisa_Metzger",NA,NA,NA,"SRR5651446",90,NA,NA,NA,NA,"other","Atlanta",3,NA,NA,NA,NA,NA,NA,NA,NA,NA,NA,NA,"Healthy",2.87803320316395,11.509995
"SKST012_6_G102997","HallAB_2017","SKST012","stool","control","healthy","adult","USA","no","IlluminaMiSeq","29183332",22510594,2256435809,50,101,"Marisa_Metzger",NA,NA,NA,"SRR5651449",180,NA,NA,NA,NA,"other","Atlanta",6,NA,NA,NA,NA,NA,NA,NA,NA,NA,NA,NA,"Healthy",3.01241683497392,11.840025
"SKST012_5_G102992","HallAB_2017","SKST012","stool","control","healthy","adult","USA","no","IlluminaMiSeq","29183332",28317352,2837832533,50,101,"Marisa_Metzger",NA,NA,NA,"SRR5651448",150,NA,NA,NA,NA,"other","Atlanta",5,NA,NA,NA,NA,NA,NA,NA,NA,NA,NA,NA,"Healthy",2.72905735242569,10.305435
"SKST012_1_G102974","HallAB_2017","SKST012","stool","control","healthy","adult","USA","no","IlluminaMiSeq","29183332",36851916,3689461566,50,101,"Marisa_Metzger",NA,NA,NA,"SRR5651444",30,NA,NA,NA,NA,"other","Atlanta",1,NA,NA,NA,NA,NA,NA,NA,NA,NA,NA,NA,"Healthy",3.17117220900912,12.760895
"SKST012_4_G102954","HallAB_2017","SKST012","stool","control","healthy","adult","USA","no","IlluminaMiSeq","29183332",48239336,4830684685,50,101,"Marisa_Metzger",NA,NA,NA,"SRR5651447",120,NA,NA,NA,NA,"other","Atlanta",4,NA,NA,NA,NA,NA,NA,NA,NA,NA,NA,NA,"Healthy",3.22889067477078,13.275025
"SKST014_4_G102979","HallAB_2017","SKST014","stool","IBD","IBD","adult","USA","no","IlluminaMiSeq","29183332",3298912,328822398,50,101,"Marisa_Metzger","UC",NA,NA,"SRR5651414",120,NA,NA,NA,NA,"other","Atlanta",4,NA,NA,NA,NA,NA,NA,NA,NA,NA,NA,NA,"IBD",2.14508679727013,3.503675
"SKST014_3_G102978","HallAB_2017","SKST014","stool","IBD","IBD","adult","USA","no","IlluminaMiSeq","29183332",9866070,982731964,50,101,"Marisa_Metzger","UC",NA,NA,"SRR5651411",90,NA,NA,NA,NA,"other","Atlanta",3,NA,NA,NA,NA,NA,NA,NA,NA,NA,NA,NA,"IBD",1.69549938467417,4.434355
"SKST014_7_G102940","HallAB_2017","SKST014","stool","IBD","IBD","adult","USA","no","IlluminaMiSeq","29183332",9931246,991177759,50,101,"Marisa_Metzger","UC",NA,NA,"SRR5651415",210,NA,NA,NA,NA,"other","Atlanta",7,NA,NA,NA,NA,NA,NA,NA,NA,NA,NA,NA,"IBD",2.45685249548998,7.726215
"SKST014_1_G102976","HallAB_2017","SKST014","stool","IBD","IBD","adult","USA","no","IlluminaMiSeq","29183332",13873918,1373734456,50,101,"Marisa_Metzger","UC",NA,NA,"SRR5651450",30,NA,NA,NA,NA,"other","Atlanta",1,NA,NA,NA,NA,NA,NA,NA,NA,NA,NA,NA,"IBD",0.68423602107294,0.639675
"SKST014_6_G102951","HallAB_2017","SKST014","stool","IBD","IBD","adult","USA","no","IlluminaMiSeq","29183332",14332680,1431092263,50,101,"Marisa_Metzger","UC",NA,NA,"SRR5651416",180,NA,NA,NA,NA,"other","Atlanta",6,NA,NA,NA,NA,NA,NA,NA,NA,NA,NA,NA,"IBD",2.48720001841115,6.472675
"SKST014_2_G102977","HallAB_2017","SKST014","stool","IBD","IBD","adult","USA","no","IlluminaMiSeq","29183332",24705316,2471405095,50,101,"Marisa_Metzger","UC",NA,NA,"SRR5651412",60,NA,NA,NA,NA,"other","Atlanta",2,NA,NA,NA,NA,NA,NA,NA,NA,NA,NA,NA,"IBD",1.81198031626445,6.684775
"SKST014_5_G102980","HallAB_2017","SKST014","stool","IBD","IBD","adult","USA","no","IlluminaMiSeq","29183332",24745142,2478608995,50,101,"Marisa_Metzger","UC",NA,NA,"SRR5651413",150,NA,NA,NA,NA,"other","Atlanta",5,NA,NA,NA,NA,NA,NA,NA,NA,NA,NA,NA,"IBD",2.53185126687931,9.016985
"SKST023_4_G102937","HallAB_2017","SKST023","stool","control","healthy","adult","USA","no","IlluminaMiSeq","29183332",10417336,1039970096,50,101,"Marisa_Metzger",NA,NA,NA,"SRR5651419",120,NA,NA,NA,NA,"other","Atlanta",4,NA,NA,NA,NA,NA,NA,NA,NA,NA,NA,NA,"Healthy",2.81693611229728,9.070325
"SKST023_6_G103009","HallAB_2017","SKST023","stool","control","healthy","adult","USA","no","IlluminaMiSeq","29183332",10883450,1088047950,50,101,"Marisa_Metzger",NA,NA,NA,"SRR5651434",180,NA,NA,NA,NA,"other","Atlanta",6,NA,NA,NA,NA,NA,NA,NA,NA,NA,NA,NA,"Healthy",2.88124008554381,9.460475
"SKST023_7_G103015","HallAB_2017","SKST023","stool","control","healthy","adult","USA","no","IlluminaMiSeq","29183332",15697234,1570590744,50,101,"Marisa_Metzger",NA,NA,NA,"SRR5651431",210,NA,NA,NA,NA,"other","Atlanta",7,NA,NA,NA,NA,NA,NA,NA,NA,NA,NA,NA,"Healthy",3.03391660967819,10.306155
"SKST023_5_G103007","HallAB_2017","SKST023","stool","control","healthy","adult","USA","no","IlluminaMiSeq","29183332",19247682,1929987702,50,101,"Marisa_Metzger",NA,NA,NA,"SRR5651433",150,NA,NA,NA,NA,"other","Atlanta",5,NA,NA,NA,NA,NA,NA,NA,NA,NA,NA,NA,"Healthy",1.6690424050791,5.659725
"SKST023_3_G102941","HallAB_2017","SKST023","stool","control","healthy","adult","USA","no","IlluminaMiSeq","29183332",24416288,2443393696,50,101,"Marisa_Metzger",NA,NA,NA,"SRR5651420",90,NA,NA,NA,NA,"other","Atlanta",3,NA,NA,NA,NA,NA,NA,NA,NA,NA,NA,NA,"Healthy",2.70293325473448,9.721885
"SKST023_1_G102981","HallAB_2017","SKST023","stool","control","healthy","adult","USA","no","IlluminaMiSeq","29183332",32427586,3250099270,50,101,"Marisa_Metzger",NA,NA,NA,"SRR5651418",30,NA,NA,NA,NA,"other","Atlanta",1,NA,NA,NA,NA,NA,NA,NA,NA,NA,NA,NA,"Healthy",2.02836660061146,8.688165
"SKST023_2_G102987","HallAB_2017","SKST023","stool","control","healthy","adult","USA","no","IlluminaMiSeq","29183332",33789206,3385424670,50,101,"Marisa_Metzger",NA,NA,NA,"SRR5651417",60,NA,NA,NA,NA,"other","Atlanta",2,NA,NA,NA,NA,NA,NA,NA,NA,NA,NA,NA,"Healthy",1.80267357355726,5.659135
"SKST024_5_G103001","HallAB_2017","SKST024","stool","control","healthy","adult","USA","no","IlluminaMiSeq","29183332",5727016,573921965,50,101,"Marisa_Metzger",NA,NA,NA,"SRR5651436",150,NA,NA,NA,NA,"other","Atlanta",5,NA,NA,NA,NA,NA,NA,NA,NA,NA,NA,NA,"Healthy",1.90563920342127,4.468685
"SKST024_8_G103031","HallAB_2017","SKST024","stool","control","healthy","adult","USA","no","IlluminaMiSeq","29183332",8244636,823698988,50,101,"Marisa_Metzger",NA,NA,NA,"SRR5651478",240,NA,NA,NA,NA,"other","Atlanta",8,NA,NA,NA,NA,NA,NA,NA,NA,NA,NA,NA,"Healthy",2.27923411470722,7.844645
"SKST024_2_G102953","HallAB_2017","SKST024","stool","control","healthy","adult","USA","no","IlluminaMiSeq","29183332",13796082,1377860997,50,101,"Marisa_Metzger",NA,NA,NA,"SRR5651437",60,NA,NA,NA,NA,"other","Atlanta",2,NA,NA,NA,NA,NA,NA,NA,NA,NA,NA,NA,"Healthy",2.14382144678574,8.219745
"SKST024_1_G102982","HallAB_2017","SKST024","stool","control","healthy","adult","USA","no","IlluminaMiSeq","29183332",13860192,1388781535,50,101,"Marisa_Metzger",NA,NA,NA,"SRR5651432",30,NA,NA,NA,NA,"other","Atlanta",1,NA,NA,NA,NA,NA,NA,NA,NA,NA,NA,NA,"Healthy",2.13389813244926,6.642385
"SKST024_7_G103022","HallAB_2017","SKST024","stool","control","healthy","adult","USA","no","IlluminaMiSeq","29183332",20828622,2085323458,50,101,"Marisa_Metzger",NA,NA,NA,"SRR5651440",210,NA,NA,NA,NA,"other","Atlanta",7,NA,NA,NA,NA,NA,NA,NA,NA,NA,NA,NA,"Healthy",2.26426488661393,8.311475
"SKST024_6_G103012","HallAB_2017","SKST024","stool","control","healthy","adult","USA","no","IlluminaMiSeq","29183332",25927882,2589859584,50,101,"Marisa_Metzger",NA,NA,NA,"SRR5651439",180,NA,NA,NA,NA,"other","Atlanta",6,NA,NA,NA,NA,NA,NA,NA,NA,NA,NA,NA,"Healthy",2.64367849627716,9.522215
"SKST024_4_G102938","HallAB_2017","SKST024","stool","control","healthy","adult","USA","no","IlluminaMiSeq","29183332",27548712,2756183703,50,101,"Marisa_Metzger",NA,NA,NA,"SRR5651435",120,NA,NA,NA,NA,"other","Atlanta",4,NA,NA,NA,NA,NA,NA,NA,NA,NA,NA,NA,"Healthy",2.83754532432259,10.464975
"SKST024_3_G102944","HallAB_2017","SKST024","stool","control","healthy","adult","USA","no","IlluminaMiSeq","29183332",35713926,3576255106,50,101,"Marisa_Metzger",NA,NA,NA,"SRR5651438",90,NA,NA,NA,NA,"other","Atlanta",3,NA,NA,NA,NA,NA,NA,NA,NA,NA,NA,NA,"Healthy",2.87072205197671,9.369335
"SKST025_6_G103010","HallAB_2017","SKST025","stool","IBD","IBD","adult","USA","no","IlluminaMiSeq","29183332",524452,52424690,50,101,"Marisa_Metzger","UC",NA,NA,"SRR5651479",180,NA,NA,NA,NA,"other","Atlanta",6,NA,NA,NA,NA,NA,NA,NA,NA,NA,NA,NA,"IBD",1.57809396087433,3.321085
"SKST025_4_G102939","HallAB_2017","SKST025","stool","IBD","IBD","adult","USA","no","IlluminaMiSeq","29183332",12406748,1242356204,50,101,"Marisa_Metzger","UC",NA,NA,"SRR5651481",120,NA,NA,NA,NA,"other","Atlanta",4,NA,NA,NA,NA,NA,NA,NA,NA,NA,NA,NA,"IBD",1.87661434103989,6.388625
"SKST025_5_G103006","HallAB_2017","SKST025","stool","IBD","IBD","adult","USA","no","IlluminaMiSeq","29183332",18093010,1808844628,50,101,"Marisa_Metzger","UC",NA,NA,"SRR5651480",150,NA,NA,NA,NA,"other","Atlanta",5,NA,NA,NA,NA,NA,NA,NA,NA,NA,NA,NA,"IBD",2.01093526837562,7.26259499999999
"SKST025_1_G102983","HallAB_2017","SKST025","stool","IBD","IBD","adult","USA","no","IlluminaMiSeq","29183332",18346088,1835371478,50,101,"Marisa_Metzger","UC",NA,NA,"SRR5651476",30,NA,NA,NA,NA,"other","Atlanta",1,NA,NA,NA,NA,NA,NA,NA,NA,NA,NA,NA,"IBD",2.757083823157,8.327285
"SKST025_9_G103021","HallAB_2017","SKST025","stool","IBD","IBD","adult","USA","no","IlluminaMiSeq","29183332",20147592,2018606010,50,101,"Marisa_Metzger","UC",NA,NA,"SRR5651474",270,NA,NA,NA,NA,"other","Atlanta",9,NA,NA,NA,NA,NA,NA,NA,NA,NA,NA,NA,"IBD",1.55245438031784,5.479505
"SKST025_3_G102942","HallAB_2017","SKST025","stool","IBD","IBD","adult","USA","no","IlluminaMiSeq","29183332",29599830,2959858511,50,101,"Marisa_Metzger","UC",NA,NA,"SRR5651482",90,NA,NA,NA,NA,"other","Atlanta",3,NA,NA,NA,NA,NA,NA,NA,NA,NA,NA,NA,"IBD",2.4021175480889,9.965835
"SKST025_2_G102986","HallAB_2017","SKST025","stool","IBD","IBD","adult","USA","no","IlluminaMiSeq","29183332",36898460,3694744912,50,101,"Marisa_Metzger","UC",NA,NA,"SRR5651475",60,NA,NA,NA,NA,"other","Atlanta",2,NA,NA,NA,NA,NA,NA,NA,NA,NA,NA,NA,"IBD",2.66879206201587,6.726855
"SKST027_12_G103011","HallAB_2017","SKST027","stool","IBD","IBD","adult","USA","no","IlluminaMiSeq","29183332",1222818,122303649,50,101,"Marisa_Metzger","UC",NA,NA,"SRR5651406",360,NA,NA,NA,NA,"other","Atlanta",12,NA,NA,NA,NA,NA,NA,NA,NA,NA,NA,NA,"IBD",2.25310266318272,3.804185
"SKST027_10_G102936","HallAB_2017","SKST027","stool","IBD","IBD","adult","USA","no","IlluminaMiSeq","29183332",3589150,356887418,50,101,"Marisa_Metzger","UC",NA,NA,"SRR5651473",300,NA,NA,NA,NA,"other","Atlanta",10,NA,NA,NA,NA,NA,NA,NA,NA,NA,NA,NA,"IBD",1.79769770126865,3.361645
"SKST027_1_G102984","HallAB_2017","SKST027","stool","IBD","IBD","adult","USA","no","IlluminaMiSeq","29183332",4015630,400560238,50,101,"Marisa_Metzger","UC",NA,NA,"SRR5651407",30,NA,NA,NA,NA,"other","Atlanta",1,NA,NA,NA,NA,NA,NA,NA,NA,NA,NA,NA,"IBD",1.19957202679885,3.124405
"SKST027_6_G102955","HallAB_2017","SKST027","stool","IBD","IBD","adult","USA","no","IlluminaMiSeq","29183332",4254486,424219013,50,101,"Marisa_Metzger","UC",NA,NA,"SRR5651403",180,NA,NA,NA,NA,"other","Atlanta",6,NA,NA,NA,NA,NA,NA,NA,NA,NA,NA,NA,"IBD",1.02005581263578,1.552015
"SKST027_9_G102947","HallAB_2017","SKST027","stool","IBD","IBD","adult","USA","no","IlluminaMiSeq","29183332",8689194,869046253,50,101,"Marisa_Metzger","UC",NA,NA,"SRR5651404",270,NA,NA,NA,NA,"other","Atlanta",9,NA,NA,NA,NA,NA,NA,NA,NA,NA,NA,NA,"IBD",2.41510543200943,5.935545
"SKST027_11_G102996","HallAB_2017","SKST027","stool","IBD","IBD","adult","USA","no","IlluminaMiSeq","29183332",8768360,878228414,50,101,"Marisa_Metzger","UC",NA,NA,"SRR5651405",330,NA,NA,NA,NA,"other","Atlanta",11,NA,NA,NA,NA,NA,NA,NA,NA,NA,NA,NA,"IBD",2.01833151184712,7.68069499999999
"SKST027_2_G102985","HallAB_2017","SKST027","stool","IBD","IBD","adult","USA","no","IlluminaMiSeq","29183332",10655448,1059916944,50,101,"Marisa_Metzger","UC",NA,NA,"SRR5651408",60,NA,NA,NA,NA,"other","Atlanta",2,NA,NA,NA,NA,NA,NA,NA,NA,NA,NA,NA,"IBD",2.10385389571247,4.017195
"SKST027_4_G102958","HallAB_2017","SKST027","stool","IBD","IBD","adult","USA","no","IlluminaMiSeq","29183332",15313816,1528997316,50,101,"Marisa_Metzger","UC",NA,NA,"SRR5651402",120,NA,NA,NA,NA,"other","Atlanta",4,NA,NA,NA,NA,NA,NA,NA,NA,NA,NA,NA,"IBD",2.74375263358456,7.813805
"SKST027_3_G102945","HallAB_2017","SKST027","stool","IBD","IBD","adult","USA","no","IlluminaMiSeq","29183332",15845322,1579006310,50,101,"Marisa_Metzger","UC",NA,NA,"SRR5651401",90,NA,NA,NA,NA,"other","Atlanta",3,NA,NA,NA,NA,NA,NA,NA,NA,NA,NA,NA,"IBD",2.63178250995735,7.005985
"SKST032_1_G102943","HallAB_2017","SKST032","stool","IBD","IBD","adult","USA","no","IlluminaMiSeq","29183332",14705932,1468219836,50,101,"Marisa_Metzger","UC",NA,NA,"SRR5651409",30,NA,NA,NA,NA,"other","Atlanta",1,NA,NA,NA,NA,NA,NA,NA,NA,NA,NA,NA,"IBD",2.37770297690722,5.255585
"SKST032_3_G102989","HallAB_2017","SKST032","stool","IBD","IBD","adult","USA","no","IlluminaMiSeq","29183332",24837324,2483184378,50,101,"Marisa_Metzger","UC",NA,NA,"SRR5651456",90,NA,NA,NA,NA,"other","Atlanta",3,NA,NA,NA,NA,NA,NA,NA,NA,NA,NA,NA,"IBD",2.7578160118166,7.812755
"SKST032_5_G103024","HallAB_2017","SKST032","stool","IBD","IBD","adult","USA","no","IlluminaMiSeq","29183332",31857932,3191985731,50,101,"Marisa_Metzger","UC",NA,NA,"SRR5651458",150,NA,NA,NA,NA,"other","Atlanta",5,NA,NA,NA,NA,NA,NA,NA,NA,NA,NA,NA,"IBD",2.39578571100008,7.224755
"SKST032_4_G103008","HallAB_2017","SKST032","stool","IBD","IBD","adult","USA","no","IlluminaMiSeq","29183332",42473122,4258378697,50,101,"Marisa_Metzger","UC",NA,NA,"SRR5651455",120,NA,NA,NA,NA,"other","Atlanta",4,NA,NA,NA,NA,NA,NA,NA,NA,NA,NA,NA,"IBD",2.32280939262271,8.369955
"SKST032_2_G102946","HallAB_2017","SKST032","stool","IBD","IBD","adult","USA","no","IlluminaMiSeq","29183332",53668992,5378730700,50,101,"Marisa_Metzger","UC",NA,NA,"SRR5651410",60,NA,NA,NA,NA,"other","Atlanta",2,NA,NA,NA,NA,NA,NA,NA,NA,NA,NA,NA,"IBD",2.41341665440403,8.205595
"SKST036_2_G103020","HallAB_2017","SKST036","stool","control","healthy","adult","USA","no","IlluminaMiSeq","29183332",1279750,127791821,50,101,"Marisa_Metzger",NA,NA,NA,"SRR5651452",60,NA,NA,NA,NA,"other","Atlanta",2,NA,NA,NA,NA,NA,NA,NA,NA,NA,NA,NA,"Healthy",2.48664840670588,4.433325
"SKST036_1_G103013","HallAB_2017","SKST036","stool","control","healthy","adult","USA","no","IlluminaMiSeq","29183332",15740004,1575841078,50,101,"Marisa_Metzger",NA,NA,NA,"SRR5651457",30,NA,NA,NA,NA,"other","Atlanta",1,NA,NA,NA,NA,NA,NA,NA,NA,NA,NA,NA,"Healthy",2.49291871083808,8.999165
"SKST036_3_G103025","HallAB_2017","SKST036","stool","control","healthy","adult","USA","no","IlluminaMiSeq","29183332",29309570,2934300706,50,101,"Marisa_Metzger",NA,NA,NA,"SRR5651451",90,NA,NA,NA,NA,"other","Atlanta",3,NA,NA,NA,NA,NA,NA,NA,NA,NA,NA,NA,"Healthy",2.71840052219788,10.337185
"SKST037_3_G103026","HallAB_2017","SKST037","stool","control","healthy","adult","USA","no","IlluminaMiSeq","29183332",221392,22094593,60,101,"Marisa_Metzger",NA,NA,NA,"SRR5651460",90,NA,NA,NA,NA,"other","Atlanta",3,NA,NA,NA,NA,NA,NA,NA,NA,NA,NA,NA,"Healthy",1.25271364445902,1.561315
"SKST037_2_G103023","HallAB_2017","SKST037","stool","control","healthy","adult","USA","no","IlluminaMiSeq","29183332",29565332,2962809737,50,101,"Marisa_Metzger",NA,NA,NA,"SRR5651453",60,NA,NA,NA,NA,"other","Atlanta",2,NA,NA,NA,NA,NA,NA,NA,NA,NA,NA,NA,"Healthy",2.16991496807949,10.60051
"SKST041_1_G103005","HallAB_2017","SKST041","stool","control","healthy","adult","USA","no","IlluminaMiSeq","29183332",12769366,1277445271,50,101,"Marisa_Metzger",NA,NA,NA,"SRR5651459",30,NA,NA,NA,NA,"other","Atlanta",1,NA,NA,NA,NA,NA,NA,NA,NA,NA,NA,NA,"Healthy",2.87363157184643,6.600495
"SKST041_2_G103027","HallAB_2017","SKST041","stool","control","healthy","adult","USA","no","IlluminaMiSeq","29183332",37792970,3788227997,50,101,"Marisa_Metzger",NA,NA,NA,"SRR5651461",60,NA,NA,NA,NA,"other","Atlanta",2,NA,NA,NA,NA,NA,NA,NA,NA,NA,NA,NA,"Healthy",2.01520021928629,8.526335
"SKST041_3_G103028","HallAB_2017","SKST041","stool","control","healthy","adult","USA","no","IlluminaMiSeq","29183332",38610932,3869584514,50,101,"Marisa_Metzger",NA,NA,NA,"SRR5651462",90,NA,NA,NA,NA,"other","Atlanta",3,NA,NA,NA,NA,NA,NA,NA,NA,NA,NA,NA,"Healthy",2.23794020345476,9.235065
"p8582_mo9","HallAB_2017","p8582","stool","IBD","IBD","adult","USA","no","IlluminaMiSeq","29183332",8946276,878600877,50,101,"Marisa_Metzger","CD",NA,NA,"SRR5650112",270,NA,52.322,NA,NA,"Qiagen","Boston",9,0,NA,NA,NA,NA,NA,NA,NA,NA,NA,NA,"IBD",3.23664595254852,9.389495
"p8582_mo3","HallAB_2017","p8582","stool","IBD","IBD","adult","USA","no","IlluminaMiSeq","29183332",15206554,1515649985,63,101,"Marisa_Metzger","CD",NA,NA,"SRR5650188",90,NA,49,NA,NA,"Qiagen","Boston",3,3,NA,NA,NA,NA,NA,NA,NA,NA,NA,NA,"IBD",3.23160013673975,11.089845
"p8582_mo6","HallAB_2017","p8582","stool","IBD","IBD","adult","USA","no","IlluminaMiSeq","29183332",15798474,1575874446,63,101,"Marisa_Metzger","CD",NA,NA,"SRR5650044",180,NA,33,NA,NA,"Qiagen","Boston",6,2,NA,NA,NA,NA,NA,NA,NA,NA,NA,NA,"IBD",3.25607527883442,11.490425
"p8582_mo7","HallAB_2017","p8582","stool","IBD","IBD","adult","USA","no","IlluminaMiSeq","29183332",17190736,1713037850,63,101,"Marisa_Metzger","CD",NA,NA,"SRR5650043",210,NA,26.28439,NA,NA,"Qiagen","Boston",7,1,NA,NA,NA,NA,NA,NA,NA,NA,NA,NA,"IBD",3.266972881365,10.559825
"p8582_mo4","HallAB_2017","p8582","stool","IBD","IBD","adult","USA","no","IlluminaMiSeq","29183332",17489810,1746316854,63,101,"Marisa_Metzger","CD",NA,NA,"SRR5650187",120,NA,22,NA,NA,"Qiagen","Boston",4,1,NA,NA,NA,NA,NA,NA,NA,NA,NA,NA,"IBD",2.80029672703186,9.543245
"p8582_mo5","HallAB_2017","p8582","stool","IBD","IBD","adult","USA","no","IlluminaMiSeq","29183332",17718166,1767666154,63,101,"Marisa_Metzger","CD",NA,NA,"SRR5650042",150,NA,40,NA,NA,"Qiagen","Boston",5,1,NA,NA,NA,NA,NA,NA,NA,NA,NA,NA,"IBD",3.23381273980402,11.137125
"p8582_mo2","HallAB_2017","p8582","stool","IBD","IBD","adult","USA","no","IlluminaMiSeq","29183332",18231988,1816617641,63,101,"Marisa_Metzger","CD",NA,NA,"SRR5650189",60,NA,33,NA,NA,"Qiagen","Boston",2,3,NA,NA,NA,NA,NA,NA,NA,NA,NA,NA,"IBD",3.25424744162912,10.334545
"p8582_mo1","HallAB_2017","p8582","stool","IBD","IBD","adult","USA","no","IlluminaMiSeq","29183332",19899922,1986386907,63,101,"Marisa_Metzger","CD",NA,NA,"SRR5650134",30,NA,69.02708,NA,NA,"Qiagen","Boston",1,4,NA,NA,NA,NA,NA,NA,NA,NA,NA,NA,"IBD",3.20955767901661,9.860955
"p8582_mo12","HallAB_2017","p8582","stool","IBD","IBD","adult","USA","no","IlluminaMiSeq","29183332",32504638,3192533424,54,101,"Marisa_Metzger","CD",NA,NA,"SRR5650190",360,NA,131.7301,NA,NA,"Qiagen","Boston",12,1,NA,NA,NA,NA,NA,NA,NA,NA,NA,NA,"IBD",2.99172387838372,11.569815
"p8582_mo8","HallAB_2017","p8582","stool","IBD","IBD","adult","USA","no","IlluminaMiSeq","29183332",43338684,4254230041,54,101,"Marisa_Metzger","CD",NA,NA,"SRR5650113",240,NA,26.29514,NA,NA,"Qiagen","Boston",8,0,NA,NA,NA,NA,NA,NA,NA,NA,NA,NA,"IBD",3.31989380256255,12.644235
"p8582_mo10","HallAB_2017","p8582","stool","IBD","IBD","adult","USA","no","IlluminaMiSeq","29183332",108363978,10650811797,50,101,"Marisa_Metzger","CD",NA,NA,"SRR5650133",300,NA,23.429,NA,NA,"Qiagen","Boston",10,NA,NA,NA,NA,NA,NA,NA,NA,NA,NA,NA,"IBD",3.23231643037326,14.190815
"p8582_mo11","HallAB_2017","p8582","stool","IBD","IBD","adult","USA","no","IlluminaMiSeq","29183332",119519042,11766443190,50,101,"Marisa_Metzger","CD",NA,NA,"SRR5650132",330,NA,36.542,NA,NA,"Qiagen","Boston",11,0,NA,NA,NA,NA,NA,NA,NA,NA,NA,NA,"IBD",3.14762924485947,13.860685
"p8585_mo2","HallAB_2017","p8585","stool","IBD","IBD","adult","USA","no","IlluminaMiSeq","29183332",13636436,1359839891,63,101,"Marisa_Metzger","CD",NA,NA,"SRR5650114",60,NA,1086,NA,NA,"Qiagen","Boston",2,0,NA,NA,NA,NA,NA,NA,NA,NA,NA,NA,"IBD",2.80770018608645,9.623725
"p8585_mo3","HallAB_2017","p8585","stool","IBD","IBD","adult","USA","no","IlluminaMiSeq","29183332",14758928,1473188407,63,101,"Marisa_Metzger","CD",NA,NA,"SRR5650109",90,NA,1068,NA,NA,"Qiagen","Boston",3,1,NA,NA,NA,NA,NA,NA,NA,NA,NA,NA,"IBD",2.65140224556719,9.495385
"p8585_mo6","HallAB_2017","p8585","stool","IBD","IBD","adult","USA","no","IlluminaMiSeq","29183332",16759728,1673798539,63,101,"Marisa_Metzger","CD",NA,NA,"SRR5650111",180,NA,441.19,NA,NA,"Qiagen","Boston",6,NA,NA,NA,NA,NA,NA,NA,NA,NA,NA,NA,"IBD",2.79447895331898,12.213675
"p8585_mo4","HallAB_2017","p8585","stool","IBD","IBD","adult","USA","no","IlluminaMiSeq","29183332",17202856,1717628552,63,101,"Marisa_Metzger","CD",NA,NA,"SRR5650108",120,NA,737,NA,NA,"Qiagen","Boston",4,1,NA,NA,NA,NA,NA,NA,NA,NA,NA,NA,"IBD",2.96012362742018,11.458525
"p8585_mo8","HallAB_2017","p8585","stool","IBD","IBD","adult","USA","no","IlluminaMiSeq","29183332",40219880,3961221292,50,101,"Marisa_Metzger","CD",NA,NA,"SRR5650107",240,NA,271.05,NA,NA,"Qiagen","Boston",8,2,NA,NA,NA,NA,NA,NA,NA,NA,NA,NA,"IBD",2.46066575883417,12.390535
"p8585_mo9","HallAB_2017","p8585","stool","IBD","IBD","adult","USA","no","IlluminaMiSeq","29183332",46365942,4600515029,50,101,"Marisa_Metzger","CD",NA,NA,"SRR5650106",270,NA,16.546,NA,NA,"Qiagen","Boston",9,NA,NA,NA,NA,NA,NA,NA,NA,NA,NA,NA,"IBD",3.04718685260374,14.357355
"p8585_mo1","HallAB_2017","p8585","stool","IBD","IBD","adult","USA","no","IlluminaMiSeq","29183332",47118382,4567635647,54,101,"Marisa_Metzger","CD",NA,NA,"SRR5650115",30,NA,213.4963,NA,NA,"Qiagen","Boston",1,0,NA,NA,NA,NA,NA,NA,NA,NA,NA,NA,"IBD",2.61510206743408,11.090465
"p8585_mo7","HallAB_2017","p8585","stool","IBD","IBD","adult","USA","no","IlluminaMiSeq","29183332",111587640,10994522469,50,101,"Marisa_Metzger","CD",NA,NA,"SRR5650110",210,NA,596.72,NA,NA,"Qiagen","Boston",7,NA,NA,NA,NA,NA,NA,NA,NA,NA,NA,NA,"IBD",2.70512608931775,15.641545
"p8600_mo4","HallAB_2017","p8600","stool","IBD","IBD","adult","USA","no","IlluminaMiSeq","29183332",16468096,1644603428,63,101,"Marisa_Metzger","UC",NA,NA,"SRR5650082",120,NA,19,NA,NA,"Qiagen","Boston",4,NA,NA,NA,NA,NA,NA,NA,NA,NA,NA,NA,"IBD",2.40612315006992,9.345665
"p8600_mo3","HallAB_2017","p8600","stool","IBD","IBD","adult","USA","no","IlluminaMiSeq","29183332",16839892,1682659597,63,101,"Marisa_Metzger","UC",NA,NA,"SRR5650081",90,NA,88,NA,NA,"Qiagen","Boston",3,NA,NA,NA,NA,NA,NA,NA,NA,NA,NA,NA,"IBD",2.84893206353663,9.561005
"p8600_mo6","HallAB_2017","p8600","stool","IBD","IBD","adult","USA","no","IlluminaMiSeq","29183332",17354316,1729694895,63,101,"Marisa_Metzger","UC",NA,NA,"SRR5650084",180,NA,28.743,NA,NA,"Qiagen","Boston",6,NA,0,NA,NA,NA,NA,NA,NA,NA,NA,NA,"IBD",3.06497428343821,10.216295
"p8600_mo5","HallAB_2017","p8600","stool","IBD","IBD","adult","USA","no","IlluminaMiSeq","29183332",17652094,1761067871,63,101,"Marisa_Metzger","UC",NA,NA,"SRR5650083",150,NA,30,NA,NA,"Qiagen","Boston",5,NA,0,NA,NA,NA,NA,NA,NA,NA,NA,NA,"IBD",2.83987648122089,9.305515
"p8600_mo1","HallAB_2017","p8600","stool","IBD","IBD","adult","USA","no","IlluminaMiSeq","29183332",18426822,1842986760,63,101,"Marisa_Metzger","UC",NA,NA,"SRR5650076",30,NA,25,NA,NA,"Qiagen","Boston",1,NA,NA,NA,NA,NA,NA,NA,NA,NA,NA,NA,"IBD",2.32356085189142,8.654225
"p8600_mo12","HallAB_2017","p8600","stool","IBD","IBD","adult","USA","no","IlluminaMiSeq","29183332",37104818,3632294925,54,101,"Marisa_Metzger","UC",NA,NA,"SRR5650079",360,NA,57.18498,NA,NA,"Qiagen","Boston",12,NA,0,NA,NA,NA,NA,NA,NA,NA,NA,NA,"IBD",2.45463533515025,10.352115
"p8600_mo7","HallAB_2017","p8600","stool","IBD","IBD","adult","USA","no","IlluminaMiSeq","29183332",41011432,4024112515,54,101,"Marisa_Metzger","UC",NA,NA,"SRR5650085",210,NA,22.182,NA,NA,"Qiagen","Boston",7,NA,0,NA,NA,NA,NA,NA,NA,NA,NA,NA,"IBD",2.3202814999421,10.635575
"p8600_mo11","HallAB_2017","p8600","stool","IBD","IBD","adult","USA","no","IlluminaMiSeq","29183332",41763066,4103239463,54,101,"Marisa_Metzger","UC",NA,NA,"SRR5650078",330,NA,41.69086,NA,NA,"Qiagen","Boston",11,NA,0,NA,NA,NA,NA,NA,NA,NA,NA,NA,"IBD",2.40287197830682,10.210335
"p8600_mo10","HallAB_2017","p8600","stool","IBD","IBD","adult","USA","no","IlluminaMiSeq","29183332",42838038,4212021181,50,101,"Marisa_Metzger","UC",NA,NA,"SRR5650077",300,NA,55.657,NA,NA,"Qiagen","Boston",10,NA,NA,NA,NA,NA,NA,NA,NA,NA,NA,NA,"IBD",2.46886204080615,10.886865
"p8600_mo2","HallAB_2017","p8600","stool","IBD","IBD","adult","USA","no","IlluminaMiSeq","29183332",43026742,4236932263,54,101,"Marisa_Metzger","UC",NA,NA,"SRR5650080",60,NA,66,NA,NA,"Qiagen","Boston",2,NA,NA,NA,NA,NA,NA,NA,NA,NA,NA,NA,"IBD",2.78011238850157,9.441825
"p8600_mo9","HallAB_2017","p8600","stool","IBD","IBD","adult","USA","no","IlluminaMiSeq","29183332",96566006,9515267834,50,101,"Marisa_Metzger","UC",NA,NA,"SRR5650061",270,NA,18.561,NA,NA,"Qiagen","Boston",9,NA,1,NA,NA,NA,NA,NA,NA,NA,NA,NA,"IBD",2.66374832117848,14.348315
"p8600_mo8","HallAB_2017","p8600","stool","IBD","IBD","adult","USA","no","IlluminaMiSeq","29183332",106166204,10382211900,50,101,"Marisa_Metzger","UC",NA,NA,"SRR5650062",240,NA,25.705,NA,NA,"Qiagen","Boston",8,NA,0,NA,NA,NA,NA,NA,NA,NA,NA,NA,"IBD",2.45270081056117,13.548795
"p8646_mo1","HallAB_2017","p8646","stool","IBD","IBD","adult","USA","no","IlluminaMiSeq","29183332",17198616,1718106431,63,101,"Marisa_Metzger","UC",NA,NA,"SRR5650060",30,NA,25,NA,NA,"Qiagen","Boston",1,NA,NA,NA,NA,NA,NA,NA,NA,NA,NA,NA,"IBD",2.44774749964071,8.592515
"p8646_mo3","HallAB_2017","p8646","stool","IBD","IBD","adult","USA","no","IlluminaMiSeq","29183332",19415372,1937406386,63,101,"Marisa_Metzger","UC",NA,NA,"SRR5650055",90,NA,93,NA,NA,"Qiagen","Boston",3,NA,2,NA,NA,NA,NA,NA,NA,NA,NA,NA,"IBD",2.81358604071136,10.867745
"p8646_mo2","HallAB_2017","p8646","stool","IBD","IBD","adult","USA","no","IlluminaMiSeq","29183332",20251554,2019568569,63,101,"Marisa_Metzger","UC",NA,NA,"SRR5650056",60,NA,102,NA,NA,"Qiagen","Boston",2,NA,2,NA,NA,NA,NA,NA,NA,NA,NA,NA,"IBD",2.59142988495186,9.158555
"p8646_mo4","HallAB_2017","p8646","stool","IBD","IBD","adult","USA","no","IlluminaMiSeq","29183332",20357584,2031037059,63,101,"Marisa_Metzger","UC",NA,NA,"SRR5650064",120,NA,172.55,NA,NA,"Qiagen","Boston",4,NA,1,NA,NA,NA,NA,NA,NA,NA,NA,NA,"IBD",3.24618082366584,13.811575
"p8646_mo12","HallAB_2017","p8646","stool","IBD","IBD","adult","USA","no","IlluminaMiSeq","29183332",34562218,3404915902,54,101,"Marisa_Metzger","UC",NA,NA,"SRR5650057",360,NA,327.166,NA,NA,"Qiagen","Boston",12,NA,2,NA,NA,NA,NA,NA,NA,NA,NA,NA,"IBD",3.19684375996533,10.154725
"p8646_mo10","HallAB_2017","p8646","stool","IBD","IBD","adult","USA","no","IlluminaMiSeq","29183332",37496970,3685738087,54,101,"Marisa_Metzger","UC",NA,NA,"SRR5650059",300,NA,283.7161,NA,NA,"Qiagen","Boston",10,NA,2,NA,NA,NA,NA,NA,NA,NA,NA,NA,"IBD",3.19041928809056,9.769395
"p8646_mo9","HallAB_2017","p8646","stool","IBD","IBD","adult","USA","no","IlluminaMiSeq","29183332",38751836,3805908648,54,101,"Marisa_Metzger","UC",NA,NA,"SRR5650033",270,NA,87.76245,NA,NA,"Qiagen","Boston",9,NA,2,NA,NA,NA,NA,NA,NA,NA,NA,NA,"IBD",3.10669668981235,10.569395
"p8646_mo11","HallAB_2017","p8646","stool","IBD","IBD","adult","USA","no","IlluminaMiSeq","29183332",39182144,3855711151,54,101,"Marisa_Metzger","UC",NA,NA,"SRR5650058",330,NA,188.628,NA,NA,"Qiagen","Boston",11,NA,2,NA,NA,NA,NA,NA,NA,NA,NA,NA,"IBD",3.19061481138436,9.778465
"p8646_mo8","HallAB_2017","p8646","stool","IBD","IBD","adult","USA","no","IlluminaMiSeq","29183332",47010222,4625783746,50,101,"Marisa_Metzger","UC",NA,NA,"SRR5650032",240,NA,78.562,NA,NA,"Qiagen","Boston",8,NA,2,NA,NA,NA,NA,NA,NA,NA,NA,NA,"IBD",3.27370503992021,11.833325
"p8646_mo7","HallAB_2017","p8646","stool","IBD","IBD","adult","USA","no","IlluminaMiSeq","29183332",111949894,10988958061,50,101,"Marisa_Metzger","UC",NA,NA,"SRR5650035",210,NA,188.628,NA,NA,"Qiagen","Boston",7,NA,2,NA,NA,NA,NA,NA,NA,NA,NA,NA,"IBD",2.98614650168445,12.704045
"p8646_mo5","HallAB_2017","p8646","stool","IBD","IBD","adult","USA","no","IlluminaMiSeq","29183332",118326242,11645652799,50,101,"Marisa_Metzger","UC",NA,NA,"SRR5650063",150,NA,76.717,NA,NA,"Qiagen","Boston",5,NA,NA,NA,NA,NA,NA,NA,NA,NA,NA,NA,"IBD",3.31957723571183,13.881865
"p8646_mo6","HallAB_2017","p8646","stool","IBD","IBD","adult","USA","no","IlluminaMiSeq","29183332",118988250,11567664942,50,101,"Marisa_Metzger","UC",NA,NA,"SRR5650034",180,NA,467.14,NA,NA,"Qiagen","Boston",6,NA,5,NA,NA,NA,NA,NA,NA,NA,NA,NA,"IBD",2.88083603309934,11.961865
"p8649_mo5","HallAB_2017","p8649","stool","IBD","IBD","adult","USA","no","IlluminaMiSeq","29183332",9064634,901693237,63,101,"Marisa_Metzger","CD",NA,NA,"SRR5650177",150,NA,463.82,NA,NA,"Qiagen","Boston",5,1,NA,NA,NA,NA,NA,NA,NA,NA,NA,NA,"IBD",1.56485832794044,5.691175
"p8649_mo11","HallAB_2017","p8649","stool","IBD","IBD","adult","USA","no","IlluminaMiSeq","29183332",24538426,2411565242,54,101,"Marisa_Metzger","CD",NA,NA,"SRR5650036",330,NA,266.4148,NA,NA,"Qiagen","Boston",11,0,NA,NA,NA,NA,NA,NA,NA,NA,NA,NA,"IBD",2.12062273526069,9.340205
"p8649_mo10","HallAB_2017","p8649","stool","IBD","IBD","adult","USA","no","IlluminaMiSeq","29183332",34225100,3358315261,54,101,"Marisa_Metzger","CD",NA,NA,"SRR5650039",300,NA,238.8871,NA,NA,"Qiagen","Boston",10,1,NA,NA,NA,NA,NA,NA,NA,NA,NA,NA,"IBD",3.19470485184431,14.090985
"p8649_mo9","HallAB_2017","p8649","stool","IBD","IBD","adult","USA","no","IlluminaMiSeq","29183332",35018914,3420501735,54,101,"Marisa_Metzger","CD",NA,NA,"SRR5650181",270,NA,378.97,NA,NA,"Qiagen","Boston",9,0,NA,NA,NA,NA,NA,NA,NA,NA,NA,NA,"IBD",3.20454810165427,12.634845
"p8649_mo12","HallAB_2017","p8649","stool","IBD","IBD","adult","USA","no","IlluminaMiSeq","29183332",39182280,3843570423,54,101,"Marisa_Metzger","CD",NA,NA,"SRR5650037",360,NA,302.0094,NA,NA,"Qiagen","Boston",12,0,NA,NA,NA,NA,NA,NA,NA,NA,NA,NA,"IBD",2.7318593314122,12.914225
"p8649_mo8","HallAB_2017","p8649","stool","IBD","IBD","adult","USA","no","IlluminaMiSeq","29183332",62917202,6186340887,50,101,"Marisa_Metzger","CD",NA,NA,"SRR5650182",240,NA,272.99,NA,NA,"Qiagen","Boston",8,1,NA,NA,NA,NA,NA,NA,NA,NA,NA,NA,"IBD",3.10143346717151,14.580215
"p8649_mo4","HallAB_2017","p8649","stool","IBD","IBD","adult","USA","no","IlluminaMiSeq","29183332",102300978,10110344335,50,101,"Marisa_Metzger","CD",NA,NA,"SRR5650178",120,NA,462.72,NA,NA,"Qiagen","Boston",4,1,NA,NA,NA,NA,NA,NA,NA,NA,NA,NA,"IBD",3.04955014038657,13.377985
"p8649_mo7","HallAB_2017","p8649","stool","IBD","IBD","adult","USA","no","IlluminaMiSeq","29183332",106251630,10454588457,50,101,"Marisa_Metzger","CD",NA,NA,"SRR5650179",210,NA,340.53,NA,NA,"Qiagen","Boston",7,NA,NA,NA,NA,NA,NA,NA,NA,NA,NA,NA,"IBD",2.64343283274456,14.436325
"p8649_mo2","HallAB_2017","p8649","stool","IBD","IBD","adult","USA","no","IlluminaMiSeq","29183332",118276174,11671588256,50,101,"Marisa_Metzger","CD",NA,NA,"SRR5650040",60,NA,163,NA,NA,"Qiagen","Boston",2,1,NA,NA,NA,NA,NA,NA,NA,NA,NA,NA,"IBD",3.17466738552942,14.356485
"p8649_mo3","HallAB_2017","p8649","stool","IBD","IBD","adult","USA","no","IlluminaMiSeq","29183332",120281418,11867775099,50,101,"Marisa_Metzger","CD",NA,NA,"SRR5650041",90,NA,437,NA,NA,"Qiagen","Boston",3,0,NA,NA,NA,NA,NA,NA,NA,NA,NA,NA,"IBD",2.90861717236401,13.761765
"p8649_mo1","HallAB_2017","p8649","stool","IBD","IBD","adult","USA","no","IlluminaMiSeq","29183332",124010576,12277736150,50,101,"Marisa_Metzger","CD",NA,NA,"SRR5650038",30,NA,1322,NA,NA,"Qiagen","Boston",1,11,NA,NA,NA,NA,NA,NA,NA,NA,NA,NA,"IBD",3.32791018279099,12.934155
"p8649_mo6","HallAB_2017","p8649","stool","IBD","IBD","adult","USA","no","IlluminaMiSeq","29183332",125695006,12377707589,50,101,"Marisa_Metzger","CD",NA,NA,"SRR5650180",180,NA,269.76,NA,NA,"Qiagen","Boston",6,1,NA,NA,NA,NA,NA,NA,NA,NA,NA,NA,"IBD",2.98511520286631,13.253855
"p8712_mo11","HallAB_2017","p8712","stool","IBD","IBD","adult","USA","no","IlluminaMiSeq","29183332",15860894,1571396908,50,101,"Marisa_Metzger","UC",NA,NA,"SRR5650186",330,NA,11.20533,NA,NA,"Qiagen","Boston",11,NA,2,NA,NA,NA,NA,NA,NA,NA,NA,NA,"IBD",2.92285448922288,9.451465
"p8712_mo12","HallAB_2017","p8712","stool","IBD","IBD","adult","USA","no","IlluminaMiSeq","29183332",29454758,2928661752,50,101,"Marisa_Metzger","UC",NA,NA,"SRR5650185",360,NA,164.1592,NA,NA,"Qiagen","Boston",12,NA,2,NA,NA,NA,NA,NA,NA,NA,NA,NA,"IBD",3.05898294520602,9.919595
"p8712_mo10","HallAB_2017","p8712","stool","IBD","IBD","adult","USA","no","IlluminaMiSeq","29183332",29928888,2981382092,50,101,"Marisa_Metzger","UC",NA,NA,"SRR5650183",300,NA,142.1399,NA,NA,"Qiagen","Boston",10,NA,0,NA,NA,NA,NA,NA,NA,NA,NA,NA,"IBD",3.11029776737836,11.212455
"p8712_mo6","HallAB_2017","p8712","stool","IBD","IBD","adult","USA","no","IlluminaMiSeq","29183332",32216418,3136288098,54,101,"Marisa_Metzger","UC",NA,NA,"SRR5650157",180,NA,268.9461,NA,NA,"Qiagen","Boston",6,NA,7,NA,NA,NA,NA,NA,NA,NA,NA,NA,"IBD",2.70193944812437,10.714835
"p8712_mo9","HallAB_2017","p8712","stool","IBD","IBD","adult","USA","no","IlluminaMiSeq","29183332",36693514,3565056676,54,101,"Marisa_Metzger","UC",NA,NA,"SRR5650160",270,NA,27.78147,NA,NA,"Qiagen","Boston",9,NA,1,NA,NA,NA,NA,NA,NA,NA,NA,NA,"IBD",2.82352036123083,11.163745
"p8712_mo5","HallAB_2017","p8712","stool","IBD","IBD","adult","USA","no","IlluminaMiSeq","29183332",38546744,3780120901,54,101,"Marisa_Metzger","UC",NA,NA,"SRR5650164",150,NA,114.1,NA,NA,"Qiagen","Boston",5,NA,NA,NA,NA,NA,NA,NA,NA,NA,NA,NA,"IBD",2.58788970639872,7.314775
"p8712_mo1","HallAB_2017","p8712","stool","IBD","IBD","adult","USA","no","IlluminaMiSeq","29183332",38728762,3800705889,54,101,"Marisa_Metzger","UC",NA,NA,"SRR5650184",30,NA,57.678,NA,NA,"Qiagen","Boston",1,NA,NA,NA,NA,NA,NA,NA,NA,NA,NA,NA,"IBD",3.2773695097313,14.504415
"p8712_mo8","HallAB_2017","p8712","stool","IBD","IBD","adult","USA","no","IlluminaMiSeq","29183332",40116142,3931634644,54,101,"Marisa_Metzger","UC",NA,NA,"SRR5650159",240,NA,190.5567,NA,NA,"Qiagen","Boston",8,NA,5,NA,NA,NA,NA,NA,NA,NA,NA,NA,"IBD",3.113077427893,11.218615
"p8712_mo7","HallAB_2017","p8712","stool","IBD","IBD","adult","USA","no","IlluminaMiSeq","29183332",45897854,4518739178,54,101,"Marisa_Metzger","UC",NA,NA,"SRR5650158",210,NA,222.0344,NA,NA,"Qiagen","Boston",7,NA,5,NA,NA,NA,NA,NA,NA,NA,NA,NA,"IBD",2.86575785419207,10.473955
"p8712_mo2","HallAB_2017","p8712","stool","IBD","IBD","adult","USA","no","IlluminaMiSeq","29183332",103976626,10245954651,50,101,"Marisa_Metzger","UC",NA,NA,"SRR5650161",60,NA,39.244,NA,NA,"Qiagen","Boston",2,NA,3,NA,NA,NA,NA,NA,NA,NA,NA,NA,"IBD",2.9025975976966,13.416725
"p8712_mo3","HallAB_2017","p8712","stool","IBD","IBD","adult","USA","no","IlluminaMiSeq","29183332",113888924,11182617559,50,101,"Marisa_Metzger","UC",NA,NA,"SRR5650162",90,NA,138.33,NA,NA,"Qiagen","Boston",3,NA,NA,NA,NA,NA,NA,NA,NA,NA,NA,NA,"IBD",2.69446704993028,10.507585
"p8712_mo4","HallAB_2017","p8712","stool","IBD","IBD","adult","USA","no","IlluminaMiSeq","29183332",127737328,12571566480,50,101,"Marisa_Metzger","UC",NA,NA,"SRR5650163",120,NA,176.28,NA,NA,"Qiagen","Boston",4,NA,0,NA,NA,NA,NA,NA,NA,NA,NA,NA,"IBD",3.18919205769862,12.736605
"p8748_mo11","HallAB_2017","p8748","stool","IBD","IBD","adult","USA","no","IlluminaMiSeq","29183332",6625834,656332568,50,101,"Marisa_Metzger","CD",NA,NA,"SRR5650166",330,NA,38.94441,NA,NA,"Qiagen","Boston",11,1,NA,NA,NA,NA,NA,NA,NA,NA,NA,NA,"IBD",3.05939444205745,9.814045
"p8748_mo9","HallAB_2017","p8748","stool","IBD","IBD","adult","USA","no","IlluminaMiSeq","29183332",19637810,1943672134,50,101,"Marisa_Metzger","CD",NA,NA,"SRR5650144",270,NA,8.044389,NA,NA,"Qiagen","Boston",9,0,NA,NA,NA,NA,NA,NA,NA,NA,NA,NA,"IBD",3.15953654825372,10.881835
"p8748_mo8","HallAB_2017","p8748","stool","IBD","IBD","adult","USA","no","IlluminaMiSeq","29183332",29196962,2913017079,50,101,"Marisa_Metzger","CD",NA,NA,"SRR5650145",240,NA,8.498529,NA,NA,"Qiagen","Boston",8,0,NA,NA,NA,NA,NA,NA,NA,NA,NA,NA,"IBD",2.94933150502606,11.700805
"p8748_mo10","HallAB_2017","p8748","stool","IBD","IBD","adult","USA","no","IlluminaMiSeq","29183332",29871652,2967311886,50,101,"Marisa_Metzger","CD",NA,NA,"SRR5650165",300,NA,8.256693,NA,NA,"Qiagen","Boston",10,0,NA,NA,NA,NA,NA,NA,NA,NA,NA,NA,"IBD",3.13828248686112,11.446415
"p8748_mo7","HallAB_2017","p8748","stool","IBD","IBD","adult","USA","no","IlluminaMiSeq","29183332",29933750,2987313073,50,101,"Marisa_Metzger","CD",NA,NA,"SRR5650146",210,NA,35.9348,NA,NA,"Qiagen","Boston",7,1,NA,NA,NA,NA,NA,NA,NA,NA,NA,NA,"IBD",2.90985386452418,10.986025
"p8748_mo12","HallAB_2017","p8748","stool","IBD","IBD","adult","USA","no","IlluminaMiSeq","29183332",34368046,3406878769,50,101,"Marisa_Metzger","CD",NA,NA,"SRR5650142",360,NA,4.508561,NA,NA,"Qiagen","Boston",12,0,NA,NA,NA,NA,NA,NA,NA,NA,NA,NA,"IBD",3.1614250611671,11.784785
"p8748_mo6","HallAB_2017","p8748","stool","IBD","IBD","adult","USA","no","IlluminaMiSeq","29183332",34742692,3462677566,50,101,"Marisa_Metzger","CD",NA,NA,"SRR5650139",180,NA,5.672762,NA,NA,"Qiagen","Boston",6,0,NA,NA,NA,NA,NA,NA,NA,NA,NA,NA,"IBD",3.0799537598823,9.992405
"p8748_mo5","HallAB_2017","p8748","stool","IBD","IBD","adult","USA","no","IlluminaMiSeq","29183332",47426868,4656691604,50,101,"Marisa_Metzger","CD",NA,NA,"SRR5650140",150,NA,7.611717,NA,NA,"Qiagen","Boston",5,0,NA,NA,NA,NA,NA,NA,NA,NA,NA,NA,"IBD",3.14004004779606,13.260615
"p8748_mo4","HallAB_2017","p8748","stool","IBD","IBD","adult","USA","no","IlluminaMiSeq","29183332",52691978,5231233838,50,101,"Marisa_Metzger","CD",NA,NA,"SRR5650141",120,NA,7.082242,NA,NA,"Qiagen","Boston",4,0,NA,NA,NA,NA,NA,NA,NA,NA,NA,NA,"IBD",2.72683806065385,12.575545
"p8775_mo11","HallAB_2017","p8775","stool","IBD","IBD","adult","USA","no","IlluminaMiSeq","29183332",19976408,1979937979,50,101,"Marisa_Metzger","CD",NA,NA,"SRR5650137",330,NA,58.16085,NA,NA,"Qiagen","Boston",11,2,NA,NA,NA,NA,NA,NA,NA,NA,NA,NA,"IBD",2.9130219200955,9.520605
"p8775_mo10","HallAB_2017","p8775","stool","IBD","IBD","adult","USA","no","IlluminaMiSeq","29183332",29637256,2907541884,50,101,"Marisa_Metzger","CD",NA,NA,"SRR5650138",300,NA,92.23927,NA,NA,"Qiagen","Boston",10,2,NA,NA,NA,NA,NA,NA,NA,NA,NA,NA,"IBD",3.17502004794018,12.244145
"p8775_mo9","HallAB_2017","p8775","stool","IBD","IBD","adult","USA","no","IlluminaMiSeq","29183332",34303592,3422225077,50,101,"Marisa_Metzger","CD",NA,NA,"SRR5650094",270,NA,36.40512,NA,NA,"Qiagen","Boston",9,1,NA,NA,NA,NA,NA,NA,NA,NA,NA,NA,"IBD",2.59455043678804,10.835905
"p8775_mo5","HallAB_2017","p8775","stool","IBD","IBD","adult","USA","no","IlluminaMiSeq","29183332",34599892,3390945765,54,101,"Marisa_Metzger","CD",NA,NA,"SRR5650088",150,NA,29.31427,NA,NA,"Qiagen","Boston",5,3,NA,NA,NA,NA,NA,NA,NA,NA,NA,NA,"IBD",3.0265914292575,12.865995
"p8775_mo4","HallAB_2017","p8775","stool","IBD","IBD","adult","USA","no","IlluminaMiSeq","29183332",37991682,3728810238,50,101,"Marisa_Metzger","CD",NA,NA,"SRR5650091",120,NA,18.48407,NA,NA,"Qiagen","Boston",4,3,NA,NA,NA,NA,NA,NA,NA,NA,NA,NA,"IBD",3.08284893578543,13.114865
"p8775_mo3","HallAB_2017","p8775","stool","IBD","IBD","adult","USA","no","IlluminaMiSeq","29183332",40250330,3948559941,54,101,"Marisa_Metzger","CD",NA,NA,"SRR5650090",90,NA,29.295,NA,NA,"Qiagen","Boston",3,4,NA,NA,NA,NA,NA,NA,NA,NA,NA,NA,"IBD",3.06308411949997,12.960805
"p8775_mo6","HallAB_2017","p8775","stool","IBD","IBD","adult","USA","no","IlluminaMiSeq","29183332",40953308,4026230987,54,101,"Marisa_Metzger","CD",NA,NA,"SRR5650089",180,NA,13.88455,NA,NA,"Qiagen","Boston",6,1,NA,NA,NA,NA,NA,NA,NA,NA,NA,NA,"IBD",3.22380487017624,13.281615
"p8775_mo7","HallAB_2017","p8775","stool","IBD","IBD","adult","USA","no","IlluminaMiSeq","29183332",42851276,4220193144,54,101,"Marisa_Metzger","CD",NA,NA,"SRR5650086",210,NA,29.81886,NA,NA,"Qiagen","Boston",7,2,NA,NA,NA,NA,NA,NA,NA,NA,NA,NA,"IBD",2.94944379829953,12.373785
"p8775_mo8","HallAB_2017","p8775","stool","IBD","IBD","adult","USA","no","IlluminaMiSeq","29183332",44274006,4347099950,54,101,"Marisa_Metzger","CD",NA,NA,"SRR5650087",240,NA,37.60738,NA,NA,"Qiagen","Boston",8,2,NA,NA,NA,NA,NA,NA,NA,NA,NA,NA,"IBD",3.24779864748512,12.576925
"p8775_mo12","HallAB_2017","p8775","stool","IBD","IBD","adult","USA","no","IlluminaMiSeq","29183332",45474356,4468246746,50,101,"Marisa_Metzger","CD",NA,NA,"SRR5650092",360,NA,25.88511,NA,NA,"Qiagen","Boston",12,2,NA,NA,NA,NA,NA,NA,NA,NA,NA,NA,"IBD",2.89996317827713,11.349485
"p8775_mo2","HallAB_2017","p8775","stool","IBD","IBD","adult","USA","no","IlluminaMiSeq","29183332",115067222,11326053931,50,101,"Marisa_Metzger","CD",NA,NA,"SRR5650093",60,NA,57.404,NA,NA,"Qiagen","Boston",2,3,NA,NA,NA,NA,NA,NA,NA,NA,NA,NA,"IBD",2.7883489568607,15.078445
"p8775_mo1","HallAB_2017","p8775","stool","IBD","IBD","adult","USA","no","IlluminaMiSeq","29183332",130374852,12780652342,50,101,"Marisa_Metzger","CD",NA,NA,"SRR5650143",30,NA,541.31,NA,NA,"Qiagen","Boston",1,NA,NA,NA,NA,NA,NA,NA,NA,NA,NA,NA,"IBD",3.00007546638878,14.472845
"p8808_mo10","HallAB_2017","p8808","stool","IBD","IBD","adult","USA","no","IlluminaMiSeq","29183332",2026214,198223313,50,101,"Marisa_Metzger","CD",NA,NA,"SRR5650095",300,NA,95.12998,NA,NA,"Qiagen","Boston",10,1,NA,NA,NA,NA,NA,NA,NA,NA,NA,NA,"IBD",2.74674070518908,6.235565
"p8808_mo6","HallAB_2017","p8808","stool","IBD","IBD","adult","USA","no","IlluminaMiSeq","29183332",6048058,593798003,50,101,"Marisa_Metzger","CD",NA,NA,"SRR5650066",180,NA,229.4985,NA,NA,"Qiagen","Boston",6,1,NA,NA,NA,NA,NA,NA,NA,NA,NA,NA,"IBD",2.78373784527389,5.936905
"p8808_mo9","HallAB_2017","p8808","stool","IBD","IBD","adult","USA","no","IlluminaMiSeq","29183332",10094950,992124167,50,101,"Marisa_Metzger","CD",NA,NA,"SRR5650067",270,NA,36.01283,NA,NA,"Qiagen","Boston",9,1,NA,NA,NA,NA,NA,NA,NA,NA,NA,NA,"IBD",2.61606931725439,7.200955
"p8808_mo5","HallAB_2017","p8808","stool","IBD","IBD","adult","USA","no","IlluminaMiSeq","29183332",17631256,1730186418,50,101,"Marisa_Metzger","CD",NA,NA,"SRR5650126",150,NA,63.86416,NA,NA,"Qiagen","Boston",5,4,NA,NA,NA,NA,NA,NA,NA,NA,NA,NA,"IBD",2.62510718965894,8.080165
"p8808_mo4","HallAB_2017","p8808","stool","IBD","IBD","adult","USA","no","IlluminaMiSeq","29183332",23215066,2280662104,50,101,"Marisa_Metzger","CD",NA,NA,"SRR5650072",120,NA,44.43848,NA,NA,"Qiagen","Boston",4,3,NA,NA,NA,NA,NA,NA,NA,NA,NA,NA,"IBD",2.43728122482106,8.687985
"p8808_mo12","HallAB_2017","p8808","stool","IBD","IBD","adult","USA","no","IlluminaMiSeq","29183332",27005552,2675192683,50,101,"Marisa_Metzger","CD",NA,NA,"SRR5650069",360,NA,16.30497,NA,NA,"Qiagen","Boston",12,5,NA,NA,NA,NA,NA,NA,NA,NA,NA,NA,"IBD",2.10718893052166,7.978365
"p8808_mo8","HallAB_2017","p8808","stool","IBD","IBD","adult","USA","no","IlluminaMiSeq","29183332",47659550,4686473362,50,101,"Marisa_Metzger","CD",NA,NA,"SRR5650068",240,NA,12.67518,NA,NA,"Qiagen","Boston",8,3,NA,NA,NA,NA,NA,NA,NA,NA,NA,NA,"IBD",2.72563380577805,9.539955
"p8808_mo7","HallAB_2017","p8808","stool","IBD","IBD","adult","USA","no","IlluminaMiSeq","29183332",56691360,5576087866,50,101,"Marisa_Metzger","CD",NA,NA,"SRR5650065",210,NA,129.5681,NA,NA,"Qiagen","Boston",7,0,NA,NA,NA,NA,NA,NA,NA,NA,NA,NA,"IBD",2.6768318757405,9.783225
"p8808_mo11","HallAB_2017","p8808","stool","IBD","IBD","adult","USA","no","IlluminaMiSeq","29183332",65730070,6456279598,50,101,"Marisa_Metzger","CD",NA,NA,"SRR5650070",330,NA,236.9778,NA,NA,"Qiagen","Boston",11,8,NA,NA,NA,NA,NA,NA,NA,NA,NA,NA,"IBD",1.97190549546767,7.659995
"p8816_mo9","HallAB_2017","p8816","stool","IBD","IBD","adult","USA","no","IlluminaMiSeq","29183332",26138200,2594506373,50,101,"Marisa_Metzger","CD",NA,NA,"SRR5650097",270,NA,10.19851,NA,NA,"Qiagen","Boston",9,1,NA,NA,NA,NA,NA,NA,NA,NA,NA,NA,"IBD",2.93453840316775,9.126245
"p8816_mo11","HallAB_2017","p8816","stool","IBD","IBD","adult","USA","no","IlluminaMiSeq","29183332",29411698,2932233442,50,101,"Marisa_Metzger","CD",NA,NA,"SRR5650102",330,NA,46.15817,NA,NA,"Qiagen","Boston",11,2,NA,NA,NA,NA,NA,NA,NA,NA,NA,NA,"IBD",3.02102547462036,8.421655
"p8816_mo8","HallAB_2017","p8816","stool","IBD","IBD","adult","USA","no","IlluminaMiSeq","29183332",35476288,3490310779,54,101,"Marisa_Metzger","CD",NA,NA,"SRR5650096",240,NA,35.59169,NA,NA,"Qiagen","Boston",8,1,NA,NA,NA,NA,NA,NA,NA,NA,NA,NA,"IBD",2.87928575383119,9.529565
"p8816_mo7","HallAB_2017","p8816","stool","IBD","IBD","adult","USA","no","IlluminaMiSeq","29183332",36190694,3558332550,54,101,"Marisa_Metzger","CD",NA,NA,"SRR5650101",210,NA,6.226483,NA,NA,"Qiagen","Boston",7,5,NA,NA,NA,NA,NA,NA,NA,NA,NA,NA,"IBD",2.91598963143898,10.513525
"p8816_mo4","HallAB_2017","p8816","stool","IBD","IBD","adult","USA","no","IlluminaMiSeq","29183332",36448302,3580735508,54,101,"Marisa_Metzger","CD",NA,NA,"SRR5650098",120,NA,53.08782,NA,NA,"Qiagen","Boston",4,3,NA,NA,NA,NA,NA,NA,NA,NA,NA,NA,"IBD",3.09430780288762,13.257205
"p8816_mo6","HallAB_2017","p8816","stool","IBD","IBD","adult","USA","no","IlluminaMiSeq","29183332",41520430,4074875776,54,101,"Marisa_Metzger","CD",NA,NA,"SRR5650100",180,NA,36.21383,NA,NA,"Qiagen","Boston",6,8,NA,NA,NA,NA,NA,NA,NA,NA,NA,NA,"IBD",2.90744900054623,10.362175
"p8816_mo3","HallAB_2017","p8816","stool","IBD","IBD","adult","USA","no","IlluminaMiSeq","29183332",41784052,4097171348,54,101,"Marisa_Metzger","CD",NA,NA,"SRR5650105",90,NA,21.53758,NA,NA,"Qiagen","Boston",3,NA,NA,NA,NA,NA,NA,NA,NA,NA,NA,NA,"IBD",3.2217715137252,13.567865
"p8816_mo5","HallAB_2017","p8816","stool","IBD","IBD","adult","USA","no","IlluminaMiSeq","29183332",45306042,4442411213,50,101,"Marisa_Metzger","CD",NA,NA,"SRR5650099",150,NA,107.854,NA,NA,"Qiagen","Boston",5,3,NA,NA,NA,NA,NA,NA,NA,NA,NA,NA,"IBD",2.9666696288003,11.582475
"p8816_mo12","HallAB_2017","p8816","stool","IBD","IBD","adult","USA","no","IlluminaMiSeq","29183332",63462432,6299899474,50,101,"Marisa_Metzger","CD",NA,NA,"SRR5650103",360,NA,53.13326,NA,NA,"Qiagen","Boston",12,4,NA,NA,NA,NA,NA,NA,NA,NA,NA,NA,"IBD",2.93271317855775,11.352785
"p8816_mo10","HallAB_2017","p8816","stool","IBD","IBD","adult","USA","no","IlluminaMiSeq","29183332",81743748,8119253669,50,101,"Marisa_Metzger","CD",NA,NA,"SRR5650073",300,NA,4.512866,NA,NA,"Qiagen","Boston",10,1,NA,NA,NA,NA,NA,NA,NA,NA,NA,NA,"IBD",2.88419816112209,9.346835
"p8816_mo2","HallAB_2017","p8816","stool","IBD","IBD","adult","USA","no","IlluminaMiSeq","29183332",89796326,8848618797,50,101,"Marisa_Metzger","CD",NA,NA,"SRR5650104",60,NA,19.326,NA,NA,"Qiagen","Boston",2,4,NA,NA,NA,NA,NA,NA,NA,NA,NA,NA,"IBD",2.76155715257775,14.235355
"p8816_mo1","HallAB_2017","p8816","stool","IBD","IBD","adult","USA","no","IlluminaMiSeq","29183332",97391286,9574312377,50,101,"Marisa_Metzger","CD",NA,NA,"SRR5650074",30,NA,102.5644,NA,NA,"Qiagen","Boston",1,4,NA,NA,NA,NA,NA,NA,NA,NA,NA,NA,"IBD",3.26029912078315,12.976615
"p8855_mo10","HallAB_2017","p8855","stool","IBD","IBD","adult","USA","no","IlluminaMiSeq","29183332",17282984,1712405995,50,101,"Marisa_Metzger","CD",NA,NA,"SRR5650121",300,NA,10.69241,NA,NA,"Qiagen","Boston",10,1,NA,NA,NA,NA,NA,NA,NA,NA,NA,NA,"IBD",2.01179714614324,7.417845
"p8855_mo8","HallAB_2017","p8855","stool","IBD","IBD","adult","USA","no","IlluminaMiSeq","29183332",19467202,1927019450,50,101,"Marisa_Metzger","CD",NA,NA,"SRR5650124",240,NA,111.5392,NA,NA,"Qiagen","Boston",8,0,NA,NA,NA,NA,NA,NA,NA,NA,NA,NA,"IBD",2.63501444062006,8.798575
"p8855_mo9","HallAB_2017","p8855","stool","IBD","IBD","adult","USA","no","IlluminaMiSeq","29183332",24802650,2434246957,50,101,"Marisa_Metzger","CD",NA,NA,"SRR5650123",270,NA,22.41812,NA,NA,"Qiagen","Boston",9,0,NA,NA,NA,NA,NA,NA,NA,NA,NA,NA,"IBD",2.41599934850675,8.197115
"p8855_mo3","HallAB_2017","p8855","stool","IBD","IBD","adult","USA","no","IlluminaMiSeq","29183332",36906934,3620999125,50,101,"Marisa_Metzger","CD",NA,NA,"SRR5650118",90,NA,320.1074,NA,NA,"Qiagen","Boston",3,6,NA,NA,NA,NA,NA,NA,NA,NA,NA,NA,"IBD",2.80980083370236,8.157095
"p8855_mo11","HallAB_2017","p8855","stool","IBD","IBD","adult","USA","no","IlluminaMiSeq","29183332",39525016,3888687662,50,101,"Marisa_Metzger","CD",NA,NA,"SRR5650120",330,NA,144.6745,NA,NA,"Qiagen","Boston",11,0,NA,NA,NA,NA,NA,NA,NA,NA,NA,NA,"IBD",2.52729538995174,8.684805
"p8855_mo4","HallAB_2017","p8855","stool","IBD","IBD","adult","USA","no","IlluminaMiSeq","29183332",41356952,4060831795,50,101,"Marisa_Metzger","CD",NA,NA,"SRR5650125",120,NA,248.0301,NA,NA,"Qiagen","Boston",4,3,NA,NA,NA,NA,NA,NA,NA,NA,NA,NA,"IBD",2.92139586069175,9.015845
"p8855_mo12","HallAB_2017","p8855","stool","IBD","IBD","adult","USA","no","IlluminaMiSeq","29183332",45785130,4502259635,50,101,"Marisa_Metzger","CD",NA,NA,"SRR5650119",360,NA,24.56768,NA,NA,"Qiagen","Boston",12,1,NA,NA,NA,NA,NA,NA,NA,NA,NA,NA,"IBD",2.59250965180768,9.428755
"p8883_mo4","HallAB_2017","p8883","stool","IBD","IBD","adult","USA","no","IlluminaMiSeq","29183332",6439428,632310649,50,101,"Marisa_Metzger","UC",NA,NA,"SRR5650131",120,NA,12.81397,NA,NA,"Qiagen","Boston",4,NA,2,NA,NA,NA,NA,NA,NA,NA,NA,NA,"IBD",2.8609448729422,8.041935
"p8883_mo10","HallAB_2017","p8883","stool","IBD","IBD","adult","USA","no","IlluminaMiSeq","29183332",14283096,1414621317,50,101,"Marisa_Metzger","UC",NA,NA,"SRR5650122",300,NA,172.5982,NA,NA,"Qiagen","Boston",10,NA,4,NA,NA,NA,NA,NA,NA,NA,NA,NA,"IBD",2.93058927836097,8.924315
"p8883_mo12","HallAB_2017","p8883","stool","IBD","IBD","adult","USA","no","IlluminaMiSeq","29183332",14495182,1437571767,50,101,"Marisa_Metzger","UC",NA,NA,"SRR5650116",360,NA,226.2,NA,NA,"Qiagen","Boston",12,NA,5,NA,NA,NA,NA,NA,NA,NA,NA,NA,"IBD",2.56877586514754,7.272285
"p8883_mo9","HallAB_2017","p8883","stool","IBD","IBD","adult","USA","no","IlluminaMiSeq","29183332",16480066,1633088849,50,101,"Marisa_Metzger","UC",NA,NA,"SRR5650127",270,NA,232.2546,NA,NA,"Qiagen","Boston",9,NA,3,NA,NA,NA,NA,NA,NA,NA,NA,NA,"IBD",2.68106582111751,8.867265
"p8883_mo8","HallAB_2017","p8883","stool","IBD","IBD","adult","USA","no","IlluminaMiSeq","29183332",21498658,2108533478,50,101,"Marisa_Metzger","UC",NA,NA,"SRR5650130",240,NA,297.4967,NA,NA,"Qiagen","Boston",8,NA,2,NA,NA,NA,NA,NA,NA,NA,NA,NA,"IBD",2.72155425453806,9.838755
"p8883_mo6","HallAB_2017","p8883","stool","IBD","IBD","adult","USA","no","IlluminaMiSeq","29183332",33334936,3320167296,50,101,"Marisa_Metzger","UC",NA,NA,"SRR5650021",180,NA,234.1497,NA,NA,"Qiagen","Boston",6,NA,3,NA,NA,NA,NA,NA,NA,NA,NA,NA,"IBD",2.77872949197955,9.536345
"p8883_mo11","HallAB_2017","p8883","stool","IBD","IBD","adult","USA","no","IlluminaMiSeq","29183332",33994888,3336589185,50,101,"Marisa_Metzger","UC",NA,NA,"SRR5650117",330,NA,185.5263,NA,NA,"Qiagen","Boston",11,NA,4,NA,NA,NA,NA,NA,NA,NA,NA,NA,"IBD",2.83598767224236,10.800635
"p8883_mo3","HallAB_2017","p8883","stool","IBD","IBD","adult","USA","no","IlluminaMiSeq","29183332",42846530,4214743051,50,101,"Marisa_Metzger","UC",NA,NA,"SRR5650075",90,NA,19.89626,NA,NA,"Qiagen","Boston",3,NA,NA,NA,NA,NA,NA,NA,NA,NA,NA,NA,"IBD",2.78631513268834,9.989965
"p8883_mo2","HallAB_2017","p8883","stool","IBD","IBD","adult","USA","no","IlluminaMiSeq","29183332",45829310,4502308058,50,101,"Marisa_Metzger","UC",NA,NA,"SRR5650071",60,NA,0.236875,NA,NA,"Qiagen","Boston",2,NA,NA,NA,NA,NA,NA,NA,NA,NA,NA,NA,"IBD",2.94490881831176,10.411085
"p8883_mo7","HallAB_2017","p8883","stool","IBD","IBD","adult","USA","no","IlluminaMiSeq","29183332",53153950,5222519132,50,101,"Marisa_Metzger","UC",NA,NA,"SRR5650129",210,NA,136.8974,NA,NA,"Qiagen","Boston",7,NA,4,NA,NA,NA,NA,NA,NA,NA,NA,NA,"IBD",2.82489445164443,10.650845
"p9061_mo6","HallAB_2017","p9061","stool","IBD","IBD","adult","USA","no","IlluminaMiSeq","29183332",11997866,1188110129,50,101,"Marisa_Metzger","UC",NA,NA,"SRR5650154",180,NA,29.8,NA,NA,"Qiagen","Boston",6,NA,0,NA,NA,NA,NA,NA,NA,NA,NA,NA,"IBD",1.68518490447489,6.947035
"p9061_mo2","HallAB_2017","p9061","stool","IBD","IBD","adult","USA","no","IlluminaMiSeq","29183332",16397502,1609173858,50,101,"Marisa_Metzger","UC",NA,NA,"SRR5650135",60,NA,231.5,NA,NA,"Qiagen","Boston",2,NA,6,NA,NA,NA,NA,NA,NA,NA,NA,NA,"IBD",1.63693022669377,7.86103499999999
"p9061_mo7","HallAB_2017","p9061","stool","IBD","IBD","adult","USA","no","IlluminaMiSeq","29183332",16599802,1645915738,50,101,"Marisa_Metzger","UC",NA,NA,"SRR5650153",210,NA,17.169,NA,NA,"Qiagen","Boston",7,NA,0,NA,NA,NA,NA,NA,NA,NA,NA,NA,"IBD",1.89772943559003,7.874845
"p9061_mo5","HallAB_2017","p9061","stool","IBD","IBD","adult","USA","no","IlluminaMiSeq","29183332",28693852,2862264009,50,101,"Marisa_Metzger","UC",NA,NA,"SRR5650151",150,NA,10.097,NA,NA,"Qiagen","Boston",5,NA,1,NA,NA,NA,NA,NA,NA,NA,NA,NA,"IBD",1.62439075348053,8.308985
"p9061_mo4","HallAB_2017","p9061","stool","IBD","IBD","adult","USA","no","IlluminaMiSeq","29183332",38090164,3791369164,50,101,"Marisa_Metzger","UC",NA,NA,"SRR5650152",120,NA,228.9,NA,NA,"Qiagen","Boston",4,NA,1,NA,NA,NA,NA,NA,NA,NA,NA,NA,"IBD",1.61405167065614,9.350575
"p9061_mo1","HallAB_2017","p9061","stool","IBD","IBD","adult","USA","no","IlluminaMiSeq","29183332",38565654,3785751209,50,101,"Marisa_Metzger","UC",NA,NA,"SRR5650128",30,NA,216.6,NA,NA,"Qiagen","Boston",1,NA,0,NA,NA,NA,NA,NA,NA,NA,NA,NA,"IBD",1.99152932772041,8.998955
"p9061_mo3","HallAB_2017","p9061","stool","IBD","IBD","adult","USA","no","IlluminaMiSeq","29183332",40877072,4050121147,50,101,"Marisa_Metzger","UC",NA,NA,"SRR5650136",90,NA,70.556,NA,NA,"Qiagen","Boston",3,NA,0,NA,NA,NA,NA,NA,NA,NA,NA,NA,"IBD",1.59647519407406,10.047455
"p9061_mo8","HallAB_2017","p9061","stool","IBD","IBD","adult","USA","no","IlluminaMiSeq","29183332",46056568,4532510719,50,101,"Marisa_Metzger","UC",NA,NA,"SRR5650148",240,NA,151.85,NA,NA,"Qiagen","Boston",8,NA,2,NA,NA,NA,NA,NA,NA,NA,NA,NA,"IBD",1.27967303811572,8.742785
"p9193_mo7","HallAB_2017","p9193","stool","IBD","IBD","adult","USA","no","IlluminaMiSeq","29183332",9820404,972579996,50,101,"Marisa_Metzger","UC",NA,NA,"SRR5650167",210,NA,16.342,NA,NA,"Qiagen","Boston",7,NA,0,NA,NA,NA,NA,NA,NA,NA,NA,NA,"IBD",2.85119034224848,10.71264
"p9193_mo6","HallAB_2017","p9193","stool","IBD","IBD","adult","USA","no","IlluminaMiSeq","29183332",19082138,1875136628,50,101,"Marisa_Metzger","UC",NA,NA,"SRR5650155",180,NA,0.0901,NA,NA,"Qiagen","Boston",6,NA,0,NA,NA,NA,NA,NA,NA,NA,NA,NA,"IBD",3.08335012299089,12.05301
"p9193_mo4","HallAB_2017","p9193","stool","IBD","IBD","adult","USA","no","IlluminaMiSeq","29183332",31804448,3161970651,50,101,"Marisa_Metzger","UC",NA,NA,"SRR5650149",120,NA,8.6781,NA,NA,"Qiagen","Boston",4,NA,1,NA,NA,NA,NA,NA,NA,NA,NA,NA,"IBD",2.63215490277939,11.55842
"p9193_mo1","HallAB_2017","p9193","stool","IBD","IBD","adult","USA","no","IlluminaMiSeq","29183332",44587400,4426313239,50,101,"Marisa_Metzger","UC",NA,NA,"SRR5650147",30,NA,67.885,NA,NA,"Qiagen","Boston",1,NA,1,NA,NA,NA,NA,NA,NA,NA,NA,NA,"IBD",3.06354091799745,13.52163
"p9193_mo2","HallAB_2017","p9193","stool","IBD","IBD","adult","USA","no","IlluminaMiSeq","29183332",51087648,5069971594,50,101,"Marisa_Metzger","UC",NA,NA,"SRR5650150",60,NA,22.038,NA,NA,"Qiagen","Boston",2,NA,2,NA,NA,NA,NA,NA,NA,NA,NA,NA,"IBD",2.5053694987729,11.56198
"p9193_mo5","HallAB_2017","p9193","stool","IBD","IBD","adult","USA","no","IlluminaMiSeq","29183332",53598480,5268025188,50,101,"Marisa_Metzger","UC",NA,NA,"SRR5650156",150,NA,0.8524,NA,NA,"Qiagen","Boston",5,NA,0,NA,NA,NA,NA,NA,NA,NA,NA,NA,"IBD",3.16447507260779,14.70297
"p9216_mo2","HallAB_2017","p9216","stool","IBD","IBD","adult","USA","no","IlluminaMiSeq","29183332",48368,4424527,54,93,"Marisa_Metzger","CD",NA,NA,"SRR5650169",60,NA,119.81,NA,NA,"Qiagen","Boston",2,3,NA,NA,NA,NA,NA,NA,NA,NA,NA,NA,"IBD",0.645330978717873,1.136815
"p9216_mo1","HallAB_2017","p9216","stool","IBD","IBD","adult","USA","no","IlluminaMiSeq","29183332",33771820,3348438058,50,101,"Marisa_Metzger","CD",NA,NA,"SRR5650168",30,NA,134.56,NA,NA,"Qiagen","Boston",1,NA,NA,NA,NA,NA,NA,NA,NA,NA,NA,NA,"IBD",3.18248743807237,10.894155
"p9216_mo5","HallAB_2017","p9216","stool","IBD","IBD","adult","USA","no","IlluminaMiSeq","29183332",43925802,4362226782,50,101,"Marisa_Metzger","CD",NA,NA,"SRR5650172",150,NA,191.34,NA,NA,"Qiagen","Boston",5,2,NA,NA,NA,NA,NA,NA,NA,NA,NA,NA,"IBD",3.00901803300605,11.091905
"p9216_mo6","HallAB_2017","p9216","stool","IBD","IBD","adult","USA","no","IlluminaMiSeq","29183332",49828270,4940395214,50,101,"Marisa_Metzger","CD",NA,NA,"SRR5650173",180,NA,12.949,NA,NA,"Qiagen","Boston",6,2,NA,NA,NA,NA,NA,NA,NA,NA,NA,NA,"IBD",2.95895291955535,10.640545
"p9216_mo8","HallAB_2017","p9216","stool","IBD","IBD","adult","USA","no","IlluminaMiSeq","29183332",49999492,4957603042,50,101,"Marisa_Metzger","CD",NA,NA,"SRR5650175",240,NA,12.271,NA,NA,"Qiagen","Boston",8,0,NA,NA,NA,NA,NA,NA,NA,NA,NA,NA,"IBD",2.79788122439954,9.793335
"p9216_mo3","HallAB_2017","p9216","stool","IBD","IBD","adult","USA","no","IlluminaMiSeq","29183332",52348810,5153786892,50,101,"Marisa_Metzger","UC",NA,NA,"SRR5650170",90,NA,NA,NA,NA,"Qiagen","Boston",3,NA,NA,NA,NA,NA,NA,NA,NA,NA,NA,NA,"IBD",3.35473276042488,11.927715
"p9216_mo4","HallAB_2017","p9216","stool","IBD","IBD","adult","USA","no","IlluminaMiSeq","29183332",55277496,5481880214,50,101,"Marisa_Metzger","CD",NA,NA,"SRR5650171",120,NA,107.64,NA,NA,"Qiagen","Boston",4,4,NA,NA,NA,NA,NA,NA,NA,NA,NA,NA,"IBD",3.06058077173673,10.112085
"p9216_mo7","HallAB_2017","p9216","stool","IBD","IBD","adult","USA","no","IlluminaMiSeq","29183332",60261428,5976908899,50,101,"Marisa_Metzger","CD",NA,NA,"SRR5650174",210,NA,134.22,NA,NA,"Qiagen","Boston",7,2,NA,NA,NA,NA,NA,NA,NA,NA,NA,NA,"IBD",2.8211271098321,10.942825
"p9220_mo1","HallAB_2017","p9220","stool","control","healthy","adult","USA","no","IlluminaMiSeq","29183332",10288000,1018666815,50,101,"Marisa_Metzger",NA,NA,NA,"SRR5650176",30,NA,21.832,NA,NA,"Qiagen","Boston",1,NA,NA,NA,NA,NA,NA,NA,NA,NA,NA,NA,"Healthy",2.98591483513153,9.710235
"p9220_mo7","HallAB_2017","p9220","stool","control","healthy","adult","USA","no","IlluminaMiSeq","29183332",12035324,1192711557,50,101,"Marisa_Metzger",NA,NA,NA,"SRR5650026",210,NA,0.6131,NA,NA,"Qiagen","Boston",7,NA,NA,NA,NA,NA,NA,NA,NA,NA,NA,NA,"Healthy",2.98573347384836,9.093695
"p9220_mo2","HallAB_2017","p9220","stool","control","healthy","adult","USA","no","IlluminaMiSeq","29183332",24653778,2441542962,50,101,"Marisa_Metzger",NA,NA,NA,"SRR5650031",60,NA,12.817,NA,NA,"Qiagen","Boston",2,NA,NA,NA,NA,NA,NA,NA,NA,NA,NA,NA,"Healthy",3.14906168333998,11.201205
"p9220_mo3","HallAB_2017","p9220","stool","control","healthy","adult","USA","no","IlluminaMiSeq","29183332",25261684,2512820257,50,101,"Marisa_Metzger",NA,NA,NA,"SRR5650030",90,NA,93.657,NA,NA,"Qiagen","Boston",3,NA,NA,NA,NA,NA,NA,NA,NA,NA,NA,NA,"Healthy",3.23160959178497,11.111825
"p9220_mo5","HallAB_2017","p9220","stool","control","healthy","adult","USA","no","IlluminaMiSeq","29183332",43467148,4312472068,50,101,"Marisa_Metzger",NA,NA,NA,"SRR5650028",150,NA,5.7473,NA,NA,"Qiagen","Boston",5,NA,NA,NA,NA,NA,NA,NA,NA,NA,NA,NA,"Healthy",3.25160150448307,11.846625
"p9220_mo6","HallAB_2017","p9220","stool","control","healthy","adult","USA","no","IlluminaMiSeq","29183332",43524458,4281678085,50,101,"Marisa_Metzger",NA,NA,NA,"SRR5650027",180,NA,66.614,NA,NA,"Qiagen","Boston",6,NA,NA,NA,NA,NA,NA,NA,NA,NA,NA,NA,"Healthy",2.77255890748774,12.792765
"p9220_mo4","HallAB_2017","p9220","stool","control","healthy","adult","USA","no","IlluminaMiSeq","29183332",44343976,4356897499,50,101,"Marisa_Metzger",NA,NA,NA,"SRR5650029",120,NA,2.5227,NA,NA,"Qiagen","Boston",4,NA,NA,NA,NA,NA,NA,NA,NA,NA,NA,NA,"Healthy",3.18103590765827,12.144805
"p9223_mo5","HallAB_2017","p9223","stool","control","healthy","adult","USA","no","IlluminaMiSeq","29183332",12749314,1262264357,50,101,"Marisa_Metzger",NA,NA,NA,"SRR5650049",150,NA,0,NA,NA,"Qiagen","Boston",5,NA,NA,NA,NA,NA,NA,NA,NA,NA,NA,NA,"Healthy",3.11649916959088,10.100135
"p9223_mo4","HallAB_2017","p9223","stool","control","healthy","adult","USA","no","IlluminaMiSeq","29183332",28967180,2888819400,50,101,"Marisa_Metzger",NA,NA,NA,"SRR5650022",120,NA,6.1613,NA,NA,"Qiagen","Boston",4,NA,NA,NA,NA,NA,NA,NA,NA,NA,NA,NA,"Healthy",2.06778865811073,9.59125499999999
"p9223_mo6","HallAB_2017","p9223","stool","control","healthy","adult","USA","no","IlluminaMiSeq","29183332",30918614,3067611992,50,101,"Marisa_Metzger",NA,NA,NA,"SRR5650050",180,NA,1.2802,NA,NA,"Qiagen","Boston",6,NA,NA,NA,NA,NA,NA,NA,NA,NA,NA,NA,"Healthy",2.62883005962495,11.832225
"p9223_mo7","HallAB_2017","p9223","stool","control","healthy","adult","USA","no","IlluminaMiSeq","29183332",31864464,3174060286,50,101,"Marisa_Metzger",NA,NA,NA,"SRR5650047",210,NA,0.4498,NA,NA,"Qiagen","Boston",7,NA,NA,NA,NA,NA,NA,NA,NA,NA,NA,NA,"Healthy",2.62976155460606,10.369425
"p9223_mo3","HallAB_2017","p9223","stool","control","healthy","adult","USA","no","IlluminaMiSeq","29183332",35806690,3553994671,50,101,"Marisa_Metzger",NA,NA,NA,"SRR5650023",90,NA,35.26,NA,NA,"Qiagen","Boston",3,NA,NA,NA,NA,NA,NA,NA,NA,NA,NA,NA,"Healthy",2.58274129794099,10.708775
"p9223_mo8","HallAB_2017","p9223","stool","control","healthy","adult","USA","no","IlluminaMiSeq","29183332",37352720,3702701360,50,101,"Marisa_Metzger",NA,NA,NA,"SRR5650048",240,NA,0.1464,NA,NA,"Qiagen","Boston",8,NA,NA,NA,NA,NA,NA,NA,NA,NA,NA,NA,"Healthy",2.76031081775437,10.859645
"p9223_mo1","HallAB_2017","p9223","stool","control","healthy","adult","USA","no","IlluminaMiSeq","29183332",39535080,3920680427,50,101,"Marisa_Metzger",NA,NA,NA,"SRR5650025",30,NA,5.0293,NA,NA,"Qiagen","Boston",1,NA,NA,NA,NA,NA,NA,NA,NA,NA,NA,NA,"Healthy",1.91328739029638,10.500745
"p9223_mo2","HallAB_2017","p9223","stool","control","healthy","adult","USA","no","IlluminaMiSeq","29183332",40847204,4050562825,50,101,"Marisa_Metzger",NA,NA,NA,"SRR5650024",60,NA,3.7909,NA,NA,"Qiagen","Boston",2,NA,NA,NA,NA,NA,NA,NA,NA,NA,NA,NA,"Healthy",2.63769828881351,11.365505
"p9281_mo6","HallAB_2017","p9281","stool","control","healthy","adult","USA","no","IlluminaMiSeq","29183332",193002,18033621,50,99,"Marisa_Metzger",NA,NA,NA,"SRR5650046",180,NA,0.3319,NA,NA,"Qiagen","Boston",6,NA,NA,NA,NA,NA,NA,NA,NA,NA,NA,NA,"Healthy",1.94883453787709,4.029645
"p9281_mo3","HallAB_2017","p9281","stool","control","healthy","adult","USA","no","IlluminaMiSeq","29183332",14154446,1401159829,50,101,"Marisa_Metzger",NA,NA,NA,"SRR5650051",90,NA,0.0159,NA,NA,"Qiagen","Boston",3,NA,NA,NA,NA,NA,NA,NA,NA,NA,NA,NA,"Healthy",3.23908723823626,9.684755
"p9281_mo1","HallAB_2017","p9281","stool","control","healthy","adult","USA","no","IlluminaMiSeq","29183332",28122452,2800474331,50,101,"Marisa_Metzger",NA,NA,NA,"SRR5650053",30,NA,2.7169,NA,NA,"Qiagen","Boston",1,NA,NA,NA,NA,NA,NA,NA,NA,NA,NA,NA,"Healthy",3.29974492593665,11.712975
"p9281_mo5","HallAB_2017","p9281","stool","control","healthy","adult","USA","no","IlluminaMiSeq","29183332",33000810,3290590181,50,101,"Marisa_Metzger",NA,NA,NA,"SRR5650045",150,NA,18.644,NA,NA,"Qiagen","Boston",5,NA,NA,NA,NA,NA,NA,NA,NA,NA,NA,NA,"Healthy",3.1208007060513,10.985395
"p9281_mo4","HallAB_2017","p9281","stool","control","healthy","adult","USA","no","IlluminaMiSeq","29183332",36529280,3617478981,50,101,"Marisa_Metzger",NA,NA,NA,"SRR5650052",120,NA,0.0744,NA,NA,"Qiagen","Boston",4,NA,NA,NA,NA,NA,NA,NA,NA,NA,NA,NA,"Healthy",3.04951866796067,10.599435
"p9281_mo2","HallAB_2017","p9281","stool","control","healthy","adult","USA","no","IlluminaMiSeq","29183332",49051550,4863527867,50,101,"Marisa_Metzger",NA,NA,NA,"SRR5650054",60,NA,3.0823,NA,NA,"Qiagen","Boston",2,NA,NA,NA,NA,NA,NA,NA,NA,NA,NA,NA,"Healthy",3.10046049260775,10.680945
"S1_a_WGS","IjazUZ_2017","subIJ_1","stool","IBD","IBD","child","GBR","no","IlluminaHiSeq","28222161",2751935,745676263,72,302,"Paolo_Manghi,Marisa_Metzger","CD",8,NA,"ERR1776143",0,"no",11304,"no",NA,NA,NA,NA,NA,NA,NA,NA,NA,NA,NA,"IjazUZ_2017_1","child","L3L4","yes","IBD",2.3952414630037,6.012435
"S5_a_WGS","IjazUZ_2017","subIJ_1","stool","IBD","IBD","child","GBR","no","IlluminaHiSeq","28222161",4030164,1149250529,72,302,"Paolo_Manghi,Marisa_Metzger","CD",8,NA,"ERR1776174",NA,"no",20546,"Lactulose",NA,NA,NA,NA,NA,NA,NA,NA,NA,NA,NA,"IjazUZ_2017_1","child",NA,NA,"IBD",2.40699707420918,7.665115
"S3_a_WGS","IjazUZ_2017","subIJ_1","stool","IBD","IBD","child","GBR","no","IlluminaHiSeq","28222161",5269973,1488299379,72,302,"Paolo_Manghi,Marisa_Metzger","CD",8,NA,"ERR1776156",30,"no",58,"EEN",NA,NA,NA,NA,NA,NA,NA,NA,NA,NA,NA,"IjazUZ_2017_1","child","L3L4","yes","IBD",1.00188165366402,5.006115
"S2_a_WGS","IjazUZ_2017","subIJ_1","stool","IBD","IBD","child","GBR","no","IlluminaHiSeq","28222161",7219169,2022458461,72,302,"Paolo_Manghi,Marisa_Metzger","CD",8,NA,"ERR1776148",15,"no",477,"EEN",NA,NA,NA,NA,NA,NA,NA,NA,NA,NA,NA,"IjazUZ_2017_1","child","L3L4","yes","IBD",1.46805643029761,7.013285
"S4_a_WGS","IjazUZ_2017","subIJ_1","stool","IBD","IBD","child","GBR","no","IlluminaHiSeq","28222161",7537833,2111497535,72,302,"Paolo_Manghi,Marisa_Metzger","CD",8,NA,"ERR1776163",NA,"no",884,"no",NA,NA,NA,NA,NA,NA,NA,NA,NA,NA,NA,"IjazUZ_2017_1","child","L3L4","yes","IBD",2.72102227561968,9.68532500000001
"S57_a_WGS","IjazUZ_2017","subIJ_10","stool","IBD","IBD","schoolage","GBR","no","IlluminaHiSeq","28222161",2869360,796025260,72,302,"Paolo_Manghi,Marisa_Metzger","CD",14,NA,"ERR1776171",15,"no",20562,"EEN;5-ASA;folate;forceval;methotrexate",NA,NA,NA,NA,NA,NA,NA,NA,NA,NA,NA,"IjazUZ_2017_10","child","L3L4","no","IBD",2.19384101657511,6.130555
"S59_a_WGS","IjazUZ_2017","subIJ_10","stool","IBD","IBD","schoolage","GBR","no","IlluminaHiSeq","28222161",3025428,837056671,72,302,"Paolo_Manghi,Marisa_Metzger","CD",14,NA,"ERR1776173",NA,"no",22983,"5-ASA;folate;forceval;methotrexate",NA,NA,NA,NA,NA,NA,NA,NA,NA,NA,NA,"IjazUZ_2017_10","child","L3L4","no","IBD",2.19926775199105,9.039035
"S56_a_WGS","IjazUZ_2017","subIJ_10","stool","IBD","IBD","schoolage","GBR","no","IlluminaHiSeq","28222161",5751417,1576699043,72,302,"Paolo_Manghi,Marisa_Metzger","CD",14,NA,"ERR1776170",0,"no",21879,"no",NA,NA,NA,NA,NA,NA,NA,NA,NA,NA,NA,"IjazUZ_2017_10","child","L3L4","no","IBD",2.16252477215655,7.910765
"S60_a_WGS","IjazUZ_2017","subIJ_10","stool","IBD","IBD","schoolage","GBR","no","IlluminaHiSeq","28222161",6269227,1731639391,72,302,"Paolo_Manghi,Marisa_Metzger","CD",14,NA,"ERR1776175",NA,"no",21695,"5-ASA;folate;forceval;methotrexate",NA,NA,NA,NA,NA,NA,NA,NA,NA,NA,NA,"IjazUZ_2017_10","child","L3L4",NA,"IBD",2.64450819715405,9.744115
"S58_a_WGS","IjazUZ_2017","subIJ_10","stool","IBD","IBD","schoolage","GBR","no","IlluminaHiSeq","28222161",8101969,2269686423,72,302,"Paolo_Manghi,Marisa_Metzger","CD",14,NA,"ERR1776172",30,"no",20767,"EEN;5-ASA;folate;forceval;methotrexate",NA,NA,NA,NA,NA,NA,NA,NA,NA,NA,NA,"IjazUZ_2017_10","child","L3L4","no","IBD",1.96420037927144,7.572465
"S63_a_WGS","IjazUZ_2017","subIJ_11","stool","IBD","IBD","schoolage","GBR","no","IlluminaHiSeq","28222161",1411175,318036556,72,245,"Paolo_Manghi,Marisa_Metzger","CD",12,NA,"ERR1776178",15,"no",22216,"aza;iron;EEN",NA,NA,NA,NA,NA,NA,NA,NA,NA,NA,NA,"IjazUZ_2017_11","child","L2L4","yes","IBD",2.8003240610211,7.086165
"S65_a_WGS","IjazUZ_2017","subIJ_11","stool","IBD","IBD","schoolage","GBR","no","IlluminaHiSeq","28222161",1868922,520118652,72,302,"Paolo_Manghi,Marisa_Metzger","CD",13,NA,"ERR1776180",NA,"no",17235,"aza;iron",NA,NA,NA,NA,NA,NA,NA,NA,NA,NA,NA,"IjazUZ_2017_11","child","L2L4","yes","IBD",1.89690605392963,6.172685
"S62_a_WGS","IjazUZ_2017","subIJ_11","stool","IBD","IBD","schoolage","GBR","no","IlluminaHiSeq","28222161",3581667,982055866,72,302,"Paolo_Manghi,Marisa_Metzger","CD",12,NA,"ERR1776177",0,"no",24387,"aza;iron",NA,NA,NA,NA,NA,NA,NA,NA,NA,NA,NA,"IjazUZ_2017_1","child","L2L4","yes","IBD",2.44580552452298,8.608735
"S64_a_WGS","IjazUZ_2017","subIJ_11","stool","IBD","IBD","schoolage","GBR","no","IlluminaHiSeq","28222161",5006780,1397307113,72,302,"Paolo_Manghi,Marisa_Metzger","CD",13,NA,"ERR1776179",30,"no",20005,"aza;iron;EEN",NA,NA,NA,NA,NA,NA,NA,NA,NA,NA,NA,"IjazUZ_2017_11","child","L2L4","yes","IBD",2.32876653439917,6.004085
"S66_a_WGS","IjazUZ_2017","subIJ_11","stool","IBD","IBD","schoolage","GBR","no","IlluminaHiSeq","28222161",5961266,1651282454,72,302,"Paolo_Manghi,Marisa_Metzger","CD",13,NA,"ERR1776181",NA,"no",23277,"5-ASA;aza",NA,NA,NA,NA,NA,NA,NA,NA,NA,NA,NA,"IjazUZ_2017_11","child","L2L4",NA,"IBD",3.2011612164202,9.664035
"S67_a_WGS","IjazUZ_2017","subIJ_11R","stool","control","healthy","adult","GBR","no","IlluminaHiSeq","28222161",3531316,989123101,72,302,"Paolo_Manghi,Marisa_Metzger",NA,43,"male","ERR1776182",NA,"no",950,"no",NA,NA,NA,NA,NA,NA,NA,NA,NA,NA,NA,"IjazUZ_2017_11","father",NA,NA,"Healthy",2.6687330415317,11.25295
"S70_a_WGS","IjazUZ_2017","subIJ_12","stool","IBD","IBD","schoolage","GBR","no","IlluminaHiSeq","28222161",143112,37299793,72,302,"Paolo_Manghi,Marisa_Metzger","CD",13,NA,"ERR1776186",30,"no",2716992,"EEN",NA,NA,NA,NA,NA,NA,NA,NA,NA,NA,NA,"IjazUZ_2017_12","child","L2L4","no","IBD",1.65978191810532,3.238425
"S69_a_WGS","IjazUZ_2017","subIJ_12","stool","IBD","IBD","schoolage","GBR","no","IlluminaHiSeq","28222161",191602,53153953,72,302,"Paolo_Manghi,Marisa_Metzger","CD",13,NA,"ERR1776184",15,"no",314869,"EEN",NA,NA,NA,NA,NA,NA,NA,NA,NA,NA,NA,"IjazUZ_2017_12","child","L2L4","no","IBD",1.0400384679078,2.355275
"S68_a_WGS","IjazUZ_2017","subIJ_12","stool","IBD","IBD","schoolage","GBR","no","IlluminaHiSeq","28222161",1227785,343202790,72,302,"Paolo_Manghi,Marisa_Metzger","CD",13,NA,"ERR1776183",0,"no",2389689,"no",NA,NA,NA,NA,NA,NA,NA,NA,NA,NA,NA,"IjazUZ_2017_12","child","L2L4","no","IBD",1.30168953477315,4.653525
"S71_a_WGS","IjazUZ_2017","subIJ_12","stool","IBD","IBD","schoolage","GBR","no","IlluminaHiSeq","28222161",8248360,2289355218,72,302,"Paolo_Manghi,Marisa_Metzger","CD",13,NA,"ERR1776187",NA,"no",1681517,"aza",NA,NA,NA,NA,NA,NA,NA,NA,NA,NA,NA,"IjazUZ_2017_12","child","L2L4",NA,"IBD",2.08934752610398,8.672865
"S72_a_WGS","IjazUZ_2017","subIJ_12R","stool","control","healthy","adult","GBR","no","IlluminaHiSeq","28222161",4285750,1206869602,72,302,"Paolo_Manghi,Marisa_Metzger",NA,45,"male","ERR1776188",NA,"no",202622,"no",NA,NA,NA,NA,NA,NA,NA,NA,NA,NA,NA,"IjazUZ_2017_12","father",NA,NA,"Healthy",2.87701953353276,10.642335
"S73_a_WGS","IjazUZ_2017","subIJ_13","stool","control","healthy","child","GBR","no","IlluminaHiSeq","28222161",6064725,1704268178,72,302,"Paolo_Manghi,Marisa_Metzger",NA,10,NA,"ERR1776189",NA,"no",50,"no",NA,NA,NA,NA,NA,NA,NA,NA,NA,NA,NA,"IjazUZ_2017_13",NA,NA,NA,"Healthy",2.63364561965699,11.124475
"S79_a_WGS","IjazUZ_2017","subIJ_14R","stool","control","healthy","adult","GBR","no","IlluminaHiSeq","28222161",5393460,1497789398,72,302,"Paolo_Manghi,Marisa_Metzger",NA,51,"male","ERR1776190",NA,"no",224085,"no",NA,NA,NA,NA,NA,NA,NA,NA,NA,NA,NA,"IjazUZ_2017_14","father",NA,NA,"Healthy",3.1736752885264,13.32872
"S81_a_WGS","IjazUZ_2017","subIJ_15","stool","IBD","IBD","child","GBR","no","IlluminaHiSeq","28222161",1707964,473294242,72,302,"Paolo_Manghi,Marisa_Metzger","CD",11,NA,"ERR1776192",30,"no",296393,"EEN",NA,NA,NA,NA,NA,NA,NA,NA,NA,NA,NA,"IjazUZ_2017_15","child","L2L4","yes","IBD",2.35157303969077,6.74517
"S82_a_WGS","IjazUZ_2017","subIJ_15","stool","IBD","IBD","child","GBR","no","IlluminaHiSeq","28222161",1718379,479825834,72,302,"Paolo_Manghi,Marisa_Metzger","CD",11,NA,"ERR1776193",NA,"no",77121,"no",NA,NA,NA,NA,NA,NA,NA,NA,NA,NA,NA,"IjazUZ_2017_15","child","L2L4","yes","IBD",2.1664706904319,5.006765
"S80_a_WGS","IjazUZ_2017","subIJ_15","stool","IBD","IBD","child","GBR","no","IlluminaHiSeq","28222161",6168464,1731815490,72,302,"Paolo_Manghi,Marisa_Metzger","CD",11,NA,"ERR1776191",0,"no",2088509,"no",NA,NA,NA,NA,NA,NA,NA,NA,NA,NA,NA,"IjazUZ_2017_15","child","L2L4","yes","IBD",3.36675586542698,14.98507
"S83_a_WGS","IjazUZ_2017","subIJ_15","stool","IBD","IBD","child","GBR","no","IlluminaHiSeq","28222161",8206387,2275394483,72,302,"Paolo_Manghi,Marisa_Metzger","CD",11,NA,"ERR1776194",NA,"no",241817,"no",NA,NA,NA,NA,NA,NA,NA,NA,NA,NA,NA,"IjazUZ_2017_15","child","L2L4",NA,"IBD",2.72860481255696,9.74708
"S84_a_WGS","IjazUZ_2017","subIJ_15R","stool","control","healthy","adult","GBR","no","IlluminaHiSeq","28222161",882620,244360465,72,302,"Paolo_Manghi,Marisa_Metzger",NA,42,"female","ERR1776195",NA,"no",79391,"no",NA,NA,NA,NA,NA,NA,NA,NA,NA,NA,NA,"IjazUZ_2017_15","mother","L2L4",NA,"Healthy",1.62616526171837,7.47994999999999
"S87_a_WGS","IjazUZ_2017","subIJ_16R","stool","control","healthy","adult","GBR","no","IlluminaHiSeq","28222161",3999646,1107378881,72,302,"Paolo_Manghi,Marisa_Metzger",NA,45,"male","ERR1776196",NA,"no",52338,"no",NA,NA,NA,NA,NA,NA,NA,NA,NA,NA,NA,"IjazUZ_2017_6","father",NA,NA,"Healthy",2.90390214384747,9.76126499999999
"S6_a_WGS","IjazUZ_2017","subIJ_1R","stool","control","healthy","adult","GBR","no","IlluminaHiSeq","28222161",10443417,2879015607,72,302,"Paolo_Manghi,Marisa_Metzger",NA,45,"female","ERR1776185",NA,"no",362,"no",NA,NA,NA,NA,NA,NA,NA,NA,NA,NA,NA,"IjazUZ_2017_1","mother",NA,NA,"Healthy",2.18055899746362,8.441235
"S101_a_WGS","IjazUZ_2017","subIJ_21","stool","IBD","IBD","schoolage","GBR","no","IlluminaHiSeq","28222161",3304314,917998110,72,302,"Paolo_Manghi,Marisa_Metzger","CD",13,NA,"ERR1776102",0,"no",24740,"no",NA,NA,NA,NA,NA,NA,NA,NA,NA,NA,NA,"IjazUZ_2017_21","child","L3","no","IBD",2.25747761529596,7.07401
"S102_a_WGS","IjazUZ_2017","subIJ_21","stool","IBD","IBD","schoolage","GBR","no","IlluminaHiSeq","28222161",7841860,2236550045,72,302,"Paolo_Manghi,Marisa_Metzger","CD",13,NA,"ERR1776103",15,"no",23470,"EEN",NA,NA,NA,NA,NA,NA,NA,NA,NA,NA,NA,"IjazUZ_2017_21","child","L3","no","IBD",0.749926854555535,5.439465
"S103_a_WGS","IjazUZ_2017","subIJ_21","stool","IBD","IBD","schoolage","GBR","no","IlluminaHiSeq","28222161",8252935,2370722405,72,302,"Paolo_Manghi,Marisa_Metzger","CD",14,NA,"ERR1776197",30,"yes",18649,"EEN",NA,NA,NA,NA,NA,NA,NA,NA,NA,NA,NA,"IjazUZ_2017_21","child","L3","no","IBD",0.0893224350492301,3.978415
"S139_a_WGS","IjazUZ_2017","subIJ_25","stool","control","healthy","schoolage","GBR","no","IlluminaHiSeq","28222161",7358644,2054575194,72,302,"Paolo_Manghi,Marisa_Metzger",NA,12,NA,"ERR1776112",NA,"no",85,"no",NA,NA,NA,NA,NA,NA,NA,NA,NA,NA,NA,"IjazUZ_2017_25",NA,NA,NA,"Healthy",2.5462149321138,9.353875
"S117_a_WGS","IjazUZ_2017","subIJ_28","stool","control","healthy","child","GBR","no","IlluminaHiSeq","28222161",3839459,1058536294,72,302,"Paolo_Manghi,Marisa_Metzger",NA,7,NA,"ERR1776105",NA,"no",1013,"no",NA,NA,NA,NA,NA,NA,NA,NA,NA,NA,NA,"IjazUZ_2017_28",NA,NA,NA,"Healthy",2.08006250743176,9.238815
"S140_a_WGS","IjazUZ_2017","subIJ_29","stool","control","healthy","schoolage","GBR","no","IlluminaHiSeq","28222161",2836052,783396019,72,302,"Paolo_Manghi,Marisa_Metzger",NA,16,NA,"ERR1776114",NA,"no",4387,"no",NA,NA,NA,NA,NA,NA,NA,NA,NA,NA,NA,"IjazUZ_2017_29",NA,NA,NA,"Healthy",2.71113437735443,9.56092
"S15_a_WGS","IjazUZ_2017","subIJ_3","stool","IBD","IBD","schoolage","GBR","no","IlluminaHiSeq","28222161",1906436,511616835,72,302,"Paolo_Manghi,Marisa_Metzger","CD",12,NA,"ERR1776131",30,"no",14595,"EEN;5-ASA",NA,NA,NA,NA,NA,NA,NA,NA,NA,NA,NA,"IjazUZ_2017_3","child","L3L4","yes","IBD",2.06615008520715,5.427885
"S17_a_WGS","IjazUZ_2017","subIJ_3","stool","IBD","IBD","schoolage","GBR","no","IlluminaHiSeq","28222161",3028308,828820738,72,302,"Paolo_Manghi,Marisa_Metzger","CD",13,NA,"ERR1776141",NA,"no",17121,"5-ASA",NA,NA,NA,NA,NA,NA,NA,NA,NA,NA,NA,"IjazUZ_2017_3","child","L3L4",NA,"IBD",2.51907212043417,7.324995
"S16_a_WGS","IjazUZ_2017","subIJ_3","stool","IBD","IBD","schoolage","GBR","no","IlluminaHiSeq","28222161",4738216,1322597250,72,302,"Paolo_Manghi,Marisa_Metzger","CD",12,NA,"ERR1776140",NA,"no",391,"5-ASA",NA,NA,NA,NA,NA,NA,NA,NA,NA,NA,NA,"IjazUZ_2017_3","child","L3L4","yes","IBD",1.86868802996833,5.716515
"S13_a_WGS","IjazUZ_2017","subIJ_3","stool","IBD","IBD","schoolage","GBR","no","IlluminaHiSeq","28222161",6470505,1787694611,72,302,"Paolo_Manghi,Marisa_Metzger","CD",12,NA,"ERR1776113",0,"no",20763,"5-ASA",NA,NA,NA,NA,NA,NA,NA,NA,NA,NA,NA,"IjazUZ_2017_3","child","L3L4","yes","IBD",2.55040777463232,8.772925
"S14_a_WGS","IjazUZ_2017","subIJ_3","stool","IBD","IBD","schoolage","GBR","no","IlluminaHiSeq","28222161",9989121,2733820115,72,302,"Paolo_Manghi,Marisa_Metzger","CD",12,NA,"ERR1776120",15,"no",17048,"EEN;5-ASA",NA,NA,NA,NA,NA,NA,NA,NA,NA,NA,NA,"IjazUZ_2017_3","child","L3L4","yes","IBD",2.40537516317597,9.120065
"S142_a_WGS","IjazUZ_2017","subIJ_30","stool","control","healthy","child","GBR","no","IlluminaHiSeq","28222161",3957303,1094513646,72,302,"Paolo_Manghi,Marisa_Metzger",NA,9,NA,"ERR1776115",NA,"no",70,"no",NA,NA,NA,NA,NA,NA,NA,NA,NA,NA,NA,"IjazUZ_2017_30",NA,NA,NA,"Healthy",2.93892404351235,9.60684500000001
"S144_a_WGS","IjazUZ_2017","subIJ_31","stool","control","healthy","child","GBR","no","IlluminaHiSeq","28222161",5096369,1416097085,72,302,"Paolo_Manghi,Marisa_Metzger",NA,11,NA,"ERR1776116",NA,"no",57,"no",NA,NA,NA,NA,NA,NA,NA,NA,NA,NA,NA,"IjazUZ_2017_31",NA,NA,NA,"Healthy",2.93120710927206,9.854385
"S146_a_WGS","IjazUZ_2017","subIJ_32","stool","control","healthy","schoolage","GBR","no","IlluminaHiSeq","28222161",4600515,1256613122,72,302,"Paolo_Manghi,Marisa_Metzger",NA,13,NA,"ERR1776117",NA,"no",83,"no",NA,NA,NA,NA,NA,NA,NA,NA,NA,NA,NA,"IjazUZ_2017_32",NA,NA,NA,"Healthy",3.16640428696646,10.200585
"S148_a_WGS","IjazUZ_2017","subIJ_33","stool","IBD","IBD","child","GBR","no","IlluminaHiSeq","28222161",378016,106569905,72,302,"Paolo_Manghi,Marisa_Metzger","CD",9,NA,"ERR1776118",0,"no",31142,"no",NA,NA,NA,NA,NA,NA,NA,NA,NA,NA,NA,"IjazUZ_2017_33","child","L3L4","yes","IBD",1.32397775056644,4.062765
"S149_a_WGS","IjazUZ_2017","subIJ_33","stool","IBD","IBD","child","GBR","no","IlluminaHiSeq","28222161",3347875,921852116,72,302,"Paolo_Manghi,Marisa_Metzger","CD",9,NA,"ERR1776119",15,"no",22163,"EEN",NA,NA,NA,NA,NA,NA,NA,NA,NA,NA,NA,"IjazUZ_2017_33","child","L3L4","yes","IBD",1.84201693397154,5.487915
"S152_a_WGS","IjazUZ_2017","subIJ_33","stool","IBD","IBD","child","GBR","no","IlluminaHiSeq","28222161",3851920,1076463999,72,302,"Paolo_Manghi,Marisa_Metzger","CD",9,NA,"ERR1776123",NA,"no",23552,"5-ASA",NA,NA,NA,NA,NA,NA,NA,NA,NA,NA,NA,"IjazUZ_2017_33","child","L3L4",NA,"IBD",2.42743205539698,5.049725
"S150_a_WGS","IjazUZ_2017","subIJ_33","stool","IBD","IBD","child","GBR","no","IlluminaHiSeq","28222161",5268146,1469088712,72,302,"Paolo_Manghi,Marisa_Metzger","CD",9,NA,"ERR1776121",30,"no",18038,"EEN;iron",NA,NA,NA,NA,NA,NA,NA,NA,NA,NA,NA,"IjazUZ_2017_33","child","L3L4","yes","IBD",2.07409153658522,8.260465
"S151_a_WGS","IjazUZ_2017","subIJ_33","stool","IBD","IBD","child","GBR","no","IlluminaHiSeq","28222161",7153691,1998676366,72,302,"Paolo_Manghi,Marisa_Metzger","CD",9,NA,"ERR1776122",NA,"no",1061,"iron",NA,NA,NA,NA,NA,NA,NA,NA,NA,NA,NA,"IjazUZ_2017_33","child","L3L4","yes","IBD",1.95171487264611,7.252635
"S153_a_WGS","IjazUZ_2017","subIJ_33R","stool","control","healthy","adult","GBR","no","IlluminaHiSeq","28222161",5519747,1535302232,72,302,"Paolo_Manghi,Marisa_Metzger",NA,40,"female","ERR1776124",NA,"no",662,"no",NA,NA,NA,NA,NA,NA,NA,NA,NA,NA,NA,"IjazUZ_2017_33","mother",NA,NA,"Healthy",2.7263556170978,9.759645
"S154_a_WGS","IjazUZ_2017","subIJ_34","stool","control","healthy","adult","GBR","no","IlluminaHiSeq","28222161",5013232,1384014666,72,302,"Paolo_Manghi,Marisa_Metzger",NA,42,NA,"ERR1776125",NA,"no",0,"no",NA,NA,NA,NA,NA,NA,NA,NA,NA,NA,NA,"IjazUZ_2017_34",NA,NA,NA,"Healthy",3.24974369015185,11.78974
"S155_a_WGS","IjazUZ_2017","subIJ_35","stool","control","healthy","adult","GBR","no","IlluminaHiSeq","28222161",3136021,841822294,72,302,"Paolo_Manghi,Marisa_Metzger",NA,40,NA,"ERR1776126",NA,"no",0,"no",NA,NA,NA,NA,NA,NA,NA,NA,NA,NA,NA,"IjazUZ_2017_35",NA,NA,NA,"Healthy",3.15043711440335,9.44488499999999
"S156_a_WGS","IjazUZ_2017","subIJ_36","stool","control","healthy","adult","GBR","no","IlluminaHiSeq","28222161",1663593,443604177,72,302,"Paolo_Manghi,Marisa_Metzger",NA,34,NA,"ERR1776127",NA,"no",0,"no",NA,NA,NA,NA,NA,NA,NA,NA,NA,NA,NA,"IjazUZ_2017_36",NA,NA,NA,"Healthy",3.26345276970474,9.000645
"S157_a_WGS","IjazUZ_2017","subIJ_37","stool","control","healthy","adult","GBR","no","IlluminaHiSeq","28222161",3504580,988638665,72,302,"Paolo_Manghi,Marisa_Metzger",NA,39,NA,"ERR1776128",NA,"no",0,"no",NA,NA,NA,NA,NA,NA,NA,NA,NA,NA,NA,"IjazUZ_2017_37",NA,NA,NA,"Healthy",2.96507828417796,8.427125
"S158_a_WGS","IjazUZ_2017","subIJ_38","stool","control","healthy","adult","GBR","no","IlluminaHiSeq","28222161",3878327,1069184941,72,302,"Paolo_Manghi,Marisa_Metzger",NA,36,NA,"ERR1776129",NA,"no",278,"no",NA,NA,NA,NA,NA,NA,NA,NA,NA,NA,NA,"IjazUZ_2017_38",NA,NA,NA,"Healthy",2.46172075419324,7.939045
"S159_a_WGS","IjazUZ_2017","subIJ_39","stool","control","healthy","adult","GBR","no","IlluminaHiSeq","28222161",8357728,2332416654,72,302,"Paolo_Manghi,Marisa_Metzger",NA,55,NA,"ERR1776130",NA,"no",0,"no",NA,NA,NA,NA,NA,NA,NA,NA,NA,NA,NA,"IjazUZ_2017_39",NA,NA,NA,"Healthy",2.09789932396139,10.60639
"S18_a_WGS","IjazUZ_2017","subIJ_3R","stool","control","healthy","adult","GBR","no","IlluminaHiSeq","28222161",2716070,737850150,72,302,"Paolo_Manghi,Marisa_Metzger",NA,40,"male","ERR1776142",NA,"no",360,"no",NA,NA,NA,NA,NA,NA,NA,NA,NA,NA,NA,"IjazUZ_2017_3","father",NA,NA,"Healthy",2.63537464581571,8.33596
"S160_a_WGS","IjazUZ_2017","subIJ_40","stool","control","healthy","adult","GBR","no","IlluminaHiSeq","28222161",4484887,1258543303,72,302,"Paolo_Manghi,Marisa_Metzger",NA,52,NA,"ERR1776132",NA,"no",0,"no",NA,NA,NA,NA,NA,NA,NA,NA,NA,NA,NA,"IjazUZ_2017_40",NA,NA,NA,"Healthy",3.14604717966333,9.41233000000001
"S161_a_WGS","IjazUZ_2017","subIJ_41","stool","control","healthy","adult","GBR","no","IlluminaHiSeq","28222161",2369790,662844802,72,302,"Paolo_Manghi,Marisa_Metzger",NA,61,NA,"ERR1776133",NA,"no",522,"no",NA,NA,NA,NA,NA,NA,NA,NA,NA,NA,NA,"IjazUZ_2017_41",NA,NA,NA,"Healthy",2.96968079943291,8.46871
"S162_a_WGS","IjazUZ_2017","subIJ_42","stool","control","healthy","adult","GBR","no","IlluminaHiSeq","28222161",5570550,1566536923,72,302,"Paolo_Manghi,Marisa_Metzger",NA,39,NA,"ERR1776134",NA,"no",0,"no",NA,NA,NA,NA,NA,NA,NA,NA,NA,NA,NA,"IjazUZ_2017_42",NA,NA,NA,"Healthy",2.41166990728542,6.174105
"S163_a_WGS","IjazUZ_2017","subIJ_43","stool","control","healthy","adult","GBR","no","IlluminaHiSeq","28222161",5952905,1650912136,72,302,"Paolo_Manghi,Marisa_Metzger",NA,40,NA,"ERR1776135",NA,"no",0,"no",NA,NA,NA,NA,NA,NA,NA,NA,NA,NA,NA,"IjazUZ_2017_43",NA,NA,NA,"Healthy",2.74156044110459,7.40028
"S164_a_WGS","IjazUZ_2017","subIJ_44","stool","control","healthy","adult","GBR","no","IlluminaHiSeq","28222161",5968995,1668010747,72,302,"Paolo_Manghi,Marisa_Metzger",NA,33,NA,"ERR1776136",NA,"no",0,"no",NA,NA,NA,NA,NA,NA,NA,NA,NA,NA,NA,"IjazUZ_2017_44",NA,NA,NA,"Healthy",3.03767027424099,10.11191
"S165_a_WGS","IjazUZ_2017","subIJ_45","stool","control","healthy","adult","GBR","no","IlluminaHiSeq","28222161",3228354,895343613,72,302,"Paolo_Manghi,Marisa_Metzger",NA,39,NA,"ERR1776137",NA,"no",330,"no",NA,NA,NA,NA,NA,NA,NA,NA,NA,NA,NA,"IjazUZ_2017_45",NA,NA,NA,"Healthy",3.0787910902431,9.89341
"S166_a_WGS","IjazUZ_2017","subIJ_46","stool","control","healthy","adult","GBR","no","IlluminaHiSeq","28222161",4936539,1386707008,72,302,"Paolo_Manghi,Marisa_Metzger",NA,36,NA,"ERR1776138",NA,"no",200,"no",NA,NA,NA,NA,NA,NA,NA,NA,NA,NA,NA,"IjazUZ_2017_46",NA,NA,NA,"Healthy",2.24143083673039,9.43617
"S167_a_WGS","IjazUZ_2017","subIJ_47","stool","control","healthy","adult","GBR","no","IlluminaHiSeq","28222161",9039229,2510561209,72,302,"Paolo_Manghi,Marisa_Metzger",NA,49,NA,"ERR1776139",NA,"no",278,"no",NA,NA,NA,NA,NA,NA,NA,NA,NA,NA,NA,"IjazUZ_2017_47",NA,NA,NA,"Healthy",2.86999483458741,10.320695
"S26_a_WGS","IjazUZ_2017","subIJ_4R","stool","control","healthy","adult","GBR","no","IlluminaHiSeq","28222161",1477688,413535310,72,302,"Paolo_Manghi,Marisa_Metzger",NA,37,"female","ERR1776144",NA,"no",663,"no",NA,NA,NA,NA,NA,NA,NA,NA,NA,NA,NA,"IjazUZ_2017_4","mother",NA,NA,"Healthy",2.62985379422408,8.358655
"S29_a_WGS","IjazUZ_2017","subIJ_5","stool","IBD","IBD","schoolage","GBR","no","IlluminaHiSeq","28222161",2835447,775388196,72,302,"Paolo_Manghi,Marisa_Metzger","CD",12,NA,"ERR1776147",30,"no",17976,"EEN;aza",NA,NA,NA,NA,NA,NA,NA,NA,NA,NA,NA,"IjazUZ_2017_5","child","L3L4","no","IBD",2.15162394318137,6.449815
"S31_a_WGS","IjazUZ_2017","subIJ_5","stool","IBD","IBD","schoolage","GBR","no","IlluminaHiSeq","28222161",3613408,939506222,72,302,"Paolo_Manghi,Marisa_Metzger","CD",12,NA,"ERR1776150",NA,"no",24702,"aza;nutritions",NA,NA,NA,NA,NA,NA,NA,NA,NA,NA,NA,"IjazUZ_2017_5","child","L3L4",NA,"IBD",2.17015807203995,6.279295
"S27_a_WGS","IjazUZ_2017","subIJ_5","stool","IBD","IBD","schoolage","GBR","no","IlluminaHiSeq","28222161",4032308,1122635383,72,302,"Paolo_Manghi,Marisa_Metzger","CD",12,NA,"ERR1776145",0,"no",22623,"aza",NA,NA,NA,NA,NA,NA,NA,NA,NA,NA,NA,"IjazUZ_2017_5","child","L3L4","no","IBD",2.17106779923336,6.267715
"S28_a_WGS","IjazUZ_2017","subIJ_5","stool","IBD","IBD","schoolage","GBR","no","IlluminaHiSeq","28222161",4733996,1332779176,72,302,"Paolo_Manghi,Marisa_Metzger","CD",12,NA,"ERR1776146",15,"no",18080,"EEN;aza",NA,NA,NA,NA,NA,NA,NA,NA,NA,NA,NA,"IjazUZ_2017_5","child","L3L4","no","IBD",1.29910395268996,6.658165
"S30_a_WGS","IjazUZ_2017","subIJ_5","stool","IBD","IBD","schoolage","GBR","no","IlluminaHiSeq","28222161",5264879,1489268567,72,302,"Paolo_Manghi,Marisa_Metzger","CD",12,NA,"ERR1776149",NA,"no",20558,"aza",NA,NA,NA,NA,NA,NA,NA,NA,NA,NA,NA,"IjazUZ_2017_5","child","L3L4","no","IBD",1.20182953628078,3.875765
"S128_a_WGS","IjazUZ_2017","subIJ_50","stool","control","healthy","child","GBR","no","IlluminaHiSeq","28222161",2798649,779505868,72,302,"Paolo_Manghi,Marisa_Metzger",NA,10,NA,"ERR1776107",NA,"no",576,"no",NA,NA,NA,NA,NA,NA,NA,NA,NA,NA,NA,"IjazUZ_2017_50",NA,NA,NA,"Healthy",2.71402261328475,8.91593999999999
"S130_a_WGS","IjazUZ_2017","subIJ_51","stool","control","healthy","child","GBR","no","IlluminaHiSeq","28222161",3757735,1028562543,72,302,"Paolo_Manghi,Marisa_Metzger",NA,7,NA,"ERR1776108",NA,"no",37,"no",NA,NA,NA,NA,NA,NA,NA,NA,NA,NA,NA,"IjazUZ_2017_51",NA,NA,NA,"Healthy",2.95767272907406,10.275925
"S132_a_WGS","IjazUZ_2017","subIJ_52","stool","control","healthy","child","GBR","no","IlluminaHiSeq","28222161",5028567,1388261839,72,302,"Paolo_Manghi,Marisa_Metzger",NA,8,NA,"ERR1776109",NA,"no",70,"no",NA,NA,NA,NA,NA,NA,NA,NA,NA,NA,NA,"IjazUZ_2017_52",NA,NA,NA,"Healthy",2.87915785848214,7.559125
"S134_a_WGS","IjazUZ_2017","subIJ_53","stool","control","healthy","child","GBR","no","IlluminaHiSeq","28222161",5432398,1518780193,72,302,"Paolo_Manghi,Marisa_Metzger",NA,10,NA,"ERR1776110",NA,"no",20,"no",NA,NA,NA,NA,NA,NA,NA,NA,NA,NA,NA,"IjazUZ_2017_53",NA,NA,NA,"Healthy",3.0053502095874,9.43651499999999
"S119_a_WGS","IjazUZ_2017","subIJ_56","stool","control","healthy","child","GBR","no","IlluminaHiSeq","28222161",4965592,1400440198,72,302,"Paolo_Manghi,Marisa_Metzger",NA,NA,NA,"ERR1776106",NA,"no",1152,"no",NA,NA,NA,NA,NA,NA,NA,NA,NA,NA,NA,"IjazUZ_2017_56",NA,NA,NA,"Healthy",3.22732275757806,10.496695
"S32_a_WGS","IjazUZ_2017","subIJ_6","stool","IBD","IBD","child","GBR","no","IlluminaHiSeq","28222161",2071894,546377088,72,302,"Paolo_Manghi,Marisa_Metzger","CD",7,NA,"ERR1776151",0,"no",21022,"aza",NA,NA,NA,NA,NA,NA,NA,NA,NA,NA,NA,"IjazUZ_2017_6","child","L2","yes","IBD",2.59728683594802,8.119195
"S33_a_WGS","IjazUZ_2017","subIJ_6","stool","IBD","IBD","child","GBR","no","IlluminaHiSeq","28222161",3152304,816741005,72,302,"Paolo_Manghi,Marisa_Metzger","CD",7,NA,"ERR1776152",15,"no",19999,"EEN;aza",NA,NA,NA,NA,NA,NA,NA,NA,NA,NA,NA,"IjazUZ_2017_6","child","L2","yes","IBD",1.94130092016438,6.138365
"S34_a_WGS","IjazUZ_2017","subIJ_6","stool","IBD","IBD","child","GBR","no","IlluminaHiSeq","28222161",3171801,812703804,72,302,"Paolo_Manghi,Marisa_Metzger","CD",7,NA,"ERR1776153",30,"no",15358,"EEN;aza",NA,NA,NA,NA,NA,NA,NA,NA,NA,NA,NA,"IjazUZ_2017_6","child","L2","yes","IBD",1.8623372501806,5.769525
"S36_a_WGS","IjazUZ_2017","subIJ_6","stool","IBD","IBD","child","GBR","no","IlluminaHiSeq","28222161",3469906,943853093,72,302,"Paolo_Manghi,Marisa_Metzger","CD",7,NA,"ERR1776155",NA,"no",16322,"5-ASA;overnight_feeds",NA,NA,NA,NA,NA,NA,NA,NA,NA,NA,NA,"IjazUZ_2017_6","child","L2",NA,"IBD",2.33999875237516,9.414785
"S35_a_WGS","IjazUZ_2017","subIJ_6","stool","IBD","IBD","child","GBR","no","IlluminaHiSeq","28222161",6171506,1713581537,72,302,"Paolo_Manghi,Marisa_Metzger","CD",7,NA,"ERR1776154",NA,"no",7181,"aza",NA,NA,NA,NA,NA,NA,NA,NA,NA,NA,NA,"IjazUZ_2017_6","child","L2","yes","IBD",2.35427892163431,7.503155
"S138_a_WGS","IjazUZ_2017","subIJ_61","stool","control","healthy","schoolage","GBR","no","IlluminaHiSeq","28222161",6275532,1761039985,72,302,"Paolo_Manghi,Marisa_Metzger",NA,13,NA,"ERR1776111",NA,"no",796,"no",NA,NA,NA,NA,NA,NA,NA,NA,NA,NA,NA,"IjazUZ_2017_61",NA,NA,NA,"Healthy",2.75697970313445,9.08173
"S43_a_WGS","IjazUZ_2017","subIJ_7R","stool","control","healthy","adult","GBR","no","IlluminaHiSeq","28222161",4338764,1177657742,72,302,"Paolo_Manghi,Marisa_Metzger",NA,39,"female","ERR1776157",NA,"no",5948,"no",NA,NA,NA,NA,NA,NA,NA,NA,NA,NA,NA,"IjazUZ_2017_7","mother",NA,NA,"Healthy",2.78453527235156,12.76161
"S49_a_WGS","IjazUZ_2017","subIJ_8","stool","IBD","IBD","schoolage","GBR","no","IlluminaHiSeq","28222161",1640907,431508026,72,302,"Paolo_Manghi,Marisa_Metzger","CD",14,NA,"ERR1776162",NA,"no",20853,"probiotic",NA,NA,NA,NA,NA,NA,NA,NA,NA,NA,NA,"IjazUZ_2017_8","child","L3",NA,"IBD",2.15715152659707,5.709625
"S45_a_WGS","IjazUZ_2017","subIJ_8","stool","IBD","IBD","schoolage","GBR","no","IlluminaHiSeq","28222161",2492282,689490392,72,302,"Paolo_Manghi,Marisa_Metzger","CD",14,NA,"ERR1776158",0,"no",22723,"no",NA,NA,NA,NA,NA,NA,NA,NA,NA,NA,NA,"IjazUZ_2017_8","child","L3","yes","IBD",2.06423996506403,5.819135
"S46_a_WGS","IjazUZ_2017","subIJ_8","stool","IBD","IBD","schoolage","GBR","no","IlluminaHiSeq","28222161",2578200,700299588,72,302,"Paolo_Manghi,Marisa_Metzger","CD",14,NA,"ERR1776159",15,"no",18416,"EEN",NA,NA,NA,NA,NA,NA,NA,NA,NA,NA,NA,"IjazUZ_2017_8","child","L3","yes","IBD",2.96413344178832,7.137175
"S48_a_WGS","IjazUZ_2017","subIJ_8","stool","IBD","IBD","schoolage","GBR","no","IlluminaHiSeq","28222161",2698906,746771525,72,302,"Paolo_Manghi,Marisa_Metzger","CD",14,NA,"ERR1776161",NA,"no",16858,"no",NA,NA,NA,NA,NA,NA,NA,NA,NA,NA,NA,"IjazUZ_2017_8","child","L3","yes","IBD",1.78412149563476,5.401745
"S47_a_WGS","IjazUZ_2017","subIJ_8","stool","IBD","IBD","schoolage","GBR","no","IlluminaHiSeq","28222161",3615959,1013774781,72,302,"Paolo_Manghi,Marisa_Metzger","CD",14,NA,"ERR1776160",30,"no",16737,"EEN",NA,NA,NA,NA,NA,NA,NA,NA,NA,NA,NA,"IjazUZ_2017_8","child","L3","yes","IBD",1.60415384330211,5.467875
"S50_a_WGS","IjazUZ_2017","subIJ_8R","stool","control","healthy","adult","GBR","no","IlluminaHiSeq","28222161",3034746,849902892,72,302,"Paolo_Manghi,Marisa_Metzger",NA,36,"female","ERR1776164",NA,"no",484,"no",NA,NA,NA,NA,NA,NA,NA,NA,NA,NA,NA,"IjazUZ_2017_8","mother",NA,NA,"Healthy",2.69710710827587,8.367295
"S51_a_WGS","IjazUZ_2017","subIJ_9","stool","IBD","IBD","schoolage","GBR","no","IlluminaHiSeq","28222161",1363261,368015633,72,302,"Paolo_Manghi,Marisa_Metzger","CD",12,NA,"ERR1776165",0,"no",25817,"aza;5-ASA",NA,NA,NA,NA,NA,NA,NA,NA,NA,NA,NA,"IjazUZ_2017_9","child","L3L4","no","IBD",2.57739065335419,8.028785
"S53_a_WGS","IjazUZ_2017","subIJ_9","stool","IBD","IBD","schoolage","GBR","no","IlluminaHiSeq","28222161",2608836,725042735,72,302,"Paolo_Manghi,Marisa_Metzger","CD",12,NA,"ERR1776167",30,"no",23943,"aza;5-ASA;EEN",NA,NA,NA,NA,NA,NA,NA,NA,NA,NA,NA,"IjazUZ_2017_9","child","L3L4","no","IBD",2.18093512892598,6.655565
"S52_a_WGS","IjazUZ_2017","subIJ_9","stool","IBD","IBD","schoolage","GBR","no","IlluminaHiSeq","28222161",4173393,1178313971,72,302,"Paolo_Manghi,Marisa_Metzger","CD",12,NA,"ERR1776166",15,"no",23411,"aza;5-ASA;EEN",NA,NA,NA,NA,NA,NA,NA,NA,NA,NA,NA,"IjazUZ_2017_9","child","L3L4","no","IBD",2.25783436115111,6.724565
"S54_a_WGS","IjazUZ_2017","subIJ_9","stool","IBD","IBD","schoolage","GBR","no","IlluminaHiSeq","28222161",4226179,1185762916,72,302,"Paolo_Manghi,Marisa_Metzger","CD",12,NA,"ERR1776168",NA,"no",24609,"aza;5-ASA",NA,NA,NA,NA,NA,NA,NA,NA,NA,NA,NA,"IjazUZ_2017_9","child","L3L4","no","IBD",2.42232858766422,7.224325
"S55_a_WGS","IjazUZ_2017","subIJ_9","stool","IBD","IBD","schoolage","GBR","no","IlluminaHiSeq","28222161",4504620,1233151325,72,302,"Paolo_Manghi,Marisa_Metzger","CD",12,NA,"ERR1776169",NA,"no",24950,"aza;5-ASA;modulen_suppl",NA,NA,NA,NA,NA,NA,NA,NA,NA,NA,NA,"IjazUZ_2017_9","child","L3L4",NA,"IBD",2.94006525841657,9.188155
"DLF005-IE","LiJ_2014","DLF005-IE","stool","T2D","T2D","adult","CHN","no","IlluminaHiSeq","24997786",21077425,1694013587,30,85,"Aitor_Blanco_Miguez;Paolo_Manghi",NA,NA,NA,"ERR504979;ERR504973",NA,NA,NA,NA,NA,"MoBio",NA,NA,NA,NA,NA,NA,NA,NA,NA,NA,NA,NA,NA,"IBD",3.14968118782541,12.090115
"DLM006-IE","LiJ_2014","DLM006-IE","stool","T2D","T2D","adult","CHN","no","IlluminaHiSeq","24997786",44928603,3631494344,30,84,"Aitor_Blanco_Miguez;Paolo_Manghi",NA,NA,NA,"ERR504980;ERR504974",NA,NA,NA,NA,NA,"MoBio",NA,NA,NA,NA,NA,NA,NA,NA,NA,NA,NA,NA,NA,"IBD",2.82199662877683,11.55426
"DOM005-IE","LiJ_2014","DOM005-IE","stool","T2D","T2D","adult","CHN","no","IlluminaHiSeq","24997786",11875004,970467241,30,87,"Aitor_Blanco_Miguez;Paolo_Manghi",NA,NA,NA,"ERR504985",NA,NA,NA,NA,NA,"MoBio",NA,NA,NA,NA,NA,NA,NA,NA,NA,NA,NA,NA,NA,"IBD",1.86620295852263,6.819905
"DOM017-IE","LiJ_2014","DOM017-IE","stool","T2D","T2D","adult","CHN","no","IlluminaHiSeq","24997786",22367714,1813824532,30,85,"Aitor_Blanco_Miguez;Paolo_Manghi",NA,NA,NA,"ERR504981;ERR504975",NA,NA,NA,NA,NA,"MoBio",NA,NA,NA,NA,NA,NA,NA,NA,NA,NA,NA,NA,NA,"IBD",2.76908481898769,9.494455
"MH0192","LiJ_2014","MH0192","stool","T2D","T2D","adult","DNK","no","IlluminaHiSeq","24997786",61852063,5036743512,30,85,"Aitor_Blanco_Miguez;Paolo_Manghi",NA,45,"female","ERR414512;ERR414511;ERR414231;ERR414230",NA,NA,NA,NA,36,"MoBio",NA,NA,NA,NA,NA,NA,5.18,8.2,15.84,NA,NA,NA,NA,"IBD",3.05602758668957,10.584925
"MH0221","LiJ_2014","MH0221","stool","T2D","T2D","adult","DNK","no","IlluminaHiSeq","24997786",60108307,4936149003,30,87,"Aitor_Blanco_Miguez;Paolo_Manghi",NA,60,"female","ERR414513;ERR414232",NA,NA,NA,"metformin",24.1,"MoBio",NA,NA,NA,NA,NA,NA,2.94,7.6,13.64,NA,NA,NA,NA,"IBD",2.07002322534134,8.580555
"MH0222","LiJ_2014","MH0222","stool","T2D","T2D","senior","DNK","no","IlluminaHiSeq","24997786",62311949,5152411335,30,87,"Aitor_Blanco_Miguez;Paolo_Manghi",NA,69,"male","ERR414514;ERR414233",NA,NA,NA,"metformin",38.9,"MoBio",NA,NA,NA,NA,NA,NA,4.76,8.8,15.84,NA,NA,NA,NA,"IBD",3.12602071731508,13.56417
"MH0234","LiJ_2014","MH0234","stool","T2D","T2D","senior","DNK","no","IlluminaHiSeq","24997786",67581921,5490133061,30,87,"Aitor_Blanco_Miguez;Paolo_Manghi",NA,66,"female","ERR414515;ERR414234",NA,NA,NA,"metformin",36.1,"MoBio",NA,NA,NA,NA,NA,NA,11.34,8.1,14.96,NA,NA,NA,NA,"IBD",3.14890273144997,13.327185
"MH0238","LiJ_2014","MH0238","stool","T2D","T2D","senior","DNK","no","IlluminaHiSeq","24997786",60807788,4750131448,30,84,"Aitor_Blanco_Miguez;Paolo_Manghi",NA,71,"male","ERR414516;ERR414235",NA,NA,NA,"metformin",28.6,"MoBio",NA,NA,NA,NA,NA,NA,6.44,8.2,14.74,NA,NA,NA,NA,"IBD",3.45906922773978,13.10545
"MH0245","LiJ_2014","MH0245","stool","T2D","T2D","senior","DNK","no","IlluminaHiSeq","24997786",58900610,4682933439,30,85,"Aitor_Blanco_Miguez;Paolo_Manghi",NA,65,"female","ERR414517;ERR414236",NA,NA,NA,"metformin",27.9,"MoBio",NA,NA,NA,NA,NA,NA,4.9,7.1,12.76,NA,NA,NA,NA,"IBD",3.40655228795322,14.19533
"MH0246","LiJ_2014","MH0246","stool","T2D","T2D","adult","DNK","no","IlluminaHiSeq","24997786",62516094,5140405172,30,85,"Aitor_Blanco_Miguez;Paolo_Manghi",NA,50,"male","ERR414519;ERR414518;ERR414238;ERR414237",NA,NA,NA,NA,40.8,"MoBio",NA,NA,NA,NA,NA,NA,16.66,14.3,23.32,NA,NA,NA,NA,"IBD",3.0570384216681,13.010395
"MH0252","LiJ_2014","MH0252","stool","T2D","T2D","senior","DNK","no","IlluminaHiSeq","24997786",66840148,5384433731,30,87,"Aitor_Blanco_Miguez;Paolo_Manghi",NA,65,"male","ERR414520;ERR414239",NA,NA,NA,NA,34.4,"MoBio",NA,NA,NA,NA,NA,NA,7.42,7.5,16.72,NA,NA,NA,NA,"IBD",3.60849940392792,15.47324
"MH0259","LiJ_2014","MH0259","stool","T2D","T2D","senior","DNK","no","IlluminaHiSeq","24997786",62904228,5096961954,30,85,"Aitor_Blanco_Miguez;Paolo_Manghi",NA,71,"male","ERR414521;ERR414240",NA,NA,NA,NA,22.8,"MoBio",NA,NA,NA,NA,NA,NA,6.58,7.7,13.86,NA,NA,NA,NA,"IBD",3.25803240669201,12.97302
"MH0260","LiJ_2014","MH0260","stool","T2D","T2D","senior","DNK","no","IlluminaHiSeq","24997786",80278004,6671122023,30,85,"Aitor_Blanco_Miguez;Paolo_Manghi",NA,70,"male","ERR414522;ERR414241",NA,NA,NA,NA,22.8,"MoBio",NA,NA,NA,NA,NA,NA,6.3,7.3,12.98,NA,NA,NA,NA,"IBD",2.06002249796997,13.185715
"MH0261","LiJ_2014","MH0261","stool","T2D","T2D","senior","DNK","no","IlluminaHiSeq","24997786",60501629,4973374019,30,85,"Aitor_Blanco_Miguez;Paolo_Manghi",NA,65,"female","ERR414523;ERR414242",NA,NA,NA,NA,32.4,"MoBio",NA,NA,NA,NA,NA,NA,7.42,12.3,22,NA,NA,NA,NA,"IBD",1.01675552817731,10.051775
"MH0262","LiJ_2014","MH0262","stool","T2D","T2D","senior","DNK","no","IlluminaHiSeq","24997786",57966309,4717620325,30,85,"Aitor_Blanco_Miguez;Paolo_Manghi",NA,71,"male","ERR414524;ERR414243",NA,NA,NA,"metformin",24.3,"MoBio",NA,NA,NA,NA,NA,NA,3.36,6.1,15.18,NA,NA,NA,NA,"IBD",3.03856026520234,14.45223
"MH0264","LiJ_2014","MH0264","stool","T2D","T2D","senior","DNK","no","IlluminaHiSeq","24997786",62022051,5141664871,30,85,"Aitor_Blanco_Miguez;Paolo_Manghi",NA,65,"female","ERR414525;ERR414244",NA,NA,NA,"metformin",39,"MoBio",NA,NA,NA,NA,NA,NA,6.72,7.7,14.3,NA,NA,NA,NA,"IBD",1.62676311264628,12.83043
"MH0265","LiJ_2014","MH0265","stool","T2D","T2D","adult","DNK","no","IlluminaHiSeq","24997786",68092637,5632125433,30,85,"Aitor_Blanco_Miguez;Paolo_Manghi",NA,55,"male","ERR414526;ERR414245",NA,NA,NA,"metformin",50.1,"MoBio",NA,NA,NA,NA,NA,NA,7.56,7.3,13.86,NA,NA,NA,NA,"IBD",2.93749668898477,14.0106
"MH0266","LiJ_2014","MH0266","stool","T2D","T2D","adult","DNK","no","IlluminaHiSeq","24997786",74669062,6117253701,30,85,"Aitor_Blanco_Miguez;Paolo_Manghi",NA,60,"male","ERR414527;ERR414246",NA,NA,NA,"metformin",25.9,"MoBio",NA,NA,NA,NA,NA,NA,5.18,9.3,14.52,NA,NA,NA,NA,"IBD",2.54579089361874,12.223865
"MH0268","LiJ_2014","MH0268","stool","T2D","T2D","adult","DNK","no","IlluminaHiSeq","24997786",71047353,5872143105,30,85,"Aitor_Blanco_Miguez;Paolo_Manghi",NA,40,"male","ERR414528;ERR414247",NA,NA,NA,"metformin",36.2,"MoBio",NA,NA,NA,NA,NA,NA,19.32,12,17.16,NA,NA,NA,NA,"IBD",2.92218610557295,14.049945
"MH0270","LiJ_2014","MH0270","stool","T2D","T2D","adult","DNK","no","IlluminaHiSeq","24997786",58040519,4766705772,30,85,"Aitor_Blanco_Miguez;Paolo_Manghi",NA,61,"male","ERR414529;ERR414248",NA,NA,NA,"metformin",39.3,"MoBio",NA,NA,NA,NA,NA,NA,19.74,7.1,14.08,NA,NA,NA,NA,"IBD",3.31754611810361,14.99451
"MH0271","LiJ_2014","MH0271","stool","T1D","T1D","adult","DNK","no","IlluminaHiSeq","24997786",58855745,4820056656,30,85,"Aitor_Blanco_Miguez;Paolo_Manghi",NA,51,"female","ERR414531;ERR414530;ERR414250;ERR414249",NA,NA,NA,NA,27.3,"MoBio",NA,NA,NA,NA,NA,NA,11.76,13.9,17.6,NA,NA,NA,NA,"IBD",2.90336165021652,11.147845
"MH0280","LiJ_2014","MH0280","stool","T2D","T2D","senior","DNK","no","IlluminaHiSeq","24997786",70550386,5838443247,30,85,"Aitor_Blanco_Miguez;Paolo_Manghi",NA,71,"male","ERR414532;ERR414251",NA,NA,NA,"metformin",35,"MoBio",NA,NA,NA,NA,NA,NA,7.42,8.8,18.7,NA,NA,NA,NA,"IBD",3.38386052004254,13.9929
"MH0281","LiJ_2014","MH0281","stool","T2D","T2D","senior","DNK","no","IlluminaHiSeq","24997786",65702496,5432509451,30,86,"Aitor_Blanco_Miguez;Paolo_Manghi",NA,65,"female","ERR414533;ERR414252",NA,NA,NA,NA,24,"MoBio",NA,NA,NA,NA,NA,NA,9.94,7.3,14.96,NA,NA,NA,NA,"IBD",3.29123404551432,13.080675
"MH0283","LiJ_2014","MH0283","stool","T2D","T2D","adult","DNK","no","IlluminaHiSeq","24997786",65964515,5438471779,30,87,"Aitor_Blanco_Miguez;Paolo_Manghi",NA,56,"male","ERR414535;ERR414534;ERR414254;ERR414253",NA,NA,NA,"metformin",32.8,"MoBio",NA,NA,NA,NA,NA,NA,13.16,8.2,14.96,NA,NA,NA,NA,"IBD",1.03663535454259,11.107835
"MH0284","LiJ_2014","MH0284","stool","T2D","T2D","adult","DNK","no","IlluminaHiSeq","24997786",70382780,5713316182,30,84,"Aitor_Blanco_Miguez;Paolo_Manghi",NA,55,"male","ERR414536;ERR414255",NA,NA,NA,"metformin",45.7,"MoBio",NA,NA,NA,NA,NA,NA,25.9,8.5,14.3,NA,NA,NA,NA,"IBD",2.52731671162435,14.13522
"MH0290","LiJ_2014","MH0290","stool","control","healthy","adult","DNK","no","IlluminaHiSeq","24997786",56934825,4515024728,30,85,"Aitor_Blanco_Miguez;Paolo_Manghi",NA,50,"male","ERR414537;ERR414256",NA,NA,NA,NA,28.4,"MoBio",NA,NA,NA,NA,NA,NA,NA,NA,NA,NA,NA,NA,NA,"Healthy",2.94240774555552,14.21848
"MH0293","LiJ_2014","MH0293","stool","T2D","T2D","adult","DNK","no","IlluminaHiSeq","24997786",58568647,4696550489,30,85,"Aitor_Blanco_Miguez;Paolo_Manghi",NA,51,"male","ERR414539;ERR414538;ERR414258;ERR414257",NA,NA,NA,"metformin",39.9,"MoBio",NA,NA,NA,NA,NA,NA,8.96,8.7,19.58,NA,NA,NA,NA,"IBD",3.43839706126406,13.28468
"MH0297","LiJ_2014","MH0297","stool","T2D","T2D","adult","DNK","no","IlluminaHiSeq","24997786",61333125,4960801630,30,87,"Aitor_Blanco_Miguez;Paolo_Manghi",NA,50,"female","ERR414541;ERR414540;ERR414260;ERR414259",NA,NA,NA,"metformin",31.7,"MoBio",NA,NA,NA,NA,NA,NA,4.06,5.3,12.32,NA,NA,NA,NA,"IBD",2.8557448834007,11.91058
"MH0298","LiJ_2014","MH0298","stool","T2D","T2D","senior","DNK","no","IlluminaHiSeq","24997786",52981568,4229291619,30,87,"Aitor_Blanco_Miguez;Paolo_Manghi",NA,70,"female","ERR414542;ERR414261",NA,NA,NA,"metformin",27.5,"MoBio",NA,NA,NA,NA,NA,NA,27.3,9.9,19.36,NA,NA,NA,NA,"IBD",3.19013512089777,12.23208
"MH0299","LiJ_2014","MH0299","stool","T2D","T2D","adult","DNK","no","IlluminaHiSeq","24997786",56411279,4694328266,30,87,"Aitor_Blanco_Miguez;Paolo_Manghi",NA,50,"male","ERR414543;ERR414262",NA,NA,NA,"metformin",32.4,"MoBio",NA,NA,NA,NA,NA,NA,11.48,10.5,21.78,NA,NA,NA,NA,"IBD",1.82441075543621,11.633825
"MH0301","LiJ_2014","MH0301","stool","T2D","T2D","senior","DNK","no","IlluminaHiSeq","24997786",53867756,4255541801,30,85,"Aitor_Blanco_Miguez;Paolo_Manghi",NA,66,"male","ERR414544;ERR414263",NA,NA,NA,"metformin",35.5,"MoBio",NA,NA,NA,NA,NA,NA,10.92,6,13.42,NA,NA,NA,NA,"IBD",2.96199808247076,12.40095
"MH0303","LiJ_2014","MH0303","stool","T2D","T2D","adult","DNK","no","IlluminaHiSeq","24997786",57469796,4656516914,30,87,"Aitor_Blanco_Miguez;Paolo_Manghi",NA,55,"male","ERR414545;ERR414264",NA,NA,NA,"metformin",30.4,"MoBio",NA,NA,NA,NA,NA,NA,5.74,6.9,14.74,NA,NA,NA,NA,"IBD",3.45776076955325,13.77751
"MH0308","LiJ_2014","MH0308","stool","T2D","T2D","senior","DNK","no","IlluminaHiSeq","24997786",66922933,5572875221,30,87,"Aitor_Blanco_Miguez;Paolo_Manghi",NA,66,"female","ERR414546;ERR414265",NA,NA,NA,"metformin",24.6,"MoBio",NA,NA,NA,NA,NA,NA,7.98,9.3,16.72,NA,NA,NA,NA,"IBD",3.31320507283746,13.67676
"MH0309","LiJ_2014","MH0309","stool","T2D","T2D","senior","DNK","no","IlluminaHiSeq","24997786",64503106,5197974947,30,87,"Aitor_Blanco_Miguez;Paolo_Manghi",NA,66,"male","ERR414547;ERR414266",NA,NA,NA,"metformin",22.8,"MoBio",NA,NA,NA,NA,NA,NA,3.08,9.4,13.42,NA,NA,NA,NA,"IBD",2.98687119339833,12.21873
"MH0310","LiJ_2014","MH0310","stool","T2D","T2D","senior","DNK","no","IlluminaHiSeq","24997786",69119335,5733233614,30,85,"Aitor_Blanco_Miguez;Paolo_Manghi",NA,70,"male","ERR414548;ERR414267",NA,NA,NA,"metformin",25.7,"MoBio",NA,NA,NA,NA,NA,NA,5.6,7.3,17.6,NA,NA,NA,NA,"IBD",2.60205327259016,12.640225
"MH0311","LiJ_2014","MH0311","stool","T2D","T2D","senior","DNK","no","IlluminaHiSeq","24997786",63186265,5147252137,30,85,"Aitor_Blanco_Miguez;Paolo_Manghi",NA,66,"female","ERR414549;ERR414268",NA,NA,NA,"metformin",37.6,"MoBio",NA,NA,NA,NA,NA,NA,7.14,5.9,12.98,NA,NA,NA,NA,"IBD",2.84409402764764,10.144685
"MH0314","LiJ_2014","MH0314","stool","T2D","T2D","adult","DNK","no","IlluminaHiSeq","24997786",60056854,4753917897,30,85,"Aitor_Blanco_Miguez;Paolo_Manghi",NA,61,"female","ERR414551;ERR414550;ERR414270;ERR414269",NA,NA,NA,"metformin",33.7,"MoBio",NA,NA,NA,NA,NA,NA,8.68,7,13.2,NA,NA,NA,NA,"IBD",2.92651988416973,13.13136
"MH0315","LiJ_2014","MH0315","stool","T2D","T2D","senior","DNK","no","IlluminaHiSeq","24997786",61868592,4941994567,30,87,"Aitor_Blanco_Miguez;Paolo_Manghi",NA,65,"male","ERR414553;ERR414552;ERR414272;ERR414271",NA,NA,NA,"metformin",33.1,"MoBio",NA,NA,NA,NA,NA,NA,3.5,6.7,13.42,NA,NA,NA,NA,"IBD",3.11506705849726,12.98644
"MH0319","LiJ_2014","MH0319","stool","T2D","T2D","senior","DNK","no","IlluminaHiSeq","24997786",64887642,5258068225,30,81,"Aitor_Blanco_Miguez;Paolo_Manghi",NA,66,"female","ERR414554;ERR414273",NA,NA,NA,"metformin",28.8,"MoBio",NA,NA,NA,NA,NA,NA,8.4,7.5,14.08,NA,NA,NA,NA,"IBD",3.01586795240403,12.20729
"MH0323","LiJ_2014","MH0323","stool","T2D","T2D","adult","DNK","no","IlluminaHiSeq","24997786",62707653,5133947620,30,85,"Aitor_Blanco_Miguez;Paolo_Manghi",NA,61,"male","ERR414555;ERR414274",NA,NA,NA,"metformin",25.3,"MoBio",NA,NA,NA,NA,NA,NA,6.72,7.4,13.2,NA,NA,NA,NA,"IBD",3.04878601499383,13.190165
"MH0325","LiJ_2014","MH0325","stool","T2D","T2D","adult","DNK","no","IlluminaHiSeq","24997786",58615449,4809561580,30,85,"Aitor_Blanco_Miguez;Paolo_Manghi",NA,60,"female","ERR414556;ERR414275",NA,NA,NA,"metformin",47.9,"MoBio",NA,NA,NA,NA,NA,NA,17.92,7.9,14.3,NA,NA,NA,NA,"IBD",3.37631675032919,13.643925
"MH0326","LiJ_2014","MH0326","stool","T2D","T2D","adult","DNK","no","IlluminaHiSeq","24997786",71291194,5859390476,30,85,"Aitor_Blanco_Miguez;Paolo_Manghi",NA,60,"male","ERR414557;ERR414276",NA,NA,NA,"metformin",24.6,"MoBio",NA,NA,NA,NA,NA,NA,4.06,7.6,15.18,NA,NA,NA,NA,"IBD",3.19928878887109,14.29911
"MH0327","LiJ_2014","MH0327","stool","T2D","T2D","senior","DNK","no","IlluminaHiSeq","24997786",57518625,4655303077,30,85,"Aitor_Blanco_Miguez;Paolo_Manghi",NA,65,"female","ERR414558;ERR414277",NA,NA,NA,NA,19.6,"MoBio",NA,NA,NA,NA,NA,NA,4.2,7.8,16.5,NA,NA,NA,NA,"IBD",2.69671144525215,10.517245
"MH0328","LiJ_2014","MH0328","stool","T2D","T2D","adult","DNK","no","IlluminaHiSeq","24997786",56379080,4583151234,30,85,"Aitor_Blanco_Miguez;Paolo_Manghi",NA,59,"male","ERR414559;ERR414278",NA,NA,NA,"metformin",23.2,"MoBio",NA,NA,NA,NA,NA,NA,2.66,9.1,16.06,NA,NA,NA,NA,"IBD",3.09071431980335,12.51642
"MH0329","LiJ_2014","MH0329","stool","T2D","T2D","senior","DNK","no","IlluminaHiSeq","24997786",67765903,5530046420,30,85,"Aitor_Blanco_Miguez;Paolo_Manghi",NA,66,"male","ERR414560;ERR414279",NA,NA,NA,NA,19.2,"MoBio",NA,NA,NA,NA,NA,NA,3.08,11,15.4,NA,NA,NA,NA,"IBD",3.4450107048156,13.70703
"MH0330","LiJ_2014","MH0330","stool","T2D","T2D","senior","DNK","no","IlluminaHiSeq","24997786",66621419,5367402279,30,84,"Aitor_Blanco_Miguez;Paolo_Manghi",NA,65,"male","ERR414561;ERR414280",NA,NA,NA,"metformin",22.4,"MoBio",NA,NA,NA,NA,NA,NA,6.72,6.7,13.86,NA,NA,NA,NA,"IBD",3.425634861781,14.01015
"MH0332","LiJ_2014","MH0332","stool","T2D","T2D","adult","DNK","no","IlluminaHiSeq","24997786",70500535,5859807054,30,85,"Aitor_Blanco_Miguez;Paolo_Manghi",NA,60,"male","ERR414562;ERR414281",NA,NA,NA,"metformin",24.7,"MoBio",NA,NA,NA,NA,NA,NA,2.66,7.6,14.52,NA,NA,NA,NA,"IBD",2.143221736589,10.617655
"MH0334","LiJ_2014","MH0334","stool","T2D","T2D","adult","DNK","no","IlluminaHiSeq","24997786",62917620,5020636907,30,85,"Aitor_Blanco_Miguez;Paolo_Manghi",NA,58,"female","ERR414563;ERR414282",NA,NA,NA,NA,22.9,"MoBio",NA,NA,NA,NA,NA,NA,0.84,7.7,15.84,NA,NA,NA,NA,"IBD",3.28813031863632,13.10932
"MH0335","LiJ_2014","MH0335","stool","T2D","T2D","adult","DNK","no","IlluminaHiSeq","24997786",58565331,4742625309,30,85,"Aitor_Blanco_Miguez;Paolo_Manghi",NA,62,"female","ERR414564;ERR414283",NA,NA,NA,NA,21.6,"MoBio",NA,NA,NA,NA,NA,NA,3.92,6.8,13.86,NA,NA,NA,NA,"IBD",2.65953171043127,10.821815
"MH0336","LiJ_2014","MH0336","stool","control","healthy","senior","DNK","no","IlluminaHiSeq","24997786",57755205,4695207296,30,85,"Aitor_Blanco_Miguez;Paolo_Manghi",NA,68,"male","ERR414565;ERR414284",NA,NA,NA,NA,24.3,"MoBio",NA,NA,NA,NA,NA,NA,NA,NA,NA,NA,NA,NA,NA,"Healthy",2.55802053267155,15.10422
"MH0337","LiJ_2014","MH0337","stool","T2D","T2D","adult","DNK","no","IlluminaHiSeq","24997786",60219502,4939676798,30,87,"Aitor_Blanco_Miguez;Paolo_Manghi",NA,61,"male","ERR414567;ERR414566;ERR414286;ERR414285",NA,NA,NA,"metformin",25,"MoBio",NA,NA,NA,NA,NA,NA,8.4,8.4,16.5,NA,NA,NA,NA,"IBD",3.21036916351139,13.015165
"MH0338","LiJ_2014","MH0338","stool","T2D","T2D","senior","DNK","no","IlluminaHiSeq","24997786",63445131,5050458659,30,85,"Aitor_Blanco_Miguez;Paolo_Manghi",NA,66,"male","ERR414568;ERR414287",NA,NA,NA,"metformin",32,"MoBio",NA,NA,NA,NA,NA,NA,9.1,8.3,13.86,NA,NA,NA,NA,"IBD",3.38513549682336,12.49191
"MH0339","LiJ_2014","MH0339","stool","T1D","T1D","adult","DNK","no","IlluminaHiSeq","24997786",72925196,5889803307,30,85,"Aitor_Blanco_Miguez;Paolo_Manghi",NA,50,"male","ERR414569;ERR414288",NA,NA,NA,NA,21.3,"MoBio",NA,NA,NA,NA,NA,NA,0.42,9.8,19.58,NA,NA,NA,NA,"IBD",3.17557675190534,14.95805
"MH0340","LiJ_2014","MH0340","stool","control","healthy","senior","DNK","no","IlluminaHiSeq","24997786",66219837,5352126915,30,85,"Aitor_Blanco_Miguez;Paolo_Manghi",NA,68,"female","ERR414570;ERR414289",NA,NA,NA,NA,25.3,"MoBio",NA,NA,NA,NA,NA,NA,NA,NA,NA,NA,NA,NA,NA,"Healthy",2.98464336520057,12.79418
"MH0341","LiJ_2014","MH0341","stool","T2D","T2D","adult","DNK","no","IlluminaHiSeq","24997786",75893613,6209629838,30,85,"Aitor_Blanco_Miguez;Paolo_Manghi",NA,50,"female","ERR414571;ERR414290",NA,NA,NA,"metformin",51.7,"MoBio",NA,NA,NA,NA,NA,NA,16.94,8.2,16.06,NA,NA,NA,NA,"IBD",1.80443015707796,9.371185
"MH0342","LiJ_2014","MH0342","stool","T2D","T2D","adult","DNK","no","IlluminaHiSeq","24997786",74349383,5999468196,30,85,"Aitor_Blanco_Miguez;Paolo_Manghi",NA,64,"male","ERR414572;ERR414291",NA,NA,NA,"metformin",31.6,"MoBio",NA,NA,NA,NA,NA,NA,31.92,NA,14.74,NA,NA,NA,NA,"IBD",2.88428712577737,11.511695
"MH0343","LiJ_2014","MH0343","stool","T2D","T2D","adult","DNK","no","IlluminaHiSeq","24997786",64617899,5204742192,30,85,"Aitor_Blanco_Miguez;Paolo_Manghi",NA,64,"female","ERR414573;ERR414292",NA,NA,NA,"metformin",24.2,"MoBio",NA,NA,NA,NA,NA,NA,3.78,7,12.54,NA,NA,NA,NA,"IBD",3.12718623510067,13.00309
"MH0345","LiJ_2014","MH0345","stool","T2D","T2D","senior","DNK","no","IlluminaHiSeq","24997786",77524946,6281943735,30,85,"Aitor_Blanco_Miguez;Paolo_Manghi",NA,66,"female","ERR414574;ERR414293",NA,NA,NA,NA,21.2,"MoBio",NA,NA,NA,NA,NA,NA,3.5,6.9,13.64,NA,NA,NA,NA,"IBD",2.78289636999988,14.18528
"MH0346","LiJ_2014","MH0346","stool","T1D","T1D","adult","DNK","no","IlluminaHiSeq","24997786",65698791,5260897693,30,85,"Aitor_Blanco_Miguez;Paolo_Manghi",NA,64,"female","ERR414575;ERR414294",NA,NA,NA,NA,34.9,"MoBio",NA,NA,NA,NA,NA,NA,0.42,13.1,16.94,NA,NA,NA,NA,"IBD",2.93499607944883,11.68772
"MH0347","LiJ_2014","MH0347","stool","T2D","T2D","adult","DNK","no","IlluminaHiSeq","24997786",54397484,4304328516,30,85,"Aitor_Blanco_Miguez;Paolo_Manghi",NA,49,"female","ERR414576;ERR414295",NA,NA,NA,"metformin",26.3,"MoBio",NA,NA,NA,NA,NA,NA,2.8,12.5,20.24,NA,NA,NA,NA,"IBD",3.3231697008011,13.58523
"MH0348","LiJ_2014","MH0348","stool","T2D","T2D","adult","DNK","no","IlluminaHiSeq","24997786",55294411,4293777042,30,85,"Aitor_Blanco_Miguez;Paolo_Manghi",NA,62,"male","ERR414577;ERR414296",NA,NA,NA,"metformin",25.5,"MoBio",NA,NA,NA,NA,NA,NA,2.66,9.2,15.4,NA,NA,NA,NA,"IBD",2.99115540248898,11.31862
"MH0349","LiJ_2014","MH0349","stool","T2D","T2D","senior","DNK","no","IlluminaHiSeq","24997786",63341867,5146432126,30,85,"Aitor_Blanco_Miguez;Paolo_Manghi",NA,68,"male","ERR414578;ERR414297",NA,NA,NA,"metformin",22.9,"MoBio",NA,NA,NA,NA,NA,NA,9.8,9.8,18.7,NA,NA,NA,NA,"IBD",2.4883717510215,12.7028
"MH0350","LiJ_2014","MH0350","stool","T2D","T2D","adult","DNK","no","IlluminaHiSeq","24997786",62219669,4894358132,30,85,"Aitor_Blanco_Miguez;Paolo_Manghi",NA,61,"male","ERR414579;ERR414298",NA,NA,NA,"metformin",36.8,"MoBio",NA,NA,NA,NA,NA,NA,13.3,6.6,14.3,NA,NA,NA,NA,"IBD",3.39157453834228,15.014805
"MH0351","LiJ_2014","MH0351","stool","T2D","T2D","adult","DNK","no","IlluminaHiSeq","24997786",60762195,4832566622,30,85,"Aitor_Blanco_Miguez;Paolo_Manghi",NA,54,"female","ERR414581;ERR414580;ERR414300;ERR414299",NA,NA,NA,"metformin",25.8,"MoBio",NA,NA,NA,NA,NA,NA,3.64,7.6,16.94,NA,NA,NA,NA,"IBD",2.80442812196157,10.301165
"MH0354","LiJ_2014","MH0354","stool","T2D","T2D","adult","DNK","no","IlluminaHiSeq","24997786",64974994,4813445831,30,85,"Aitor_Blanco_Miguez;Paolo_Manghi",NA,63,"male","ERR414582;ERR414301",NA,NA,NA,"metformin",32.6,"MoBio",NA,NA,NA,NA,NA,NA,15.54,5.3,13.86,NA,NA,NA,NA,"IBD",2.78314980035397,12.82493
"MH0355","LiJ_2014","MH0355","stool","T1D","T1D","adult","DNK","no","IlluminaHiSeq","24997786",84626805,6767879522,30,85,"Aitor_Blanco_Miguez;Paolo_Manghi",NA,53,"female","ERR414583;ERR414302",NA,NA,NA,NA,20.6,"MoBio",NA,NA,NA,NA,NA,NA,0.42,6.5,18.04,NA,NA,NA,NA,"IBD",3.19823649054764,13.91388
"MH0356","LiJ_2014","MH0356","stool","T2D","T2D","adult","DNK","no","IlluminaHiSeq","24997786",66824372,4980732725,30,85,"Aitor_Blanco_Miguez;Paolo_Manghi",NA,34,"female","ERR414584;ERR414303",NA,NA,NA,"metformin",29.2,"MoBio",NA,NA,NA,NA,NA,NA,22.4,11.7,18.92,NA,NA,NA,NA,"IBD",3.34998919737517,14.06166
"MH0357","LiJ_2014","MH0357","stool","T2D","T2D","adult","DNK","no","IlluminaHiSeq","24997786",66819408,5531037532,30,85,"Aitor_Blanco_Miguez;Paolo_Manghi",NA,55,"male","ERR414585;ERR414304",NA,NA,NA,"metformin",22.7,"MoBio",NA,NA,NA,NA,NA,NA,6.58,7,16.94,NA,NA,NA,NA,"IBD",2.48825628449448,11.19422
"MH0358","LiJ_2014","MH0358","stool","T2D","T2D","adult","DNK","no","IlluminaHiSeq","24997786",64032689,5122217223,30,81,"Aitor_Blanco_Miguez;Paolo_Manghi",NA,62,"male","ERR414586;ERR414305",NA,NA,NA,"metformin",22.9,"MoBio",NA,NA,NA,NA,NA,NA,1.82,8,16.72,NA,NA,NA,NA,"IBD",2.74179999376238,9.77163999999999
"MH0359","LiJ_2014","MH0359","stool","T2D","T2D","adult","DNK","no","IlluminaHiSeq","24997786",63351352,5225281169,30,85,"Aitor_Blanco_Miguez;Paolo_Manghi",NA,50,"female","ERR414587;ERR414306",NA,NA,NA,NA,22.3,"MoBio",NA,NA,NA,NA,NA,NA,5.46,5.8,13.64,NA,NA,NA,NA,"IBD",3.00942715810764,12.799565
"MH0360","LiJ_2014","MH0360","stool","T2D","T2D","senior","DNK","no","IlluminaHiSeq","24997786",66856881,5441843892,30,85,"Aitor_Blanco_Miguez;Paolo_Manghi",NA,65,"male","ERR414588;ERR414307",NA,NA,NA,"metformin",24.8,"MoBio",NA,NA,NA,NA,NA,NA,4.9,8,15.62,NA,NA,NA,NA,"IBD",2.90973667029256,11.7196
"MH0361","LiJ_2014","MH0361","stool","T2D","T2D","adult","DNK","no","IlluminaHiSeq","24997786",76709802,6181293620,30,85,"Aitor_Blanco_Miguez;Paolo_Manghi",NA,61,"female","ERR414589;ERR414308",NA,NA,NA,"metformin",23.1,"MoBio",NA,NA,NA,NA,NA,NA,7.98,8.5,14.74,NA,NA,NA,NA,"IBD",2.70635677676406,11.85189
"MH0362","LiJ_2014","MH0362","stool","T1D","T1D","adult","DNK","no","IlluminaHiSeq","24997786",72868123,5758490018,30,85,"Aitor_Blanco_Miguez;Paolo_Manghi",NA,48,"female","ERR414590;ERR414309",NA,NA,NA,NA,24.7,"MoBio",NA,NA,NA,NA,NA,NA,0.42,10,18.48,NA,NA,NA,NA,"IBD",3.20636665383066,13.26039
"MH0363","LiJ_2014","MH0363","stool","T2D","T2D","senior","DNK","no","IlluminaHiSeq","24997786",71695207,5738081541,30,85,"Aitor_Blanco_Miguez;Paolo_Manghi",NA,66,"male","ERR414591;ERR414310",NA,NA,NA,NA,22.1,"MoBio",NA,NA,NA,NA,NA,NA,3.64,9,14.74,NA,NA,NA,NA,"IBD",3.13094482024049,11.447155
"MH0364","LiJ_2014","MH0364","stool","T1D","T1D","adult","DNK","no","IlluminaHiSeq","24997786",66667471,5382967763,30,85,"Aitor_Blanco_Miguez;Paolo_Manghi",NA,50,"female","ERR414592;ERR414311",NA,NA,NA,NA,28.5,"MoBio",NA,NA,NA,NA,NA,NA,0.42,6,17.82,NA,NA,NA,NA,"IBD",3.11016479262479,12.62564
"MH0365","LiJ_2014","MH0365","stool","T1D","T1D","adult","DNK","no","IlluminaHiSeq","24997786",63186803,5298021186,30,85,"Aitor_Blanco_Miguez;Paolo_Manghi",NA,37,"male","ERR414593;ERR414312",NA,NA,NA,NA,24.1,"MoBio",NA,NA,NA,NA,NA,NA,0.42,11.5,18.26,NA,NA,NA,NA,"IBD",2.42783267972967,15.32399
"MH0366","LiJ_2014","MH0366","stool","T2D","T2D","adult","DNK","no","IlluminaHiSeq","24997786",58912039,4740977798,30,87,"Aitor_Blanco_Miguez;Paolo_Manghi",NA,43,"female","ERR414594;ERR414313",NA,NA,NA,NA,22.6,"MoBio",NA,NA,NA,NA,NA,NA,1.96,6.6,14.08,NA,NA,NA,NA,"IBD",2.82001972361634,13.20491
"MH0367","LiJ_2014","MH0367","stool","T2D","T2D","adult","DNK","no","IlluminaHiSeq","24997786",73339401,5815105035,30,86,"Aitor_Blanco_Miguez;Paolo_Manghi",NA,52,"female","ERR414595;ERR414314",NA,NA,NA,"metformin",24.4,"MoBio",NA,NA,NA,NA,NA,NA,4.76,7,14.96,NA,NA,NA,NA,"IBD",3.2745946868595,13.062145
"MH0368","LiJ_2014","MH0368","stool","T1D","T1D","adult","DNK","no","IlluminaHiSeq","24997786",65865567,5309759317,30,86,"Aitor_Blanco_Miguez;Paolo_Manghi",NA,53,"male","ERR414596;ERR414315",NA,NA,NA,NA,24.7,"MoBio",NA,NA,NA,NA,NA,NA,0.42,2.7,18.04,NA,NA,NA,NA,"IBD",3.21921667554434,14.23046
"MH0369","LiJ_2014","MH0369","stool","T1D","T1D","adult","DNK","no","IlluminaHiSeq","24997786",69613601,5631542504,30,85,"Aitor_Blanco_Miguez;Paolo_Manghi",NA,55,"male","ERR414597;ERR414316",NA,NA,NA,NA,24.7,"MoBio",NA,NA,NA,NA,NA,NA,0.42,11.5,21.56,NA,NA,NA,NA,"IBD",3.04422603088294,14.27709
"MH0370","LiJ_2014","MH0370","stool","T2D","T2D","senior","DNK","no","IlluminaHiSeq","24997786",69668575,5528808940,30,85,"Aitor_Blanco_Miguez;Paolo_Manghi",NA,70,"female","ERR414598;ERR414317",NA,NA,NA,NA,21.8,"MoBio",NA,NA,NA,NA,NA,NA,11.9,4.6,14.3,NA,NA,NA,NA,"IBD",2.46066232504787,9.680055
"MH0371","LiJ_2014","MH0371","stool","T1D","T1D","senior","DNK","no","IlluminaHiSeq","24997786",73847448,5815488801,30,85,"Aitor_Blanco_Miguez;Paolo_Manghi",NA,65,"male","ERR414599;ERR414318",NA,NA,NA,NA,29.5,"MoBio",NA,NA,NA,NA,NA,NA,0.42,12.1,19.14,NA,NA,NA,NA,"IBD",3.37781443246614,14.50275
"MH0372","LiJ_2014","MH0372","stool","T2D","T2D","adult","DNK","no","IlluminaHiSeq","24997786",68468824,5388903090,30,85,"Aitor_Blanco_Miguez;Paolo_Manghi",NA,64,"female","ERR414600;ERR414319",NA,NA,NA,"metformin",30.2,"MoBio",NA,NA,NA,NA,NA,NA,15.4,7.6,16.5,NA,NA,NA,NA,"IBD",3.04356194491417,12.888245
"MH0373","LiJ_2014","MH0373","stool","T1D","T1D","adult","DNK","no","IlluminaHiSeq","24997786",67132835,5380769419,30,89,"Aitor_Blanco_Miguez;Paolo_Manghi",NA,46,"male","ERR414601;ERR414320",NA,NA,NA,NA,26.2,"MoBio",NA,NA,NA,NA,NA,NA,12.46,7.4,21.34,NA,NA,NA,NA,"IBD",3.26430814797297,12.86337
"MH0374","LiJ_2014","MH0374","stool","T1D","T1D","adult","DNK","no","IlluminaHiSeq","24997786",69646381,5680566661,30,87,"Aitor_Blanco_Miguez;Paolo_Manghi",NA,57,"male","ERR414602;ERR414321",NA,NA,NA,NA,34.5,"MoBio",NA,NA,NA,NA,NA,NA,0.42,16.5,18.92,NA,NA,NA,NA,"IBD",2.8419774108068,12.86818
"MH0375","LiJ_2014","MH0375","stool","T1D","T1D","adult","DNK","no","IlluminaHiSeq","24997786",54361643,4307392342,30,85,"Aitor_Blanco_Miguez;Paolo_Manghi",NA,51,"female","ERR414603;ERR414322",NA,NA,NA,NA,19.8,"MoBio",NA,NA,NA,NA,NA,NA,6.16,8,17.6,NA,NA,NA,NA,"IBD",2.7903518725873,11.421275
"MH0376","LiJ_2014","MH0376","stool","T1D","T1D","adult","DNK","no","IlluminaHiSeq","24997786",64432623,5151349418,30,86,"Aitor_Blanco_Miguez;Paolo_Manghi",NA,63,"female","ERR414605;ERR414604;ERR414323;ERR414324",NA,NA,NA,NA,26.3,"MoBio",NA,NA,NA,NA,NA,NA,2.66,18.3,19.58,NA,NA,NA,NA,"IBD",3.1867703101994,14.90076
"MH0377","LiJ_2014","MH0377","stool","T1D","T1D","adult","DNK","no","IlluminaHiSeq","24997786",66084125,5243281887,30,85,"Aitor_Blanco_Miguez;Paolo_Manghi",NA,50,"male","ERR414606;ERR414325",NA,NA,NA,NA,22.1,"MoBio",NA,NA,NA,NA,NA,NA,0.42,9.6,24.2,NA,NA,NA,NA,"IBD",3.10089050708004,13.07477
"MH0378","LiJ_2014","MH0378","stool","T1D","T1D","adult","DNK","no","IlluminaHiSeq","24997786",80067895,6491382373,30,85,"Aitor_Blanco_Miguez;Paolo_Manghi",NA,44,"male","ERR414607;ERR414326",NA,NA,NA,NA,23.8,"MoBio",NA,NA,NA,NA,NA,NA,13.44,4.6,20.68,NA,NA,NA,NA,"IBD",3.05213536064108,12.740635
"MH0379","LiJ_2014","MH0379","stool","T2D","T2D","adult","DNK","no","IlluminaHiSeq","24997786",71136583,5723139775,30,85,"Aitor_Blanco_Miguez;Paolo_Manghi",NA,64,"female","ERR414608;ERR414327",NA,NA,NA,"metformin",30.3,"MoBio",NA,NA,NA,NA,NA,NA,4.76,6.7,15.62,NA,NA,NA,NA,"IBD",2.95154298441293,12.5812
"MH0381","LiJ_2014","MH0381","stool","T1D","T1D","adult","DNK","no","IlluminaHiSeq","24997786",58361116,4787909631,30,87,"Aitor_Blanco_Miguez;Paolo_Manghi",NA,53,"male","ERR414610;ERR414609;ERR414329;ERR414328",NA,NA,NA,NA,28,"MoBio",NA,NA,NA,NA,NA,NA,0.42,18.2,20.46,NA,NA,NA,NA,"IBD",3.32616623978177,13.50639
"MH0382","LiJ_2014","MH0382","stool","T2D","T2D","adult","DNK","no","IlluminaHiSeq","24997786",60927445,4839020327,30,85,"Aitor_Blanco_Miguez;Paolo_Manghi",NA,50,"female","ERR414611;ERR414330",NA,NA,NA,"metformin",32.7,"MoBio",NA,NA,NA,NA,NA,NA,4.48,7.4,15.4,NA,NA,NA,NA,"IBD",3.2853728110861,13.41124
"MH0383","LiJ_2014","MH0383","stool","T2D","T2D","adult","DNK","no","IlluminaHiSeq","24997786",66639830,5265056592,30,85,"Aitor_Blanco_Miguez;Paolo_Manghi",NA,58,"female","ERR414612;ERR414331",NA,NA,NA,"metformin",33.1,"MoBio",NA,NA,NA,NA,NA,NA,19.46,11.9,24.2,NA,NA,NA,NA,"IBD",2.38287155699194,14.35457
"MH0384","LiJ_2014","MH0384","stool","T1D","T1D","adult","DNK","no","IlluminaHiSeq","24997786",73102633,5895178607,30,85,"Aitor_Blanco_Miguez;Paolo_Manghi",NA,63,"female","ERR414613;ERR414332",NA,NA,NA,NA,24,"MoBio",NA,NA,NA,NA,NA,NA,0.42,9.8,18.26,NA,NA,NA,NA,"IBD",2.39347389621237,11.920805
"MH0385","LiJ_2014","MH0385","stool","T1D","T1D","adult","DNK","no","IlluminaHiSeq","24997786",73066225,5917194960,30,86,"Aitor_Blanco_Miguez;Paolo_Manghi",NA,41,"male","ERR414614;ERR414333",NA,NA,NA,NA,34.4,"MoBio",NA,NA,NA,NA,NA,NA,0.42,12.7,18.04,NA,NA,NA,NA,"IBD",2.1686680711534,13.11667
"MH0386","LiJ_2014","MH0386","stool","T1D","T1D","adult","DNK","no","IlluminaHiSeq","24997786",65677446,5258936891,30,85,"Aitor_Blanco_Miguez;Paolo_Manghi",NA,55,"male","ERR414615;ERR414334",NA,NA,NA,NA,25.7,"MoBio",NA,NA,NA,NA,NA,NA,14.28,8.3,19.14,NA,NA,NA,NA,"IBD",3.35804931465889,12.54799
"MH0387","LiJ_2014","MH0387","stool","T1D","T1D","adult","DNK","no","IlluminaHiSeq","24997786",69423411,5785209881,30,85,"Aitor_Blanco_Miguez;Paolo_Manghi",NA,47,"male","ERR414616;ERR414335",NA,NA,NA,NA,24.6,"MoBio",NA,NA,NA,NA,NA,NA,0.42,2,17.16,NA,NA,NA,NA,"IBD",2.48749705266656,10.449325
"MH0388","LiJ_2014","MH0388","stool","T1D","T1D","adult","DNK","no","IlluminaHiSeq","24997786",61789727,5040716974,30,86,"Aitor_Blanco_Miguez;Paolo_Manghi",NA,49,"male","ERR414617;ERR414336",NA,NA,NA,NA,28.4,"MoBio",NA,NA,NA,NA,NA,NA,6.02,10.9,22,NA,NA,NA,NA,"IBD",2.94205904039118,13.604605
"MH0389","LiJ_2014","MH0389","stool","T1D","T1D","adult","DNK","no","IlluminaHiSeq","24997786",65098706,5197470621,30,85,"Aitor_Blanco_Miguez;Paolo_Manghi",NA,45,"male","ERR414618;ERR414337",NA,NA,NA,NA,24.1,"MoBio",NA,NA,NA,NA,NA,NA,0.42,3.3,20.46,NA,NA,NA,NA,"IBD",3.30393909595902,13.24243
"MH0390","LiJ_2014","MH0390","stool","T1D","T1D","adult","DNK","no","IlluminaHiSeq","24997786",62930522,5068816032,30,87,"Aitor_Blanco_Miguez;Paolo_Manghi",NA,51,"female","ERR414619;ERR414338",NA,NA,NA,NA,20.9,"MoBio",NA,NA,NA,NA,NA,NA,0.42,15.6,19.58,NA,NA,NA,NA,"IBD",3.18283978018649,12.80634
"MH0391","LiJ_2014","MH0391","stool","T1D","T1D","adult","DNK","no","IlluminaHiSeq","24997786",55456643,4445878011,30,85,"Aitor_Blanco_Miguez;Paolo_Manghi",NA,40,"female","ERR414620;ERR414339",NA,NA,NA,NA,31.1,"MoBio",NA,NA,NA,NA,NA,NA,0.42,7.9,20.24,NA,NA,NA,NA,"IBD",3.30334548208276,13.63931
"MH0392","LiJ_2014","MH0392","stool","T2D","T2D","adult","DNK","no","IlluminaHiSeq","24997786",73684844,5889504735,30,86,"Aitor_Blanco_Miguez;Paolo_Manghi",NA,51,"male","ERR414621;ERR414340",NA,NA,NA,"metformin",23.4,"MoBio",NA,NA,NA,NA,NA,NA,1.12,5.4,15.18,NA,NA,NA,NA,"IBD",3.41190786389972,13.68321
"MH0393","LiJ_2014","MH0393","stool","T1D","T1D","adult","DNK","no","IlluminaHiSeq","24997786",64554456,5180651760,30,85,"Aitor_Blanco_Miguez;Paolo_Manghi",NA,60,"female","ERR414622;ERR414341",NA,NA,NA,NA,27.5,"MoBio",NA,NA,NA,NA,NA,NA,0.42,10.3,18.48,NA,NA,NA,NA,"IBD",2.69725157229443,11.950535
"MH0394","LiJ_2014","MH0394","stool","T2D","T2D","adult","DNK","no","IlluminaHiSeq","24997786",71352220,5666116394,30,85,"Aitor_Blanco_Miguez;Paolo_Manghi",NA,62,"male","ERR414623;ERR414342",NA,NA,NA,"metformin",37.7,"MoBio",NA,NA,NA,NA,NA,NA,13.3,9.7,23.98,NA,NA,NA,NA,"IBD",2.78053681189113,13.72732
"MH0395","LiJ_2014","MH0395","stool","T1D","T1D","adult","DNK","no","IlluminaHiSeq","24997786",76511224,6155124963,30,86,"Aitor_Blanco_Miguez;Paolo_Manghi",NA,53,"female","ERR414624;ERR414343",NA,NA,NA,NA,37.6,"MoBio",NA,NA,NA,NA,NA,NA,8.96,7.4,18.92,NA,NA,NA,NA,"IBD",2.98982121700996,14.47891
"MH0396","LiJ_2014","MH0396","stool","T1D","T1D","adult","DNK","no","IlluminaHiSeq","24997786",63719784,5104991360,30,84,"Aitor_Blanco_Miguez;Paolo_Manghi",NA,64,"male","ERR414625;ERR414344",NA,NA,NA,NA,35.1,"MoBio",NA,NA,NA,NA,NA,NA,39.48,5.2,16.72,NA,NA,NA,NA,"IBD",3.03881290370638,14.2054
"MH0397","LiJ_2014","MH0397","stool","T1D","T1D","adult","DNK","no","IlluminaHiSeq","24997786",68600013,5464879973,30,87,"Aitor_Blanco_Miguez;Paolo_Manghi",NA,52,"female","ERR414626;ERR414345",NA,NA,NA,NA,31.1,"MoBio",NA,NA,NA,NA,NA,NA,0.42,13.3,19.36,NA,NA,NA,NA,"IBD",3.16657674965923,13.45542
"MH0398","LiJ_2014","MH0398","stool","T2D","T2D","adult","DNK","no","IlluminaHiSeq","24997786",62978745,5054876797,30,87,"Aitor_Blanco_Miguez;Paolo_Manghi",NA,60,"male","ERR414627;ERR414346",NA,NA,NA,"metformin",31.3,"MoBio",NA,NA,NA,NA,NA,NA,7.14,6.5,14.52,NA,NA,NA,NA,"IBD",3.43276381547829,14.08046
"MH0399","LiJ_2014","MH0399","stool","T1D","T1D","adult","DNK","no","IlluminaHiSeq","24997786",79121954,6534631754,30,86,"Aitor_Blanco_Miguez;Paolo_Manghi",NA,47,"female","ERR414628;ERR414347",NA,NA,NA,NA,21.9,"MoBio",NA,NA,NA,NA,NA,NA,0.42,9.1,22.44,NA,NA,NA,NA,"IBD",3.45597770034875,14.67392
"MH0400","LiJ_2014","MH0400","stool","T2D","T2D","adult","DNK","no","IlluminaHiSeq","24997786",66747054,5445635202,30,87,"Aitor_Blanco_Miguez;Paolo_Manghi",NA,62,"male","ERR414629;ERR414348",NA,NA,NA,"metformin",32.1,"MoBio",NA,NA,NA,NA,NA,NA,21.84,14.7,16.28,NA,NA,NA,NA,"IBD",2.71288975214249,12.43639
"MH0401","LiJ_2014","MH0401","stool","T2D","T2D","adult","DNK","no","IlluminaHiSeq","24997786",61838728,4917412673,30,85,"Aitor_Blanco_Miguez;Paolo_Manghi",NA,51,"male","ERR414631;ERR414630;ERR414350;ERR414349",NA,NA,NA,NA,31.5,"MoBio",NA,NA,NA,NA,NA,NA,6.44,5.2,14.96,NA,NA,NA,NA,"IBD",2.41387703542985,13.264395
"MH0402","LiJ_2014","MH0402","stool","T1D","T1D","adult","DNK","no","IlluminaHiSeq","24997786",61646178,5006220805,30,87,"Aitor_Blanco_Miguez;Paolo_Manghi",NA,56,"male","ERR414632;ERR414351",NA,NA,NA,NA,27.1,"MoBio",NA,NA,NA,NA,NA,NA,3.5,9.8,22.22,NA,NA,NA,NA,"IBD",2.95936088228844,13.98337
"NLF002-IE","LiJ_2014","NLF002-IE","stool","control","healthy","adult","CHN","no","IlluminaHiSeq","24997786",14784410,1204943064,30,86,"Aitor_Blanco_Miguez;Paolo_Manghi",NA,NA,NA,"ERR504986",NA,NA,NA,NA,NA,"MoBio",NA,NA,NA,NA,NA,NA,NA,NA,NA,NA,NA,NA,NA,"Healthy",2.7664575299645,9.005465
"NLF009-IE","LiJ_2014","NLF009-IE","stool","control","healthy","adult","CHN","no","IlluminaHiSeq","24997786",14737351,1181743266,30,85,"Aitor_Blanco_Miguez;Paolo_Manghi",NA,NA,NA,"ERR504987",NA,NA,NA,NA,NA,"MoBio",NA,NA,NA,NA,NA,NA,NA,NA,NA,NA,NA,NA,NA,"Healthy",2.95910797221649,9.710005
"NLM009-IE","LiJ_2014","NLM009-IE","stool","control","healthy","adult","CHN","no","IlluminaHiSeq","24997786",24975539,2020685927,30,85,"Aitor_Blanco_Miguez;Paolo_Manghi",NA,NA,NA,"ERR504982;ERR504976",NA,NA,NA,NA,NA,"MoBio",NA,NA,NA,NA,NA,NA,NA,NA,NA,NA,NA,NA,NA,"Healthy",1.33509078955954,8.338235
"NLM025-IE","LiJ_2014","NLM025-IE","stool","control","healthy","adult","CHN","no","IlluminaHiSeq","24997786",13765933,1110596523,30,85,"Aitor_Blanco_Miguez;Paolo_Manghi",NA,NA,NA,"ERR504988",NA,NA,NA,NA,NA,"MoBio",NA,NA,NA,NA,NA,NA,NA,NA,NA,NA,NA,NA,NA,"Healthy",2.50144720583344,10.90012
"NOF002-IE","LiJ_2014","NOF002-IE","stool","control","healthy","adult","CHN","no","IlluminaHiSeq","24997786",33626095,2773868563,30,87,"Aitor_Blanco_Miguez;Paolo_Manghi",NA,NA,NA,"ERR504983;ERR504977",NA,NA,NA,NA,NA,"MoBio",NA,NA,NA,NA,NA,NA,NA,NA,NA,NA,NA,NA,NA,"Healthy",2.24189989966513,9.038435
"NOF007-IE","LiJ_2014","NOF007-IE","stool","control","healthy","adult","CHN","no","IlluminaHiSeq","24997786",23249556,1870531804,30,85,"Aitor_Blanco_Miguez;Paolo_Manghi",NA,NA,NA,"ERR504984;ERR504978",NA,NA,NA,NA,NA,"MoBio",NA,NA,NA,NA,NA,NA,NA,NA,NA,NA,NA,NA,NA,"Healthy",2.405530336635,10.223535
"NOF013-IE","LiJ_2014","NOF013-IE","stool","control","healthy","adult","CHN","no","IlluminaHiSeq","24997786",18328747,1481098092,30,85,"Aitor_Blanco_Miguez;Paolo_Manghi",NA,NA,NA,"ERR504989",NA,NA,NA,NA,NA,"MoBio",NA,NA,NA,NA,NA,NA,NA,NA,NA,NA,NA,NA,NA,"Healthy",2.75905402209421,9.554205
"O2.CD1-0-PT","LiJ_2014","O2.CD1-0-PT","stool","IBD","IBD","adult","ESP","no","IlluminaHiSeq","24997786",75540937,6410575014,30,86,"Aitor_Blanco_Miguez;Paolo_Manghi","CD",24,"male","ERR414634;ERR414353",NA,NA,NA,NA,24.54,"MoBio",NA,NA,NA,NA,NA,NA,NA,NA,NA,NA,NA,NA,NA,"IBD",2.67548730662914,13.369375
"O2.CD2-0","LiJ_2014","O2.CD2-0","stool","IBD","IBD","adult","ESP","no","IlluminaHiSeq","24997786",65219861,5449825955,30,86,"Aitor_Blanco_Miguez;Paolo_Manghi","CD",32,"female","ERR414635;ERR414354",NA,NA,NA,NA,18.59012493,"MoBio",NA,NA,NA,NA,NA,NA,NA,NA,NA,NA,NA,NA,NA,"IBD",0.952429418621162,11.746095
"O2.CD2-0-PT","LiJ_2014","O2.CD2-0-PT","stool","IBD","IBD","adult","ESP","no","IlluminaHiSeq","24997786",90498208,7651029682,30,85,"Aitor_Blanco_Miguez;Paolo_Manghi","CD",36,"male","ERR414636;ERR414355",NA,NA,NA,NA,26.09,"MoBio",NA,NA,NA,NA,NA,NA,NA,NA,NA,NA,NA,NA,NA,"IBD",2.40448549078043,9.136315
"O2.CD3-0-PT","LiJ_2014","O2.CD3-0-PT","stool","IBD","IBD","adult","ESP","no","IlluminaHiSeq","24997786",66725672,5424055167,30,85,"Aitor_Blanco_Miguez;Paolo_Manghi","CD",56,"female","ERR414637;ERR414356",NA,NA,NA,NA,23.05,"MoBio",NA,NA,NA,NA,NA,NA,NA,NA,NA,NA,NA,NA,NA,"IBD",2.89585542220011,10.639695
"O2.CD1-0","LiJ_2014","O2_CD1","stool","IBD","IBD","adult","ESP","no","IlluminaHiSeq","24997786",83805081,7077226089,30,86,"Aitor_Blanco_Miguez;Paolo_Manghi","CD",42,"female","ERR414633;ERR414352",NA,NA,NA,NA,21.484375,"MoBio",NA,NA,NA,NA,NA,NA,NA,NA,NA,NA,NA,NA,NA,"IBD",3.40489317429243,17.565365
"O2.UC1-1","LiJ_2014","O2_UC1","stool","IBD","IBD","adult","ESP","no","IlluminaHiSeq","24997786",64047987,5422847111,30,87,"Aitor_Blanco_Miguez;Paolo_Manghi","UC",37,"male","ERR414639;ERR414358",NA,NA,NA,NA,31.02040816,"MoBio",NA,NA,NA,NA,NA,NA,NA,NA,NA,NA,NA,NA,NA,"IBD",2.27552781617356,12.63433
"O2.UC11-1","LiJ_2014","O2_UC11","stool","IBD","IBD","adult","ESP","no","IlluminaHiSeq","24997786",79314371,6629796093,30,87,"Aitor_Blanco_Miguez;Paolo_Manghi","UC",34,"female","ERR414638;ERR414357",NA,NA,NA,NA,18.68512111,"MoBio",NA,NA,NA,NA,NA,NA,NA,NA,NA,NA,NA,NA,NA,"IBD",3.26712202297305,14.697155
"O2.UC12-1","LiJ_2014","O2_UC12","stool","IBD","IBD","adult","ESP","no","IlluminaHiSeq","24997786",69532260,5595423543,30,83,"Aitor_Blanco_Miguez;Paolo_Manghi","UC",43,"male","ERR414640;ERR414359",NA,NA,NA,NA,21.60493827,"MoBio",NA,NA,NA,NA,NA,NA,NA,NA,NA,NA,NA,NA,NA,"IBD",2.820703227717,15.39768
"O2.UC13-1","LiJ_2014","O2_UC13","stool","IBD","IBD","senior","ESP","no","IlluminaHiSeq","24997786",90782875,7223181806,30,83,"Aitor_Blanco_Miguez;Paolo_Manghi","UC",68,"female","ERR414641;ERR414360",NA,NA,NA,NA,23.38435374,"MoBio",NA,NA,NA,NA,NA,NA,NA,NA,NA,NA,NA,NA,NA,"IBD",3.51970497386721,13.99445
"O2.UC14-1","LiJ_2014","O2_UC14","stool","IBD","IBD","adult","ESP","no","IlluminaHiSeq","24997786",64432349,5297264084,30,86,"Aitor_Blanco_Miguez;Paolo_Manghi","UC",31,"male","ERR414642;ERR414361",NA,NA,NA,NA,32.65306122,"MoBio",NA,NA,NA,NA,NA,NA,NA,NA,NA,NA,NA,NA,NA,"IBD",2.63151815095755,14.72375
"O2.UC15-1","LiJ_2014","O2_UC15","stool","IBD","IBD","adult","ESP","no","IlluminaHiSeq","24997786",52954891,4423563650,30,87,"Aitor_Blanco_Miguez;Paolo_Manghi","UC",26,"female","ERR414644;ERR414363",NA,NA,NA,NA,18.25310979,"MoBio",NA,NA,NA,NA,NA,NA,NA,NA,NA,NA,NA,NA,NA,"IBD",3.16622982598043,12.260505
"O2.UC15-2","LiJ_2014","O2_UC15","stool","IBD","IBD","adult","ESP","no","IlluminaHiSeq","24997786",68614392,5660597462,30,86,"Aitor_Blanco_Miguez;Paolo_Manghi","UC",26,"female","ERR414645;ERR414364",NA,NA,NA,NA,18.25310979,"MoBio",NA,NA,NA,NA,NA,NA,NA,NA,NA,NA,NA,NA,NA,"IBD",2.63765544229622,12.559215
"O2.UC15-0","LiJ_2014","O2_UC15","stool","IBD","IBD","adult","ESP","no","IlluminaHiSeq","24997786",71079851,5888756649,30,86,"Aitor_Blanco_Miguez;Paolo_Manghi","UC",26,"female","ERR414643;ERR414362",NA,NA,NA,NA,18.25310979,"MoBio",NA,NA,NA,NA,NA,NA,NA,NA,NA,NA,NA,NA,NA,"IBD",2.71413110513529,9.521865
"O2.UC16-1","LiJ_2014","O2_UC16","stool","IBD","IBD","adult","ESP","no","IlluminaHiSeq","24997786",80422705,6501083026,30,82,"Aitor_Blanco_Miguez;Paolo_Manghi","UC",47,"male","ERR414646;ERR414365",NA,NA,NA,NA,26.42356982,"MoBio",NA,NA,NA,NA,NA,NA,NA,NA,NA,NA,NA,NA,NA,"IBD",2.72201872918991,11.75783
"O2.UC17-1","LiJ_2014","O2_UC17","stool","IBD","IBD","adult","ESP","no","IlluminaHiSeq","24997786",66176052,5485267174,30,86,"Aitor_Blanco_Miguez;Paolo_Manghi","UC",56,"female","ERR414647;ERR414366",NA,NA,NA,NA,21.875,"MoBio",NA,NA,NA,NA,NA,NA,NA,NA,NA,NA,NA,NA,NA,"IBD",2.31948621452304,14.233155
"O2.UC18-1","LiJ_2014","O2_UC18","stool","IBD","IBD","adult","ESP","no","IlluminaHiSeq","24997786",92061320,7453980475,30,83,"Aitor_Blanco_Miguez;Paolo_Manghi","UC",48,"male","ERR414648;ERR414367",NA,NA,NA,NA,25.7255174,"MoBio",NA,NA,NA,NA,NA,NA,NA,NA,NA,NA,NA,NA,NA,"IBD",3.4228321611035,13.802945
"O2.UC19-1","LiJ_2014","O2_UC19","stool","IBD","IBD","adult","ESP","no","IlluminaHiSeq","24997786",57596620,4762070521,30,86,"Aitor_Blanco_Miguez;Paolo_Manghi","UC",42,"male","ERR414649;ERR414368",NA,NA,NA,NA,24.15881797,"MoBio",NA,NA,NA,NA,NA,NA,NA,NA,NA,NA,NA,NA,NA,"IBD",2.48921735820936,10.165265
"O2.UC2-1","LiJ_2014","O2_UC2","stool","IBD","IBD","adult","ESP","no","IlluminaHiSeq","24997786",68230607,5665552124,30,85,"Aitor_Blanco_Miguez;Paolo_Manghi","UC",46,"male","ERR414652;ERR414371",NA,NA,NA,NA,24.02380867,"MoBio",NA,NA,NA,NA,NA,NA,NA,NA,NA,NA,NA,NA,NA,"IBD",3.05249214882512,13.927955
"O2.UC20-1","LiJ_2014","O2_UC20","stool","IBD","IBD","adult","ESP","no","IlluminaHiSeq","24997786",64848392,5358849075,30,86,"Aitor_Blanco_Miguez;Paolo_Manghi","UC",51,"female","ERR414650;ERR414369",NA,NA,NA,NA,24.03460984,"MoBio",NA,NA,NA,NA,NA,NA,NA,NA,NA,NA,NA,NA,NA,"IBD",3.34311024981382,13.256215
"O2.UC21-1","LiJ_2014","O2_UC21","stool","IBD","IBD","adult","ESP","no","IlluminaHiSeq","24997786",69036541,5760874121,30,83,"Aitor_Blanco_Miguez;Paolo_Manghi","UC",49,"female","ERR414651;ERR414370",NA,NA,NA,NA,30.46111831,"MoBio",NA,NA,NA,NA,NA,NA,NA,NA,NA,NA,NA,NA,NA,"IBD",3.26617353358623,16.248365
"O2.UC22-1","LiJ_2014","O2_UC22","stool","IBD","IBD","adult","ESP","no","IlluminaHiSeq","24997786",57317695,4680082448,30,83,"Aitor_Blanco_Miguez;Paolo_Manghi","UC",44,"male","ERR414653;ERR414372",NA,NA,NA,NA,25.39343112,"MoBio",NA,NA,NA,NA,NA,NA,NA,NA,NA,NA,NA,NA,NA,"IBD",3.30990982750822,13.587935
"O2.UC23-1","LiJ_2014","O2_UC23","stool","IBD","IBD","adult","ESP","no","IlluminaHiSeq","24997786",25339038,2057809539,30,83,"Aitor_Blanco_Miguez;Paolo_Manghi","UC",41,"female","ERR414654;ERR414373",NA,NA,NA,NA,28.16249373,"MoBio",NA,NA,NA,NA,NA,NA,NA,NA,NA,NA,NA,NA,NA,"IBD",3.36504748436428,13.598275
"O2.UC24-1","LiJ_2014","O2_UC24","stool","IBD","IBD","adult","ESP","no","IlluminaHiSeq","24997786",71330247,5790489514,30,83,"Aitor_Blanco_Miguez;Paolo_Manghi","UC",55,"female","ERR414655;ERR414374",NA,NA,NA,NA,28.76397107,"MoBio",NA,NA,NA,NA,NA,NA,NA,NA,NA,NA,NA,NA,NA,"IBD",2.21273770977302,13.24177
"O2.UC26-1","LiJ_2014","O2_UC26","stool","IBD","IBD","adult","ESP","no","IlluminaHiSeq","24997786",73828359,5991834894,30,83,"Aitor_Blanco_Miguez;Paolo_Manghi","UC",41,"male","ERR414656;ERR414375",NA,NA,NA,NA,23.99945917,"MoBio",NA,NA,NA,NA,NA,NA,NA,NA,NA,NA,NA,NA,NA,"IBD",2.01238398516173,7.979835
"O2.UC27-1","LiJ_2014","O2_UC27","stool","IBD","IBD","adult","ESP","no","IlluminaHiSeq","24997786",58024898,4844198287,30,86,"Aitor_Blanco_Miguez;Paolo_Manghi","UC",52,"female","ERR414657;ERR414376",NA,NA,NA,NA,23.33768443,"MoBio",NA,NA,NA,NA,NA,NA,NA,NA,NA,NA,NA,NA,NA,"IBD",2.69475263668901,11.666975
"O2.UC28-1","LiJ_2014","O2_UC28","stool","IBD","IBD","adult","ESP","no","IlluminaHiSeq","24997786",60231342,5172126903,30,89,"Aitor_Blanco_Miguez;Paolo_Manghi","UC",39,"female","ERR414659;ERR414378",NA,NA,NA,NA,23.63403301,"MoBio",NA,NA,NA,NA,NA,NA,NA,NA,NA,NA,NA,NA,NA,"IBD",3.34832311505465,12.96337
"O2.UC28-2","LiJ_2014","O2_UC28","stool","IBD","IBD","adult","ESP","no","IlluminaHiSeq","24997786",68932006,5475386824,30,84,"Aitor_Blanco_Miguez;Paolo_Manghi","UC",39,"female","ERR414660;ERR414379",NA,NA,NA,NA,23.63403301,"MoBio",NA,NA,NA,NA,NA,NA,NA,NA,NA,NA,NA,NA,NA,"IBD",3.49599361320535,15.33032
"O2.UC28-0","LiJ_2014","O2_UC28","stool","IBD","IBD","adult","ESP","no","IlluminaHiSeq","24997786",76488564,6101165903,30,84,"Aitor_Blanco_Miguez;Paolo_Manghi","UC",39,"female","ERR414658;ERR414377",NA,NA,NA,NA,23.63403301,"MoBio",NA,NA,NA,NA,NA,NA,NA,NA,NA,NA,NA,NA,NA,"IBD",3.51185091723124,14.58145
"O2.UC29-1","LiJ_2014","O2_UC29","stool","IBD","IBD","adult","ESP","no","IlluminaHiSeq","24997786",61318160,5166438566,30,85,"Aitor_Blanco_Miguez;Paolo_Manghi","UC",55,"female","ERR414661;ERR414380",NA,NA,NA,NA,26.03749399,"MoBio",NA,NA,NA,NA,NA,NA,NA,NA,NA,NA,NA,NA,NA,"IBD",3.3718671677841,13.85738
"O2.UC3-1","LiJ_2014","O2_UC3","stool","IBD","IBD","adult","ESP","no","IlluminaHiSeq","24997786",70949113,5703195543,30,83,"Aitor_Blanco_Miguez;Paolo_Manghi","UC",41,"female","ERR414664;ERR414383",NA,NA,NA,NA,18.90359168,"MoBio",NA,NA,NA,NA,NA,NA,NA,NA,NA,NA,NA,NA,NA,"IBD",2.94789167307127,13.903435
"O2.UC30-1","LiJ_2014","O2_UC30","stool","IBD","IBD","adult","ESP","no","IlluminaHiSeq","24997786",77046154,6264830385,30,82,"Aitor_Blanco_Miguez;Paolo_Manghi","UC",51,"male","ERR414662;ERR414381",NA,NA,NA,NA,23.30668005,"MoBio",NA,NA,NA,NA,NA,NA,NA,NA,NA,NA,NA,NA,NA,"IBD",3.14088473749883,14.561545
"O2.UC31-1","LiJ_2014","O2_UC31","stool","IBD","IBD","adult","ESP","no","IlluminaHiSeq","24997786",69893923,5804014541,30,85,"Aitor_Blanco_Miguez;Paolo_Manghi","UC",30,"male","ERR414663;ERR414382",NA,NA,NA,NA,22.71468144,"MoBio",NA,NA,NA,NA,NA,NA,NA,NA,NA,NA,NA,NA,NA,"IBD",3.26385063423946,14.1834
"O2.UC32-1","LiJ_2014","O2_UC32","stool","IBD","IBD","adult","ESP","no","IlluminaHiSeq","24997786",69486585,5644267914,30,83,"Aitor_Blanco_Miguez;Paolo_Manghi","UC",54,"female","ERR414665;ERR414384",NA,NA,NA,NA,26.77593411,"MoBio",NA,NA,NA,NA,NA,NA,NA,NA,NA,NA,NA,NA,NA,"IBD",3.36913969699843,12.708355
"O2.UC35-1","LiJ_2014","O2_UC35","stool","IBD","IBD","adult","ESP","no","IlluminaHiSeq","24997786",71691268,6005421321,30,87,"Aitor_Blanco_Miguez;Paolo_Manghi","UC",39,"female","ERR414666;ERR414385",NA,NA,NA,NA,30.29778393,"MoBio",NA,NA,NA,NA,NA,NA,NA,NA,NA,NA,NA,NA,NA,"IBD",3.25828425328017,14.910045
"O2.UC36-1","LiJ_2014","O2_UC36","stool","IBD","IBD","adult","ESP","no","IlluminaHiSeq","24997786",63787011,5303653845,30,86,"Aitor_Blanco_Miguez;Paolo_Manghi","UC",43,"male","ERR414669;ERR414388",NA,NA,NA,NA,26.36560303,"MoBio",NA,NA,NA,NA,NA,NA,NA,NA,NA,NA,NA,NA,NA,"IBD",2.81277678777678,12.498805
"O2.UC36-0","LiJ_2014","O2_UC36","stool","IBD","IBD","adult","ESP","no","IlluminaHiSeq","24997786",83156688,6716631984,30,86,"Aitor_Blanco_Miguez;Paolo_Manghi","UC",43,"male","ERR414668;ERR414667;ERR414387;ERR414386",NA,NA,NA,NA,26.36560303,"MoBio",NA,NA,NA,NA,NA,NA,NA,NA,NA,NA,NA,NA,NA,"IBD",3.09235415510467,15.376415
"O2.UC37-1","LiJ_2014","O2_UC37","stool","IBD","IBD","adult","ESP","no","IlluminaHiSeq","24997786",93576577,7947476526,30,87,"Aitor_Blanco_Miguez;Paolo_Manghi","UC",44,"female","ERR414670;ERR414389",NA,NA,NA,NA,23.30905307,"MoBio",NA,NA,NA,NA,NA,NA,NA,NA,NA,NA,NA,NA,NA,"IBD",3.0941918319364,12.526165
"O2.UC38-1","LiJ_2014","O2_UC38","stool","IBD","IBD","adult","ESP","no","IlluminaHiSeq","24997786",80410828,6689470901,30,83,"Aitor_Blanco_Miguez;Paolo_Manghi","UC",55,"male","ERR414671;ERR414390",NA,NA,NA,NA,31.0137051,"MoBio",NA,NA,NA,NA,NA,NA,NA,NA,NA,NA,NA,NA,NA,"IBD",2.81114691163532,12.908135
"O2.UC4-1","LiJ_2014","O2_UC4","stool","IBD","IBD","adult","ESP","no","IlluminaHiSeq","24997786",83234925,6705404019,30,83,"Aitor_Blanco_Miguez;Paolo_Manghi","UC",57,"female","ERR414674;ERR414393",NA,NA,NA,NA,28.53745541,"MoBio",NA,NA,NA,NA,NA,NA,NA,NA,NA,NA,NA,NA,NA,"IBD",2.87812475515167,15.687355
"O2.UC40-1","LiJ_2014","O2_UC40","stool","IBD","IBD","adult","ESP","no","IlluminaHiSeq","24997786",83099617,7136633447,30,87,"Aitor_Blanco_Miguez;Paolo_Manghi","UC",35,"male","ERR414672;ERR414391",NA,NA,NA,NA,22.66270867,"MoBio",NA,NA,NA,NA,NA,NA,NA,NA,NA,NA,NA,NA,NA,"IBD",3.44944790771571,14.50825
"O2.UC41-1","LiJ_2014","O2_UC41","stool","IBD","IBD","adult","ESP","no","IlluminaHiSeq","24997786",85677440,6928398548,30,83,"Aitor_Blanco_Miguez;Paolo_Manghi","UC",43,"female","ERR414673;ERR414392",NA,NA,NA,NA,29.34003963,"MoBio",NA,NA,NA,NA,NA,NA,NA,NA,NA,NA,NA,NA,NA,"IBD",2.94547641063194,11.637895
"O2.UC43-1","LiJ_2014","O2_UC43","stool","IBD","IBD","adult","ESP","no","IlluminaHiSeq","24997786",77032951,6380795880,30,83,"Aitor_Blanco_Miguez;Paolo_Manghi","UC",24,"male","ERR414675;ERR414394",NA,NA,NA,NA,20.24489796,"MoBio",NA,NA,NA,NA,NA,NA,NA,NA,NA,NA,NA,NA,NA,"IBD",1.8615460903041,11.067455
"O2.UC44-1","LiJ_2014","O2_UC44","stool","IBD","IBD","adult","ESP","no","IlluminaHiSeq","24997786",77373446,6277624996,30,83,"Aitor_Blanco_Miguez;Paolo_Manghi","UC",45,"female","ERR414676;ERR414395",NA,NA,NA,NA,30.29778393,"MoBio",NA,NA,NA,NA,NA,NA,NA,NA,NA,NA,NA,NA,NA,"IBD",3.20681676547778,14.90729
"O2.UC46-1","LiJ_2014","O2_UC46","stool","IBD","IBD","adult","ESP","no","IlluminaHiSeq","24997786",90203671,7337193880,30,83,"Aitor_Blanco_Miguez;Paolo_Manghi","UC",32,"male","ERR414677;ERR414396",NA,NA,NA,NA,35.62371694,"MoBio",NA,NA,NA,NA,NA,NA,NA,NA,NA,NA,NA,NA,NA,"IBD",3.32441683825889,15.12433
"O2.UC47-1","LiJ_2014","O2_UC47","stool","IBD","IBD","adult","ESP","no","IlluminaHiSeq","24997786",69974273,5649777302,30,83,"Aitor_Blanco_Miguez;Paolo_Manghi","UC",29,"female","ERR414678;ERR414397",NA,NA,NA,NA,21.484375,"MoBio",NA,NA,NA,NA,NA,NA,NA,NA,NA,NA,NA,NA,NA,"IBD",3.62727760366259,15.78392
"O2.UC48-1","LiJ_2014","O2_UC48","stool","IBD","IBD","adult","ESP","no","IlluminaHiSeq","24997786",104286903,8637370227,30,83,"Aitor_Blanco_Miguez;Paolo_Manghi","UC",46,"female","ERR414679;ERR414398",NA,NA,NA,NA,18.81892431,"MoBio",NA,NA,NA,NA,NA,NA,NA,NA,NA,NA,NA,NA,NA,"IBD",3.11443613690478,14.429095
"O2.UC5-1","LiJ_2014","O2_UC5","stool","IBD","IBD","adult","ESP","no","IlluminaHiSeq","24997786",73937035,6215338185,30,87,"Aitor_Blanco_Miguez;Paolo_Manghi","UC",40,"female","ERR414680;ERR414399",NA,NA,NA,NA,20.93663912,"MoBio",NA,NA,NA,NA,NA,NA,NA,NA,NA,NA,NA,NA,NA,"IBD",2.9411834798091,12.537295
"O2.UC6-2","LiJ_2014","O2_UC6","stool","IBD","IBD","adult","ESP","no","IlluminaHiSeq","24997786",62622654,5121828916,30,84,"Aitor_Blanco_Miguez;Paolo_Manghi","UC",50,"male","ERR414683;ERR414402",NA,NA,NA,NA,25.28010986,"MoBio",NA,NA,NA,NA,NA,NA,NA,NA,NA,NA,NA,NA,NA,"IBD",3.1186261583116,11.964165
"O2.UC6-0","LiJ_2014","O2_UC6","stool","IBD","IBD","adult","ESP","no","IlluminaHiSeq","24997786",75332234,6208713475,30,84,"Aitor_Blanco_Miguez;Paolo_Manghi","UC",50,"male","ERR414681;ERR414400",NA,NA,NA,NA,25.28010986,"MoBio",NA,NA,NA,NA,NA,NA,NA,NA,NA,NA,NA,NA,NA,"IBD",2.84914449952873,11.909295
"O2.UC6-1","LiJ_2014","O2_UC6","stool","IBD","IBD","adult","ESP","no","IlluminaHiSeq","24997786",75768172,6242767726,30,85,"Aitor_Blanco_Miguez;Paolo_Manghi","UC",50,"male","ERR414682;ERR414401",NA,NA,NA,NA,25.28010986,"MoBio",NA,NA,NA,NA,NA,NA,NA,NA,NA,NA,NA,NA,NA,"IBD",3.06666943767383,12.403645
"O2.UC7-1","LiJ_2014","O2_UC7","stool","IBD","IBD","adult","ESP","no","IlluminaHiSeq","24997786",59206893,4722291457,30,83,"Aitor_Blanco_Miguez;Paolo_Manghi","UC",25,"female","ERR414685;ERR414404",NA,NA,NA,NA,19.83471074,"MoBio",NA,NA,NA,NA,NA,NA,NA,NA,NA,NA,NA,NA,NA,"IBD",3.35453973622211,16.28881
"O2.UC7-0","LiJ_2014","O2_UC7","stool","IBD","IBD","adult","ESP","no","IlluminaHiSeq","24997786",66611814,5503619303,30,86,"Aitor_Blanco_Miguez;Paolo_Manghi","UC",25,"female","ERR414684;ERR414403",NA,NA,NA,NA,19.83471074,"MoBio",NA,NA,NA,NA,NA,NA,NA,NA,NA,NA,NA,NA,NA,"IBD",3.23575984588193,16.66042
"O2.UC8-0","LiJ_2014","O2_UC8","stool","IBD","IBD","adult","ESP","no","IlluminaHiSeq","24997786",61590511,5035597570,30,86,"Aitor_Blanco_Miguez;Paolo_Manghi","UC",25,"female","ERR414686;ERR414405",NA,NA,NA,NA,20.2020202,"MoBio",NA,NA,NA,NA,NA,NA,NA,NA,NA,NA,NA,NA,NA,"IBD",3.01002567627819,10.925595
"O2.UC8-1","LiJ_2014","O2_UC8","stool","IBD","IBD","adult","ESP","no","IlluminaHiSeq","24997786",61704191,5107673367,30,85,"Aitor_Blanco_Miguez;Paolo_Manghi","UC",25,"female","ERR414687;ERR414406",NA,NA,NA,NA,20.2020202,"MoBio",NA,NA,NA,NA,NA,NA,NA,NA,NA,NA,NA,NA,NA,"IBD",3.15558812069261,11.407255
"O2.UC8-2","LiJ_2014","O2_UC8","stool","IBD","IBD","adult","ESP","no","IlluminaHiSeq","24997786",63442787,5244435825,30,86,"Aitor_Blanco_Miguez;Paolo_Manghi","UC",25,"female","ERR414688;ERR414407",NA,NA,NA,NA,20.2020202,"MoBio",NA,NA,NA,NA,NA,NA,NA,NA,NA,NA,NA,NA,NA,"IBD",3.43769200378954,14.600085
"O2.UC9-1","LiJ_2014","O2_UC9","stool","IBD","IBD","adult","ESP","no","IlluminaHiSeq","24997786",75481749,6259911554,30,83,"Aitor_Blanco_Miguez;Paolo_Manghi","UC",52,"female","ERR414689;ERR414408",NA,NA,NA,NA,24.23822715,"MoBio",NA,NA,NA,NA,NA,NA,NA,NA,NA,NA,NA,NA,NA,"IBD",3.25374346667125,13.030005
"V1.CD1-0-PN","LiJ_2014","V1.CD1-0-PN","stool","IBD","IBD","adult","ESP","no","IlluminaHiSeq","24997786",74922475,6071651916,30,85,"Aitor_Blanco_Miguez;Paolo_Manghi","CD",54,"female","ERR414690;ERR414409",NA,NA,NA,NA,25.96952909,"MoBio",NA,NA,NA,NA,NA,NA,NA,NA,NA,NA,NA,NA,NA,"IBD",3.07877193568745,11.934425
"V1.CD1-0-PT","LiJ_2014","V1.CD1-0-PT","stool","IBD","IBD","adult","ESP","no","IlluminaHiSeq","24997786",75427677,6277637997,30,85,"Aitor_Blanco_Miguez;Paolo_Manghi","CD",26,"female","ERR414691;ERR414410",NA,NA,NA,NA,17.9,"MoBio",NA,NA,NA,NA,NA,NA,NA,NA,NA,NA,NA,NA,NA,"IBD",2.96556408521462,13.219955
"V1.CD1-3-PN","LiJ_2014","V1.CD1-3-PN","stool","IBD","IBD","adult","ESP","no","IlluminaHiSeq","24997786",74218528,6004387248,30,85,"Aitor_Blanco_Miguez;Paolo_Manghi","CD",54,"female","ERR414694;ERR414413",NA,NA,NA,NA,25.96952909,"MoBio",NA,NA,NA,NA,NA,NA,NA,NA,NA,NA,NA,NA,NA,"IBD",3.30484028840746,11.622575
"V1.CD12-3","LiJ_2014","V1.CD12","stool","IBD","IBD","adult","ESP","no","IlluminaHiSeq","24997786",98276583,8092860158,30,86,"Aitor_Blanco_Miguez;Paolo_Manghi","CD",41,"female","ERR414693;ERR414692;ERR414412;ERR414411",NA,NA,NA,NA,20.93663912,"MoBio",NA,NA,NA,NA,NA,NA,NA,NA,NA,NA,NA,NA,NA,"IBD",2.16073032951749,10.93006
"V1.CD2-0-PN","LiJ_2014","V1.CD2-0-PN","stool","IBD","IBD","adult","ESP","no","IlluminaHiSeq","24997786",60312973,4932761091,30,85,"Aitor_Blanco_Miguez;Paolo_Manghi","CD",22,"female","ERR414697;ERR414416",NA,NA,NA,NA,23.91883029,"MoBio",NA,NA,NA,NA,NA,NA,NA,NA,NA,NA,NA,NA,NA,"IBD",2.8834743893188,10.035225
"V1.CD2-0-PT","LiJ_2014","V1.CD2-0-PT","stool","IBD","IBD","adult","ESP","no","IlluminaHiSeq","24997786",92822289,7546983991,30,85,"Aitor_Blanco_Miguez;Paolo_Manghi","CD",58,"male","ERR414698;ERR414417",NA,NA,NA,NA,20.4,"MoBio",NA,NA,NA,NA,NA,NA,NA,NA,NA,NA,NA,NA,NA,"IBD",2.07310209680451,9.338935
"V1.CD3-0-PN","LiJ_2014","V1.CD3-0-PN","stool","IBD","IBD","adult","ESP","no","IlluminaHiSeq","24997786",76030861,6194247971,30,87,"Aitor_Blanco_Miguez;Paolo_Manghi","CD",54,"female","ERR414699;ERR414418",NA,NA,NA,NA,19.02739946,"MoBio",NA,NA,NA,NA,NA,NA,NA,NA,NA,NA,NA,NA,NA,"IBD",2.63740854139399,10.026825
"V1.CD3-0-PT","LiJ_2014","V1.CD3-0-PT","stool","IBD","IBD","adult","ESP","no","IlluminaHiSeq","24997786",115824788,9599334973,30,85,"Aitor_Blanco_Miguez;Paolo_Manghi","CD",33,"female","ERR414700;ERR414419",NA,NA,NA,NA,25,"MoBio",NA,NA,NA,NA,NA,NA,NA,NA,NA,NA,NA,NA,NA,"IBD",2.14074982511456,10.915945
"V1.CD3-3-PN","LiJ_2014","V1.CD3-3-PN","stool","IBD","IBD","adult","ESP","no","IlluminaHiSeq","24997786",72309900,5779596158,30,84,"Aitor_Blanco_Miguez;Paolo_Manghi","CD",54,"female","ERR414705;ERR414424",NA,NA,NA,NA,20.02884153,"MoBio",NA,NA,NA,NA,NA,NA,NA,NA,NA,NA,NA,NA,NA,"IBD",2.10210824366303,7.306025
"V1.CD32-0","LiJ_2014","V1.CD32-0","stool","IBD","IBD","adult","ESP","no","IlluminaHiSeq","24997786",98607332,7986326135,30,86,"Aitor_Blanco_Miguez;Paolo_Manghi","CD",56,"female","ERR414702;ERR414701;ERR414421;ERR414420",NA,NA,NA,NA,25.31545429,"MoBio",NA,NA,NA,NA,NA,NA,NA,NA,NA,NA,NA,NA,NA,"IBD",3.01842100982372,10.241865
"V1.CD32-4","LiJ_2014","V1.CD32-4","stool","IBD","IBD","adult","ESP","no","IlluminaHiSeq","24997786",94707130,7673803085,30,87,"Aitor_Blanco_Miguez;Paolo_Manghi","CD",56,"female","ERR414704;ERR414703;ERR414423;ERR414422",NA,NA,NA,NA,24.52434635,"MoBio",NA,NA,NA,NA,NA,NA,NA,NA,NA,NA,NA,NA,NA,"IBD",2.52732270474049,9.198165
"V1.CD37-4","LiJ_2014","V1.CD37-4","stool","IBD","IBD","adult","ESP","no","IlluminaHiSeq","24997786",68680777,5877014965,30,87,"Aitor_Blanco_Miguez;Paolo_Manghi","CD",35,"male","ERR414706;ERR414425",NA,NA,NA,NA,22.22906193,"MoBio",NA,NA,NA,NA,NA,NA,NA,NA,NA,NA,NA,NA,NA,"IBD",2.40754012530294,10.320835
"V1.CD4-0-PN","LiJ_2014","V1.CD4-0-PN","stool","IBD","IBD","adult","ESP","no","IlluminaHiSeq","24997786",65691060,5348577600,30,86,"Aitor_Blanco_Miguez;Paolo_Manghi","CD",60,"female","ERR414709;ERR414428",NA,NA,NA,NA,19.97918835,"MoBio",NA,NA,NA,NA,NA,NA,NA,NA,NA,NA,NA,NA,NA,"IBD",2.95624410436312,12.931075
"V1.CD4-0-PT","LiJ_2014","V1.CD4-0-PT","stool","IBD","IBD","adult","ESP","no","IlluminaHiSeq","24997786",102762314,8520360163,30,85,"Aitor_Blanco_Miguez;Paolo_Manghi","CD",NA,NA,"ERR414710;ERR414429",NA,NA,NA,NA,NA,"MoBio",NA,NA,NA,NA,NA,NA,NA,NA,NA,NA,NA,NA,NA,"IBD",1.07984613267491,8.223485
"V1.CD40-0","LiJ_2014","V1.CD40-0","stool","IBD","IBD","adult","ESP","no","IlluminaHiSeq","24997786",97068881,7750647052,30,86,"Aitor_Blanco_Miguez;Paolo_Manghi","CD",46,"female","ERR414708;ERR414707;ERR414427;ERR414426",NA,NA,NA,NA,23.7332384,"MoBio",NA,NA,NA,NA,NA,NA,NA,NA,NA,NA,NA,NA,NA,"IBD",2.62337443905969,18.27071
"V1.CD43-0","LiJ_2014","V1.CD43-0","stool","IBD","IBD","adult","ESP","no","IlluminaHiSeq","24997786",65457649,5434185711,30,86,"Aitor_Blanco_Miguez;Paolo_Manghi","CD",45,"female","ERR414711;ERR414430",NA,NA,NA,NA,19.53125,"MoBio",NA,NA,NA,NA,NA,NA,NA,NA,NA,NA,NA,NA,NA,"IBD",3.02682760725623,13.193805
"V1.CD44-0","LiJ_2014","V1.CD44-0","stool","IBD","IBD","adult","ESP","no","IlluminaHiSeq","24997786",94431553,7933483392,30,87,"Aitor_Blanco_Miguez;Paolo_Manghi","CD",47,"female","ERR414713;ERR414712;ERR414432;ERR414431",NA,NA,NA,NA,31.8877551,"MoBio",NA,NA,NA,NA,NA,NA,NA,NA,NA,NA,NA,NA,NA,"IBD",1.77371112470642,10.704625
"V1.CD44-4","LiJ_2014","V1.CD44-4","stool","IBD","IBD","adult","ESP","no","IlluminaHiSeq","24997786",89637161,7500341797,30,85,"Aitor_Blanco_Miguez;Paolo_Manghi","CD",47,"female","ERR414714;ERR414433",NA,NA,NA,NA,32.95068027,"MoBio",NA,NA,NA,NA,NA,NA,NA,NA,NA,NA,NA,NA,NA,"IBD",2.1277675754778,9.363155
"V1.CD45-0","LiJ_2014","V1.CD45-0","stool","IBD","IBD","adult","ESP","no","IlluminaHiSeq","24997786",93497434,7922474701,30,87,"Aitor_Blanco_Miguez;Paolo_Manghi","CD",18,"male","ERR414716;ERR414715;ERR414435;ERR414434",NA,NA,NA,NA,29.60445163,"MoBio",NA,NA,NA,NA,NA,NA,NA,NA,NA,NA,NA,NA,NA,"IBD",1.94259844124776,13.323015
"V1.CD46-0","LiJ_2014","V1.CD46-0","stool","IBD","IBD","adult","ESP","no","IlluminaHiSeq","24997786",83607219,6884181982,30,87,"Aitor_Blanco_Miguez;Paolo_Manghi","CD",30,"male","ERR414718;ERR414717;ERR414437;ERR414436",NA,NA,NA,NA,22.98539751,"MoBio",NA,NA,NA,NA,NA,NA,NA,NA,NA,NA,NA,NA,NA,"IBD",2.43140958108071,12.492665
"V1.CD48-0","LiJ_2014","V1.CD48-0","stool","IBD","IBD","adult","ESP","no","IlluminaHiSeq","24997786",89789986,7395053527,30,86,"Aitor_Blanco_Miguez;Paolo_Manghi","CD",23,"female","ERR414719;ERR414720;ERR414439;ERR414438",NA,NA,NA,NA,20.23950076,"MoBio",NA,NA,NA,NA,NA,NA,NA,NA,NA,NA,NA,NA,NA,"IBD",2.53742666789693,11.507365
"V1.CD49-0","LiJ_2014","V1.CD49-0","stool","IBD","IBD","adult","ESP","no","IlluminaHiSeq","24997786",70552328,5893582271,30,87,"Aitor_Blanco_Miguez;Paolo_Manghi","CD",52,"female","ERR414721;ERR414440",NA,NA,NA,NA,39.95837669,"MoBio",NA,NA,NA,NA,NA,NA,NA,NA,NA,NA,NA,NA,NA,"IBD",3.42049696058609,13.861405
"V1.CD5-0-PN","LiJ_2014","V1.CD5-0-PN","stool","IBD","IBD","adult","ESP","no","IlluminaHiSeq","24997786",68853757,5714793989,30,85,"Aitor_Blanco_Miguez;Paolo_Manghi","CD",35,"female","ERR414723;ERR414442",NA,NA,NA,NA,28.8285704,"MoBio",NA,NA,NA,NA,NA,NA,NA,NA,NA,NA,NA,NA,NA,"IBD",2.25618365824631,7.317865
"V1.CD50-0","LiJ_2014","V1.CD50-0","stool","IBD","IBD","adult","ESP","no","IlluminaHiSeq","24997786",75464321,6209190600,30,86,"Aitor_Blanco_Miguez;Paolo_Manghi","CD",18,"female","ERR414722;ERR414441",NA,NA,NA,NA,21.484375,"MoBio",NA,NA,NA,NA,NA,NA,NA,NA,NA,NA,NA,NA,NA,"IBD",3.27226379314551,15.222515
"V1.CD51-0","LiJ_2014","V1.CD51-0","stool","IBD","IBD","adult","ESP","no","IlluminaHiSeq","24997786",78939367,6711504458,30,86,"Aitor_Blanco_Miguez;Paolo_Manghi","CD",29,"male","ERR414724;ERR414443",NA,NA,NA,NA,20.8756327,"MoBio",NA,NA,NA,NA,NA,NA,NA,NA,NA,NA,NA,NA,NA,"IBD",3.38663379505214,15.516605
"V1.CD52-0","LiJ_2014","V1.CD52-0","stool","IBD","IBD","adult","ESP","no","IlluminaHiSeq","24997786",83647578,7121032083,30,86,"Aitor_Blanco_Miguez;Paolo_Manghi","CD",55,"male","ERR414725;ERR414444",NA,NA,NA,NA,32.48862898,"MoBio",NA,NA,NA,NA,NA,NA,NA,NA,NA,NA,NA,NA,NA,"IBD",3.4047002891459,14.6531
"V1.CD53-0","LiJ_2014","V1.CD53-0","stool","IBD","IBD","adult","ESP","no","IlluminaHiSeq","24997786",69684142,5877496258,30,85,"Aitor_Blanco_Miguez;Paolo_Manghi","CD",47,"female","ERR414726;ERR414445",NA,NA,NA,NA,19.70553242,"MoBio",NA,NA,NA,NA,NA,NA,NA,NA,NA,NA,NA,NA,NA,"IBD",1.97936875913897,9.382095
"V1.CD54-0","LiJ_2014","V1.CD54-0","stool","IBD","IBD","adult","ESP","no","IlluminaHiSeq","24997786",86037577,7160881371,30,85,"Aitor_Blanco_Miguez;Paolo_Manghi","CD",27,"female","ERR414727;ERR414446",NA,NA,NA,NA,21.52873038,"MoBio",NA,NA,NA,NA,NA,NA,NA,NA,NA,NA,NA,NA,NA,"IBD",2.82725514447182,12.56087
"V1.CD55-0","LiJ_2014","V1.CD55-0","stool","IBD","IBD","adult","ESP","no","IlluminaHiSeq","24997786",80590142,6712601739,30,86,"Aitor_Blanco_Miguez;Paolo_Manghi","CD",59,"female","ERR414728;ERR414447",NA,NA,NA,NA,32.45567772,"MoBio",NA,NA,NA,NA,NA,NA,NA,NA,NA,NA,NA,NA,NA,"IBD",3.45308622045376,15.45032
"V1.CD6-0-PN","LiJ_2014","V1.CD6-0-PN","stool","IBD","IBD","senior","ESP","no","IlluminaHiSeq","24997786",68522189,5507186884,30,85,"Aitor_Blanco_Miguez;Paolo_Manghi","CD",69,"male","ERR414729;ERR414448",NA,NA,NA,NA,28.08626033,"MoBio",NA,NA,NA,NA,NA,NA,NA,NA,NA,NA,NA,NA,NA,"IBD",3.17978471238341,15.17541
"V1.CD6-0-PT","LiJ_2014","V1.CD6-0-PT","stool","IBD","IBD","adult","ESP","no","IlluminaHiSeq","24997786",102146266,8219949568,30,86,"Aitor_Blanco_Miguez;Paolo_Manghi","CD",51,"female","ERR414730;ERR414449",NA,NA,NA,NA,23.03,"MoBio",NA,NA,NA,NA,NA,NA,NA,NA,NA,NA,NA,NA,NA,"IBD",3.21636641705893,15.58181
"V1.CD7-0-PN","LiJ_2014","V1.CD7-0-PN","stool","IBD","IBD","adult","ESP","no","IlluminaHiSeq","24997786",69760155,5582864725,30,85,"Aitor_Blanco_Miguez;Paolo_Manghi","CD",51,"male","ERR414731;ERR414450",NA,NA,NA,NA,22.49858277,"MoBio",NA,NA,NA,NA,NA,NA,NA,NA,NA,NA,NA,NA,NA,"IBD",1.06363956878043,6.876595
"V1.CD8-0-PN","LiJ_2014","V1.CD8-0-PN","stool","IBD","IBD","adult","ESP","no","IlluminaHiSeq","24997786",81268745,6549103545,30,85,"Aitor_Blanco_Miguez;Paolo_Manghi","CD",20,"male","ERR414732;ERR414451",NA,NA,NA,NA,21.55102041,"MoBio",NA,NA,NA,NA,NA,NA,NA,NA,NA,NA,NA,NA,NA,"IBD",3.21769808572902,13.413635
"V1.FI01","LiJ_2014","V1.FI01","stool","IBD","IBD;perianal_fistula","adult","ESP","no","IlluminaHiSeq","24997786",81096392,6859087107,30,86,"Aitor_Blanco_Miguez;Paolo_Manghi","CD",17,"male","ERR414733;ERR414452",NA,NA,NA,NA,24.51559546,"MoBio",NA,NA,NA,NA,NA,NA,NA,NA,NA,NA,NA,NA,NA,"IBD",3.3327108007753,14.747735
"V1.FI02","LiJ_2014","V1.FI02","stool","IBD","IBD;perianal_fistula","adult","ESP","no","IlluminaHiSeq","24997786",109066613,8834535711,30,87,"Aitor_Blanco_Miguez;Paolo_Manghi","CD",57,"male","ERR414734;ERR414453",NA,NA,NA,NA,25.25951557,"MoBio",NA,NA,NA,NA,NA,NA,NA,NA,NA,NA,NA,NA,NA,"IBD",3.40187284810718,15.82096
"V1.FI03","LiJ_2014","V1.FI03","stool","IBD","IBD;perianal_fistula","adult","ESP","no","IlluminaHiSeq","24997786",81048739,6582016440,30,86,"Aitor_Blanco_Miguez;Paolo_Manghi","CD",37,"female","ERR414735;ERR414454",NA,NA,NA,NA,34.08065756,"MoBio",NA,NA,NA,NA,NA,NA,NA,NA,NA,NA,NA,NA,NA,"IBD",2.83931790405263,14.99162
"V1.FI04","LiJ_2014","V1.FI04","stool","IBD","IBD;perianal_fistula","adult","ESP","no","IlluminaHiSeq","24997786",84578151,7168830001,30,86,"Aitor_Blanco_Miguez;Paolo_Manghi","CD",59,"female","ERR414736;ERR414455",NA,NA,NA,NA,20.41522491,"MoBio",NA,NA,NA,NA,NA,NA,NA,NA,NA,NA,NA,NA,NA,"IBD",3.22126859372244,15.09371
"V1.FI05","LiJ_2014","V1.FI05","stool","IBD","IBD;perianal_fistula","adult","ESP","no","IlluminaHiSeq","24997786",70905225,6032333732,30,87,"Aitor_Blanco_Miguez;Paolo_Manghi","CD",22,"female","ERR414737;ERR414456",NA,NA,NA,NA,23.62444749,"MoBio",NA,NA,NA,NA,NA,NA,NA,NA,NA,NA,NA,NA,NA,"IBD",3.11304151449039,16.37895
"V1.FI06","LiJ_2014","V1.FI06","stool","IBD","IBD;perianal_fistula","adult","ESP","no","IlluminaHiSeq","24997786",80537133,6949986713,30,86,"Aitor_Blanco_Miguez;Paolo_Manghi","CD",39,"male","ERR414738;ERR414457",NA,NA,NA,NA,27.30996814,"MoBio",NA,NA,NA,NA,NA,NA,NA,NA,NA,NA,NA,NA,NA,"IBD",3.37369138788456,13.216045
"V1.FI07","LiJ_2014","V1.FI07","stool","IBD","IBD;perianal_fistula","adult","ESP","no","IlluminaHiSeq","24997786",71797968,6038955155,30,85,"Aitor_Blanco_Miguez;Paolo_Manghi","CD",19,"male","ERR414739;ERR414458",NA,NA,NA,NA,21.2244898,"MoBio",NA,NA,NA,NA,NA,NA,NA,NA,NA,NA,NA,NA,NA,"IBD",3.09181265454473,12.80446
"V1.FI08","LiJ_2014","V1.FI08","stool","IBD","IBD;perianal_fistula","adult","ESP","no","IlluminaHiSeq","24997786",83519135,6956306274,30,85,"Aitor_Blanco_Miguez;Paolo_Manghi","CD",23,"female","ERR414740;ERR414459",NA,NA,NA,NA,22.31327843,"MoBio",NA,NA,NA,NA,NA,NA,NA,NA,NA,NA,NA,NA,NA,"IBD",3.17027986054742,14.405715
"V1.FI09","LiJ_2014","V1.FI09","stool","IBD","IBD;perianal_fistula","adult","ESP","no","IlluminaHiSeq","24997786",77354786,6571330428,30,87,"Aitor_Blanco_Miguez;Paolo_Manghi","CD",37,"male","ERR414741;ERR414460",NA,NA,NA,NA,27.76979795,"MoBio",NA,NA,NA,NA,NA,NA,NA,NA,NA,NA,NA,NA,NA,"IBD",3.01023897597336,14.08329
"V1.FI10","LiJ_2014","V1.FI10","stool","IBD","IBD;perianal_fistula","adult","ESP","no","IlluminaHiSeq","24997786",85656453,7206108468,30,85,"Aitor_Blanco_Miguez;Paolo_Manghi","CD",19,"female","ERR414742;ERR414461",NA,NA,NA,NA,19.48696145,"MoBio",NA,NA,NA,NA,NA,NA,NA,NA,NA,NA,NA,NA,NA,"IBD",2.80575677270152,12.911855
"V1.FI11","LiJ_2014","V1.FI11","stool","IBD","IBD;perianal_fistula","senior","ESP","no","IlluminaHiSeq","24997786",73784630,6202693908,30,85,"Aitor_Blanco_Miguez;Paolo_Manghi","CD",67,"male","ERR414743;ERR414462",NA,NA,NA,NA,29.35752192,"MoBio",NA,NA,NA,NA,NA,NA,NA,NA,NA,NA,NA,NA,NA,"IBD",3.14600013011973,16.263975
"V1.FI12","LiJ_2014","V1.FI12","stool","IBD","IBD;perianal_fistula","adult","ESP","no","IlluminaHiSeq","24997786",87164713,7402548404,30,87,"Aitor_Blanco_Miguez;Paolo_Manghi","CD",36,"female","ERR414744;ERR414463",NA,NA,NA,NA,20.82093992,"MoBio",NA,NA,NA,NA,NA,NA,NA,NA,NA,NA,NA,NA,NA,"IBD",3.64420714992067,17.343915
"V1.FI13","LiJ_2014","V1.FI13","stool","IBD","IBD;perianal_fistula","adult","ESP","no","IlluminaHiSeq","24997786",77012009,6594044734,30,85,"Aitor_Blanco_Miguez;Paolo_Manghi","CD",47,"female","ERR414745;ERR414464",NA,NA,NA,NA,23.52941176,"MoBio",NA,NA,NA,NA,NA,NA,NA,NA,NA,NA,NA,NA,NA,"IBD",3.02900129504171,12.637315
"V1.FI14","LiJ_2014","V1.FI14","stool","IBD","IBD;perianal_fistula","adult","ESP","no","IlluminaHiSeq","24997786",84524493,7157788856,30,87,"Aitor_Blanco_Miguez;Paolo_Manghi","CD",35,"male","ERR414746;ERR414465",NA,NA,NA,NA,29.3877551,"MoBio",NA,NA,NA,NA,NA,NA,NA,NA,NA,NA,NA,NA,NA,"IBD",3.11672592609603,14.9024
"V1.FI15","LiJ_2014","V1.FI15","stool","IBD","IBD;perianal_fistula","adult","ESP","no","IlluminaHiSeq","24997786",81560781,6890958662,30,86,"Aitor_Blanco_Miguez;Paolo_Manghi","CD",30,"female","ERR414747;ERR414466",NA,NA,NA,NA,20.06920415,"MoBio",NA,NA,NA,NA,NA,NA,NA,NA,NA,NA,NA,NA,NA,"IBD",3.44214582357793,16.55916
"V1.FI16","LiJ_2014","V1.FI16","stool","IBD","IBD;perianal_fistula","adult","ESP","no","IlluminaHiSeq","24997786",78852600,6664387364,30,86,"Aitor_Blanco_Miguez;Paolo_Manghi","CD",28,"male","ERR414748;ERR414467",NA,NA,NA,NA,23.93948099,"MoBio",NA,NA,NA,NA,NA,NA,NA,NA,NA,NA,NA,NA,NA,"IBD",3.15270356323441,15.00947
"V1.FI17","LiJ_2014","V1.FI17","stool","IBD","IBD;perianal_fistula","adult","ESP","no","IlluminaHiSeq","24997786",72898540,6205572658,30,87,"Aitor_Blanco_Miguez;Paolo_Manghi","CD",24,"male","ERR414749;ERR414468",NA,NA,NA,NA,25.60553633,"MoBio",NA,NA,NA,NA,NA,NA,NA,NA,NA,NA,NA,NA,NA,"IBD",3.27013762138599,16.30796
"V1.FI18","LiJ_2014","V1.FI18","stool","IBD","IBD;perianal_fistula","adult","ESP","no","IlluminaHiSeq","24997786",82519829,7034327312,30,86,"Aitor_Blanco_Miguez;Paolo_Manghi","CD",27,"male","ERR414750;ERR414469",NA,NA,NA,NA,25.43268596,"MoBio",NA,NA,NA,NA,NA,NA,NA,NA,NA,NA,NA,NA,NA,"IBD",2.39281877820306,12.295685
"V1.FI19","LiJ_2014","V1.FI19","stool","IBD","IBD;perianal_fistula","adult","ESP","no","IlluminaHiSeq","24997786",76468282,6463600535,30,85,"Aitor_Blanco_Miguez;Paolo_Manghi","CD",32,"female","ERR414751;ERR414470",NA,NA,NA,NA,22.32142857,"MoBio",NA,NA,NA,NA,NA,NA,NA,NA,NA,NA,NA,NA,NA,"IBD",3.18542139424509,15.638455
"V1.FI20","LiJ_2014","V1.FI20","stool","IBD","IBD;perianal_fistula","adult","ESP","no","IlluminaHiSeq","24997786",82720298,7071193954,30,87,"Aitor_Blanco_Miguez;Paolo_Manghi","CD",38,"male","ERR414752;ERR414471",NA,NA,NA,NA,24.41927902,"MoBio",NA,NA,NA,NA,NA,NA,NA,NA,NA,NA,NA,NA,NA,"IBD",3.60682812536587,14.83375
"V1.FI21","LiJ_2014","V1.FI21","stool","IBD","IBD;perianal_fistula","adult","ESP","no","IlluminaHiSeq","24997786",57010821,4794089179,30,84,"Aitor_Blanco_Miguez;Paolo_Manghi","CD",26,"male","ERR414753;ERR414472",NA,NA,NA,NA,22.23098713,"MoBio",NA,NA,NA,NA,NA,NA,NA,NA,NA,NA,NA,NA,NA,"IBD",2.44546353291555,11.422455
"V1.FI22","LiJ_2014","V1.FI22","stool","IBD","IBD;perianal_fistula","adult","ESP","no","IlluminaHiSeq","24997786",70031917,6201433150,30,90,"Aitor_Blanco_Miguez;Paolo_Manghi","CD",41,"male","ERR414754;ERR414473",NA,NA,NA,NA,23.04398316,"MoBio",NA,NA,NA,NA,NA,NA,NA,NA,NA,NA,NA,NA,NA,"IBD",2.92890783119589,11.586485
"V1.FI23","LiJ_2014","V1.FI23","stool","IBD","IBD;perianal_fistula","adult","ESP","no","IlluminaHiSeq","24997786",62052088,5252327940,30,86,"Aitor_Blanco_Miguez;Paolo_Manghi","CD",35,"female","ERR414755;ERR414474",NA,NA,NA,NA,20.57613169,"MoBio",NA,NA,NA,NA,NA,NA,NA,NA,NA,NA,NA,NA,NA,"IBD",1.90669435599081,7.81404499999999
"V1.FI24","LiJ_2014","V1.FI24","stool","IBD","IBD;perianal_fistula","adult","ESP","no","IlluminaHiSeq","24997786",134191380,11358352057,30,86,"Aitor_Blanco_Miguez;Paolo_Manghi","CD",45,"female","ERR414756;ERR414475",NA,NA,NA,NA,19.47340663,"MoBio",NA,NA,NA,NA,NA,NA,NA,NA,NA,NA,NA,NA,NA,"IBD",2.57273967889793,18.53538
"V1.FI25","LiJ_2014","V1.FI25","stool","IBD","IBD;perianal_fistula","adult","ESP","no","IlluminaHiSeq","24997786",75781090,6440843347,30,86,"Aitor_Blanco_Miguez;Paolo_Manghi","CD",42,"male","ERR414757;ERR414476",NA,NA,NA,NA,35.49382716,"MoBio",NA,NA,NA,NA,NA,NA,NA,NA,NA,NA,NA,NA,NA,"IBD",3.17177836455707,15.65028
"V1.FI26","LiJ_2014","V1.FI26","stool","IBD","IBD;perianal_fistula","adult","ESP","no","IlluminaHiSeq","24997786",82316087,6968335171,30,86,"Aitor_Blanco_Miguez;Paolo_Manghi","CD",32,"female","ERR414758;ERR414477",NA,NA,NA,NA,23.7332384,"MoBio",NA,NA,NA,NA,NA,NA,NA,NA,NA,NA,NA,NA,NA,"IBD",3.49813874328571,17.648895
"V1.FI27","LiJ_2014","V1.FI27","stool","IBD","IBD;perianal_fistula","adult","ESP","no","IlluminaHiSeq","24997786",67116258,5669247049,30,86,"Aitor_Blanco_Miguez;Paolo_Manghi","CD",51,"female","ERR414759;ERR414478",NA,NA,NA,NA,21.33821064,"MoBio",NA,NA,NA,NA,NA,NA,NA,NA,NA,NA,NA,NA,NA,"IBD",2.66593650388268,11.407265
"V1.FI28","LiJ_2014","V1.FI28","stool","IBD","IBD;perianal_fistula","adult","ESP","no","IlluminaHiSeq","24997786",77947111,6507804667,30,84,"Aitor_Blanco_Miguez;Paolo_Manghi","CD",50,"female","ERR414760;ERR414479",NA,NA,NA,NA,28.515625,"MoBio",NA,NA,NA,NA,NA,NA,NA,NA,NA,NA,NA,NA,NA,"IBD",3.23573168182416,13.817085
"V1.FI29","LiJ_2014","V1.FI29","stool","IBD","IBD;perianal_fistula","adult","ESP","no","IlluminaHiSeq","24997786",58325065,4925801585,30,86,"Aitor_Blanco_Miguez;Paolo_Manghi","CD",47,"female","ERR414761;ERR414480",NA,NA,NA,NA,20.32443826,"MoBio",NA,NA,NA,NA,NA,NA,NA,NA,NA,NA,NA,NA,NA,"IBD",2.68274212656461,13.149595
"V1.FI30","LiJ_2014","V1.FI30","stool","IBD","IBD;perianal_fistula","adult","ESP","no","IlluminaHiSeq","24997786",72754004,6166455334,30,86,"Aitor_Blanco_Miguez;Paolo_Manghi","CD",53,"female","ERR414762;ERR414481",NA,NA,NA,NA,25.47666009,"MoBio",NA,NA,NA,NA,NA,NA,NA,NA,NA,NA,NA,NA,NA,"IBD",3.50060389160507,13.553555
"V1.FI31","LiJ_2014","V1.FI31","stool","IBD","IBD;perianal_fistula","adult","ESP","no","IlluminaHiSeq","24997786",62178963,5294777487,30,86,"Aitor_Blanco_Miguez;Paolo_Manghi","CD",42,"male","ERR414763;ERR414482",NA,NA,NA,NA,28.13938199,"MoBio",NA,NA,NA,NA,NA,NA,NA,NA,NA,NA,NA,NA,NA,"IBD",2.08506840397964,13.61437
"V1.FI32","LiJ_2014","V1.FI32","stool","IBD","IBD;perianal_fistula","adult","ESP","no","IlluminaHiSeq","24997786",87158373,7360220836,30,85,"Aitor_Blanco_Miguez;Paolo_Manghi","CD",35,"female","ERR414764;ERR414483",NA,NA,NA,NA,37.09825528,"MoBio",NA,NA,NA,NA,NA,NA,NA,NA,NA,NA,NA,NA,NA,"IBD",3.55188837557098,16.562945
"V1.FI33","LiJ_2014","V1.FI33","stool","IBD","IBD;perianal_fistula","adult","ESP","no","IlluminaHiSeq","24997786",79350126,6701410338,30,85,"Aitor_Blanco_Miguez;Paolo_Manghi","CD",32,"male","ERR414765;ERR414484",NA,NA,NA,NA,20.93663912,"MoBio",NA,NA,NA,NA,NA,NA,NA,NA,NA,NA,NA,NA,NA,"IBD",2.8110762938946,10.458485
"V1.FI34","LiJ_2014","V1.FI34","stool","IBD","IBD;perianal_fistula","adult","ESP","no","IlluminaHiSeq","24997786",87351380,7453455898,30,87,"Aitor_Blanco_Miguez;Paolo_Manghi","CD",37,"male","ERR414766;ERR414485",NA,NA,NA,NA,23.88844098,"MoBio",NA,NA,NA,NA,NA,NA,NA,NA,NA,NA,NA,NA,NA,"IBD",2.69193400983693,13.430755
"V1.FI35","LiJ_2014","V1.FI35","stool","IBD","IBD;perianal_fistula","adult","ESP","no","IlluminaHiSeq","24997786",65234278,5518578180,30,86,"Aitor_Blanco_Miguez;Paolo_Manghi","CD",27,"male","ERR414767;ERR414486",NA,NA,NA,NA,31.13458075,"MoBio",NA,NA,NA,NA,NA,NA,NA,NA,NA,NA,NA,NA,NA,"IBD",2.86866039250474,12.043025
"V1.FI36","LiJ_2014","V1.FI36","stool","IBD","IBD;perianal_fistula","adult","ESP","no","IlluminaHiSeq","24997786",86416301,7287317782,30,86,"Aitor_Blanco_Miguez;Paolo_Manghi","CD",30,"female","ERR414768;ERR414487",NA,NA,NA,NA,19.77769867,"MoBio",NA,NA,NA,NA,NA,NA,NA,NA,NA,NA,NA,NA,NA,"IBD",3.53090401486229,13.292265
"V1.FI37","LiJ_2014","V1.FI37","stool","IBD","IBD;perianal_fistula","adult","ESP","no","IlluminaHiSeq","24997786",81435735,6925462719,30,86,"Aitor_Blanco_Miguez;Paolo_Manghi","CD",46,"male","ERR414769;ERR414488",NA,NA,NA,NA,24.48979592,"MoBio",NA,NA,NA,NA,NA,NA,NA,NA,NA,NA,NA,NA,NA,"IBD",3.51789971181368,14.727455
"V1.CD20-0","LiJ_2014","V1_CD20","stool","IBD","IBD","adult","ESP","no","IlluminaHiSeq","24997786",82474917,6685228250,30,86,"Aitor_Blanco_Miguez;Paolo_Manghi","CD",26,"male","ERR414696;ERR414695;ERR414415;ERR414414",NA,NA,NA,NA,19.59631589,"MoBio",NA,NA,NA,NA,NA,NA,NA,NA,NA,NA,NA,NA,NA,"IBD",2.79381506111577,10.430035
"V1.UC22-1","LiJ_2014","V1_UC22","stool","IBD","IBD","adult","ESP","no","IlluminaHiSeq","24997786",82978692,6823277690,30,86,"Aitor_Blanco_Miguez;Paolo_Manghi","UC",37,"male","ERR414771;ERR414770;ERR414489;ERR414490",NA,NA,NA,NA,22.53061224,"MoBio",NA,NA,NA,NA,NA,NA,NA,NA,NA,NA,NA,NA,NA,"IBD",3.49816621929709,15.44808
"V1.UC38-4","LiJ_2014","V1_UC38","stool","IBD","IBD","adult","ESP","no","IlluminaHiSeq","24997786",93505694,7751769690,30,86,"Aitor_Blanco_Miguez;Paolo_Manghi","UC",24,"male","ERR414773;ERR414772;ERR414492;ERR414491",NA,NA,NA,NA,19.26005554,"MoBio",NA,NA,NA,NA,NA,NA,NA,NA,NA,NA,NA,NA,NA,"IBD",3.12972892527814,14.118655
"V1.UC39-4","LiJ_2014","V1_UC39","stool","IBD","IBD","adult","ESP","no","IlluminaHiSeq","24997786",51833646,4165928619,30,85,"Aitor_Blanco_Miguez;Paolo_Manghi","UC",26,"male","ERR414774;ERR414493",NA,NA,NA,NA,21.49959688,"MoBio",NA,NA,NA,NA,NA,NA,NA,NA,NA,NA,NA,NA,NA,"IBD",3.32976432275818,14.400525
"V1.UC40-1","LiJ_2014","V1_UC40","stool","IBD","IBD","adult","ESP","no","IlluminaHiSeq","24997786",65332377,5395298300,30,87,"Aitor_Blanco_Miguez;Paolo_Manghi","UC",32,"female","ERR414776;ERR414775;ERR414495;ERR414494",NA,NA,NA,NA,25.88757396,"MoBio",NA,NA,NA,NA,NA,NA,NA,NA,NA,NA,NA,NA,NA,"IBD",3.05145169039924,13.308465
"V1.UC47-4","LiJ_2014","V1_UC47","stool","IBD","IBD","adult","ESP","no","IlluminaHiSeq","24997786",65145757,5309210212,30,86,"Aitor_Blanco_Miguez;Paolo_Manghi","UC",46,"male","ERR414777;ERR414496",NA,NA,NA,NA,26.44628099,"MoBio",NA,NA,NA,NA,NA,NA,NA,NA,NA,NA,NA,NA,NA,"IBD",3.44263572746321,14.424895
"V1.UC54-4","LiJ_2014","V1_UC54","stool","IBD","IBD","adult","ESP","no","IlluminaHiSeq","24997786",70932699,5787805677,30,85,"Aitor_Blanco_Miguez;Paolo_Manghi","UC",32,"male","ERR414778;ERR414497",NA,NA,NA,NA,35.92561285,"MoBio",NA,NA,NA,NA,NA,NA,NA,NA,NA,NA,NA,NA,NA,"IBD",2.84939086740024,10.792155
"V1.UC56-1","LiJ_2014","V1_UC56","stool","IBD","IBD","adult","ESP","no","IlluminaHiSeq","24997786",3018521,254144259,30,87,"Aitor_Blanco_Miguez;Paolo_Manghi","UC",35,"female","ERR414780;ERR414779;ERR414499;ERR414498",NA,NA,NA,NA,18.82711104,"MoBio",NA,NA,NA,NA,NA,NA,NA,NA,NA,NA,NA,NA,NA,"IBD",1.4984013946318,5.670555
"V1.UC58-4","LiJ_2014","V1_UC58","stool","IBD","IBD","adult","ESP","no","IlluminaHiSeq","24997786",70615864,6020729485,30,87,"Aitor_Blanco_Miguez;Paolo_Manghi","UC",41,"female","ERR414781;ERR414500",NA,NA,NA,NA,28.76397107,"MoBio",NA,NA,NA,NA,NA,NA,NA,NA,NA,NA,NA,NA,NA,"IBD",3.51909336993258,15.530145
"V1.UC59-4","LiJ_2014","V1_UC59","stool","IBD","IBD","adult","ESP","no","IlluminaHiSeq","24997786",2126770,182178852,30,87,"Aitor_Blanco_Miguez;Paolo_Manghi","UC",46,"female","ERR414784;ERR414503",NA,NA,NA,NA,23.828125,"MoBio",NA,NA,NA,NA,NA,NA,NA,NA,NA,NA,NA,NA,NA,"IBD",2.20580402977695,3.389265
"V1.UC59-0","LiJ_2014","V1_UC59","stool","IBD","IBD","adult","ESP","no","IlluminaHiSeq","24997786",89499128,7465907154,30,87,"Aitor_Blanco_Miguez;Paolo_Manghi","UC",46,"female","ERR414783;ERR414782;ERR414502;ERR414501",NA,NA,NA,NA,23.4375,"MoBio",NA,NA,NA,NA,NA,NA,NA,NA,NA,NA,NA,NA,NA,"IBD",2.79358799880467,11.751745
"V1.UC60-0","LiJ_2014","V1_UC60","stool","IBD","IBD","adult","ESP","no","IlluminaHiSeq","24997786",70228317,5729831069,30,87,"Aitor_Blanco_Miguez;Paolo_Manghi","UC",25,"female","ERR414787;ERR414786;ERR414785;ERR414505;ERR414504;ERR414506",NA,NA,NA,NA,24.1671624,"MoBio",NA,NA,NA,NA,NA,NA,NA,NA,NA,NA,NA,NA,NA,"IBD",3.33050097565496,15.825125
"V1.UC63-0","LiJ_2014","V1_UC63","stool","IBD","IBD","adult","ESP","no","IlluminaHiSeq","24997786",78237076,6434035633,30,87,"Aitor_Blanco_Miguez;Paolo_Manghi","UC",45,"male","ERR414790;ERR414789;ERR414788;ERR414509;ERR414508;ERR414507",NA,NA,NA,NA,26.29757785,"MoBio",NA,NA,NA,NA,NA,NA,NA,NA,NA,NA,NA,NA,NA,"IBD",3.55574404235649,14.42401
"V1.UC64-0","LiJ_2014","V1_UC64","stool","IBD","IBD","adult","ESP","no","IlluminaHiSeq","24997786",63937976,5214305013,30,86,"Aitor_Blanco_Miguez;Paolo_Manghi","UC",41,"female","ERR414791;ERR414510",NA,NA,NA,NA,25.60553633,"MoBio",NA,NA,NA,NA,NA,NA,NA,NA,NA,NA,NA,NA,NA,"IBD",3.35189307561626,14.299165
"MH0001","NielsenHB_2014","MH0001","stool","control","healthy","adult","DNK","no","IlluminaHiSeq","24997787",45014922,1980656568,44,44,"Paolo_Manghi",NA,49,"female","ERR209908;ERR209907;ERR209056;ERR209055",0,"no",NA,NA,25.6,NA,NA,NA,NA,NA,156,NA,NA,NA,NA,NA,NA,NA,NA,"Healthy",1.21309052331544,12.31813
"MH0002","NielsenHB_2014","MH0002","stool","control","healthy","adult","DNK","no","IlluminaHiSeq","24997787",46564054,3492304050,75,75,"Paolo_Manghi",NA,59,"female","ERR209911;ERR209910;ERR209909;ERR209059;ERR209058;ERR209057",0,"no",NA,NA,27.3,NA,NA,NA,NA,NA,164,NA,NA,NA,NA,NA,NA,NA,NA,"Healthy",2.64013192816062,12.015645
"MH0003","NielsenHB_2014","MH0003","stool","control","healthy","senior","DNK","no","IlluminaHiSeq","24997787",50381662,3778624650,75,75,"Paolo_Manghi",NA,69,"male","ERR209914;ERR209913;ERR209912;ERR209062;ERR209061;ERR209060",0,"no",NA,NA,33.2,NA,NA,NA,NA,NA,127,NA,NA,NA,NA,NA,NA,NA,NA,"Healthy",3.42014801094938,12.333365
"MH0004","NielsenHB_2014","MH0004","stool","control","healthy","adult","DNK","no","IlluminaHiSeq","24997787",40277026,1772189144,44,44,"Paolo_Manghi",NA,59,"male","ERR209916;ERR209915;ERR209064;ERR209063",0,"no",NA,NA,31.2,NA,NA,NA,NA,NA,164,NA,NA,NA,NA,NA,NA,NA,NA,"Healthy",2.90110442706973,13.39991
"MH0005","NielsenHB_2014","MH0005","stool","control","healthy","adult","DNK","no","IlluminaHiSeq","24997787",39402462,1733708328,44,44,"Paolo_Manghi",NA,64,"male","ERR209918;ERR209917;ERR209066;ERR209065",0,"no",NA,NA,21.7,NA,NA,NA,NA,NA,155,NA,NA,NA,NA,NA,NA,NA,NA,"Healthy",1.67878076649006,12.4785
"MH0006","NielsenHB_2014","MH0006","stool","control","healthy","adult","DNK","no","IlluminaHiSeq","24997787",161145974,10901069708,44,75,"Paolo_Manghi",NA,59,"female","ERR209924;ERR209923;ERR209922;ERR209921;ERR209920;ERR209919;ERR209072;ERR209071;ERR209070;ERR209069;ERR209068;ERR209067",0,"no",NA,NA,22.4,NA,NA,NA,NA,NA,214,NA,NA,NA,NA,NA,NA,NA,NA,"Healthy",2.07091162041088,11.748015
"MH0007","NielsenHB_2014","MH0007","stool","control","healthy","senior","DNK","no","IlluminaHiSeq","24997787",36951094,1625848136,44,44,"Paolo_Manghi",NA,69,"male","ERR209926;ERR209925;ERR209074;ERR209073",0,"no",NA,NA,33.6,NA,NA,NA,NA,NA,214,NA,NA,NA,NA,NA,NA,NA,NA,"Healthy",3.47101422019574,15.1676
"MH0008","NielsenHB_2014","MH0008","stool","control","healthy","adult","DNK","no","IlluminaHiSeq","24997787",38154256,1678787264,44,44,"Paolo_Manghi",NA,59,"male","ERR209928;ERR209927;ERR209076;ERR209075",0,"no",NA,NA,24.3,NA,NA,NA,NA,NA,111,NA,NA,NA,NA,NA,NA,NA,NA,"Healthy",2.98459484601398,12.560745
"MH0009","NielsenHB_2014","MH0009","stool","control","healthy","adult","DNK","no","IlluminaHiSeq","24997787",58446132,4383459900,75,75,"Paolo_Manghi",NA,64,"male","ERR209931;ERR209930;ERR209929;ERR209079;ERR209078;ERR209077",0,"no",NA,NA,29,NA,NA,NA,NA,NA,204,NA,NA,NA,NA,NA,NA,NA,NA,"Healthy",3.00202488382284,12.8877
"MH0010","NielsenHB_2014","MH0010","stool","control","healthy","adult","DNK","no","IlluminaHiSeq","24997787",39167030,1723349320,44,44,"Paolo_Manghi",NA,64,"male","ERR209933;ERR209932;ERR209081;ERR209080",0,"no",NA,NA,33.3,NA,NA,NA,NA,NA,102,NA,NA,NA,NA,NA,NA,NA,NA,"Healthy",2.58175604346493,10.060465
"MH0011","NielsenHB_2014","MH0011","stool","control","healthy","adult","DNK","no","IlluminaHiSeq","24997787",58492736,4386955200,75,75,"Paolo_Manghi",NA,59,"female","ERR209936;ERR209935;ERR209934;ERR209083;ERR209082;ERR209084",0,"no",NA,NA,22.3,NA,NA,NA,NA,NA,208,NA,NA,NA,NA,NA,NA,NA,NA,"Healthy",3.31859534397487,10.86934
"MH0012","NielsenHB_2014","MH0012","stool","control","healthy","adult","DNK","no","IlluminaHiSeq","24997787",186050798,13953809850,75,75,"Paolo_Manghi",NA,49,"female","ERR209943;ERR209942;ERR209941;ERR209940;ERR209939;ERR209938;ERR209937;ERR209091;ERR209090;ERR209089;ERR209088;ERR209087;ERR209086;ERR209085",0,"no",NA,NA,32.1,NA,NA,NA,NA,NA,186,NA,NA,NA,NA,NA,NA,NA,NA,"Healthy",3.14357588117022,15.36063
"MH0013","NielsenHB_2014","MH0013","stool","control","healthy","adult","DNK","no","IlluminaHiSeq","24997787",40004484,1760197296,44,44,"Paolo_Manghi",NA,54,"male","ERR209945;ERR209944;ERR209093;ERR209092",0,"no",NA,NA,20.5,NA,NA,NA,NA,NA,156,NA,NA,NA,NA,NA,NA,NA,NA,"Healthy",3.1829937341136,14.28043
"MH0014","NielsenHB_2014","MH0014","stool","control","healthy","adult","DNK","no","IlluminaHiSeq","24997787",56295656,4222174200,75,75,"Paolo_Manghi",NA,54,"female","ERR209948;ERR209947;ERR209946;ERR209096;ERR209095;ERR209094",0,"no",NA,NA,38.5,NA,NA,NA,NA,NA,163,NA,NA,NA,NA,NA,NA,NA,NA,"Healthy",3.22079157718714,12.53109
"MH0015","NielsenHB_2014","MH0015","stool","control","healthy","adult","DNK","no","IlluminaHiSeq","24997787",33012850,1452565400,44,44,"Paolo_Manghi",NA,59,"male","ERR209950;ERR209949;ERR209098;ERR209097",0,"no",NA,NA,25.5,NA,NA,NA,NA,NA,138,NA,NA,NA,NA,NA,NA,NA,NA,"Healthy",3.13533953045661,12.084315
"MH0016","NielsenHB_2014","MH0016","stool","control","healthy","adult","DNK","no","IlluminaHiSeq","24997787",54391486,4079361450,75,75,"Paolo_Manghi",NA,49,"female","ERR209953;ERR209952;ERR209951;ERR209101;ERR209100;ERR209099",0,"no",NA,NA,30.5,NA,NA,NA,NA,NA,130,NA,NA,NA,NA,NA,NA,NA,NA,"Healthy",2.6833549994798,9.195705
"MH0017","NielsenHB_2014","MH0017","stool","control","healthy","adult","DNK","no","IlluminaHiSeq","24997787",36152668,1590717392,44,44,"Paolo_Manghi",NA,64,"male","ERR209955;ERR209954;ERR209103;ERR209102",0,"no",NA,NA,21.8,NA,NA,NA,NA,NA,207,NA,NA,NA,NA,NA,NA,NA,NA,"Healthy",3.19092474925782,13.62065
"MH0018","NielsenHB_2014","MH0018","stool","control","healthy","adult","DNK","no","IlluminaHiSeq","24997787",36577566,1609412904,44,44,"Paolo_Manghi",NA,49,"male","ERR209957;ERR209956;ERR209105;ERR209104",0,"no",NA,NA,31.4,NA,NA,NA,NA,NA,101,NA,NA,NA,NA,NA,NA,NA,NA,"Healthy",1.73840597582548,11.278225
"MH0019","NielsenHB_2014","MH0019","stool","control","healthy","adult","DNK","no","IlluminaHiSeq","24997787",38853986,1709575384,44,44,"Paolo_Manghi",NA,44,"female","ERR209959;ERR209958;ERR209107;ERR209106",0,"no",NA,NA,20,NA,NA,NA,NA,NA,141,NA,NA,NA,NA,NA,NA,NA,NA,"Healthy",2.84218720691621,11.556925
"MH0020","NielsenHB_2014","MH0020","stool","control","healthy","adult","DNK","no","IlluminaHiSeq","24997787",45794576,3434593200,75,75,"Paolo_Manghi",NA,64,"female","ERR209961;ERR209960;ERR209109;ERR209108",0,"no",NA,NA,33.2,NA,NA,NA,NA,NA,82,NA,NA,NA,NA,NA,NA,NA,NA,"Healthy",2.59725149960614,8.883235
"MH0021","NielsenHB_2014","MH0021","stool","control","healthy","adult","DNK","no","IlluminaHiSeq","24997787",26254116,1969058700,75,75,"Paolo_Manghi",NA,49,"female","ERR209963;ERR209962;ERR209111;ERR209110",0,"no",NA,NA,25.4,NA,NA,NA,NA,NA,194,NA,NA,NA,NA,NA,NA,NA,NA,"Healthy",3.05358753021384,11.56069
"MH0022","NielsenHB_2014","MH0022","stool","control","healthy","adult","DNK","no","IlluminaHiSeq","24997787",37108408,1632769952,44,44,"Paolo_Manghi",NA,64,"male","ERR209965;ERR209964;ERR209113;ERR209112",0,"no",NA,NA,24.4,NA,NA,NA,NA,NA,220,NA,NA,NA,NA,NA,NA,NA,NA,"Healthy",3.20629743850964,10.61062
"MH0023","NielsenHB_2014","MH0023","stool","control","healthy","senior","DNK","no","IlluminaHiSeq","24997787",37780892,1662359248,44,44,"Paolo_Manghi",NA,69,"male","ERR209967;ERR209966;ERR209115;ERR209114",0,"no",NA,NA,31.7,NA,NA,NA,NA,NA,172,NA,NA,NA,NA,NA,NA,NA,NA,"Healthy",2.80721572614584,11.708545
"MH0024","NielsenHB_2014","MH0024","stool","control","healthy","adult","DNK","no","IlluminaHiSeq","24997787",54906872,3615740280,45,75,"Paolo_Manghi",NA,59,"female","ERR209969;ERR209968;ERR209117;ERR209116",0,"no",NA,NA,22.7,NA,NA,NA,NA,NA,182,NA,NA,NA,NA,NA,NA,NA,NA,"Healthy",2.32211811823775,7.45449
"MH0025","NielsenHB_2014","MH0025","stool","control","healthy","adult","DNK","no","IlluminaHiSeq","24997787",55597758,3678992940,45,75,"Paolo_Manghi",NA,49,"female","ERR209971;ERR209970;ERR209119;ERR209118",0,"no",NA,NA,34.2,NA,NA,NA,NA,NA,203,NA,NA,NA,NA,NA,NA,NA,NA,"Healthy",3.2743624870123,11.52837
"MH0026","NielsenHB_2014","MH0026","stool","control","healthy","adult","DNK","no","IlluminaHiSeq","24997787",37481422,2811106650,75,75,"Paolo_Manghi",NA,49,"female","ERR209973;ERR209972;ERR209121;ERR209120",0,"no",NA,NA,37.3,NA,NA,NA,NA,NA,124,NA,NA,NA,NA,NA,NA,NA,NA,"Healthy",2.3281662290246,7.922255
"MH0027","NielsenHB_2014","MH0027","stool","control","healthy","adult","DNK","no","IlluminaHiSeq","24997787",32375364,1424516016,44,44,"Paolo_Manghi",NA,59,"female","ERR209975;ERR209974;ERR209123;ERR209122",0,"no",NA,NA,23.1,NA,NA,NA,NA,NA,216,NA,NA,NA,NA,NA,NA,NA,NA,"Healthy",3.30365386632458,14.709945
"MH0028","NielsenHB_2014","MH0028","stool","control","healthy","adult","DNK","no","IlluminaHiSeq","24997787",55147450,3618371490,45,75,"Paolo_Manghi",NA,44,"female","ERR209977;ERR209976;ERR209125;ERR209124",0,"no",NA,NA,22.7,NA,NA,NA,NA,NA,143,NA,NA,NA,NA,NA,NA,NA,NA,"Healthy",3.15851678806039,11.39604
"MH0030","NielsenHB_2014","MH0030","stool","control","healthy","adult","DNK","no","IlluminaHiSeq","24997787",51598890,3399735120,45,75,"Paolo_Manghi",NA,59,"male","ERR209979;ERR209978;ERR209127;ERR209126",0,"no",NA,NA,35.2,NA,NA,NA,NA,NA,205,NA,NA,NA,NA,NA,NA,NA,NA,"Healthy",2.56825654912191,9.86735
"MH0031","NielsenHB_2014","MH0031","stool","control","healthy","senior","DNK","no","IlluminaHiSeq","24997787",55512226,3653785380,45,75,"Paolo_Manghi",NA,69,"male","ERR209981;ERR209980;ERR209129;ERR209128",0,"no",NA,NA,22.3,NA,NA,NA,NA,NA,255,NA,NA,NA,NA,NA,NA,NA,NA,"Healthy",2.02204768747738,10.46021
"MH0032","NielsenHB_2014","MH0032","stool","control","healthy","senior","DNK","no","IlluminaHiSeq","24997787",50094084,3279648690,45,75,"Paolo_Manghi",NA,69,"male","ERR209983;ERR209982;ERR209131;ERR209130",0,"no",NA,NA,35.3,NA,NA,NA,NA,NA,177,NA,NA,NA,NA,NA,NA,NA,NA,"Healthy",1.83051293738788,8.657225
"MH0033","NielsenHB_2014","MH0033","stool","control","healthy","adult","DNK","no","IlluminaHiSeq","24997787",44993368,3374502600,75,75,"Paolo_Manghi",NA,59,"female","ERR209985;ERR209984;ERR209133;ERR209132",0,"no",NA,NA,32,NA,NA,NA,NA,NA,190,NA,NA,NA,NA,NA,NA,NA,NA,"Healthy",2.94306257287002,10.99961
"MH0034","NielsenHB_2014","MH0034","stool","control","healthy","adult","DNK","no","IlluminaHiSeq","24997787",37399690,2804976750,75,75,"Paolo_Manghi",NA,54,"male","ERR209987;ERR209986;ERR209135;ERR209134",0,"no",NA,NA,40,NA,NA,NA,NA,NA,127,NA,NA,NA,NA,NA,NA,NA,NA,"Healthy",1.36608723321235,6.69387499999999
"MH0035","NielsenHB_2014","MH0035","stool","control","healthy","adult","DNK","no","IlluminaHiSeq","24997787",49255994,3694199550,75,75,"Paolo_Manghi",NA,49,"male","ERR209989;ERR209988;ERR209137;ERR209136",0,"no",NA,NA,22.7,NA,NA,NA,NA,NA,197,NA,NA,NA,NA,NA,NA,NA,NA,"Healthy",2.96861721765348,10.74308
"MH0036","NielsenHB_2014","MH0036","stool","control","healthy","adult","DNK","no","IlluminaHiSeq","24997787",47700842,3577563150,75,75,"Paolo_Manghi",NA,64,"male","ERR209991;ERR209990;ERR209139;ERR209138",0,"no",NA,NA,30.7,NA,NA,NA,NA,NA,151,NA,NA,NA,NA,NA,NA,NA,NA,"Healthy",2.56959177399273,7.4302
"MH0037","NielsenHB_2014","MH0037","stool","control","healthy","adult","DNK","no","IlluminaHiSeq","24997787",42030812,3152310900,75,75,"Paolo_Manghi",NA,44,"male","ERR209993;ERR209992;ERR209141;ERR209140",0,"no",NA,NA,24,NA,NA,NA,NA,NA,148,NA,NA,NA,NA,NA,NA,NA,NA,"Healthy",2.56486049207746,7.917305
"MH0038","NielsenHB_2014","MH0038","stool","control","healthy","adult","DNK","no","IlluminaHiSeq","24997787",45459094,3409432050,75,75,"Paolo_Manghi",NA,54,"female","ERR209995;ERR209994;ERR209143;ERR209142",0,"no",NA,NA,22,NA,NA,NA,NA,NA,192,NA,NA,NA,NA,NA,NA,NA,NA,"Healthy",2.66699492298896,7.515455
"MH0039","NielsenHB_2014","MH0039","stool","control","healthy","adult","DNK","no","IlluminaHiSeq","24997787",42715114,3203633550,75,75,"Paolo_Manghi",NA,59,"male","ERR209997;ERR209996;ERR209145;ERR209144",0,"no",NA,NA,23.1,NA,NA,NA,NA,NA,156,NA,NA,NA,NA,NA,NA,NA,NA,"Healthy",2.90557074541571,8.86246499999999
"MH0040","NielsenHB_2014","MH0040","stool","control","healthy","senior","DNK","no","IlluminaHiSeq","24997787",44247598,3318569850,75,75,"Paolo_Manghi",NA,67,"female","ERR209999;ERR209998;ERR209147;ERR209146",0,"no",NA,NA,20.9,NA,NA,NA,NA,NA,188,NA,NA,NA,NA,NA,NA,NA,NA,"Healthy",3.25708988181559,11.025615
"MH0041","NielsenHB_2014","MH0041","stool","control","healthy","adult","DNK","no","IlluminaHiSeq","24997787",44369418,3327706350,75,75,"Paolo_Manghi",NA,59,"male","ERR210001;ERR210000;ERR209149;ERR209148",0,"no",NA,NA,23.2,NA,NA,NA,NA,NA,138,NA,NA,NA,NA,NA,NA,NA,NA,"Healthy",3.01127288944539,11.862155
"MH0042","NielsenHB_2014","MH0042","stool","control","healthy","adult","DNK","no","IlluminaHiSeq","24997787",43406328,3255474600,75,75,"Paolo_Manghi",NA,49,"male","ERR210003;ERR210002;ERR209151;ERR209150",0,"no",NA,NA,24.5,NA,NA,NA,NA,NA,228,NA,NA,NA,NA,NA,NA,NA,NA,"Healthy",3.00116995272562,8.80686
"MH0043","NielsenHB_2014","MH0043","stool","control","healthy","senior","DNK","no","IlluminaHiSeq","24997787",49336750,3700256250,75,75,"Paolo_Manghi",NA,69,"male","ERR210005;ERR210004;ERR209153;ERR209152",0,"no",NA,NA,23.7,NA,NA,NA,NA,NA,154,NA,NA,NA,NA,NA,NA,NA,NA,"Healthy",2.78000654336585,8.693455
"MH0044","NielsenHB_2014","MH0044","stool","control","healthy","adult","DNK","no","IlluminaHiSeq","24997787",44861872,3364640400,75,75,"Paolo_Manghi",NA,64,"male","ERR210007;ERR210006;ERR209155;ERR209154",0,"no",NA,NA,24.5,NA,NA,NA,NA,NA,173,NA,NA,NA,NA,NA,NA,NA,NA,"Healthy",2.37430304823873,8.714555
"MH0045","NielsenHB_2014","MH0045","stool","control","healthy","adult","DNK","no","IlluminaHiSeq","24997787",49429392,3707204400,75,75,"Paolo_Manghi",NA,59,"male","ERR210009;ERR210008;ERR209157;ERR209156",0,"no",NA,NA,25.1,NA,NA,NA,NA,NA,124,NA,NA,NA,NA,NA,NA,NA,NA,"Healthy",2.77403222624293,8.07778499999999
"MH0046","NielsenHB_2014","MH0046","stool","control","healthy","adult","DNK","no","IlluminaHiSeq","24997787",35794106,2684557950,75,75,"Paolo_Manghi",NA,54,"male","ERR210011;ERR210010;ERR209159;ERR209158",0,"no",NA,NA,23.7,NA,NA,NA,NA,NA,178,NA,NA,NA,NA,NA,NA,NA,NA,"Healthy",3.01024389007029,6.967855
"MH0047","NielsenHB_2014","MH0047","stool","control","healthy","senior","DNK","no","IlluminaHiSeq","24997787",26929148,2019686100,75,75,"Paolo_Manghi",NA,69,"female","ERR210013;ERR210012;ERR209161;ERR209160",0,"no",NA,NA,30.4,NA,NA,NA,NA,NA,112,NA,NA,NA,NA,NA,NA,NA,NA,"Healthy",3.05651375463208,9.976205
"MH0048","NielsenHB_2014","MH0048","stool","control","healthy","adult","DNK","no","IlluminaHiSeq","24997787",26967604,2022570300,75,75,"Paolo_Manghi",NA,54,"female","ERR210015;ERR210014;ERR209163;ERR209162",0,"no",NA,NA,19.4,NA,NA,NA,NA,NA,193,NA,NA,NA,NA,NA,NA,NA,NA,"Healthy",3.04739645438654,9.516625
"MH0049","NielsenHB_2014","MH0049","stool","control","healthy","adult","DNK","no","IlluminaHiSeq","24997787",30653092,2298981900,75,75,"Paolo_Manghi",NA,44,"female","ERR210017;ERR210016;ERR209165;ERR209164",0,"no",NA,NA,35.5,NA,NA,NA,NA,NA,100,NA,NA,NA,NA,NA,NA,NA,NA,"Healthy",2.42345653571666,7.091965
"MH0050","NielsenHB_2014","MH0050","stool","control","healthy","adult","DNK","no","IlluminaHiSeq","24997787",47789610,3584220750,75,75,"Paolo_Manghi",NA,49,"male","ERR210019;ERR210018;ERR209167;ERR209166",0,"no",NA,NA,25.1,NA,NA,NA,NA,NA,202,NA,NA,NA,NA,NA,NA,NA,NA,"Healthy",2.23475667100806,10.1978
"MH0051","NielsenHB_2014","MH0051","stool","control","healthy","senior","DNK","no","IlluminaHiSeq","24997787",25954644,1946598300,75,75,"Paolo_Manghi",NA,69,"female","ERR210021;ERR210020;ERR209169;ERR209168",0,"no",NA,NA,23.2,NA,NA,NA,NA,NA,153,NA,NA,NA,NA,NA,NA,NA,NA,"Healthy",2.65415033564874,7.79635
"MH0052","NielsenHB_2014","MH0052","stool","control","healthy","adult","DNK","no","IlluminaHiSeq","24997787",28572586,2142943950,75,75,"Paolo_Manghi",NA,49,"female","ERR210023;ERR210022;ERR209171;ERR209170",0,"no",NA,NA,33.2,NA,NA,NA,NA,NA,206,NA,NA,NA,NA,NA,NA,NA,NA,"Healthy",3.2311914056849,12.26047
"MH0053","NielsenHB_2014","MH0053","stool","control","healthy","adult","DNK","no","IlluminaHiSeq","24997787",43280824,3246061800,75,75,"Paolo_Manghi",NA,49,"female","ERR210025;ERR210024;ERR209173;ERR209172",0,"no",NA,NA,32.7,NA,NA,NA,NA,NA,198,NA,NA,NA,NA,NA,NA,NA,NA,"Healthy",2.79542124145702,8.60244999999999
"MH0054","NielsenHB_2014","MH0054","stool","control","healthy","adult","DNK","no","IlluminaHiSeq","24997787",42258418,3169381350,75,75,"Paolo_Manghi",NA,49,"male","ERR210027;ERR210026;ERR209175;ERR209174",0,"no",NA,NA,20.3,NA,NA,NA,NA,NA,151,NA,NA,NA,NA,NA,NA,NA,NA,"Healthy",3.09814374753465,10.49039
"MH0055","NielsenHB_2014","MH0055","stool","control","healthy","adult","DNK","no","IlluminaHiSeq","24997787",47108026,3533101950,75,75,"Paolo_Manghi",NA,59,"male","ERR210029;ERR210028;ERR209177;ERR209176",0,"no",NA,NA,30.3,NA,NA,NA,NA,NA,173,NA,NA,NA,NA,NA,NA,NA,NA,"Healthy",2.92181650739894,8.729705
"MH0056","NielsenHB_2014","MH0056","stool","control","healthy","adult","DNK","no","IlluminaHiSeq","24997787",49134840,3685113000,75,75,"Paolo_Manghi",NA,54,"male","ERR210031;ERR210030;ERR209179;ERR209178",0,"no",NA,NA,25.3,NA,NA,NA,NA,NA,229,NA,NA,NA,NA,NA,NA,NA,NA,"Healthy",3.27838466854197,10.19253
"MH0057","NielsenHB_2014","MH0057","stool","control","healthy","adult","DNK","no","IlluminaHiSeq","24997787",43046732,3228504900,75,75,"Paolo_Manghi",NA,54,"female","ERR210033;ERR210032;ERR209181;ERR209180",0,"no",NA,NA,33,NA,NA,NA,NA,NA,109,NA,NA,NA,NA,NA,NA,NA,NA,"Healthy",2.7922150422893,8.391505
"MH0058","NielsenHB_2014","MH0058","stool","control","healthy","adult","DNK","no","IlluminaHiSeq","24997787",49812516,3735938700,75,75,"Paolo_Manghi",NA,54,"female","ERR210035;ERR210034;ERR209183;ERR209182",0,"no",NA,NA,22,NA,NA,NA,NA,NA,202,NA,NA,NA,NA,NA,NA,NA,NA,"Healthy",3.06859200576267,10.36688
"MH0059","NielsenHB_2014","MH0059","stool","control","healthy","adult","DNK","no","IlluminaHiSeq","24997787",41014368,3076077600,75,75,"Paolo_Manghi",NA,59,"male","ERR210037;ERR210036;ERR209185;ERR209184",0,"no",NA,NA,33.3,NA,NA,NA,NA,NA,194,NA,NA,NA,NA,NA,NA,NA,NA,"Healthy",3.21096531937828,11.889985
"MH0060","NielsenHB_2014","MH0060","stool","control","healthy","adult","DNK","no","IlluminaHiSeq","24997787",41109952,3083246400,75,75,"Paolo_Manghi",NA,64,"male","ERR210039;ERR210038;ERR209187;ERR209186",0,"no",NA,NA,23.5,NA,NA,NA,NA,NA,190,NA,NA,NA,NA,NA,NA,NA,NA,"Healthy",3.11810695233063,11.38418
"MH0061","NielsenHB_2014","MH0061","stool","control","healthy","senior","DNK","no","IlluminaHiSeq","24997787",44444004,3333300300,75,75,"Paolo_Manghi",NA,69,"female","ERR210041;ERR210040;ERR209189;ERR209188",0,"no",NA,NA,30,NA,NA,NA,NA,NA,92,NA,NA,NA,NA,NA,NA,NA,NA,"Healthy",2.22979423784289,8.825505
"MH0062","NielsenHB_2014","MH0062","stool","control","healthy","adult","DNK","no","IlluminaHiSeq","24997787",36512292,2738421900,75,75,"Paolo_Manghi",NA,49,"female","ERR210043;ERR210042;ERR209191;ERR209190",0,"no",NA,NA,37.5,NA,NA,NA,NA,NA,143,NA,NA,NA,NA,NA,NA,NA,NA,"Healthy",2.93317286080261,13.635485
"MH0063","NielsenHB_2014","MH0063","stool","control","healthy","adult","DNK","no","IlluminaHiSeq","24997787",45957518,3446813850,75,75,"Paolo_Manghi",NA,59,"male","ERR210045;ERR210044;ERR209193;ERR209192",0,"no",NA,NA,30.2,NA,NA,NA,NA,NA,212,NA,NA,NA,NA,NA,NA,NA,NA,"Healthy",2.41004732236375,9.12519999999999
"MH0064","NielsenHB_2014","MH0064","stool","control","healthy","adult","DNK","no","IlluminaHiSeq","24997787",44727782,3354583650,75,75,"Paolo_Manghi",NA,54,"female","ERR210047;ERR210046;ERR209195;ERR209194",0,"no",NA,NA,23.2,NA,NA,NA,NA,NA,158,NA,NA,NA,NA,NA,NA,NA,NA,"Healthy",2.21235388993327,9.105265
"MH0065","NielsenHB_2014","MH0065","stool","control","healthy","adult","DNK","no","IlluminaHiSeq","24997787",44573964,3343047300,75,75,"Paolo_Manghi",NA,59,"male","ERR210049;ERR210048;ERR209197;ERR209196",0,"no",NA,NA,28.2,NA,NA,NA,NA,NA,227,NA,NA,NA,NA,NA,NA,NA,NA,"Healthy",3.0022256615702,9.40495999999999
"MH0066","NielsenHB_2014","MH0066","stool","control","healthy","adult","DNK","no","IlluminaHiSeq","24997787",36112910,2708468250,75,75,"Paolo_Manghi",NA,44,"female","ERR210051;ERR210050;ERR209199;ERR209198",0,"no",NA,NA,20.8,NA,NA,NA,NA,NA,173,NA,NA,NA,NA,NA,NA,NA,NA,"Healthy",3.24633000011926,9.96373999999999
"MH0067","NielsenHB_2014","MH0067","stool","control","healthy","adult","DNK","no","IlluminaHiSeq","24997787",44483444,3336258300,75,75,"Paolo_Manghi",NA,54,"male","ERR210053;ERR210052;ERR209201;ERR209200",0,"no",NA,NA,21.1,NA,NA,NA,NA,NA,114,NA,NA,NA,NA,NA,NA,NA,NA,"Healthy",2.93235816975853,9.048325
"MH0068","NielsenHB_2014","MH0068","stool","control","healthy","adult","DNK","no","IlluminaHiSeq","24997787",43864016,3289801200,75,75,"Paolo_Manghi",NA,54,"female","ERR210055;ERR210054;ERR209203;ERR209202",0,"no",NA,NA,29,NA,NA,NA,NA,NA,102,NA,NA,NA,NA,NA,NA,NA,NA,"Healthy",1.96234611784649,10.800795
"MH0069","NielsenHB_2014","MH0069","stool","control","healthy","adult","DNK","no","IlluminaHiSeq","24997787",69711626,5228371950,75,75,"Paolo_Manghi",NA,59,"female","ERR210058;ERR210057;ERR210056;ERR209206;ERR209205;ERR209204",0,"no",NA,NA,36.7,NA,NA,NA,NA,NA,195,NA,NA,NA,NA,NA,NA,NA,NA,"Healthy",2.84841583852862,10.321955
"MH0070","NielsenHB_2014","MH0070","stool","control","healthy","adult","DNK","no","IlluminaHiSeq","24997787",47913662,3593524650,75,75,"Paolo_Manghi",NA,49,"male","ERR210060;ERR210059;ERR209208;ERR209207",0,"no",NA,NA,22.7,NA,NA,NA,NA,NA,216,NA,NA,NA,NA,NA,NA,NA,NA,"Healthy",2.43126252316265,8.65919
"MH0071","NielsenHB_2014","MH0071","stool","control","healthy","adult","DNK","no","IlluminaHiSeq","24997787",46234872,3467615400,75,75,"Paolo_Manghi",NA,45,"female","ERR210062;ERR210061;ERR209210;ERR209209",0,"no",NA,NA,25.4,NA,NA,NA,NA,NA,165,NA,NA,NA,NA,NA,NA,NA,NA,"Healthy",3.23152583732129,11.79549
"MH0072","NielsenHB_2014","MH0072","stool","control","healthy","adult","DNK","no","IlluminaHiSeq","24997787",49276126,3695709450,75,75,"Paolo_Manghi",NA,64,"female","ERR210064;ERR210063;ERR209212;ERR209211",0,"no",NA,NA,40.2,NA,NA,NA,NA,NA,105,NA,NA,NA,NA,NA,NA,NA,NA,"Healthy",2.53164202610437,6.105725
"MH0073","NielsenHB_2014","MH0073","stool","control","healthy","adult","DNK","no","IlluminaHiSeq","24997787",47228584,3542143800,75,75,"Paolo_Manghi",NA,54,"male","ERR210066;ERR210065;ERR209214;ERR209213",0,"no",NA,NA,32.5,NA,NA,NA,NA,NA,129,NA,NA,NA,NA,NA,NA,NA,NA,"Healthy",3.21217703732429,10.017785
"MH0074","NielsenHB_2014","MH0074","stool","control","healthy","adult","DNK","no","IlluminaHiSeq","24997787",46028996,3452174700,75,75,"Paolo_Manghi",NA,49,"female","ERR210068;ERR210067;ERR209216;ERR209215",0,"no",NA,NA,20.5,NA,NA,NA,NA,NA,82,NA,NA,NA,NA,NA,NA,NA,NA,"Healthy",2.7329672766285,8.945525
"MH0075","NielsenHB_2014","MH0075","stool","control","healthy","adult","DNK","no","IlluminaHiSeq","24997787",47063604,3529770300,75,75,"Paolo_Manghi",NA,64,"male","ERR210070;ERR210069;ERR209218;ERR209217",0,"no",NA,NA,30.6,NA,NA,NA,NA,NA,187,NA,NA,NA,NA,NA,NA,NA,NA,"Healthy",2.40053602224225,11.3461
"MH0076","NielsenHB_2014","MH0076","stool","control","healthy","senior","DNK","no","IlluminaHiSeq","24997787",30642366,2298177450,75,75,"Paolo_Manghi",NA,69,"female","ERR210072;ERR210071;ERR209220;ERR209219",0,"no",NA,NA,34.8,NA,NA,NA,NA,NA,208,NA,NA,NA,NA,NA,NA,NA,NA,"Healthy",2.90286428520429,10.703515
"MH0077","NielsenHB_2014","MH0077","stool","control","healthy","adult","DNK","no","IlluminaHiSeq","24997787",49649746,3723730950,75,75,"Paolo_Manghi",NA,49,"female","ERR210074;ERR210073;ERR209222;ERR209221",0,"no",NA,NA,24.9,NA,NA,NA,NA,NA,219,NA,NA,NA,NA,NA,NA,NA,NA,"Healthy",2.67687026276523,10.28223
"MH0078","NielsenHB_2014","MH0078","stool","control","healthy","adult","DNK","no","IlluminaHiSeq","24997787",26012006,1950900450,75,75,"Paolo_Manghi",NA,49,"female","ERR210076;ERR210075;ERR209224;ERR209223",0,"no",NA,NA,36.9,NA,NA,NA,NA,NA,155,NA,NA,NA,NA,NA,NA,NA,NA,"Healthy",1.87848309143816,10.671705
"MH0079","NielsenHB_2014","MH0079","stool","control","healthy","senior","DNK","no","IlluminaHiSeq","24997787",27414950,2056121250,75,75,"Paolo_Manghi",NA,65,"female","ERR210078;ERR210077;ERR209226;ERR209225",0,"no",NA,NA,20,NA,NA,NA,NA,NA,158,NA,NA,NA,NA,NA,NA,NA,NA,"Healthy",2.89944980657051,9.05816
"MH0080","NielsenHB_2014","MH0080","stool","control","healthy","adult","DNK","no","IlluminaHiSeq","24997787",46584102,3493807650,75,75,"Paolo_Manghi",NA,60,"female","ERR210080;ERR210079;ERR209228;ERR209227",0,"no",NA,NA,18.6,NA,NA,NA,NA,NA,152,NA,NA,NA,NA,NA,NA,NA,NA,"Healthy",2.74615618042424,8.619225
"MH0081","NielsenHB_2014","MH0081","stool","control","healthy","adult","DNK","no","IlluminaHiSeq","24997787",47850158,3588761850,75,75,"Paolo_Manghi",NA,50,"female","ERR210082;ERR210081;ERR209230;ERR209229",0,"no",NA,NA,38,NA,NA,NA,NA,NA,196,NA,NA,NA,NA,NA,NA,NA,NA,"Healthy",3.05451276641695,10.27522
"MH0082","NielsenHB_2014","MH0082","stool","control","healthy","adult","DNK","no","IlluminaHiSeq","24997787",48342310,3625673250,75,75,"Paolo_Manghi",NA,60,"female","ERR210084;ERR210083;ERR209232;ERR209231",0,"no",NA,NA,22.6,NA,NA,NA,NA,NA,184,NA,NA,NA,NA,NA,NA,NA,NA,"Healthy",2.42174774117137,10.76971
"MH0083","NielsenHB_2014","MH0083","stool","control","healthy","adult","DNK","no","IlluminaHiSeq","24997787",47902174,3592663050,75,75,"Paolo_Manghi",NA,55,"female","ERR210086;ERR210085;ERR209234;ERR209233",0,"no",NA,NA,30.6,NA,NA,NA,NA,NA,158,NA,NA,NA,NA,NA,NA,NA,NA,"Healthy",3.09511248541852,10.325585
"MH0084","NielsenHB_2014","MH0084","stool","control","healthy","adult","DNK","no","IlluminaHiSeq","24997787",53561048,4017078600,75,75,"Paolo_Manghi",NA,64,"male","ERR210088;ERR210087;ERR209236;ERR209235",0,"no",NA,NA,31.7,NA,NA,NA,NA,NA,130,NA,NA,NA,NA,NA,NA,NA,NA,"Healthy",1.5827779365486,6.248045
"MH0085","NielsenHB_2014","MH0085","stool","control","healthy","adult","DNK","no","IlluminaHiSeq","24997787",49432344,3707425800,75,75,"Paolo_Manghi",NA,59,"female","ERR210090;ERR210089;ERR209238;ERR209237",0,"no",NA,NA,36.5,NA,NA,NA,NA,NA,128,NA,NA,NA,NA,NA,NA,NA,NA,"Healthy",2.37847132006973,6.898505
"MH0086","NielsenHB_2014","MH0086","stool","control","healthy","adult","DNK","no","IlluminaHiSeq","24997787",55430592,4157294400,75,75,"Paolo_Manghi",NA,60,"female","ERR210092;ERR210091;ERR209240;ERR209239",0,"no",NA,NA,21.6,NA,NA,NA,NA,NA,158,NA,NA,NA,NA,NA,NA,NA,NA,"Healthy",3.47971123336307,13.388685
"MH0087","NielsenHB_2014","MH0087","stool","control","healthy","adult","DNK","no","IlluminaHiSeq","24997787",63207452,4666725299,72,74,"Paolo_Manghi",NA,55,"female","ERR210096;ERR210095;ERR210094;ERR210093;ERR209244;ERR209243;ERR209242;ERR209241",0,"no",NA,NA,23,NA,NA,NA,NA,NA,50,NA,NA,NA,NA,NA,NA,NA,NA,"Healthy",1.91253006243932,7.402565
"MH0088","NielsenHB_2014","MH0088","stool","control","healthy","adult","DNK","no","IlluminaHiSeq","24997787",63915880,4793691000,75,75,"Paolo_Manghi",NA,59,"male","ERR210097;ERR209245",0,"no",NA,NA,31.6,NA,NA,NA,NA,NA,124,NA,NA,NA,NA,NA,NA,NA,NA,"Healthy",2.93240881207499,12.176275
"MH0089","NielsenHB_2014","MH0089","stool","control","healthy","adult","DNK","no","IlluminaHiSeq","24997787",58781294,4349815756,73,74,"Paolo_Manghi",NA,55,"female","ERR210101;ERR210100;ERR210099;ERR210098;ERR209249;ERR209248;ERR209247;ERR209246",0,"no",NA,NA,22.5,NA,NA,NA,NA,NA,140,NA,NA,NA,NA,NA,NA,NA,NA,"Healthy",2.79170413844757,11.995165
"MH0090","NielsenHB_2014","MH0090","stool","control","healthy","adult","DNK","no","IlluminaHiSeq","24997787",55336872,4091085908,72,74,"Paolo_Manghi",NA,64,"female","ERR210105;ERR210104;ERR210103;ERR210102;ERR209253;ERR209252;ERR209251;ERR209250",0,"no",NA,NA,28.2,NA,NA,NA,NA,NA,235,NA,NA,NA,NA,NA,NA,NA,NA,"Healthy",3.26728097191782,13.137105
"MH0091","NielsenHB_2014","MH0091","stool","control","healthy","adult","DNK","no","IlluminaHiSeq","24997787",62462910,4622255340,73,74,"Paolo_Manghi",NA,50,"female","ERR210106;ERR209254",0,"no",NA,NA,31.1,NA,NA,NA,NA,NA,185,NA,NA,NA,NA,NA,NA,NA,NA,"Healthy",2.36921114017711,11.111075
"MH0092","NielsenHB_2014","MH0092","stool","control","healthy","adult","DNK","no","IlluminaHiSeq","24997787",83848974,6198782326,73,73,"Paolo_Manghi",NA,50,"male","ERR210113;ERR210112;ERR210111;ERR210110;ERR210109;ERR210108;ERR210107;ERR209261;ERR209260;ERR209259;ERR209258;ERR209257;ERR209256;ERR209255",0,"no",NA,NA,35.5,NA,NA,NA,NA,NA,148,NA,NA,NA,NA,NA,NA,NA,NA,"Healthy",2.93200465014933,12.305365
"MH0093","NielsenHB_2014","MH0093","stool","control","healthy","adult","DNK","no","IlluminaHiSeq","24997787",58782054,4339805688,73,73,"Paolo_Manghi",NA,49,"female","ERR210119;ERR210118;ERR210117;ERR210116;ERR210115;ERR210114;ERR209267;ERR209266;ERR209265;ERR209264;ERR209263;ERR209262",0,"no",NA,NA,34.5,NA,NA,NA,NA,NA,107,NA,NA,NA,NA,NA,NA,NA,NA,"Healthy",2.72969598763519,8.748695
"MH0094","NielsenHB_2014","MH0094","stool","control","healthy","adult","DNK","no","IlluminaHiSeq","24997787",68315370,5047719386,73,73,"Paolo_Manghi",NA,49,"female","ERR210125;ERR210124;ERR210123;ERR210122;ERR210121;ERR210120;ERR209273;ERR209272;ERR209271;ERR209270;ERR209269;ERR209268",0,"no",NA,NA,33.5,NA,NA,NA,NA,NA,178,NA,NA,NA,NA,NA,NA,NA,NA,"Healthy",3.04017742885357,11.006475
"MH0095","NielsenHB_2014","MH0095","stool","control","healthy","adult","DNK","no","IlluminaHiSeq","24997787",55253594,4079217306,73,73,"Paolo_Manghi",NA,64,"male","ERR210131;ERR210130;ERR210129;ERR210128;ERR210127;ERR210126;ERR209279;ERR209278;ERR209277;ERR209276;ERR209275;ERR209274",0,"no",NA,NA,38.7,NA,NA,NA,NA,NA,173,NA,NA,NA,NA,NA,NA,NA,NA,"Healthy",2.82434641989927,10.219805
"MH0096","NielsenHB_2014","MH0096","stool","control","healthy","adult","DNK","no","IlluminaHiSeq","24997787",66517084,4915916254,73,73,"Paolo_Manghi",NA,64,"female","ERR210137;ERR210136;ERR210135;ERR210134;ERR210133;ERR210132;ERR209285;ERR209284;ERR209283;ERR209282;ERR209281;ERR209280",0,"no",NA,NA,40.2,NA,NA,NA,NA,NA,211,NA,NA,NA,NA,NA,NA,NA,NA,"Healthy",2.06732356852956,12.59702
"MH0097","NielsenHB_2014","MH0097","stool","control","healthy","adult","DNK","no","IlluminaHiSeq","24997787",57085690,4215657824,73,73,"Paolo_Manghi",NA,53,"female","ERR210143;ERR210142;ERR210141;ERR210140;ERR210139;ERR210138;ERR209291;ERR209290;ERR209289;ERR209288;ERR209287;ERR209286",0,"no",NA,NA,34.7,NA,NA,NA,NA,NA,163,NA,NA,NA,NA,NA,NA,NA,NA,"Healthy",3.02175553304216,11.64773
"MH0098","NielsenHB_2014","MH0098","stool","control","healthy","adult","DNK","no","IlluminaHiSeq","24997787",75593728,5587557002,73,73,"Paolo_Manghi",NA,55,"male","ERR210147;ERR210146;ERR210145;ERR210144;ERR209295;ERR209294;ERR209293;ERR209292",0,"no",NA,NA,23.9,NA,NA,NA,NA,NA,194,NA,NA,NA,NA,NA,NA,NA,NA,"Healthy",2.72995868663982,11.74201
"MH0099","NielsenHB_2014","MH0099","stool","control","healthy","adult","DNK","no","IlluminaHiSeq","24997787",59039162,4368897988,73,74,"Paolo_Manghi",NA,59,"male","ERR210150;ERR210149;ERR210148;ERR210152;ERR210151;ERR209300;ERR209299;ERR209298;ERR209297;ERR209296",0,"no",NA,NA,32.4,NA,NA,NA,NA,NA,168,NA,NA,NA,NA,NA,NA,NA,NA,"Healthy",3.34209300728555,12.162465
"MH0100","NielsenHB_2014","MH0100","stool","control","healthy","adult","DNK","no","IlluminaHiSeq","24997787",71308972,5271577124,73,73,"Paolo_Manghi",NA,64,"female","ERR210156;ERR210155;ERR210154;ERR210153;ERR209304;ERR209303;ERR209302;ERR209301",0,"no",NA,NA,30.2,NA,NA,NA,NA,NA,224,NA,NA,NA,NA,NA,NA,NA,NA,"Healthy",3.42474140936043,13.09786
"MH0101","NielsenHB_2014","MH0101","stool","control","healthy","senior","DNK","no","IlluminaHiSeq","24997787",58483976,4327814224,73,74,"Paolo_Manghi",NA,69,"male","ERR210161;ERR210160;ERR210159;ERR210158;ERR210157;ERR209309;ERR209308;ERR209307;ERR209306;ERR209305",0,"no",NA,NA,32.3,NA,NA,NA,NA,NA,147,NA,NA,NA,NA,NA,NA,NA,NA,"Healthy",2.63242720636146,12.097485
"MH0102","NielsenHB_2014","MH0102","stool","control","healthy","adult","DNK","no","IlluminaHiSeq","24997787",58830590,4353463660,73,74,"Paolo_Manghi",NA,49,"male","ERR210166;ERR210165;ERR210164;ERR210163;ERR210162;ERR209314;ERR209313;ERR209312;ERR209311;ERR209310",0,"no",NA,NA,31.3,NA,NA,NA,NA,NA,187,NA,NA,NA,NA,NA,NA,NA,NA,"Healthy",3.53407935582085,13.67582
"MH0103","NielsenHB_2014","MH0103","stool","control","healthy","adult","DNK","no","IlluminaHiSeq","24997787",63505154,4699381396,73,74,"Paolo_Manghi",NA,59,"female","ERR210171;ERR210170;ERR210169;ERR210168;ERR210167;ERR209319;ERR209318;ERR209317;ERR209316;ERR209315",0,"no",NA,NA,30,NA,NA,NA,NA,NA,197,NA,NA,NA,NA,NA,NA,NA,NA,"Healthy",2.31754889053006,11.574305
"MH0104","NielsenHB_2014","MH0104","stool","control","healthy","adult","DNK","no","IlluminaHiSeq","24997787",77929132,5756951038,73,73,"Paolo_Manghi",NA,53,"female","ERR210178;ERR210177;ERR210176;ERR210175;ERR210174;ERR210173;ERR210172;ERR209326;ERR209325;ERR209324;ERR209323;ERR209322;ERR209321;ERR209320",0,"no",NA,NA,28.9,NA,NA,NA,NA,NA,148,NA,NA,NA,NA,NA,NA,NA,NA,"Healthy",3.24199197536152,11.96584
"MH0105","NielsenHB_2014","MH0105","stool","control","healthy","adult","DNK","no","IlluminaHiSeq","24997787",63784510,4720053740,73,74,"Paolo_Manghi",NA,54,"male","ERR210183;ERR210182;ERR210181;ERR210180;ERR210179;ERR209331;ERR209330;ERR209329;ERR209328;ERR209327",0,"no",NA,NA,32.5,NA,NA,NA,NA,NA,151,NA,NA,NA,NA,NA,NA,NA,NA,"Healthy",2.49485197334208,10.879265
"MH0106","NielsenHB_2014","MH0106","stool","control","healthy","adult","DNK","no","IlluminaHiSeq","24997787",81706032,6033376616,73,73,"Paolo_Manghi",NA,44,"female","ERR210190;ERR210189;ERR210188;ERR210187;ERR210186;ERR210185;ERR210184;ERR209338;ERR209337;ERR209336;ERR209335;ERR209334;ERR209333;ERR209332",0,"no",NA,NA,30.1,NA,NA,NA,NA,NA,130,NA,NA,NA,NA,NA,NA,NA,NA,"Healthy",2.58082388446837,12.248215
"MH0107","NielsenHB_2014","MH0107","stool","control","healthy","adult","DNK","no","IlluminaHiSeq","24997787",80721308,5973376792,73,74,"Paolo_Manghi",NA,60,"female","ERR210196;ERR210195;ERR210194;ERR210193;ERR210192;ERR210191;ERR209344;ERR209343;ERR209342;ERR209341;ERR209340;ERR209339",0,"no",NA,NA,19.6,NA,NA,NA,NA,NA,184,NA,NA,NA,NA,NA,NA,NA,NA,"Healthy",3.20416990010368,12.03509
"MH0109","NielsenHB_2014","MH0109","stool","control","healthy","adult","DNK","no","IlluminaHiSeq","24997787",65783028,4867944072,73,74,"Paolo_Manghi",NA,49,"male","ERR210201;ERR210200;ERR210199;ERR210198;ERR210197;ERR209349;ERR209348;ERR209347;ERR209346;ERR209345",0,"no",NA,NA,29.6,NA,NA,NA,NA,NA,89,NA,NA,NA,NA,NA,NA,NA,NA,"Healthy",2.32884093130057,9.215585
"MH0110","NielsenHB_2014","MH0110","stool","control","healthy","adult","DNK","no","IlluminaHiSeq","24997787",66082082,4883101150,73,73,"Paolo_Manghi",NA,54,"male","ERR210207;ERR210206;ERR210205;ERR210204;ERR210203;ERR210202;ERR209355;ERR209354;ERR209353;ERR209352;ERR209351;ERR209350",0,"no",NA,NA,31.6,NA,NA,NA,NA,NA,87,NA,NA,NA,NA,NA,NA,NA,NA,"Healthy",2.37628307686918,10.198975
"MH0111","NielsenHB_2014","MH0111","stool","control","healthy","adult","DNK","no","IlluminaHiSeq","24997787",61923532,4582341368,73,74,"Paolo_Manghi",NA,44,"female","ERR210210;ERR210209;ERR210208;ERR209358;ERR209357;ERR209356",0,"no",NA,NA,31.1,NA,NA,NA,NA,NA,165,NA,NA,NA,NA,NA,NA,NA,NA,"Healthy",3.15225041273273,11.946055
"MH0113","NielsenHB_2014","MH0113","stool","control","healthy","adult","DNK","no","IlluminaHiSeq","24997787",55011540,4070853960,73,74,"Paolo_Manghi",NA,55,"male","ERR210214;ERR210213;ERR210212;ERR210211;ERR209362;ERR209361;ERR209360;ERR209359",0,"no",NA,NA,23.1,NA,NA,NA,NA,NA,204,NA,NA,NA,NA,NA,NA,NA,NA,"Healthy",2.97206717743023,10.710915
"MH0114","NielsenHB_2014","MH0114","stool","control","healthy","adult","DNK","no","IlluminaHiSeq","24997787",61669500,4563543000,73,74,"Paolo_Manghi",NA,45,"male","ERR210219;ERR210218;ERR210217;ERR210216;ERR210215;ERR209367;ERR209366;ERR209365;ERR209364;ERR209363",0,"no",NA,NA,31.4,NA,NA,NA,NA,NA,89,NA,NA,NA,NA,NA,NA,NA,NA,"Healthy",2.16345625239218,10.026985
"MH0115","NielsenHB_2014","MH0115","stool","control","healthy","adult","DNK","no","IlluminaHiSeq","24997787",55119888,4073745278,73,73,"Paolo_Manghi",NA,59,"female","ERR210222;ERR210221;ERR210220;ERR209370;ERR209369;ERR209368",0,"no",NA,NA,23.9,NA,NA,NA,NA,NA,214,NA,NA,NA,NA,NA,NA,NA,NA,"Healthy",3.25138364717438,12.2998
"MH0116","NielsenHB_2014","MH0116","stool","control","healthy","adult","DNK","no","IlluminaHiSeq","24997787",62436508,4614283398,73,73,"Paolo_Manghi",NA,59,"male","ERR210228;ERR210227;ERR210226;ERR210225;ERR210224;ERR210223;ERR209376;ERR209375;ERR209374;ERR209373;ERR209372;ERR209371",0,"no",NA,NA,30.9,NA,NA,NA,NA,NA,191,NA,NA,NA,NA,NA,NA,NA,NA,"Healthy",3.39358109677391,13.63806
"MH0117","NielsenHB_2014","MH0117","stool","control","healthy","adult","DNK","no","IlluminaHiSeq","24997787",59372568,4393570032,73,74,"Paolo_Manghi",NA,54,"female","ERR210232;ERR210231;ERR210230;ERR210229;ERR209380;ERR209379;ERR209378;ERR209377",0,"no",NA,NA,34,NA,NA,NA,NA,NA,242,NA,NA,NA,NA,NA,NA,NA,NA,"Healthy",3.44218594516669,12.90585
"MH0118","NielsenHB_2014","MH0118","stool","control","healthy","adult","DNK","no","IlluminaHiSeq","24997787",59291100,4387541400,73,74,"Paolo_Manghi",NA,54,"male","ERR210235;ERR210234;ERR210233;ERR209383;ERR209382;ERR209381",0,"no",NA,NA,31.5,NA,NA,NA,NA,NA,182,NA,NA,NA,NA,NA,NA,NA,NA,"Healthy",3.20826421363006,11.078045
"MH0120","NielsenHB_2014","MH0120","stool","control","healthy","adult","DNK","no","IlluminaHiSeq","24997787",59954722,4436649428,73,74,"Paolo_Manghi",NA,54,"male","ERR210239;ERR210238;ERR210237;ERR210236;ERR209387;ERR209386;ERR209385;ERR209384",0,"no",NA,NA,30.7,NA,NA,NA,NA,NA,202,NA,NA,NA,NA,NA,NA,NA,NA,"Healthy",2.11618146052881,12.08848
"MH0121","NielsenHB_2014","MH0121","stool","control","healthy","adult","DNK","no","IlluminaHiSeq","24997787",59394708,4454603100,75,75,"Paolo_Manghi",NA,59,"female","ERR210240;ERR209388",0,"no",NA,NA,35.1,NA,NA,NA,NA,NA,99,NA,NA,NA,NA,NA,NA,NA,NA,"Healthy",2.39097900312493,10.380505
"MH0122","NielsenHB_2014","MH0122","stool","control","healthy","senior","DNK","no","IlluminaHiSeq","24997787",61291372,4526990536,72,74,"Paolo_Manghi",NA,65,"male","ERR210245;ERR210244;ERR210243;ERR210242;ERR210241;ERR209393;ERR209392;ERR209391;ERR209390;ERR209389",0,"no",NA,NA,30.5,NA,NA,NA,NA,NA,101,NA,NA,NA,NA,NA,NA,NA,NA,"Healthy",2.9417401793435,11.177725
"MH0123","NielsenHB_2014","MH0123","stool","control","healthy","adult","DNK","no","IlluminaHiSeq","24997787",58109206,4290550859,72,74,"Paolo_Manghi",NA,64,"male","ERR210249;ERR210248;ERR210247;ERR210246;ERR209394;ERR209397;ERR209396;ERR209395",0,"no",NA,NA,31.5,NA,NA,NA,NA,NA,176,NA,NA,NA,NA,NA,NA,NA,NA,"Healthy",2.96292937029269,11.93477
"MH0124","NielsenHB_2014","MH0124","stool","control","healthy","adult","DNK","no","IlluminaHiSeq","24997787",55503418,4103713347,72,74,"Paolo_Manghi",NA,49,"male","ERR210254;ERR210253;ERR210252;ERR210251;ERR210250;ERR209402;ERR209401;ERR209400;ERR209399;ERR209398",0,"no",NA,NA,33.7,NA,NA,NA,NA,NA,235,NA,NA,NA,NA,NA,NA,NA,NA,"Healthy",3.49956056469049,13.18769
"MH0125","NielsenHB_2014","MH0125","stool","control","healthy","senior","DNK","no","IlluminaHiSeq","24997787",60358690,4457238216,72,74,"Paolo_Manghi",NA,65,"female","ERR210258;ERR210257;ERR210256;ERR210255;ERR209406;ERR209405;ERR209404;ERR209403",0,"no",NA,NA,22.1,NA,NA,NA,NA,NA,202,NA,NA,NA,NA,NA,NA,NA,NA,"Healthy",3.0650904961137,12.195715
"MH0126","NielsenHB_2014","MH0126","stool","control","healthy","adult","DNK","no","IlluminaHiSeq","24997787",56779510,4197745916,72,74,"Paolo_Manghi",NA,60,"female","ERR210262;ERR210261;ERR210260;ERR210259;ERR209410;ERR209409;ERR209408;ERR209407",0,"no",NA,NA,21.2,NA,NA,NA,NA,NA,264,NA,NA,NA,NA,NA,NA,NA,NA,"Healthy",3.32803613984003,12.92219
"MH0127","NielsenHB_2014","MH0127","stool","control","healthy","adult","DNK","no","IlluminaHiSeq","24997787",52676404,3898053896,73,74,"Paolo_Manghi",NA,55,"male","ERR210266;ERR210265;ERR210264;ERR210263;ERR209414;ERR209413;ERR209412;ERR209411",0,"no",NA,NA,32.3,NA,NA,NA,NA,NA,105,NA,NA,NA,NA,NA,NA,NA,NA,"Healthy",3.01148041720767,10.070935
"MH0128","NielsenHB_2014","MH0128","stool","control","healthy","adult","DNK","no","IlluminaHiSeq","24997787",61219810,4520172383,72,74,"Paolo_Manghi",NA,59,"male","ERR210270;ERR210269;ERR210268;ERR210267;ERR209418;ERR209417;ERR209416;ERR209415",0,"no",NA,NA,36.5,NA,NA,NA,NA,NA,95,NA,NA,NA,NA,NA,NA,NA,NA,"Healthy",2.67986077814467,9.17249499999999
"MH0129","NielsenHB_2014","MH0129","stool","control","healthy","adult","DNK","no","IlluminaHiSeq","24997787",55066474,4074919076,73,74,"Paolo_Manghi",NA,44,"male","ERR210274;ERR210273;ERR210272;ERR210271;ERR209422;ERR209421;ERR209420;ERR209419",0,"no",NA,NA,28.9,NA,NA,NA,NA,NA,195,NA,NA,NA,NA,NA,NA,NA,NA,"Healthy",3.18164679173957,12.83614
"MH0130","NielsenHB_2014","MH0130","stool","control","healthy","adult","DNK","no","IlluminaHiSeq","24997787",59978710,4434771523,72,74,"Paolo_Manghi",NA,54,"male","ERR210278;ERR210277;ERR210276;ERR210275;ERR209426;ERR209425;ERR209424;ERR209423",0,"no",NA,NA,33.3,NA,NA,NA,NA,NA,197,NA,NA,NA,NA,NA,NA,NA,NA,"Healthy",1.68048485026106,11.57026
"MH0132","NielsenHB_2014","MH0132","stool","control","healthy","adult","DNK","no","IlluminaHiSeq","24997787",59979754,4438501796,73,74,"Paolo_Manghi",NA,55,"male","ERR210282;ERR210281;ERR210280;ERR210279;ERR209430;ERR209429;ERR209428;ERR209427",0,"no",NA,NA,24,NA,NA,NA,NA,NA,234,NA,NA,NA,NA,NA,NA,NA,NA,"Healthy",2.34514245704535,12.50874
"MH0133","NielsenHB_2014","MH0133","stool","control","healthy","adult","DNK","no","IlluminaHiSeq","24997787",59204228,4381112872,73,74,"Paolo_Manghi",NA,45,"female","ERR210286;ERR210285;ERR210284;ERR210283;ERR209434;ERR209433;ERR209432;ERR209431",0,"no",NA,NA,22.7,NA,NA,NA,NA,NA,109,NA,NA,NA,NA,NA,NA,NA,NA,"Healthy",2.51296657091251,10.279635
"MH0134","NielsenHB_2014","MH0134","stool","control","healthy","adult","DNK","no","IlluminaHiSeq","24997787",56533614,4183487436,73,74,"Paolo_Manghi",NA,59,"female","ERR210290;ERR210289;ERR210288;ERR210287;ERR209438;ERR209437;ERR209436;ERR209435",0,"no",NA,NA,32.1,NA,NA,NA,NA,NA,122,NA,NA,NA,NA,NA,NA,NA,NA,"Healthy",2.72423932161815,12.907735
"MH0135","NielsenHB_2014","MH0135","stool","control","healthy","senior","DNK","no","IlluminaHiSeq","24997787",55141002,4080434148,73,74,"Paolo_Manghi",NA,70,"male","ERR210294;ERR210293;ERR210292;ERR210291;ERR209442;ERR209441;ERR209440;ERR209439",0,"no",NA,NA,22.6,NA,NA,NA,NA,NA,180,NA,NA,NA,NA,NA,NA,NA,NA,"Healthy",3.28220254658993,13.42924
"MH0136","NielsenHB_2014","MH0136","stool","control","healthy","senior","DNK","no","IlluminaHiSeq","24997787",58240556,4306031449,72,74,"Paolo_Manghi",NA,65,"male","ERR210298;ERR210297;ERR210296;ERR210295;ERR209446;ERR209445;ERR209444;ERR209443",0,"no",NA,NA,30.9,NA,NA,NA,NA,NA,156,NA,NA,NA,NA,NA,NA,NA,NA,"Healthy",3.02533868439452,11.870395
"MH0137","NielsenHB_2014","MH0137","stool","control","healthy","adult","DNK","no","IlluminaHiSeq","24997787",52914788,3906729681,72,74,"Paolo_Manghi",NA,54,"female","ERR210302;ERR210301;ERR210300;ERR210299;ERR209450;ERR209449;ERR209448;ERR209447",0,"no",NA,NA,30.2,NA,NA,NA,NA,NA,171,NA,NA,NA,NA,NA,NA,NA,NA,"Healthy",2.85541140206695,11.444205
"MH0138","NielsenHB_2014","MH0138","stool","control","healthy","adult","DNK","no","IlluminaHiSeq","24997787",60425092,4471456808,73,74,"Paolo_Manghi",NA,59,"male","ERR210303;ERR209451",0,"no",NA,NA,31.1,NA,NA,NA,NA,NA,131,NA,NA,NA,NA,NA,NA,NA,NA,"Healthy",0.885614585459482,9.81542
"MH0139","NielsenHB_2014","MH0139","stool","control","healthy","adult","DNK","no","IlluminaHiSeq","24997787",71831300,5387347500,75,75,"Paolo_Manghi",NA,40,"female","ERR210304;ERR209452",0,"no",NA,NA,27.6,NA,NA,NA,NA,NA,132,NA,NA,NA,NA,NA,NA,NA,NA,"Healthy",3.12521686115494,13.01457
"MH0140","NielsenHB_2014","MH0140","stool","control","healthy","adult","DNK","no","IlluminaHiSeq","24997787",70427028,5282027100,75,75,"Paolo_Manghi",NA,49,"male","ERR210305;ERR209453",0,"no",NA,NA,31.3,NA,NA,NA,NA,NA,173,NA,NA,NA,NA,NA,NA,NA,NA,"Healthy",2.78122338875105,13.877565
"MH0141","NielsenHB_2014","MH0141","stool","control","healthy","adult","DNK","no","IlluminaHiSeq","24997787",70759866,5306989950,75,75,"Paolo_Manghi",NA,64,"female","ERR210306;ERR209454",0,"no",NA,NA,30.5,NA,NA,NA,NA,NA,176,NA,NA,NA,NA,NA,NA,NA,NA,"Healthy",2.81120750912864,12.912505
"MH0142","NielsenHB_2014","MH0142","stool","control","healthy","adult","DNK","no","IlluminaHiSeq","24997787",67012594,5025944550,75,75,"Paolo_Manghi",NA,63,"female","ERR210307;ERR209455",0,"no",NA,NA,29.4,NA,NA,NA,NA,NA,157,NA,NA,NA,NA,NA,NA,NA,NA,"Healthy",3.09242821940765,12.686735
"MH0143","NielsenHB_2014","MH0143","stool","control","healthy","adult","DNK","no","IlluminaHiSeq","24997787",67997802,5099835150,75,75,"Paolo_Manghi",NA,59,"female","ERR210308;ERR209456",0,"no",NA,NA,28.7,NA,NA,NA,NA,NA,212,NA,NA,NA,NA,NA,NA,NA,NA,"Healthy",3.16532811429152,14.03707
"MH0144","NielsenHB_2014","MH0144","stool","control","healthy","adult","DNK","no","IlluminaHiSeq","24997787",70338286,5275371450,75,75,"Paolo_Manghi",NA,49,"female","ERR210309;ERR209457",0,"no",NA,NA,30.9,NA,NA,NA,NA,NA,215,NA,NA,NA,NA,NA,NA,NA,NA,"Healthy",2.72257173124345,12.509485
"MH0145","NielsenHB_2014","MH0145","stool","control","healthy","adult","DNK","no","IlluminaHiSeq","24997787",66595596,4979323690,73,75,"Paolo_Manghi",NA,60,"female","ERR210311;ERR210310;ERR209459;ERR209458",0,"no",NA,NA,25.7,NA,NA,NA,NA,NA,194,NA,NA,NA,NA,NA,NA,NA,NA,"Healthy",3.3821807050928,13.14341
"MH0146","NielsenHB_2014","MH0146","stool","control","healthy","adult","DNK","no","IlluminaHiSeq","24997787",57592966,4319472450,75,75,"Paolo_Manghi",NA,49,"female","ERR210312;ERR209460",0,"no",NA,NA,25.7,NA,NA,NA,NA,NA,106,NA,NA,NA,NA,NA,NA,NA,NA,"Healthy",2.71527497557612,11.396965
"MH0147","NielsenHB_2014","MH0147","stool","control","healthy","adult","DNK","no","IlluminaHiSeq","24997787",62261122,4640340488,72,75,"Paolo_Manghi",NA,49,"female","ERR210316;ERR210315;ERR210314;ERR210313;ERR209464;ERR209463;ERR209462;ERR209461",0,"no",NA,NA,35.9,NA,NA,NA,NA,NA,173,NA,NA,NA,NA,NA,NA,NA,NA,"Healthy",3.49853765821692,12.377335
"MH0148","NielsenHB_2014","MH0148","stool","control","healthy","adult","DNK","no","IlluminaHiSeq","24997787",64804260,4837155414,73,75,"Paolo_Manghi",NA,53,"female","ERR210320;ERR210319;ERR210318;ERR210317;ERR209468;ERR209467;ERR209466;ERR209465",0,"no",NA,NA,42,NA,NA,NA,NA,NA,159,NA,NA,NA,NA,NA,NA,NA,NA,"Healthy",3.00731418295137,11.79224
"MH0149","NielsenHB_2014","MH0149","stool","control","healthy","adult","DNK","no","IlluminaHiSeq","24997787",58869090,4415181750,75,75,"Paolo_Manghi",NA,50,"female","ERR210321;ERR209469",0,"no",NA,NA,22.4,NA,NA,NA,NA,NA,144,NA,NA,NA,NA,NA,NA,NA,NA,"Healthy",3.19659290990616,13.19105
"MH0151","NielsenHB_2014","MH0151","stool","control","healthy","adult","DNK","no","IlluminaHiSeq","24997787",63513832,4763537400,75,75,"Paolo_Manghi",NA,45,"male","ERR210322;ERR209470",0,"no",NA,NA,23,NA,NA,NA,NA,NA,184,NA,NA,NA,NA,NA,NA,NA,NA,"Healthy",2.81595254192135,12.41138
"MH0152","NielsenHB_2014","MH0152","stool","control","healthy","adult","DNK","no","IlluminaHiSeq","24997787",60898546,4567390950,75,75,"Paolo_Manghi",NA,59,"male","ERR210323;ERR209471",0,"no",NA,NA,34.6,NA,NA,NA,NA,NA,168,NA,NA,NA,NA,NA,NA,NA,NA,"Healthy",3.05634775842815,13.039925
"MH0153","NielsenHB_2014","MH0153","stool","control","healthy","adult","DNK","no","IlluminaHiSeq","24997787",61157996,4586849700,75,75,"Paolo_Manghi",NA,50,"female","ERR210324;ERR209472",0,"no",NA,NA,32.3,NA,NA,NA,NA,NA,181,NA,NA,NA,NA,NA,NA,NA,NA,"Healthy",3.02276856242341,12.82417
"MH0154","NielsenHB_2014","MH0154","stool","control","healthy","adult","DNK","no","IlluminaHiSeq","24997787",59646896,4473517200,75,75,"Paolo_Manghi",NA,59,"female","ERR210325;ERR209473",0,"no",NA,NA,36.1,NA,NA,NA,NA,NA,172,NA,NA,NA,NA,NA,NA,NA,NA,"Healthy",2.94726270448408,12.56364
"MH0155","NielsenHB_2014","MH0155","stool","control","healthy","adult","DNK","no","IlluminaHiSeq","24997787",59466402,4459980150,75,75,"Paolo_Manghi",NA,64,"male","ERR210326;ERR209474",0,"no",NA,NA,31.8,NA,NA,NA,NA,NA,118,NA,NA,NA,NA,NA,NA,NA,NA,"Healthy",3.00483228004379,11.487205
"MH0156","NielsenHB_2014","MH0156","stool","control","healthy","adult","DNK","no","IlluminaHiSeq","24997787",59688950,4476671250,75,75,"Paolo_Manghi",NA,49,"female","ERR210327;ERR209475",0,"no",NA,NA,36.1,NA,NA,NA,NA,NA,67,NA,NA,NA,NA,NA,NA,NA,NA,"Healthy",2.32268836206175,9.741045
"MH0157","NielsenHB_2014","MH0157","stool","control","healthy","adult","DNK","no","IlluminaHiSeq","24997787",58429724,4382229300,75,75,"Paolo_Manghi",NA,40,"male","ERR210328;ERR209476",0,"no",NA,NA,38.6,NA,NA,NA,NA,NA,188,NA,NA,NA,NA,NA,NA,NA,NA,"Healthy",3.2917407311245,12.08138
"MH0158","NielsenHB_2014","MH0158","stool","control","healthy","senior","DNK","no","IlluminaHiSeq","24997787",59409144,4455685800,75,75,"Paolo_Manghi",NA,65,"female","ERR210329;ERR209477",0,"no",NA,NA,30.4,NA,NA,NA,NA,NA,164,NA,NA,NA,NA,NA,NA,NA,NA,"Healthy",3.0082845215749,13.441365
"MH0159","NielsenHB_2014","MH0159","stool","control","healthy","adult","DNK","no","IlluminaHiSeq","24997787",58836624,4412746800,75,75,"Paolo_Manghi",NA,64,"female","ERR210330;ERR209478",0,"no",NA,NA,34,NA,NA,NA,NA,NA,156,NA,NA,NA,NA,NA,NA,NA,NA,"Healthy",3.20220470319882,13.14
"MH0160","NielsenHB_2014","MH0160","stool","control","healthy","adult","DNK","no","IlluminaHiSeq","24997787",56395546,4229665950,75,75,"Paolo_Manghi",NA,54,"male","ERR210331;ERR209479",0,"no",NA,NA,31.8,NA,NA,NA,NA,NA,150,NA,NA,NA,NA,NA,NA,NA,NA,"Healthy",2.9951119069797,12.853485
"MH0162","NielsenHB_2014","MH0162","stool","control","healthy","adult","DNK","no","IlluminaHiSeq","24997787",68547286,5141046450,75,75,"Paolo_Manghi",NA,44,"male","ERR210332;ERR209480",0,"no",NA,NA,33.5,NA,NA,NA,NA,NA,142,NA,NA,NA,NA,NA,NA,NA,NA,"Healthy",3.27801825607634,13.059785
"MH0163","NielsenHB_2014","MH0163","stool","control","healthy","adult","DNK","no","IlluminaHiSeq","24997787",61347790,4539736460,73,74,"Paolo_Manghi",NA,60,"male","ERR210334;ERR210333;ERR209482;ERR209481",0,"no",NA,NA,32.7,NA,NA,NA,NA,NA,185,NA,NA,NA,NA,NA,NA,NA,NA,"Healthy",3.09579322253733,11.58489
"MH0164","NielsenHB_2014","MH0164","stool","control","healthy","adult","DNK","no","IlluminaHiSeq","24997787",63093720,4668935280,73,74,"Paolo_Manghi",NA,45,"male","ERR210335;ERR209483",0,"no",NA,NA,25.2,NA,NA,NA,NA,NA,149,NA,NA,NA,NA,NA,NA,NA,NA,"Healthy",1.17179684292746,9.63777499999999
"MH0165","NielsenHB_2014","MH0165","stool","control","healthy","adult","DNK","no","IlluminaHiSeq","24997787",63102046,4669551404,73,74,"Paolo_Manghi",NA,59,"male","ERR210340;ERR210339;ERR210338;ERR210337;ERR210336;ERR209488;ERR209487;ERR209486;ERR209485;ERR209484",0,"no",NA,NA,37.2,NA,NA,NA,NA,NA,203,NA,NA,NA,NA,NA,NA,NA,NA,"Healthy",3.00039240938284,11.09871
"MH0166","NielsenHB_2014","MH0166","stool","control","healthy","senior","DNK","no","IlluminaHiSeq","24997787",55584816,4113276384,73,74,"Paolo_Manghi",NA,70,"male","ERR210343;ERR210342;ERR210341;ERR209491;ERR209490;ERR209489",0,"no",NA,NA,32,NA,NA,NA,NA,NA,95,NA,NA,NA,NA,NA,NA,NA,NA,"Healthy",2.02844965887249,7.460245
"MH0167","NielsenHB_2014","MH0167","stool","control","healthy","adult","DNK","no","IlluminaHiSeq","24997787",58559028,4333368072,73,74,"Paolo_Manghi",NA,49,"female","ERR210347;ERR210346;ERR210345;ERR210344;ERR209495;ERR209494;ERR209493;ERR209492",0,"no",NA,NA,41.9,NA,NA,NA,NA,NA,129,NA,NA,NA,NA,NA,NA,NA,NA,"Healthy",3.04473678825575,10.840265
"MH0168","NielsenHB_2014","MH0168","stool","control","healthy","adult","DNK","no","IlluminaHiSeq","24997787",59111322,4374237828,73,74,"Paolo_Manghi",NA,59,"male","ERR210351;ERR210350;ERR210349;ERR210348;ERR209499;ERR209498;ERR209497;ERR209496",0,"no",NA,NA,41.2,NA,NA,NA,NA,NA,212,NA,NA,NA,NA,NA,NA,NA,NA,"Healthy",2.8698567612389,13.14668
"MH0169","NielsenHB_2014","MH0169","stool","control","healthy","adult","DNK","no","IlluminaHiSeq","24997787",61639412,4611832936,73,75,"Paolo_Manghi",NA,50,"male","ERR210353;ERR210352;ERR209501;ERR209500",0,"no",NA,NA,25.8,NA,NA,NA,NA,NA,192,NA,NA,NA,NA,NA,NA,NA,NA,"Healthy",2.5207022236851,12.397025
"MH0170","NielsenHB_2014","MH0170","stool","control","healthy","adult","DNK","no","IlluminaHiSeq","24997787",69993022,5225223056,73,75,"Paolo_Manghi",NA,50,"male","ERR210357;ERR210356;ERR210355;ERR210354;ERR209505;ERR209504;ERR209503;ERR209502",0,"no",NA,NA,32.6,NA,NA,NA,NA,NA,153,NA,NA,NA,NA,NA,NA,NA,NA,"Healthy",2.88966765928642,13.598335
"MH0172","NielsenHB_2014","MH0172","stool","control","healthy","adult","DNK","no","IlluminaHiSeq","24997787",66181294,4963597050,75,75,"Paolo_Manghi",NA,54,"male","ERR210358;ERR209506",0,"no",NA,NA,31.3,NA,NA,NA,NA,NA,168,NA,NA,NA,NA,NA,NA,NA,NA,"Healthy",3.07223475660793,14.214955
"MH0173","NielsenHB_2014","MH0173","stool","control","healthy","senior","DNK","no","IlluminaHiSeq","24997787",66887276,5016545700,75,75,"Paolo_Manghi",NA,65,"male","ERR210359;ERR209507",0,"no",NA,NA,29.2,NA,NA,NA,NA,NA,221,NA,NA,NA,NA,NA,NA,NA,NA,"Healthy",2.38663863585805,11.66701
"MH0174","NielsenHB_2014","MH0174","stool","control","healthy","adult","DNK","no","IlluminaHiSeq","24997787",65626772,4922007900,75,75,"Paolo_Manghi",NA,49,"female","ERR210360;ERR209508",0,"no",NA,NA,36.2,NA,NA,NA,NA,NA,192,NA,NA,NA,NA,NA,NA,NA,NA,"Healthy",3.2121627694295,12.938265
"MH0175","NielsenHB_2014","MH0175","stool","control","healthy","adult","DNK","no","IlluminaHiSeq","24997787",65331138,4899835350,75,75,"Paolo_Manghi",NA,50,"female","ERR210361;ERR209509",0,"no",NA,NA,24.5,NA,NA,NA,NA,NA,168,NA,NA,NA,NA,NA,NA,NA,NA,"Healthy",3.40182496249624,12.523465
"MH0177","NielsenHB_2014","MH0177","stool","control","healthy","adult","DNK","no","IlluminaHiSeq","24997787",54546370,4036431380,73,74,"Paolo_Manghi",NA,39,"male","ERR210365;ERR210364;ERR210363;ERR210362;ERR209513;ERR209512;ERR209511;ERR209510",0,"no",NA,NA,33.9,NA,NA,NA,NA,NA,171,NA,NA,NA,NA,NA,NA,NA,NA,"Healthy",3.00520627601875,12.53229
"MH0178","NielsenHB_2014","MH0178","stool","control","healthy","adult","DNK","no","IlluminaHiSeq","24997787",64217132,4816284900,75,75,"Paolo_Manghi",NA,59,"female","ERR210366;ERR209514",0,"no",NA,NA,21.9,NA,NA,NA,NA,NA,103,NA,NA,NA,NA,NA,NA,NA,NA,"Healthy",2.64620737952303,11.189285
"MH0179","NielsenHB_2014","MH0179","stool","control","healthy","adult","DNK","no","IlluminaHiSeq","24997787",66357610,4976820750,75,75,"Paolo_Manghi",NA,60,"female","ERR210367;ERR209515",0,"no",NA,NA,24.4,NA,NA,NA,NA,NA,72,NA,NA,NA,NA,NA,NA,NA,NA,"Healthy",2.39435623090766,9.752805
"MH0180","NielsenHB_2014","MH0180","stool","control","healthy","adult","DNK","no","IlluminaHiSeq","24997787",59658146,4474360950,75,75,"Paolo_Manghi",NA,44,"male","ERR210368;ERR209516",0,"no",NA,NA,30.1,NA,NA,NA,NA,NA,135,NA,NA,NA,NA,NA,NA,NA,NA,"Healthy",2.99295917670033,10.528625
"MH0181","NielsenHB_2014","MH0181","stool","control","healthy","adult","DNK","no","IlluminaHiSeq","24997787",69823068,5236730100,75,75,"Paolo_Manghi",NA,55,"female","ERR210369;ERR209517",0,"no",NA,NA,22.7,NA,NA,NA,NA,NA,172,NA,NA,NA,NA,NA,NA,NA,NA,"Healthy",3.43841520871451,12.54159
"MH0182","NielsenHB_2014","MH0182","stool","control","healthy","adult","DNK","no","IlluminaHiSeq","24997787",74372028,5577902100,75,75,"Paolo_Manghi",NA,59,"female","ERR210370;ERR209518",0,"no",NA,NA,37.7,NA,NA,NA,NA,NA,88,NA,NA,NA,NA,NA,NA,NA,NA,"Healthy",2.41363112420756,10.276125
"MH0183","NielsenHB_2014","MH0183","stool","control","healthy","adult","DNK","no","IlluminaHiSeq","24997787",76565854,5720205292,73,75,"Paolo_Manghi",NA,55,"female","ERR210374;ERR210373;ERR210372;ERR210371;ERR209522;ERR209521;ERR209520;ERR209519",0,"no",NA,NA,23.3,NA,NA,NA,NA,NA,203,NA,NA,NA,NA,NA,NA,NA,NA,"Healthy",2.81588866005774,13.935625
"MH0184","NielsenHB_2014","MH0184","stool","control","healthy","adult","DNK","no","IlluminaHiSeq","24997787",67762098,5051772511,72,75,"Paolo_Manghi",NA,59,"female","ERR210378;ERR210377;ERR210376;ERR210375;ERR209526;ERR209525;ERR209524;ERR209523",0,"no",NA,NA,41.3,NA,NA,NA,NA,NA,160,NA,NA,NA,NA,NA,NA,NA,NA,"Healthy",2.93206399680793,13.153685
"MH0185","NielsenHB_2014","MH0185","stool","control","healthy","adult","DNK","no","IlluminaHiSeq","24997787",73808044,5535603300,75,75,"Paolo_Manghi",NA,60,"female","ERR210379;ERR209527",0,"no",NA,NA,31.3,NA,NA,NA,NA,NA,145,NA,NA,NA,NA,NA,NA,NA,NA,"Healthy",2.90724778264786,13.129335
"MH0186","NielsenHB_2014","MH0186","stool","control","healthy","adult","DNK","no","IlluminaHiSeq","24997787",74388704,5579152800,75,75,"Paolo_Manghi",NA,39,"female","ERR210380;ERR209528",0,"no",NA,NA,34.8,NA,NA,NA,NA,NA,88,NA,NA,NA,NA,NA,NA,NA,NA,"Healthy",2.14983499576774,10.20315
"O2_UC1_0","NielsenHB_2014","O2_UC1","stool","IBD","IBD","adult","ESP","no","IlluminaHiSeq","24997787",33294381,1836643480,30,57,"Paolo_Manghi","UC",37,"male","ERR210382;ERR210381;ERR209530;ERR209529",0,NA,NA,NA,31.02040816,NA,NA,NA,NA,NA,184,NA,NA,NA,NA,NA,NA,NA,NA,"IBD",2.59366983884626,7.64609999999999
"O2_UC1_2","NielsenHB_2014","O2_UC1","stool","IBD","IBD","adult","ESP","no","IlluminaHiSeq","24997787",62870546,4288230740,30,71,"Paolo_Manghi","UC",37,"male","ERR210388;ERR209536",81,NA,NA,NA,31.02040816,NA,NA,NA,NA,NA,203,"dfmp",NA,NA,NA,NA,NA,NA,NA,"IBD",3.45492730216797,15.76752
"O2_UC11_0","NielsenHB_2014","O2_UC11","stool","IBD","IBD","adult","ESP","no","IlluminaHiSeq","24997787",24992105,1540301907,30,65,"Paolo_Manghi","UC",34,"female","ERR210384;ERR210383;ERR209532;ERR209531",0,NA,NA,NA,18.68512111,NA,NA,NA,NA,NA,94,NA,NA,NA,NA,NA,NA,NA,NA,"IBD",1.62199380349716,9.001325
"O2_UC11_2","NielsenHB_2014","O2_UC11","stool","IBD","IBD","adult","ESP","no","IlluminaHiSeq","24997787",68437230,4684248134,30,71,"Paolo_Manghi","UC",34,"female","ERR210385;ERR209533",88,NA,NA,NA,18.68512111,NA,NA,NA,NA,NA,102,NA,NA,NA,NA,NA,NA,NA,NA,"IBD",2.6875715847442,15.154085
"O2_UC12_0","NielsenHB_2014","O2_UC12","stool","IBD","IBD","adult","ESP","no","IlluminaHiSeq","24997787",22601787,1491685958,30,71,"Paolo_Manghi","UC",43,"male","ERR210387;ERR210386;ERR209535;ERR209534",0,NA,NA,NA,21.60493827,NA,NA,NA,NA,NA,157,NA,NA,NA,NA,NA,NA,NA,NA,"IBD",3.29334274403215,11.47128
"O2_UC12_2","NielsenHB_2014","O2_UC12","stool","IBD","IBD","adult","ESP","no","IlluminaHiSeq","24997787",66853516,4577106161,30,70,"Paolo_Manghi","UC",43,"male","ERR210389;ERR209537",90,NA,NA,NA,21.60493827,NA,NA,NA,NA,NA,172,"dfmp",NA,NA,NA,NA,NA,NA,NA,"IBD",2.90784104327363,12.60787
"O2_UC13_2","NielsenHB_2014","O2_UC13","stool","IBD","IBD","adult","ESP","no","IlluminaHiSeq","24997787",62414089,4277347347,30,71,"Paolo_Manghi","UC",31,"male","ERR210392;ERR209540",90,NA,NA,NA,32.65306122,NA,NA,NA,NA,NA,221,NA,NA,NA,NA,NA,NA,NA,NA,"IBD",3.41028950292399,13.70648
"O2_UC13_0","NielsenHB_2014","O2_UC13","stool","IBD","IBD","senior","ESP","no","IlluminaHiSeq","24997787",27871822,1544154220,30,56,"Paolo_Manghi","UC",68,"female","ERR210391;ERR210390;ERR209539;ERR209538",0,NA,NA,NA,23.38435374,NA,NA,NA,NA,NA,199,NA,NA,NA,NA,NA,NA,NA,NA,"IBD",3.06741049385153,9.46086999999999
"O2_UC14_0","NielsenHB_2014","O2_UC14","stool","IBD","IBD","adult","ESP","no","IlluminaHiSeq","24997787",12556947,823579166,30,71,"Paolo_Manghi","UC",31,"male","ERR210394;ERR210393;ERR209542;ERR209541",0,NA,NA,NA,32.65306122,NA,NA,NA,NA,NA,NA,NA,NA,NA,NA,NA,NA,NA,NA,"IBD",2.36452270967296,8.51954999999999
"O2_UC14_2","NielsenHB_2014","O2_UC14","stool","IBD","IBD","senior","ESP","no","IlluminaHiSeq","24997787",60955900,4109597523,30,71,"Paolo_Manghi","UC",68,"female","ERR210395;ERR209543",89,NA,NA,NA,23.38435374,NA,NA,NA,NA,NA,209,"dfmp",NA,NA,NA,NA,NA,NA,NA,"IBD",3.40374808115581,17.80762
"O2_UC16_0","NielsenHB_2014","O2_UC16","stool","IBD","IBD","adult","ESP","no","IlluminaHiSeq","24997787",28403605,1544964896,30,55,"Paolo_Manghi","UC",47,"male","ERR210397;ERR210396;ERR209545;ERR209544",0,NA,NA,NA,26.42356982,NA,NA,NA,NA,NA,171,NA,NA,NA,NA,NA,NA,NA,NA,"IBD",2.04030679047443,5.768865
"O2_UC16_2","NielsenHB_2014","O2_UC16","stool","IBD","IBD","adult","ESP","no","IlluminaHiSeq","24997787",64992303,4539702113,30,72,"Paolo_Manghi","UC",47,"male","ERR210398;ERR209546",87,NA,NA,NA,26.42356982,NA,NA,NA,NA,NA,198,NA,NA,NA,NA,NA,NA,NA,NA,"IBD",2.51548752035312,12.61228
"O2_UC17_0","NielsenHB_2014","O2_UC17","stool","IBD","IBD","adult","ESP","no","IlluminaHiSeq","24997787",28959418,1640715288,30,58,"Paolo_Manghi","UC",56,"female","ERR210400;ERR210399;ERR209548;ERR209547",0,NA,NA,NA,21.875,NA,NA,NA,NA,NA,118,NA,NA,NA,NA,NA,NA,NA,NA,"IBD",1.73431069907108,6.830265
"O2_UC17_2","NielsenHB_2014","O2_UC17","stool","IBD","IBD","adult","ESP","no","IlluminaHiSeq","24997787",53740927,3756136562,30,71,"Paolo_Manghi","UC",56,"female","ERR210401;ERR209549",86,NA,NA,NA,21.875,NA,NA,NA,NA,NA,132,"dfmp",NA,NA,NA,NA,NA,NA,NA,"IBD",3.15222558550139,12.681475
"O2_UC18_0","NielsenHB_2014","O2_UC18","stool","IBD","IBD","adult","ESP","no","IlluminaHiSeq","24997787",27333406,1694085464,30,65,"Paolo_Manghi","UC",42,"male","ERR210403;ERR210402;ERR209551;ERR209550",0,NA,NA,NA,24.15881797,NA,NA,NA,NA,NA,188,NA,NA,NA,NA,NA,NA,NA,NA,"IBD",3.23769501915505,10.411105
"O2_UC18_2","NielsenHB_2014","O2_UC18","stool","IBD","IBD","adult","ESP","no","IlluminaHiSeq","24997787",57724728,3929142695,30,69,"Paolo_Manghi","UC",48,"male","ERR210405;ERR210404;ERR209553;ERR209552",90,NA,NA,NA,25.7255174,NA,NA,NA,NA,NA,204,NA,NA,NA,NA,NA,NA,NA,NA,"IBD",3.36193466373976,10.805355
"O2_UC19_0","NielsenHB_2014","O2_UC19","stool","IBD","IBD","adult","ESP","no","IlluminaHiSeq","24997787",29617728,1754730821,30,62,"Paolo_Manghi","UC",48,"male","ERR210407;ERR210406;ERR209555;ERR209554",0,NA,NA,NA,25.7255174,NA,NA,NA,NA,NA,41,NA,NA,NA,NA,NA,NA,NA,NA,"IBD",1.77145637417469,5.473365
"O2_UC19_2","NielsenHB_2014","O2_UC19","stool","IBD","IBD","adult","ESP","no","IlluminaHiSeq","24997787",61599901,4205661553,30,71,"Paolo_Manghi","UC",42,"male","ERR210409;ERR210408;ERR209557;ERR209556",96,NA,NA,NA,24.15881797,NA,NA,NA,NA,NA,93,NA,NA,NA,NA,NA,NA,NA,NA,"IBD",2.88791741082238,11.836445
"O2_UC2_0","NielsenHB_2014","O2_UC2","stool","IBD","IBD","adult","ESP","no","IlluminaHiSeq","24997787",56495420,3841424921,30,71,"Paolo_Manghi","UC",46,"male","ERR210414;ERR210413;ERR210412;ERR209562;ERR209561;ERR209560",0,NA,NA,NA,24.02380867,NA,NA,NA,NA,NA,179,NA,NA,NA,NA,NA,NA,NA,NA,"IBD",2.84894589624265,13.215095
"O2_UC2_2","NielsenHB_2014","O2_UC2","stool","IBD","IBD","adult","ESP","no","IlluminaHiSeq","24997787",65875944,4582498759,30,72,"Paolo_Manghi","UC",46,"male","ERR210421;ERR209569",88,NA,NA,NA,24.02380867,NA,NA,NA,NA,NA,147,NA,NA,NA,NA,NA,NA,NA,NA,"IBD",3.4537737922682,12.893545
"O2_UC20_0","NielsenHB_2014","O2_UC20","stool","IBD","IBD","adult","ESP","no","IlluminaHiSeq","24997787",27413692,1685966621,30,65,"Paolo_Manghi","UC",51,"female","ERR210411;ERR210410;ERR209559;ERR209558",0,NA,NA,NA,24.03460984,NA,NA,NA,NA,NA,138,NA,NA,NA,NA,NA,NA,NA,NA,"IBD",2.82180318180859,9.755785
"O2_UC20_2","NielsenHB_2014","O2_UC20","stool","IBD","IBD","adult","ESP","no","IlluminaHiSeq","24997787",57702921,3968060761,30,71,"Paolo_Manghi","UC",51,"female","ERR210415;ERR209563",90,NA,NA,NA,24.03460984,NA,NA,NA,NA,NA,132,"dfmp",NA,NA,NA,NA,NA,NA,NA,"IBD",3.08876607013561,12.321035
"O2_UC21_0","NielsenHB_2014","O2_UC21","stool","IBD","IBD","adult","ESP","no","IlluminaHiSeq","24997787",13847036,726098874,30,56,"Paolo_Manghi","UC",49,"female","ERR210417;ERR210416;ERR209565;ERR209564",0,NA,NA,NA,30.46111831,NA,NA,NA,NA,NA,NA,NA,NA,NA,NA,NA,NA,NA,NA,"IBD",2.92734536470448,7.75916499999999
"O2_UC21_2","NielsenHB_2014","O2_UC21","stool","IBD","IBD","adult","ESP","no","IlluminaHiSeq","24997787",54261776,3695265034,30,70,"Paolo_Manghi","UC",49,"female","ERR210418;ERR209566",91,NA,NA,NA,30.46111831,NA,NA,NA,NA,NA,154,NA,NA,NA,NA,NA,NA,NA,NA,"IBD",3.42845212780421,15.566085
"O2_UC22_0","NielsenHB_2014","O2_UC22","stool","IBD","IBD","adult","ESP","no","IlluminaHiSeq","24997787",31446215,1731900892,30,56,"Paolo_Manghi","UC",44,"male","ERR210420;ERR210419;ERR209568;ERR209567",0,NA,NA,NA,25.39343112,NA,NA,NA,NA,NA,143,NA,NA,NA,NA,NA,NA,NA,NA,"IBD",3.02912143721132,8.707295
"O2_UC22_2","NielsenHB_2014","O2_UC22","stool","IBD","IBD","adult","ESP","no","IlluminaHiSeq","24997787",57556429,3959151936,30,71,"Paolo_Manghi","UC",44,"male","ERR210423;ERR210422;ERR209571;ERR209570",90,NA,NA,NA,25.39343112,NA,NA,NA,NA,NA,140,NA,NA,NA,NA,NA,NA,NA,NA,"IBD",3.36316383307895,13.397505
"O2_UC23_0","NielsenHB_2014","O2_UC23","stool","IBD","IBD","adult","ESP","no","IlluminaHiSeq","24997787",23667792,1499810123,30,69,"Paolo_Manghi","UC",41,"female","ERR210425;ERR210424;ERR209573;ERR209572",0,NA,NA,NA,28.16249373,NA,NA,NA,NA,NA,138,NA,NA,NA,NA,NA,NA,NA,NA,"IBD",2.68884420234248,12.986995
"O2_UC23_2","NielsenHB_2014","O2_UC23","stool","IBD","IBD","adult","ESP","no","IlluminaHiSeq","24997787",62804847,4288188840,30,71,"Paolo_Manghi","UC",41,"female","ERR210427;ERR210426;ERR209575;ERR209574",92,NA,NA,NA,28.16249373,NA,NA,NA,NA,NA,180,"dfmp",NA,NA,NA,NA,NA,NA,NA,"IBD",3.53839691380618,15.875865
"O2_UC24_0","NielsenHB_2014","O2_UC24","stool","IBD","IBD","adult","ESP","no","IlluminaHiSeq","24997787",31962758,1985316241,30,65,"Paolo_Manghi","UC",55,"female","ERR210429;ERR210428;ERR209577;ERR209576",0,NA,NA,NA,28.76397107,NA,NA,NA,NA,NA,169,NA,NA,NA,NA,NA,NA,NA,NA,"IBD",1.9090975092769,10.26126
"O2_UC24_2","NielsenHB_2014","O2_UC24","stool","IBD","IBD","adult","ESP","no","IlluminaHiSeq","24997787",53258200,3681061892,30,72,"Paolo_Manghi","UC",55,"female","ERR210430;ERR209578",89,NA,NA,NA,28.76397107,NA,NA,NA,NA,NA,185,"dfmp",NA,NA,NA,NA,NA,NA,NA,"IBD",3.27824435751913,14.01
"O2_UC26_2","NielsenHB_2014","O2_UC26","stool","IBD","IBD","adult","ESP","no","IlluminaHiSeq","24997787",61174125,4262268789,30,71,"Paolo_Manghi","UC",41,"male","ERR210432;ERR209580",83,NA,NA,NA,23.99945917,NA,NA,NA,NA,NA,44,"dfmp",NA,NA,NA,NA,NA,NA,NA,"IBD",2.15024881780464,7.57034499999999
"O2_UC26_0","NielsenHB_2014","O2_UC26","stool","IBD","IBD","adult","ESP","no","IlluminaHiSeq","24997787",63080961,4353474846,30,70,"Paolo_Manghi","UC",41,"male","ERR210431;ERR209579",0,NA,NA,NA,23.99945917,NA,NA,NA,NA,NA,39,NA,NA,NA,NA,NA,NA,NA,NA,"IBD",2.19135391906836,7.637705
"O2_UC27_2","NielsenHB_2014","O2_UC27","stool","IBD","IBD","adult","ESP","no","IlluminaHiSeq","24997787",50950648,3523817631,30,69,"Paolo_Manghi","UC",52,"female","ERR210434;ERR209582",91,NA,NA,NA,23.33768443,NA,NA,NA,NA,NA,126,NA,NA,NA,NA,NA,NA,NA,NA,"IBD",2.82977389979323,10.540905
"O2_UC27_0","NielsenHB_2014","O2_UC27","stool","IBD","IBD","adult","ESP","no","IlluminaHiSeq","24997787",58314228,4039542698,30,71,"Paolo_Manghi","UC",52,"female","ERR210433;ERR209581",0,NA,NA,NA,23.33768443,NA,NA,NA,NA,NA,130,NA,NA,NA,NA,NA,NA,NA,NA,"IBD",2.99890671702945,11.569025
"O2_UC29_2","NielsenHB_2014","O2_UC29","stool","IBD","IBD","adult","ESP","no","IlluminaHiSeq","24997787",53644944,3668551643,30,71,"Paolo_Manghi","UC",55,"female","ERR210437;ERR210436;ERR209585;ERR209584",95,NA,NA,NA,26.03749399,NA,NA,NA,NA,NA,199,NA,NA,NA,NA,NA,NA,NA,NA,"IBD",3.38741370517367,14.31311
"O2_UC29_0","NielsenHB_2014","O2_UC29","stool","IBD","IBD","adult","ESP","no","IlluminaHiSeq","24997787",55508259,3738924027,30,69,"Paolo_Manghi","UC",55,"female","ERR210435;ERR209583",0,NA,NA,NA,26.03749399,NA,NA,NA,NA,NA,192,NA,NA,NA,NA,NA,NA,NA,NA,"IBD",3.43068390510732,12.96367
"O2_UC3_2","NielsenHB_2014","O2_UC3","stool","IBD","IBD","adult","ESP","no","IlluminaHiSeq","24997787",55608090,3818617604,30,70,"Paolo_Manghi","UC",41,"female","ERR210452;ERR209600",82,NA,NA,NA,18.90359168,NA,NA,NA,NA,NA,167,NA,NA,NA,NA,NA,NA,NA,NA,"IBD",3.4303854644032,14.673965
"O2_UC3_0","NielsenHB_2014","O2_UC3","stool","IBD","IBD","adult","ESP","no","IlluminaHiSeq","24997787",56880535,3880716074,30,71,"Paolo_Manghi","UC",41,"female","ERR210441;ERR210440;ERR209588;ERR209589",0,NA,NA,NA,18.90359168,NA,NA,NA,NA,NA,170,NA,NA,NA,NA,NA,NA,NA,NA,"IBD",3.30596589871028,15.068265
"O2_UC30_0","NielsenHB_2014","O2_UC30","stool","IBD","IBD","adult","ESP","no","IlluminaHiSeq","24997787",58175450,3944384055,30,71,"Paolo_Manghi","UC",51,"male","ERR210439;ERR210438;ERR209587;ERR209586",0,NA,NA,NA,23.30668005,NA,NA,NA,NA,NA,156,NA,NA,NA,NA,NA,NA,NA,NA,"IBD",3.52939089310792,15.127025
"O2_UC30_2","NielsenHB_2014","O2_UC30","stool","IBD","IBD","adult","ESP","no","IlluminaHiSeq","24997787",63984808,4298853846,30,71,"Paolo_Manghi","UC",51,"male","ERR210444;ERR210443;ERR210442;ERR209592;ERR209591;ERR209590",89,NA,NA,NA,23.30668005,NA,NA,NA,NA,NA,164,"dfmp",NA,NA,NA,NA,NA,NA,NA,"IBD",3.46151196444318,14.239925
"O2_UC31_0","NielsenHB_2014","O2_UC31","stool","IBD","IBD","adult","ESP","no","IlluminaHiSeq","24997787",62587460,4211826756,30,71,"Paolo_Manghi","UC",30,"male","ERR210447;ERR210446;ERR210445;ERR209595;ERR209594;ERR209593",0,NA,NA,NA,22.71468144,NA,NA,NA,NA,NA,208,NA,NA,NA,NA,NA,NA,NA,NA,"IBD",3.32928365384089,15.01019
"O2_UC31_2","NielsenHB_2014","O2_UC31","stool","IBD","IBD","adult","ESP","no","IlluminaHiSeq","24997787",63476445,4265213362,30,71,"Paolo_Manghi","UC",30,"male","ERR210450;ERR210449;ERR210448;ERR209598;ERR209597;ERR209596",95,NA,NA,NA,22.71468144,NA,NA,NA,NA,NA,209,NA,NA,NA,NA,NA,NA,NA,NA,"IBD",3.35320122400414,14.7611
"O2_UC32_0","NielsenHB_2014","O2_UC32","stool","IBD","IBD","adult","ESP","no","IlluminaHiSeq","24997787",57405719,3992228807,30,72,"Paolo_Manghi","UC",54,"female","ERR210451;ERR209599",0,NA,NA,NA,26.77593411,NA,NA,NA,NA,NA,134,NA,NA,NA,NA,NA,NA,NA,NA,"IBD",3.40971679977226,12.365085
"O2_UC32_2","NielsenHB_2014","O2_UC32","stool","IBD","IBD","adult","ESP","no","IlluminaHiSeq","24997787",61640036,4185059730,30,71,"Paolo_Manghi","UC",54,"female","ERR210454;ERR210453;ERR209602;ERR209601",60,NA,NA,NA,26.77593411,NA,NA,NA,NA,NA,137,"dfmp",NA,NA,NA,NA,NA,NA,NA,"IBD",3.44026562030265,13.34517
"O2_UC34_0","NielsenHB_2014","O2_UC34","stool","IBD","IBD","adult","ESP","no","IlluminaHiSeq","24997787",60489950,4153386624,30,72,"Paolo_Manghi","UC",64,"female","ERR210455;ERR209603",0,NA,NA,NA,24.97398543,NA,NA,NA,NA,NA,119,NA,NA,NA,NA,NA,NA,NA,NA,"IBD",1.86978503860472,13.024655
"O2_UC34_2","NielsenHB_2014","O2_UC34","stool","IBD","IBD","adult","ESP","no","IlluminaHiSeq","24997787",61656447,4313082780,30,73,"Paolo_Manghi","UC",64,"female","ERR210456;ERR209604",89,NA,NA,NA,24.97398543,NA,NA,NA,NA,NA,87,"dfmp",NA,NA,NA,NA,NA,NA,NA,"IBD",2.35176615341846,13.229435
"O2_UC35_0","NielsenHB_2014","O2_UC35","stool","IBD","IBD","adult","ESP","no","IlluminaHiSeq","24997787",51671185,3485248875,30,69,"Paolo_Manghi","UC",39,"female","ERR210457;ERR209605",0,NA,NA,NA,30.29778393,NA,NA,NA,NA,NA,172,NA,NA,NA,NA,NA,NA,NA,NA,"IBD",3.35335286999971,13.646485
"O2_UC35_2","NielsenHB_2014","O2_UC35","stool","IBD","IBD","adult","ESP","no","IlluminaHiSeq","24997787",59556921,3990935683,30,68,"Paolo_Manghi","UC",39,"female","ERR210458;ERR209606",92,NA,NA,NA,30.29778393,NA,NA,NA,NA,NA,196,"dfmp",NA,NA,NA,NA,NA,NA,NA,"IBD",2.94576776585375,13.52242
"O2_UC36_2","NielsenHB_2014","O2_UC36","stool","IBD","IBD","adult","ESP","no","IlluminaHiSeq","24997787",60221917,4085309064,30,70,"Paolo_Manghi","UC",43,"male","ERR210459;ERR209607",180,NA,NA,NA,26.36560303,NA,NA,NA,NA,NA,118,NA,NA,NA,NA,NA,NA,NA,NA,"IBD",2.82589297411917,11.652545
"O2_UC37_0","NielsenHB_2014","O2_UC37","stool","IBD","IBD","adult","ESP","no","IlluminaHiSeq","24997787",58388283,4079037106,30,72,"Paolo_Manghi","UC",44,"female","ERR210460;ERR209608",0,NA,NA,NA,23.30905307,NA,NA,NA,NA,NA,105,NA,NA,NA,NA,NA,NA,NA,NA,"IBD",2.9657510439558,12.536065
"O2_UC37_2","NielsenHB_2014","O2_UC37","stool","IBD","IBD","adult","ESP","no","IlluminaHiSeq","24997787",64097090,4453610809,30,72,"Paolo_Manghi","UC",44,"female","ERR210462;ERR210461;ERR209610;ERR209609",78,NA,NA,NA,23.30905307,NA,NA,NA,NA,NA,122,"dfmp",NA,NA,NA,NA,NA,NA,NA,"IBD",3.33897778212534,12.978635
"O2_UC38_0","NielsenHB_2014","O2_UC38","stool","IBD","IBD","adult","ESP","no","IlluminaHiSeq","24997787",56626394,3847223767,30,70,"Paolo_Manghi","UC",55,"male","ERR210463;ERR209611",0,NA,NA,NA,31.0137051,NA,NA,NA,NA,NA,128,NA,NA,NA,NA,NA,NA,NA,NA,"IBD",2.46783472032448,10.934025
"O2_UC38_2","NielsenHB_2014","O2_UC38","stool","IBD","IBD","adult","ESP","no","IlluminaHiSeq","24997787",62211307,4265416879,30,70,"Paolo_Manghi","UC",55,"male","ERR210464;ERR209612",95,NA,NA,NA,31.0137051,NA,NA,NA,NA,NA,133,"dfmp",NA,NA,NA,NA,NA,NA,NA,"IBD",2.45766698319805,11.405535
"O2_UC4_0","NielsenHB_2014","O2_UC4","stool","IBD","IBD","adult","ESP","no","IlluminaHiSeq","24997787",27985035,1510003495,30,54,"Paolo_Manghi","UC",57,"female","ERR210467;ERR210466;ERR209615;ERR209614",0,NA,NA,NA,28.53745541,NA,NA,NA,NA,NA,167,NA,NA,NA,NA,NA,NA,NA,NA,"IBD",2.75585677447218,8.785815
"O2_UC4_2","NielsenHB_2014","O2_UC4","stool","IBD","IBD","adult","ESP","no","IlluminaHiSeq","24997787",65279432,4477103400,30,71,"Paolo_Manghi","UC",57,"female","ERR210471;ERR209619",90,NA,NA,NA,28.53745541,NA,NA,NA,NA,NA,197,NA,NA,NA,NA,NA,NA,NA,NA,"IBD",3.12171235588765,15.518205
"O2_UC40_0","NielsenHB_2014","O2_UC40","stool","IBD","IBD","adult","ESP","no","IlluminaHiSeq","24997787",55319711,3763696990,30,69,"Paolo_Manghi","UC",35,"male","ERR210465;ERR209613",0,NA,NA,NA,22.66270867,NA,NA,NA,NA,NA,217,NA,NA,NA,NA,NA,NA,NA,NA,"IBD",3.08746330645807,12.92798
"O2_UC40_2","NielsenHB_2014","O2_UC40","stool","IBD","IBD","adult","ESP","no","IlluminaHiSeq","24997787",59903961,4071748885,30,68,"Paolo_Manghi","UC",35,"male","ERR210468;ERR209616",95,NA,NA,NA,22.66270867,NA,NA,NA,NA,NA,236,"dfmp",NA,NA,NA,NA,NA,NA,NA,"IBD",3.50887441349194,13.71045
"O2_UC41_2","NielsenHB_2014","O2_UC41","stool","IBD","IBD","adult","ESP","no","IlluminaHiSeq","24997787",29044027,1988578656,30,70,"Paolo_Manghi","UC",43,"female","ERR210470;ERR209618",244,NA,NA,NA,29.34003963,NA,NA,NA,NA,NA,207,NA,NA,NA,NA,NA,NA,NA,NA,"IBD",3.39797669715638,15.43534
"O2_UC41_0","NielsenHB_2014","O2_UC41","stool","IBD","IBD","adult","ESP","no","IlluminaHiSeq","24997787",57875919,3967083282,30,69,"Paolo_Manghi","UC",43,"female","ERR210469;ERR209617",0,NA,NA,NA,29.34003963,NA,NA,NA,NA,NA,192,NA,NA,NA,NA,NA,NA,NA,NA,"IBD",3.25876652349042,13.1444
"O2_UC43_2","NielsenHB_2014","O2_UC43","stool","IBD","IBD","adult","ESP","no","IlluminaHiSeq","24997787",51911391,3577360203,30,70,"Paolo_Manghi","UC",24,"male","ERR210473;ERR209621",82,NA,NA,NA,20.24489796,NA,NA,NA,NA,NA,99,"dfmp",NA,NA,NA,NA,NA,NA,NA,"IBD",1.50476337563261,9.120285
"O2_UC43_0","NielsenHB_2014","O2_UC43","stool","IBD","IBD","adult","ESP","no","IlluminaHiSeq","24997787",54493200,3755362115,30,70,"Paolo_Manghi","UC",24,"male","ERR210472;ERR209620",0,NA,NA,NA,20.24489796,NA,NA,NA,NA,NA,124,NA,NA,NA,NA,NA,NA,NA,NA,"IBD",2.27491258401065,9.35057499999999
"O2_UC44_2","NielsenHB_2014","O2_UC44","stool","IBD","IBD","adult","ESP","no","IlluminaHiSeq","24997787",53366097,3620735438,30,70,"Paolo_Manghi","UC",45,"female","ERR210476;ERR209624",91,NA,NA,NA,30.29778393,NA,NA,NA,NA,NA,222,NA,NA,NA,NA,NA,NA,NA,NA,"IBD",3.42572456311048,14.7586
"O2_UC44_0","NielsenHB_2014","O2_UC44","stool","IBD","IBD","adult","ESP","no","IlluminaHiSeq","24997787",58448777,3969077036,30,72,"Paolo_Manghi","UC",45,"female","ERR210475;ERR210474;ERR209623;ERR209622",0,NA,NA,NA,30.29778393,NA,NA,NA,NA,NA,274,NA,NA,NA,NA,NA,NA,NA,NA,"IBD",3.40803170043806,16.52199
"O2_UC46_0","NielsenHB_2014","O2_UC46","stool","IBD","IBD","adult","ESP","no","IlluminaHiSeq","24997787",58503552,3979510017,30,69,"Paolo_Manghi","UC",32,"male","ERR210477;ERR209625",0,NA,NA,NA,35.62371694,NA,NA,NA,NA,NA,134,NA,NA,NA,NA,NA,NA,NA,NA,"IBD",3.35687035883037,11.796415
"O2_UC46_2","NielsenHB_2014","O2_UC46","stool","IBD","IBD","adult","ESP","no","IlluminaHiSeq","24997787",61770071,4187739857,30,71,"Paolo_Manghi","UC",32,"male","ERR210480;ERR210479;ERR210478;ERR209628;ERR209627;ERR209626",84,NA,NA,NA,35.62371694,NA,NA,NA,NA,NA,156,"dfmp",NA,NA,NA,NA,NA,NA,NA,"IBD",3.31899175590771,15.714365
"O2_UC47_2","NielsenHB_2014","O2_UC47","stool","IBD","IBD","adult","ESP","no","IlluminaHiSeq","24997787",50959433,3369149157,30,72,"Paolo_Manghi","UC",29,"female","ERR210486;ERR210485;ERR210484;ERR209633;ERR209632;ERR209634",88,NA,NA,NA,21.484375,NA,NA,NA,NA,NA,169,"dfmp",NA,NA,NA,NA,NA,NA,NA,"IBD",3.40931065822103,14.61582
"O2_UC47_0","NielsenHB_2014","O2_UC47","stool","IBD","IBD","adult","ESP","no","IlluminaHiSeq","24997787",54228631,3596591035,30,72,"Paolo_Manghi","UC",29,"female","ERR210483;ERR210482;ERR210481;ERR209631;ERR209630;ERR209629",0,NA,NA,NA,21.484375,NA,NA,NA,NA,NA,195,NA,NA,NA,NA,NA,NA,NA,NA,"IBD",3.39573759195601,15.89649
"O2_UC48_2","NielsenHB_2014","O2_UC48","stool","IBD","IBD","adult","ESP","no","IlluminaHiSeq","24997787",57838640,3855937672,30,71,"Paolo_Manghi","UC",46,"female","ERR210491;ERR210490;ERR210489;ERR209639;ERR209638;ERR209637",228,NA,NA,NA,18.81892431,NA,NA,NA,NA,NA,161,NA,NA,NA,NA,NA,NA,NA,NA,"IBD",3.40492103452692,14.81088
"O2_UC48_0","NielsenHB_2014","O2_UC48","stool","IBD","IBD","adult","ESP","no","IlluminaHiSeq","24997787",62642591,4289371898,30,72,"Paolo_Manghi","UC",46,"female","ERR210488;ERR210487;ERR209636;ERR209635",0,NA,NA,NA,18.81892431,NA,NA,NA,NA,NA,154,NA,NA,NA,NA,NA,NA,NA,NA,"IBD",3.34246119601804,13.820655
"O2_UC49_2","NielsenHB_2014","O2_UC49","stool","control","healthy","adult","ESP","no","IlluminaHiSeq","24997787",56508214,3775477360,30,70,"Paolo_Manghi",NA,NA,"female","ERR210495;ERR210494;ERR209643;ERR209642",76,NA,NA,NA,23.046875,NA,NA,NA,NA,NA,154,NA,NA,NA,NA,NA,NA,NA,NA,"Healthy",3.28386566724243,14.88373
"O2_UC49_0","NielsenHB_2014","O2_UC49","stool","control","healthy","adult","ESP","no","IlluminaHiSeq","24997787",60584637,4099971709,30,70,"Paolo_Manghi",NA,22,"female","ERR210493;ERR210492;ERR209641;ERR209640",0,NA,NA,NA,23.046875,NA,NA,NA,NA,NA,104,NA,NA,NA,NA,NA,NA,NA,NA,"Healthy",2.95873035650937,10.932495
"O2_UC5_2","NielsenHB_2014","O2_UC5","stool","IBD","IBD","adult","ESP","no","IlluminaHiSeq","24997787",44963221,3189903229,30,71,"Paolo_Manghi","UC",40,"female","ERR210507;ERR209655",82,NA,NA,NA,20.93663912,NA,NA,NA,NA,NA,115,"dfmp",NA,NA,NA,NA,NA,NA,NA,"IBD",3.10987340632227,12.505285
"O2_UC5_0","NielsenHB_2014","O2_UC5","stool","IBD","IBD","adult","ESP","no","IlluminaHiSeq","24997787",55626759,3866492795,30,72,"Paolo_Manghi","UC",40,"female","ERR210499;ERR210498;ERR209647;ERR209646",0,NA,NA,NA,20.93663912,NA,NA,NA,NA,NA,123,NA,NA,NA,NA,NA,NA,NA,NA,"IBD",3.29240618297934,10.888855
"O2_UC50_2","NielsenHB_2014","O2_UC50","stool","control","healthy","adult","ESP","no","IlluminaHiSeq","24997787",53260679,3596382411,30,70,"Paolo_Manghi",NA,NA,"male","ERR210500;ERR209648",55,NA,NA,NA,22.67573696,NA,NA,NA,NA,NA,182,NA,NA,NA,NA,NA,NA,NA,NA,"Healthy",3.13682100709995,13.641125
"O2_UC50_0","NielsenHB_2014","O2_UC50","stool","control","healthy","adult","ESP","no","IlluminaHiSeq","24997787",65105855,4392994984,30,71,"Paolo_Manghi",NA,24,"male","ERR210497;ERR210496;ERR209645;ERR209644",0,NA,NA,NA,22.67573696,NA,NA,NA,NA,NA,223,NA,NA,NA,NA,NA,NA,NA,NA,"Healthy",3.38803950820177,16.29106
"O2_UC51_0","NielsenHB_2014","O2_UC51","stool","control","healthy","adult","ESP","no","IlluminaHiSeq","24997787",57486896,3923766102,30,72,"Paolo_Manghi",NA,32,"female","ERR210502;ERR210501;ERR209650;ERR209649",0,NA,NA,NA,17.56965112,NA,NA,NA,NA,NA,193,NA,NA,NA,NA,NA,NA,NA,NA,"Healthy",3.32616747470972,14.55681
"O2_UC51_2","NielsenHB_2014","O2_UC51","stool","control","healthy","adult","ESP","no","IlluminaHiSeq","24997787",117575131,8027754392,30,72,"Paolo_Manghi",NA,NA,"female","ERR210505;ERR210504;ERR210503;ERR209653;ERR209652;ERR209651",69,NA,NA,NA,17.56965112,NA,NA,NA,NA,NA,195,NA,NA,NA,NA,NA,NA,NA,NA,"Healthy",3.32033799790747,14.35925
"O2_UC52_2","NielsenHB_2014","O2_UC52","stool","control","healthy","adult","ESP","no","IlluminaHiSeq","24997787",56855341,3934376047,30,72,"Paolo_Manghi",NA,NA,"female","ERR210508;ERR209656",76,NA,NA,NA,19.77769867,NA,NA,NA,NA,NA,201,NA,NA,NA,NA,NA,NA,NA,NA,"Healthy",3.32913301790843,13.18157
"O2_UC52_0","NielsenHB_2014","O2_UC52","stool","control","healthy","adult","ESP","no","IlluminaHiSeq","24997787",60333297,4124557215,30,72,"Paolo_Manghi",NA,32,"female","ERR210506;ERR209654",0,NA,NA,NA,19.77769867,NA,NA,NA,NA,NA,187,NA,NA,NA,NA,NA,NA,NA,NA,"Healthy",2.5993598738277,13.20617
"O2_UC53_0","NielsenHB_2014","O2_UC53","stool","control","healthy","adult","ESP","no","IlluminaHiSeq","24997787",50010311,3513330846,30,72,"Paolo_Manghi",NA,21,"male","ERR210510;ERR210509;ERR209658;ERR209657",0,NA,NA,NA,27.77777778,NA,NA,NA,NA,NA,179,NA,NA,NA,NA,NA,NA,NA,NA,"Healthy",2.66183628705394,11.809065
"O2_UC53_2","NielsenHB_2014","O2_UC53","stool","control","healthy","adult","ESP","no","IlluminaHiSeq","24997787",58698482,4219423072,30,75,"Paolo_Manghi",NA,NA,"male","ERR210511;ERR209659",76,NA,NA,NA,27.77777778,NA,NA,NA,NA,NA,139,NA,NA,NA,NA,NA,NA,NA,NA,"Healthy",2.81037779597799,11.436205
"O2_UC54_0","NielsenHB_2014","O2_UC54","stool","control","healthy","adult","ESP","no","IlluminaHiSeq","24997787",54368659,3711775542,30,69,"Paolo_Manghi",NA,20,"male","ERR210512;ERR209660",0,NA,NA,NA,21.15885417,NA,NA,NA,NA,NA,148,NA,NA,NA,NA,NA,NA,NA,NA,"Healthy",2.84962897299045,11.122915
"O2_UC54_2","NielsenHB_2014","O2_UC54","stool","control","healthy","adult","ESP","no","IlluminaHiSeq","24997787",54803418,3709665483,30,68,"Paolo_Manghi",NA,NA,"male","ERR210513;ERR209661",76,NA,NA,NA,21.15885417,NA,NA,NA,NA,NA,127,NA,NA,NA,NA,NA,NA,NA,NA,"Healthy",2.64736981822102,10.312015
"O2_UC55_0","NielsenHB_2014","O2_UC55","stool","control","healthy","adult","ESP","no","IlluminaHiSeq","24997787",59382449,4004887578,30,69,"Paolo_Manghi",NA,44,"female","ERR210514;ERR209662",0,NA,NA,NA,19.55555556,NA,NA,NA,NA,NA,183,NA,NA,NA,NA,NA,NA,NA,NA,"Healthy",3.36649226721327,11.50505
"O2_UC55_2","NielsenHB_2014","O2_UC55","stool","control","healthy","adult","ESP","no","IlluminaHiSeq","24997787",63095758,4249553951,30,68,"Paolo_Manghi",NA,NA,"female","ERR210515;ERR209663",71,NA,NA,NA,19.55555556,NA,NA,NA,NA,NA,159,NA,NA,NA,NA,NA,NA,NA,NA,"Healthy",3.13779062296185,9.77197
"O2_UC56_2","NielsenHB_2014","O2_UC56","stool","control","healthy","adult","ESP","no","IlluminaHiSeq","24997787",57970854,3931625089,30,68,"Paolo_Manghi",NA,NA,"male","ERR210517;ERR209665",70,NA,NA,NA,26.2345679,NA,NA,NA,NA,NA,133,NA,NA,NA,NA,NA,NA,NA,NA,"Healthy",2.94267321887896,13.337285
"O2_UC56_0","NielsenHB_2014","O2_UC56","stool","control","healthy","adult","ESP","no","IlluminaHiSeq","24997787",63918706,4322932710,30,68,"Paolo_Manghi",NA,29,"male","ERR210516;ERR209664",0,NA,NA,NA,26.2345679,NA,NA,NA,NA,NA,135,NA,NA,NA,NA,NA,NA,NA,NA,"Healthy",3.0100259753444,13.531445
"O2_UC57_0","NielsenHB_2014","O2_UC57","stool","control","healthy","adult","ESP","no","IlluminaHiSeq","24997787",55003892,3684617619,30,70,"Paolo_Manghi",NA,29,"male","ERR210518;ERR209666",0,NA,NA,NA,23.14814815,NA,NA,NA,NA,NA,195,NA,NA,NA,NA,NA,NA,NA,NA,"Healthy",3.33640427220151,13.058985
"O2_UC57_2","NielsenHB_2014","O2_UC57","stool","control","healthy","adult","ESP","no","IlluminaHiSeq","24997787",57468976,3863964488,30,70,"Paolo_Manghi",NA,NA,"male","ERR210519;ERR209667",70,NA,NA,NA,23.14814815,NA,NA,NA,NA,NA,194,NA,NA,NA,NA,NA,NA,NA,NA,"Healthy",2.57074399905782,13.187235
"O2_UC58_0","NielsenHB_2014","O2_UC58","stool","control","healthy","adult","ESP","no","IlluminaHiSeq","24997787",55002337,3717557355,30,71,"Paolo_Manghi",NA,42,"female","ERR210520;ERR209668",0,NA,NA,NA,26.66666667,NA,NA,NA,NA,NA,240,NA,NA,NA,NA,NA,NA,NA,NA,"Healthy",3.37835688093615,13.45046
"O2_UC58_2","NielsenHB_2014","O2_UC58","stool","control","healthy","adult","ESP","no","IlluminaHiSeq","24997787",56144736,3831052340,30,72,"Paolo_Manghi",NA,NA,"female","ERR210521;ERR209669",70,NA,NA,NA,26.66666667,NA,NA,NA,NA,NA,236,NA,NA,NA,NA,NA,NA,NA,NA,"Healthy",3.27672582029774,13.71401
"O2_UC59_2","NielsenHB_2014","O2_UC59","stool","control","healthy","adult","ESP","no","IlluminaHiSeq","24997787",56991169,3919741672,30,72,"Paolo_Manghi",NA,NA,"male","ERR210523;ERR209671",70,NA,NA,NA,23.66143862,NA,NA,NA,NA,NA,117,NA,NA,NA,NA,NA,NA,NA,NA,"Healthy",2.9394502813975,12.108825
"O2_UC59_0","NielsenHB_2014","O2_UC59","stool","control","healthy","adult","ESP","no","IlluminaHiSeq","24997787",57086946,3893629508,30,71,"Paolo_Manghi",NA,41,"male","ERR210522;ERR209670",0,NA,NA,NA,23.66143862,NA,NA,NA,NA,NA,125,NA,NA,NA,NA,NA,NA,NA,NA,"Healthy",3.22339910347591,13.213405
"O2_UC60_0","NielsenHB_2014","O2_UC60","stool","control","healthy","adult","ESP","no","IlluminaHiSeq","24997787",53130630,3573638052,30,71,"Paolo_Manghi",NA,35,"male","ERR210525;ERR210524;ERR209673;ERR209672",0,NA,NA,NA,27.42857143,NA,NA,NA,NA,NA,209,NA,NA,NA,NA,NA,NA,NA,NA,"Healthy",2.8495085823234,13.74247
"O2_UC60_2","NielsenHB_2014","O2_UC60","stool","control","healthy","adult","ESP","no","IlluminaHiSeq","24997787",55278304,3763418735,30,71,"Paolo_Manghi",NA,NA,"male","ERR210526;ERR209674",70,NA,NA,NA,27.42857143,NA,NA,NA,NA,NA,196,NA,NA,NA,NA,NA,NA,NA,NA,"Healthy",3.08265814010068,13.03629
"O2_UC9_0","NielsenHB_2014","O2_UC9","stool","IBD","IBD","adult","ESP","no","IlluminaHiSeq","24997787",57994542,4022417509,30,72,"Paolo_Manghi","UC",52,"female","ERR210528;ERR210527;ERR209676;ERR209675",0,NA,NA,NA,24.23822715,NA,NA,NA,NA,NA,152,NA,NA,NA,NA,NA,NA,NA,NA,"IBD",3.50268071174654,14.011185
"O2_UC9_2","NielsenHB_2014","O2_UC9","stool","IBD","IBD","adult","ESP","no","IlluminaHiSeq","24997787",59018311,4035288451,30,69,"Paolo_Manghi","UC",52,"female","ERR210530;ERR210529;ERR209678;ERR209677",81,NA,NA,NA,24.23822715,NA,NA,NA,NA,NA,164,NA,NA,NA,NA,NA,NA,NA,NA,"IBD",3.44276446312979,14.034415
"V1_CD1_0","NielsenHB_2014","V1_CD1","stool","IBD","IBD","adult","ESP","no","IlluminaHiSeq","24997787",34761798,2041971009,30,61,"Paolo_Manghi","CD",25,"female","ERR210533;ERR210532;ERR209681;ERR209680",0,NA,NA,NA,17.92821543,NA,NA,NA,NA,NA,80,NA,NA,NA,NA,NA,NA,NA,NA,"IBD",2.15513969812007,7.00001499999999
"V1_CD10_0","NielsenHB_2014","V1_CD10","stool","IBD","IBD","adult","ESP","no","IlluminaHiSeq","24997787",17997503,1210923564,30,72,"Paolo_Manghi","CD",38,"female","ERR210531;ERR209679",0,NA,NA,NA,29.38475666,NA,NA,NA,NA,NA,35,NA,NA,NA,NA,NA,NA,NA,NA,"IBD",2.4455531360044,11.54527
"V1_CD11_0","NielsenHB_2014","V1_CD11","stool","control","healthy","adult","ESP","no","IlluminaHiSeq","24997787",21642657,1191646755,30,56,"Paolo_Manghi",NA,62,"female","ERR210535;ERR210534;ERR209683;ERR209682",0,NA,NA,NA,35.45644837,NA,NA,NA,NA,NA,87,NA,NA,NA,NA,NA,NA,NA,NA,"Healthy",2.76408082999362,6.827705
"V1_CD12_0","NielsenHB_2014","V1_CD12","stool","IBD","IBD","adult","ESP","no","IlluminaHiSeq","24997787",35853020,2272881135,30,68,"Paolo_Manghi","CD",41,"female","ERR210537;ERR210536;ERR209685;ERR209684",0,NA,NA,NA,20.2020202,NA,NA,NA,NA,NA,39,NA,NA,NA,NA,NA,NA,NA,NA,"IBD",2.28667270512202,6.342985
"V1_CD13_0","NielsenHB_2014","V1_CD13","stool","control","healthy","senior","ESP","no","IlluminaHiSeq","24997787",38284304,2338126573,30,65,"Paolo_Manghi",NA,68,"male","ERR210539;ERR210538;ERR209687;ERR209686",0,NA,NA,NA,25.68956193,NA,NA,NA,NA,NA,195,NA,NA,NA,NA,NA,NA,NA,NA,"Healthy",3.29429351274433,11.88028
"V1_CD14_0","NielsenHB_2014","V1_CD14","stool","control","healthy","adult","ESP","no","IlluminaHiSeq","24997787",39786315,2511721791,30,67,"Paolo_Manghi",NA,41,"female","ERR210541;ERR210540;ERR209689;ERR209688",0,NA,NA,NA,23.1206236,NA,NA,NA,NA,NA,169,NA,NA,NA,NA,NA,NA,NA,NA,"Healthy",3.3144208844232,10.63923
"V1_CD15_0","NielsenHB_2014","V1_CD15","stool","IBD","IBD","adult","ESP","no","IlluminaHiSeq","24997787",39161146,2498597031,30,67,"Paolo_Manghi","CD",34,"female","ERR210543;ERR210542;ERR209691;ERR209690",0,NA,NA,NA,19.00390835,NA,NA,NA,NA,NA,64,NA,NA,NA,NA,NA,NA,NA,NA,"IBD",2.41496479308324,7.48898499999999
"V1_CD15_3","NielsenHB_2014","V1_CD15","stool","IBD","IBD","adult","ESP","no","IlluminaHiSeq","24997787",105117800,8446181122,30,85,"Paolo_Manghi","CD",34,"female","ERR210545;ERR210544;ERR209693;ERR209692",251,NA,NA,NA,19.36247266,NA,NA,NA,NA,NA,84,NA,NA,NA,NA,NA,NA,NA,NA,"IBD",3.02413723652049,10.435745
"V1_CD16_0","NielsenHB_2014","V1_CD16","stool","control","healthy","senior","ESP","no","IlluminaHiSeq","24997787",55963168,3864191357,30,71,"Paolo_Manghi",NA,68,"female","ERR210546;ERR209694",0,NA,NA,NA,21.61281179,NA,NA,NA,NA,NA,167,NA,NA,NA,NA,NA,NA,NA,NA,"Healthy",3.41079218573869,14.79001
"V1_CD17_0","NielsenHB_2014","V1_CD17","stool","IBD","IBD","adult","ESP","no","IlluminaHiSeq","24997787",54990967,3819364747,30,71,"Paolo_Manghi","CD",21,"male","ERR210547;ERR209695",0,NA,NA,NA,21.6788068,NA,NA,NA,NA,NA,85,NA,NA,NA,NA,NA,NA,NA,NA,"IBD",3.13670976530213,10.402165
"V1_CD17_4","NielsenHB_2014","V1_CD17","stool","IBD","IBD","adult","ESP","no","IlluminaHiSeq","24997787",72411406,5992612252,30,86,"Paolo_Manghi","CD",21,"male","ERR210549;ERR210548;ERR209697;ERR209696",377,NA,NA,NA,23.41311134,NA,NA,NA,NA,NA,76,NA,NA,NA,NA,NA,NA,NA,NA,"IBD",3.03989793308644,9.878635
"V1_CD18_3","NielsenHB_2014","V1_CD18","stool","IBD","IBD","adult","ESP","no","IlluminaHiSeq","24997787",57450480,4729928293,30,86,"Paolo_Manghi","CD",18,"male","ERR210553;ERR210552;ERR209701;ERR209700",254,NA,NA,NA,17.96341994,NA,NA,NA,NA,NA,60,NA,NA,NA,NA,NA,NA,NA,NA,"IBD",1.94615902868433,8.406305
"V1_CD18_0","NielsenHB_2014","V1_CD18","stool","IBD","IBD","adult","ESP","no","IlluminaHiSeq","24997787",68937737,5646442915,30,85,"Paolo_Manghi","CD",18,"male","ERR210551;ERR210550;ERR209699;ERR209698",0,NA,NA,NA,19.59645812,NA,NA,NA,NA,NA,49,NA,NA,NA,NA,NA,NA,NA,NA,"IBD",2.23377037961323,9.471945
"V1_CD19_0","NielsenHB_2014","V1_CD19","stool","control","healthy","adult","ESP","no","IlluminaHiSeq","24997787",69123016,5602978064,30,85,"Paolo_Manghi",NA,42,"male","ERR210555;ERR210554;ERR209703;ERR209702",0,NA,NA,NA,25.95155709,NA,NA,NA,NA,NA,175,NA,NA,NA,NA,NA,NA,NA,NA,"Healthy",3.32143891233078,15.65113
"V1_CD2_0","NielsenHB_2014","V1_CD2","stool","control","healthy","adult","ESP","no","IlluminaHiSeq","24997787",34144719,1966506452,30,60,"Paolo_Manghi",NA,49,"male","ERR210557;ERR210556;ERR209705;ERR209704",0,NA,NA,NA,27.75510204,NA,NA,NA,NA,NA,178,NA,NA,NA,NA,NA,NA,NA,NA,"Healthy",1.33367069093942,7.86747999999999
"V1_CD20_4","NielsenHB_2014","V1_CD20","stool","IBD","IBD","adult","ESP","no","IlluminaHiSeq","24997787",102705667,8354096294,30,87,"Paolo_Manghi","CD",26,"male","ERR210559;ERR210558;ERR209707;ERR209706",0,NA,NA,NA,21.55594748,NA,NA,NA,NA,NA,106,NA,NA,NA,NA,NA,NA,NA,NA,"IBD",2.47632652616467,12.213075
"V1_CD21_4","NielsenHB_2014","V1_CD21","stool","IBD","IBD","adult","ESP","no","IlluminaHiSeq","24997787",61860507,4952377481,30,84,"Paolo_Manghi","CD",34,"female","ERR210563;ERR210562;ERR209711;ERR209710",340,NA,NA,NA,19.05197378,NA,NA,NA,NA,NA,69,NA,NA,NA,NA,NA,NA,NA,NA,"IBD",2.00553057552137,8.878155
"V1_CD21_0","NielsenHB_2014","V1_CD21","stool","IBD","IBD","adult","ESP","no","IlluminaHiSeq","24997787",65246911,5373567524,30,86,"Paolo_Manghi","CD",34,"female","ERR210561;ERR210560;ERR209709;ERR209708",0,NA,NA,NA,19.05197378,NA,NA,NA,NA,NA,46,NA,NA,NA,NA,NA,NA,NA,NA,"IBD",2.26342493329779,8.991915
"V1_CD22_0","NielsenHB_2014","V1_CD22","stool","control","healthy","senior","ESP","no","IlluminaHiSeq","24997787",71102943,5851862947,30,87,"Paolo_Manghi",NA,68,"male","ERR210565;ERR210564;ERR209713;ERR209712",0,NA,NA,NA,24.24242424,NA,NA,NA,NA,NA,221,NA,NA,NA,NA,NA,NA,NA,NA,"Healthy",3.43041772696402,15.83614
"V1_CD24_0","NielsenHB_2014","V1_CD24","stool","control","healthy","adult","ESP","no","IlluminaHiSeq","24997787",57426985,3918923879,30,71,"Paolo_Manghi",NA,41,"female","ERR210566;ERR209714",0,NA,NA,NA,20.57613169,NA,NA,NA,NA,NA,182,NA,NA,NA,NA,NA,NA,NA,NA,"Healthy",3.46214559824369,15.023305
"V1_CD25_0","NielsenHB_2014","V1_CD25","stool","IBD","IBD","adult","ESP","no","IlluminaHiSeq","24997787",57684444,3992938636,30,72,"Paolo_Manghi","CD",41,"female","ERR210567;ERR209715",0,NA,NA,NA,16.93703188,NA,NA,NA,NA,NA,87,NA,NA,NA,NA,NA,NA,NA,NA,"IBD",2.67914180128508,9.825465
"V1_CD25_4","NielsenHB_2014","V1_CD25","stool","IBD","IBD","adult","ESP","no","IlluminaHiSeq","24997787",120510670,9707902920,30,86,"Paolo_Manghi","CD",41,"female","ERR210569;ERR210568;ERR209717;ERR209716",364,NA,NA,NA,17.31341037,NA,NA,NA,NA,NA,85,NA,NA,NA,NA,NA,NA,NA,NA,"IBD",2.62901311611274,10.201125
"V1_CD27_0","NielsenHB_2014","V1_CD27","stool","control","healthy","adult","ESP","no","IlluminaHiSeq","24997787",55489408,3808368330,30,70,"Paolo_Manghi",NA,36,"male","ERR210570;ERR209718",0,NA,NA,NA,24.81096408,NA,NA,NA,NA,NA,126,NA,NA,NA,NA,NA,NA,NA,NA,"Healthy",3.31440207950544,13.623745
"V1_CD28_0","NielsenHB_2014","V1_CD28","stool","control","healthy","adult","ESP","no","IlluminaHiSeq","24997787",78081082,6425283225,30,86,"Paolo_Manghi",NA,24,"male","ERR210572;ERR210571;ERR209720;ERR209719",0,NA,NA,NA,21.46193662,NA,NA,NA,NA,NA,83,NA,NA,NA,NA,NA,NA,NA,NA,"Healthy",1.83433303348131,10.942795
"V1_CD29_0","NielsenHB_2014","V1_CD29","stool","control","healthy","adult","ESP","no","IlluminaHiSeq","24997787",59869770,4181771052,30,72,"Paolo_Manghi",NA,60,"male","ERR210573;ERR209721",0,NA,NA,NA,31.24914339,NA,NA,NA,NA,NA,234,NA,NA,NA,NA,NA,NA,NA,NA,"Healthy",3.24519228911027,13.35206
"V1_CD3_0","NielsenHB_2014","V1_CD3","stool","control","healthy","adult","ESP","no","IlluminaHiSeq","24997787",33566706,1993654507,30,62,"Paolo_Manghi",NA,18,"female","ERR210576;ERR210575;ERR209724;ERR209723",0,NA,NA,NA,21.51385851,NA,NA,NA,NA,NA,138,NA,NA,NA,NA,NA,NA,NA,NA,"Healthy",2.84154548773401,8.724275
"V1_CD30_0","NielsenHB_2014","V1_CD30","stool","control","healthy","adult","ESP","no","IlluminaHiSeq","24997787",59780589,4106196095,30,71,"Paolo_Manghi",NA,59,"female","ERR210574;ERR209722",0,NA,NA,NA,19.81767737,NA,NA,NA,NA,NA,307,NA,NA,NA,NA,NA,NA,NA,NA,"Healthy",3.51575189072367,16.68279
"V1_CD31_0","NielsenHB_2014","V1_CD31","stool","control","healthy","adult","ESP","no","IlluminaHiSeq","24997787",56479609,3863212531,30,71,"Paolo_Manghi",NA,28,"female","ERR210578;ERR210577;ERR209726;ERR209725",0,NA,NA,NA,22.5981405,NA,NA,NA,NA,NA,160,NA,NA,NA,NA,NA,NA,NA,NA,"Healthy",3.21560048317185,15.360685
"V1_CD34_0","NielsenHB_2014","V1_CD34","stool","control","healthy","adult","ESP","no","IlluminaHiSeq","24997787",74813261,6212556056,30,87,"Paolo_Manghi",NA,54,"female","ERR210580;ERR210579;ERR209728;ERR209727",0,NA,NA,NA,23.61275089,NA,NA,NA,NA,NA,229,NA,NA,NA,NA,NA,NA,NA,NA,"Healthy",2.26959335757473,13.03521
"V1_CD35_1","NielsenHB_2014","V1_CD35","stool","IBD","IBD","adult","ESP","no","IlluminaHiSeq","24997787",66288934,5442956057,30,85,"Paolo_Manghi","CD",27,"female","ERR210584;ERR210583;ERR209732;ERR209731",97,NA,NA,NA,29.41176471,NA,NA,NA,NA,NA,58,NA,NA,NA,NA,NA,NA,NA,NA,"IBD",2.40690617845481,9.458825
"V1_CD35_0","NielsenHB_2014","V1_CD35","stool","IBD","IBD","adult","ESP","no","IlluminaHiSeq","24997787",81639678,6855165539,30,90,"Paolo_Manghi","CD",27,"female","ERR210582;ERR210581;ERR209730;ERR209729",0,NA,NA,NA,28.71972318,NA,NA,NA,NA,NA,33,NA,NA,NA,NA,NA,NA,NA,NA,"IBD",1.90292327184543,10.889345
"V1_CD36_0","NielsenHB_2014","V1_CD36","stool","control","healthy","adult","ESP","no","IlluminaHiSeq","24997787",75633645,6509598630,30,90,"Paolo_Manghi",NA,20,"male","ERR210586;ERR210585;ERR209734;ERR209733",0,NA,NA,NA,22.03840116,NA,NA,NA,NA,NA,98,NA,NA,NA,NA,NA,NA,NA,NA,"Healthy",2.96336628441437,14.075415
"V1_CD38_0","NielsenHB_2014","V1_CD38","stool","control","healthy","adult","ESP","no","IlluminaHiSeq","24997787",72640088,5941773951,30,86,"Paolo_Manghi",NA,63,"female","ERR210587;ERR210588;ERR209736;ERR209735",0,NA,NA,NA,26.83864765,NA,NA,NA,NA,NA,146,NA,NA,NA,NA,NA,NA,NA,NA,"Healthy",3.0418924919695,14.412105
"V1_CD4_0","NielsenHB_2014","V1_CD4","stool","control","healthy","adult","ESP","no","IlluminaHiSeq","24997787",29312531,1771664902,30,63,"Paolo_Manghi",NA,46,"female","ERR210590;ERR210589;ERR209738;ERR209737",0,NA,NA,NA,29.6875,NA,NA,NA,NA,NA,174,NA,NA,NA,NA,NA,NA,NA,NA,"Healthy",3.07607942087973,10.359515
"V1_CD41_0","NielsenHB_2014","V1_CD41","stool","IBD","IBD","adult","ESP","no","IlluminaHiSeq","24997787",120613155,9331812496,30,85,"Paolo_Manghi","CD",25,"female","ERR210592;ERR210591;ERR209740;ERR209739",0,NA,NA,NA,19.04432133,NA,NA,NA,NA,NA,103,NA,NA,NA,NA,NA,NA,NA,NA,"IBD",2.67992976926754,12.656915
"V1_CD42_0","NielsenHB_2014","V1_CD42","stool","control","healthy","adult","ESP","no","IlluminaHiSeq","24997787",157758475,12415937211,30,85,"Paolo_Manghi",NA,48,"male","ERR210594;ERR210593;ERR209742;ERR209741",0,NA,NA,NA,24.81632653,NA,NA,NA,NA,NA,101,NA,NA,NA,NA,NA,NA,NA,NA,"Healthy",2.06809066247471,11.767215
"V1_CD6_0","NielsenHB_2014","V1_CD6","stool","IBD","IBD","adult","ESP","no","IlluminaHiSeq","24997787",27327395,1629211216,30,63,"Paolo_Manghi","CD",36,"female","ERR210596;ERR210595;ERR209744;ERR209743",0,NA,NA,NA,18.52237253,NA,NA,NA,NA,NA,111,NA,NA,NA,NA,NA,NA,NA,NA,"IBD",2.58296187570562,7.143455
"V1_CD6_4","NielsenHB_2014","V1_CD6","stool","IBD","IBD","adult","ESP","no","IlluminaHiSeq","24997787",72057219,5774389982,30,84,"Paolo_Manghi","CD",36,"female","ERR210598;ERR210597;ERR209746;ERR209745",371,NA,NA,NA,19.7710718,NA,NA,NA,NA,NA,111,NA,NA,NA,NA,NA,NA,NA,NA,"IBD",2.97172420573232,11.960295
"V1_CD7_0","NielsenHB_2014","V1_CD7","stool","IBD","IBD","adult","ESP","no","IlluminaHiSeq","24997787",56144153,3860534779,30,71,"Paolo_Manghi","CD",22,"male","ERR210599;ERR209747",0,NA,NA,NA,18.16620425,NA,NA,NA,NA,NA,61,NA,NA,NA,NA,NA,NA,NA,NA,"IBD",2.34211451632541,12.69216
"V1_CD7_4","NielsenHB_2014","V1_CD7","stool","IBD","IBD","adult","ESP","no","IlluminaHiSeq","24997787",71248916,5806849066,30,86,"Paolo_Manghi","CD",22,"male","ERR210601;ERR210600;ERR209749;ERR209748",348,NA,NA,NA,19.48738275,NA,NA,NA,NA,NA,54,NA,NA,NA,NA,NA,NA,NA,NA,"IBD",2.60015080585932,9.689125
"V1_CD8_0","NielsenHB_2014","V1_CD8","stool","control","healthy","adult","ESP","no","IlluminaHiSeq","24997787",31556313,1750757491,30,56,"Paolo_Manghi",NA,51,"male","ERR210603;ERR210602;ERR209751;ERR209750",0,NA,NA,NA,29.38475666,NA,NA,NA,NA,NA,230,NA,NA,NA,NA,NA,NA,NA,NA,"Healthy",2.96191470146729,8.98615999999999
"V1_CD9_0","NielsenHB_2014","V1_CD9","stool","control","healthy","adult","ESP","no","IlluminaHiSeq","24997787",32398171,1887900830,30,61,"Paolo_Manghi",NA,48,"female","ERR210605;ERR210604;ERR209753;ERR209752",0,NA,NA,NA,27.54820937,NA,NA,NA,NA,NA,138,NA,NA,NA,NA,NA,NA,NA,NA,"Healthy",2.95609823596292,9.94943
"V1_UC1_0","NielsenHB_2014","V1_UC1","stool","IBD","IBD","adult","ESP","no","IlluminaHiSeq","24997787",59904841,4044314763,30,71,"Paolo_Manghi","UC",31,"female","ERR210608;ERR209756",0,NA,NA,NA,17.14677641,NA,NA,NA,NA,NA,166,NA,NA,NA,NA,NA,NA,NA,NA,"IBD",3.0418653972746,13.675475
"V1_UC10_0","NielsenHB_2014","V1_UC10","stool","IBD","IBD","adult","ESP","no","IlluminaHiSeq","24997787",35254111,2020553811,30,60,"Paolo_Manghi","UC",45,"male","ERR210607;ERR210606;ERR209755;ERR209754",0,NA,NA,NA,27.30996814,NA,NA,NA,NA,NA,218,NA,NA,NA,NA,NA,NA,NA,NA,"IBD",3.0807149774649,11.55915
"V1_UC10_2","NielsenHB_2014","V1_UC10","stool","IBD","IBD","adult","ESP","no","IlluminaHiSeq","24997787",53404796,4279187837,30,86,"Paolo_Manghi","UC",45,"male","ERR210610;ERR210609;ERR209758;ERR209757",165,NA,NA,NA,27.30996814,NA,NA,NA,NA,NA,213,NA,NA,NA,NA,NA,NA,NA,NA,"IBD",3.39546132179056,15.35794
"V1_UC11_0","NielsenHB_2014","V1_UC11","stool","IBD","IBD","adult","ESP","no","IlluminaHiSeq","24997787",58689898,3800632157,30,71,"Paolo_Manghi","UC",48,"female","ERR210612;ERR210611;ERR209760;ERR209759",0,NA,NA,NA,22.32142857,NA,NA,NA,NA,NA,67,NA,NA,NA,NA,NA,NA,NA,NA,"IBD",2.87268367232723,10.337425
"V1_UC11_5","NielsenHB_2014","V1_UC11","stool","IBD","IBD","adult","ESP","no","IlluminaHiSeq","24997787",102169144,8231796785,30,87,"Paolo_Manghi","UC",48,"female","ERR210614;ERR210613;ERR209762;ERR209761",466,NA,NA,NA,23.03004535,NA,NA,NA,NA,NA,83,NA,NA,NA,NA,NA,NA,NA,NA,"IBD",3.15386465800984,11.982995
"V1_UC12_0","NielsenHB_2014","V1_UC12","stool","IBD","IBD","adult","ESP","no","IlluminaHiSeq","24997787",41721417,2819242811,30,72,"Paolo_Manghi","UC",41,"female","ERR210615;ERR209763",0,NA,NA,NA,19.90031912,NA,NA,NA,NA,NA,147,NA,NA,NA,NA,NA,NA,NA,NA,"IBD",3.29478421073608,14.163855
"V1_UC12_4","NielsenHB_2014","V1_UC12","stool","IBD","IBD","adult","ESP","no","IlluminaHiSeq","24997787",72882104,5857028008,30,85,"Paolo_Manghi","UC",41,"female","ERR210617;ERR210616;ERR209765;ERR209764",351,NA,NA,NA,19.79274983,NA,NA,NA,NA,NA,148,NA,NA,NA,NA,NA,NA,NA,NA,"IBD",2.97879092293772,13.355445
"V1_UC13_0","NielsenHB_2014","V1_UC13","stool","IBD","IBD","adult","ESP","no","IlluminaHiSeq","24997787",35913195,2084004023,30,61,"Paolo_Manghi","UC",51,"female","ERR210619;ERR210618;ERR209767;ERR209766",0,NA,NA,NA,28.5075216,NA,NA,NA,NA,NA,84,NA,NA,NA,NA,NA,NA,NA,NA,"IBD",2.99940725855899,11.301945
"V1_UC13_3","NielsenHB_2014","V1_UC13","stool","IBD","IBD","adult","ESP","no","IlluminaHiSeq","24997787",49164626,3901138706,30,85,"Paolo_Manghi","UC",51,"female","ERR210621;ERR210620;ERR209769;ERR209768",451,NA,NA,NA,28.94609886,NA,NA,NA,NA,NA,100,NA,NA,NA,NA,NA,NA,NA,NA,"IBD",3.22711147963922,13.560435
"V1_UC14_0","NielsenHB_2014","V1_UC14","stool","IBD","IBD","adult","ESP","no","IlluminaHiSeq","24997787",40329584,2139884021,30,53,"Paolo_Manghi","UC",53,"female","ERR210623;ERR210622;ERR209771;ERR209770",0,NA,NA,NA,20.25384823,NA,NA,NA,NA,NA,188,NA,NA,NA,NA,NA,NA,NA,NA,"IBD",2.98329660670284,9.25245
"V1_UC14_1","NielsenHB_2014","V1_UC14","stool","IBD","IBD","adult","ESP","no","IlluminaHiSeq","24997787",92619963,7477842547,30,85,"Paolo_Manghi","UC",53,"female","ERR210625;ERR210624;ERR209773;ERR209772",76,NA,NA,NA,20.06095444,NA,NA,NA,NA,NA,64,NA,NA,NA,NA,NA,NA,NA,NA,"IBD",1.85311109673017,13.95025
"V1_UC15_0","NielsenHB_2014","V1_UC15","stool","IBD","IBD","adult","ESP","no","IlluminaHiSeq","24997787",35393912,1807848702,30,50,"Paolo_Manghi","UC",25,"female","ERR210627;ERR210626;ERR209775;ERR209774",0,NA,NA,NA,22.76943835,NA,NA,NA,NA,NA,105,NA,NA,NA,NA,NA,NA,NA,NA,"IBD",2.82654702440635,9.397705
"V1_UC15_3","NielsenHB_2014","V1_UC15","stool","IBD","IBD","adult","ESP","no","IlluminaHiSeq","24997787",62498778,5046921875,30,86,"Paolo_Manghi","UC",25,"female","ERR210628;ERR210629;ERR209777;ERR209776",255,NA,NA,NA,23.19109462,NA,NA,NA,NA,NA,113,NA,NA,NA,NA,NA,NA,NA,NA,"IBD",3.27903922087905,14.34224
"V1_UC16_0","NielsenHB_2014","V1_UC16","stool","control","healthy","adult","ESP","no","IlluminaHiSeq","24997787",43997981,2944073899,30,69,"Paolo_Manghi",NA,25,"male","ERR210631;ERR210630;ERR209779;ERR209778",0,NA,NA,NA,23.87511478,NA,NA,NA,NA,NA,81,NA,NA,NA,NA,NA,NA,NA,NA,"Healthy",2.50868257455452,11.59677
"V1_UC17_0","NielsenHB_2014","V1_UC17","stool","IBD","IBD","adult","ESP","no","IlluminaHiSeq","24997787",19324582,1007897211,30,52,"Paolo_Manghi","UC",41,"female","ERR210633;ERR210632;ERR209781;ERR209780",0,NA,NA,NA,24.4646016,NA,NA,NA,NA,NA,147,NA,NA,NA,NA,NA,NA,NA,NA,"IBD",2.90261458997324,8.79342
"V1_UC17_2","NielsenHB_2014","V1_UC17","stool","IBD","IBD","adult","ESP","no","IlluminaHiSeq","24997787",49619846,3994482577,30,87,"Paolo_Manghi","UC",41,"female","ERR210635;ERR210634;ERR209783;ERR209782",127,NA,NA,NA,24.84098009,NA,NA,NA,NA,NA,131,NA,NA,NA,NA,NA,NA,NA,NA,"IBD",3.06141001741004,14.05525
"V1_UC18_0","NielsenHB_2014","V1_UC18","stool","control","healthy","adult","ESP","no","IlluminaHiSeq","24997787",36901636,1972684617,30,54,"Paolo_Manghi",NA,63,"female","ERR210637;ERR210636;ERR209785;ERR209784",0,NA,NA,NA,28.67262608,NA,NA,NA,NA,NA,104,NA,NA,NA,NA,NA,NA,NA,NA,"Healthy",2.82377089505947,8.202435
"V1_UC19_0","NielsenHB_2014","V1_UC19","stool","control","healthy","adult","ESP","no","IlluminaHiSeq","24997787",38903260,2086198286,30,54,"Paolo_Manghi",NA,37,"female","ERR210639;ERR210638;ERR209787;ERR209786",0,NA,NA,NA,21.19274242,NA,NA,NA,NA,NA,172,NA,NA,NA,NA,NA,NA,NA,NA,"Healthy",3.20010023688396,9.93165499999999
"V1_UC2_4","NielsenHB_2014","V1_UC2","stool","IBD","IBD","adult","ESP","no","IlluminaHiSeq","24997787",29515448,2404015054,30,86,"Paolo_Manghi","UC",62,"male","ERR210652;ERR210651;ERR209800;ERR209799",247,NA,NA,NA,30.0232438,NA,NA,NA,NA,NA,128,NA,NA,NA,NA,NA,NA,NA,NA,"IBD",3.17281060156685,12.754035
"V1_UC2_0","NielsenHB_2014","V1_UC2","stool","IBD","IBD","adult","ESP","no","IlluminaHiSeq","24997787",43795950,2965798141,30,70,"Paolo_Manghi","UC",62,"male","ERR210640;ERR209788",0,NA,NA,NA,27.76342975,NA,NA,NA,NA,NA,156,NA,NA,NA,NA,NA,NA,NA,NA,"IBD",3.49142912649094,15.875805
"V1_UC21_0","NielsenHB_2014","V1_UC21","stool","IBD","IBD","adult","ESP","no","IlluminaHiSeq","24997787",31761719,1807668661,30,59,"Paolo_Manghi","UC",62,"male","ERR210642;ERR210641;ERR209790;ERR209789",0,NA,NA,NA,25.20920136,NA,NA,NA,NA,NA,142,NA,NA,NA,NA,NA,NA,NA,NA,"IBD",2.84898636178102,11.232905
"V1_UC21_4","NielsenHB_2014","V1_UC21","stool","IBD","IBD","adult","ESP","no","IlluminaHiSeq","24997787",63672660,5024449111,30,85,"Paolo_Manghi","UC",62,"male","ERR210644;ERR210643;ERR209792;ERR209791",386,NA,NA,NA,26.25958475,NA,NA,NA,NA,NA,153,NA,NA,NA,NA,NA,NA,NA,NA,"IBD",3.14011787719934,13.149735
"V1_UC23_1","NielsenHB_2014","V1_UC23","stool","IBD","IBD","adult","ESP","no","IlluminaHiSeq","24997787",32120226,2602861094,30,86,"Paolo_Manghi","UC",43,"male","ERR210648;ERR210647;ERR209796;ERR209795",86,NA,NA,NA,26.49302563,NA,NA,NA,NA,NA,142,NA,NA,NA,NA,NA,NA,NA,NA,"IBD",3.29841660828243,11.181635
"V1_UC23_0","NielsenHB_2014","V1_UC23","stool","IBD","IBD","adult","ESP","no","IlluminaHiSeq","24997787",50665556,3554456248,30,73,"Paolo_Manghi","UC",43,"male","ERR210646;ERR210645;ERR209794;ERR209793",0,NA,NA,NA,28.72737719,NA,NA,NA,NA,NA,125,NA,NA,NA,NA,NA,NA,NA,NA,"IBD",3.28146609362863,10.856725
"V1_UC24_0","NielsenHB_2014","V1_UC24","stool","control","healthy","adult","ESP","no","IlluminaHiSeq","24997787",52922194,3551707425,30,69,"Paolo_Manghi",NA,62,"female","ERR210650;ERR210649;ERR209798;ERR209797",0,NA,NA,NA,33.32756233,NA,NA,NA,NA,NA,174,NA,NA,NA,NA,NA,NA,NA,NA,"Healthy",3.29443464939775,14.61748
"V1_UC25_0","NielsenHB_2014","V1_UC25","stool","IBD","IBD","adult","ESP","no","IlluminaHiSeq","24997787",61787416,4354365336,30,71,"Paolo_Manghi","UC",52,"female","ERR210654;ERR210653;ERR209802;ERR209801",0,NA,NA,NA,23.4375,NA,NA,NA,NA,NA,119,NA,NA,NA,NA,NA,NA,NA,NA,"IBD",2.86123617630666,14.720705
"V1_UC25_1","NielsenHB_2014","V1_UC25","stool","IBD","IBD","adult","ESP","no","IlluminaHiSeq","24997787",65944940,5363777840,30,87,"Paolo_Manghi","UC",52,"female","ERR210656;ERR210655;ERR209804;ERR209803",79,NA,NA,NA,23.046875,NA,NA,NA,NA,NA,107,NA,NA,NA,NA,NA,NA,NA,NA,"IBD",3.00042322735289,14.189825
"V1_UC26_0","NielsenHB_2014","V1_UC26","stool","IBD","IBD","adult","ESP","no","IlluminaHiSeq","24997787",57166801,3912351405,30,72,"Paolo_Manghi","UC",36,"female","ERR210658;ERR210657;ERR209806;ERR209805",0,NA,NA,NA,28.57796068,NA,NA,NA,NA,NA,134,NA,NA,NA,NA,NA,NA,NA,NA,"IBD",3.57300623858403,14.244655
"V1_UC26_4","NielsenHB_2014","V1_UC26","stool","IBD","IBD","adult","ESP","no","IlluminaHiSeq","24997787",71326185,5637661961,30,87,"Paolo_Manghi","UC",36,"female","ERR210660;ERR210659;ERR209808;ERR209807",385,NA,NA,NA,26.29172382,NA,NA,NA,NA,NA,137,NA,NA,NA,NA,NA,NA,NA,NA,"IBD",3.44697847523215,16.93259
"V1_UC27_0","NielsenHB_2014","V1_UC27","stool","control","healthy","senior","ESP","no","IlluminaHiSeq","24997787",53916176,3736313188,30,72,"Paolo_Manghi",NA,66,"male","ERR210661;ERR209809",0,NA,NA,NA,26.6727633,NA,NA,NA,NA,NA,219,NA,NA,NA,NA,NA,NA,NA,NA,"Healthy",3.43693278742634,13.389405
"V1_UC28_0","NielsenHB_2014","V1_UC28","stool","control","healthy","adult","ESP","no","IlluminaHiSeq","24997787",54568913,3726216039,30,71,"Paolo_Manghi",NA,61,"female","ERR210663;ERR210662;ERR209811;ERR209810",0,NA,NA,NA,24.55775234,NA,NA,NA,NA,NA,134,NA,NA,NA,NA,NA,NA,NA,NA,"Healthy",2.65053803571656,11.396035
"V1_UC29_0","NielsenHB_2014","V1_UC29","stool","control","healthy","adult","ESP","no","IlluminaHiSeq","24997787",52473191,3529318214,30,67,"Paolo_Manghi",NA,46,"male","ERR210665;ERR210664;ERR209813;ERR209812",0,NA,NA,NA,24.38271605,NA,NA,NA,NA,NA,134,NA,NA,NA,NA,NA,NA,NA,NA,"Healthy",2.72277069447916,12.92128
"V1_UC3_2","NielsenHB_2014","V1_UC3","stool","IBD","IBD","adult","ESP","no","IlluminaHiSeq","24997787",12820392,1047749877,30,86,"Paolo_Manghi","UC",44,"male","ERR210674;ERR210673;ERR209822;ERR209821",193,NA,NA,NA,19.26530612,NA,NA,NA,NA,NA,NA,NA,NA,NA,NA,NA,NA,NA,NA,"IBD",2.02452538579394,9.824885
"V1_UC3_0","NielsenHB_2014","V1_UC3","stool","IBD","IBD","adult","ESP","no","IlluminaHiSeq","24997787",56928225,3942569348,30,72,"Paolo_Manghi","UC",44,"male","ERR210667;ERR209815",0,NA,NA,NA,20.57142857,NA,NA,NA,NA,NA,103,NA,NA,NA,NA,NA,NA,NA,NA,"IBD",2.70061838080974,11.030155
"V1_UC30_0","NielsenHB_2014","V1_UC30","stool","control","healthy","adult","ESP","no","IlluminaHiSeq","24997787",58383886,3957950318,30,69,"Paolo_Manghi",NA,41,"female","ERR210666;ERR209814",0,NA,NA,NA,23.25501864,NA,NA,NA,NA,NA,154,NA,NA,NA,NA,NA,NA,NA,NA,"Healthy",2.94280831811337,13.71693
"V1_UC31_0","NielsenHB_2014","V1_UC31","stool","IBD","IBD","adult","ESP","no","IlluminaHiSeq","24997787",53595180,3615991708,30,71,"Paolo_Manghi","UC",26,"female","ERR210668;ERR209816",0,NA,NA,NA,20.44444444,NA,NA,NA,NA,NA,107,NA,NA,NA,NA,NA,NA,NA,NA,"IBD",3.37227953200575,13.699175
"V1_UC31_4","NielsenHB_2014","V1_UC31","stool","IBD","IBD","adult","ESP","no","IlluminaHiSeq","24997787",92804655,7411080111,30,85,"Paolo_Manghi","UC",26,"female","ERR210670;ERR210669;ERR209818;ERR209817",347,NA,NA,NA,22.22222222,NA,NA,NA,NA,NA,114,NA,NA,NA,NA,NA,NA,NA,NA,"IBD",3.13980593778987,13.946485
"V1_UC32_0","NielsenHB_2014","V1_UC32","stool","control","healthy","adult","ESP","no","IlluminaHiSeq","24997787",70549507,5596429982,30,85,"Paolo_Manghi",NA,56,"male","ERR210672;ERR210671;ERR209820;ERR209819",0,NA,NA,NA,25.71166208,NA,NA,NA,NA,NA,146,NA,NA,NA,NA,NA,NA,NA,NA,"Healthy",3.24979721276117,13.261265
"V1_UC33_0","NielsenHB_2014","V1_UC33","stool","control","healthy","adult","ESP","no","IlluminaHiSeq","24997787",64411655,5071063453,30,85,"Paolo_Manghi",NA,53,"female","ERR210676;ERR210675;ERR209824;ERR209823",0,NA,NA,NA,26.53061224,NA,NA,NA,NA,NA,139,NA,NA,NA,NA,NA,NA,NA,NA,"Healthy",3.35225216423887,14.232595
"V1_UC34_0","NielsenHB_2014","V1_UC34","stool","control","healthy","adult","ESP","no","IlluminaHiSeq","24997787",81656161,6692307335,30,86,"Paolo_Manghi",NA,31,"male","ERR210678;ERR210677;ERR209826;ERR209825",0,NA,NA,NA,23.05175491,NA,NA,NA,NA,NA,89,NA,NA,NA,NA,NA,NA,NA,NA,"Healthy",3.13378048904018,11.791085
"V1_UC35_0","NielsenHB_2014","V1_UC35","stool","IBD","IBD","adult","ESP","no","IlluminaHiSeq","24997787",54958127,4408076934,30,86,"Paolo_Manghi","UC",33,"female","ERR210680;ERR210679;ERR209828;ERR209827",0,NA,NA,NA,19.42797629,NA,NA,NA,NA,NA,144,NA,NA,NA,NA,NA,NA,NA,NA,"IBD",3.39301737293125,16.307615
"V1_UC35_4","NielsenHB_2014","V1_UC35","stool","IBD","IBD","adult","ESP","no","IlluminaHiSeq","24997787",87262789,7239399745,30,90,"Paolo_Manghi","UC",33,"female","ERR210682;ERR210681;ERR209830;ERR209829",364,NA,NA,NA,20.42941836,NA,NA,NA,NA,NA,136,NA,NA,NA,NA,NA,NA,NA,NA,"IBD",3.2143158211383,14.888255
"V1_UC36_0","NielsenHB_2014","V1_UC36","stool","control","healthy","adult","ESP","no","IlluminaHiSeq","24997787",59259860,4074833246,30,71,"Paolo_Manghi",NA,34,"female","ERR210684;ERR210683;ERR209832;ERR209831",0,NA,NA,NA,20.42941836,NA,NA,NA,NA,NA,215,NA,NA,NA,NA,NA,NA,NA,NA,"Healthy",3.27766304114839,16.0747
"V1_UC37_0","NielsenHB_2014","V1_UC37","stool","control","healthy","adult","ESP","no","IlluminaHiSeq","24997787",56382351,3903467648,30,72,"Paolo_Manghi",NA,19,"male","ERR210685;ERR209833",0,NA,NA,NA,23.98687034,NA,NA,NA,NA,NA,220,NA,NA,NA,NA,NA,NA,NA,NA,"Healthy",2.71486693899204,13.03104
"V1_UC38_0","NielsenHB_2014","V1_UC38","stool","IBD","IBD","adult","ESP","no","IlluminaHiSeq","24997787",70482214,5610437564,30,85,"Paolo_Manghi","UC",24,"male","ERR210687;ERR210686;ERR209835;ERR209834",0,NA,NA,NA,18.06563349,NA,NA,NA,NA,NA,101,NA,NA,NA,NA,NA,NA,NA,NA,"IBD",3.08035744620879,13.991935
"V1_UC39_0","NielsenHB_2014","V1_UC39","stool","IBD","IBD","adult","ESP","no","IlluminaHiSeq","24997787",58689788,4039441758,30,71,"Paolo_Manghi","UC",26,"male","ERR210689;ERR210688;ERR209837;ERR209836",0,NA,NA,NA,22.39541342,NA,NA,NA,NA,NA,141,NA,NA,NA,NA,NA,NA,NA,NA,"IBD",3.21900213872792,14.749025
"V1_UC4_0","NielsenHB_2014","V1_UC4","stool","IBD","IBD","adult","ESP","no","IlluminaHiSeq","24997787",57777178,3872400972,30,71,"Paolo_Manghi","UC",47,"female","ERR210692;ERR209840",0,NA,NA,NA,26.37023814,NA,NA,NA,NA,NA,138,NA,NA,NA,NA,NA,NA,NA,NA,"IBD",2.85837424435459,11.623875
"V1_UC4_5","NielsenHB_2014","V1_UC4","stool","IBD","IBD","adult","ESP","no","IlluminaHiSeq","24997787",95288820,7615502699,30,85,"Paolo_Manghi","UC",47,"female","ERR210702;ERR210701;ERR209850;ERR209849",494,NA,NA,NA,26.37023814,NA,NA,NA,NA,NA,134,NA,NA,NA,NA,NA,NA,NA,NA,"IBD",3.31956345928216,14.368385
"V1_UC40_0","NielsenHB_2014","V1_UC40","stool","IBD","IBD","adult","ESP","no","IlluminaHiSeq","24997787",57109655,3916203557,30,72,"Paolo_Manghi","UC",32,"female","ERR210691;ERR210690;ERR209839;ERR209838",0,NA,NA,NA,25.88757396,NA,NA,NA,NA,NA,165,NA,NA,NA,NA,NA,NA,NA,NA,"IBD",2.99001091821945,11.843755
"V1_UC41_0","NielsenHB_2014","V1_UC41","stool","control","healthy","adult","ESP","no","IlluminaHiSeq","24997787",59081774,4825562409,30,87,"Paolo_Manghi",NA,54,"female","ERR210694;ERR210693;ERR209842;ERR209841",0,NA,NA,NA,23.91883029,NA,NA,NA,NA,NA,106,NA,NA,NA,NA,NA,NA,NA,NA,"Healthy",2.7612277992461,13.111775
"V1_UC42_0","NielsenHB_2014","V1_UC42","stool","control","healthy","adult","ESP","no","IlluminaHiSeq","24997787",56880530,3926082586,30,72,"Paolo_Manghi",NA,32,"female","ERR210695;ERR209843",0,NA,NA,NA,19.56295525,NA,NA,NA,NA,NA,158,NA,NA,NA,NA,NA,NA,NA,NA,"Healthy",3.37766413723048,14.288755
"V1_UC43_0","NielsenHB_2014","V1_UC43","stool","control","healthy","adult","ESP","no","IlluminaHiSeq","24997787",89105927,7068233360,30,85,"Paolo_Manghi",NA,27,"female","ERR210697;ERR210696;ERR209845;ERR209844",0,NA,NA,NA,17.70857697,NA,NA,NA,NA,NA,190,NA,NA,NA,NA,NA,NA,NA,NA,"Healthy",3.45535879827618,16.05329
"V1_UC44_0","NielsenHB_2014","V1_UC44","stool","control","healthy","adult","ESP","no","IlluminaHiSeq","24997787",55123975,3811751809,30,71,"Paolo_Manghi",NA,20,"male","ERR210698;ERR209846",0,NA,NA,NA,20.28650791,NA,NA,NA,NA,NA,164,NA,NA,NA,NA,NA,NA,NA,NA,"Healthy",3.1980297134891,14.759445
"V1_UC45_0","NielsenHB_2014","V1_UC45","stool","IBD","IBD","adult","ESP","no","IlluminaHiSeq","24997787",52529023,3533464667,30,71,"Paolo_Manghi","UC",50,"female","ERR210700;ERR210699;ERR209848;ERR209847",0,NA,NA,NA,23.046875,NA,NA,NA,NA,NA,162,NA,NA,NA,NA,NA,NA,NA,NA,"IBD",3.3070342096491,13.71129
"V1_UC46_0","NielsenHB_2014","V1_UC46","stool","control","healthy","adult","ESP","no","IlluminaHiSeq","24997787",60095449,4175817778,30,72,"Paolo_Manghi",NA,55,"female","ERR210704;ERR210703;ERR209852;ERR209851",0,NA,NA,NA,35.03345537,NA,NA,NA,NA,NA,168,NA,NA,NA,NA,NA,NA,NA,NA,"Healthy",3.26846218744934,14.976245
"V1_UC47_0","NielsenHB_2014","V1_UC47","stool","IBD","IBD","adult","ESP","no","IlluminaHiSeq","24997787",57545140,4035652103,30,70,"Paolo_Manghi","UC",46,"male","ERR210705;ERR209853",0,NA,NA,NA,25.71166208,NA,NA,NA,NA,NA,184,NA,NA,NA,NA,NA,NA,NA,NA,"IBD",3.3773428840266,15.374155
"V1_UC48_0","NielsenHB_2014","V1_UC48","stool","control","healthy","adult","ESP","no","IlluminaHiSeq","24997787",63501957,5007032684,30,84,"Paolo_Manghi",NA,26,"male","ERR210707;ERR210706;ERR209855;ERR209854",0,NA,NA,NA,20.90238586,NA,NA,NA,NA,NA,237,NA,NA,NA,NA,NA,NA,NA,NA,"Healthy",3.7143049820883,19.16941
"V1_UC49_0","NielsenHB_2014","V1_UC49","stool","IBD","IBD","adult","ESP","no","IlluminaHiSeq","24997787",51072737,4143102905,30,86,"Paolo_Manghi","UC",25,"female","ERR210709;ERR210708;ERR209857;ERR209856",0,NA,NA,NA,19.83471074,NA,NA,NA,NA,NA,232,NA,NA,NA,NA,NA,NA,NA,NA,"IBD",3.72808055363388,18.29971
"V1_UC49_1","NielsenHB_2014","V1_UC49","stool","IBD","IBD","adult","ESP","no","IlluminaHiSeq","24997787",54803632,4418815247,30,86,"Paolo_Manghi","UC",25,"female","ERR210711;ERR210710;ERR209859;ERR209858",34,NA,NA,NA,20.2020202,NA,NA,NA,NA,NA,158,NA,NA,NA,NA,NA,NA,NA,NA,"IBD",3.36767954913584,16.02641
"V1_UC5_0","NielsenHB_2014","V1_UC5","stool","IBD","IBD","adult","ESP","no","IlluminaHiSeq","24997787",50750337,3373980402,30,72,"Paolo_Manghi","UC",30,"female","ERR210712;ERR209860",0,NA,NA,NA,20.32443826,NA,NA,NA,NA,NA,145,NA,NA,NA,NA,NA,NA,NA,NA,"IBD",2.95776710528414,12.288155
"V1_UC5_3","NielsenHB_2014","V1_UC5","stool","IBD","IBD","adult","ESP","no","IlluminaHiSeq","24997787",104012798,8413074578,30,87,"Paolo_Manghi","UC",30,"female","ERR210728;ERR210727;ERR209876;ERR209875",271,NA,NA,NA,20.70081674,NA,NA,NA,NA,NA,146,NA,NA,NA,NA,NA,NA,NA,NA,"IBD",3.1007987832642,16.499735
"V1_UC50_1","NielsenHB_2014","V1_UC50","stool","IBD","IBD","adult","ESP","no","IlluminaHiSeq","24997787",69633679,5585240609,30,87,"Paolo_Manghi","UC",45,"female","ERR210714;ERR210713;ERR209862;ERR209861",0,NA,NA,NA,20.70939917,NA,NA,NA,NA,NA,117,NA,NA,NA,NA,NA,NA,NA,NA,"IBD",3.20877188223706,14.82822
"V1_UC51_0","NielsenHB_2014","V1_UC51","stool","IBD","IBD","adult","ESP","no","IlluminaHiSeq","24997787",47611420,3846746485,30,85,"Paolo_Manghi","UC",44,"female","ERR210716;ERR210715;ERR209864;ERR209863",0,NA,NA,NA,23.30905307,NA,NA,NA,NA,NA,156,NA,NA,NA,NA,NA,NA,NA,NA,"IBD",3.29682829636679,14.430185
"V1_UC51_4","NielsenHB_2014","V1_UC51","stool","IBD","IBD","adult","ESP","no","IlluminaHiSeq","24997787",47818339,4057783828,30,90,"Paolo_Manghi","UC",44,"female","ERR210718;ERR210717;ERR209866;ERR209865",408,NA,NA,NA,23.30905307,NA,NA,NA,NA,NA,205,NA,NA,NA,NA,NA,NA,NA,NA,"IBD",3.52870390533705,15.84069
"V1_UC52_0","NielsenHB_2014","V1_UC52","stool","IBD","IBD","adult","ESP","no","IlluminaHiSeq","24997787",48191090,3909214978,30,86,"Paolo_Manghi","UC",43,"female","ERR210720;ERR210719;ERR209868;ERR209867",0,NA,NA,NA,29.34003963,NA,NA,NA,NA,NA,219,NA,NA,NA,NA,NA,NA,NA,NA,"IBD",3.49199391391861,16.19374
"V1_UC52_1","NielsenHB_2014","V1_UC52","stool","IBD","IBD","adult","ESP","no","IlluminaHiSeq","24997787",76176273,5997950321,30,85,"Paolo_Manghi","UC",43,"female","ERR210723;ERR210722;ERR210721;ERR209871;ERR209870;ERR209869",94,NA,NA,NA,29.34003963,NA,NA,NA,NA,NA,202,NA,NA,NA,NA,NA,NA,NA,NA,"IBD",3.43900500713894,16.75158
"V1_UC53_0","NielsenHB_2014","V1_UC53","stool","IBD","IBD","adult","ESP","no","IlluminaHiSeq","24997787",107758101,8704280261,30,87,"Paolo_Manghi","UC",24,"male","ERR210726;ERR210725;ERR210724;ERR209874;ERR209873;ERR209872",0,NA,NA,NA,20.24489796,NA,NA,NA,NA,NA,126,NA,NA,NA,NA,NA,NA,NA,NA,"IBD",2.45101286614827,12.01637
"V1_UC53_4","NielsenHB_2014","V1_UC53","stool","IBD","IBD","adult","ESP","no","IlluminaHiSeq","24997787",108081159,8760911603,30,87,"Paolo_Manghi","UC",24,"male","ERR210731;ERR210730;ERR210729;ERR209879;ERR209878;ERR209877",379,NA,NA,NA,19.59183673,NA,NA,NA,NA,NA,112,NA,NA,NA,NA,NA,NA,NA,NA,"IBD",1.57344748001502,11.340825
"V1_UC54_0","NielsenHB_2014","V1_UC54","stool","IBD","IBD","adult","ESP","no","IlluminaHiSeq","24997787",116829662,9572350913,30,85,"Paolo_Manghi","UC",32,"male","ERR210734;ERR210733;ERR210732;ERR209882;ERR209881;ERR209880",0,NA,NA,NA,35.62371694,NA,NA,NA,NA,NA,131,NA,NA,NA,NA,NA,NA,NA,NA,"IBD",3.48242032622024,14.626485
"V1_UC55_0","NielsenHB_2014","V1_UC55","stool","IBD","IBD","adult","ESP","no","IlluminaHiSeq","24997787",108048687,8687917101,30,85,"Paolo_Manghi","UC",46,"female","ERR210737;ERR210736;ERR210735;ERR209885;ERR209884;ERR209883",0,NA,NA,NA,18.81892431,NA,NA,NA,NA,NA,152,NA,NA,NA,NA,NA,NA,NA,NA,"IBD",3.21553696750862,16.744945
"V1_UC55_4","NielsenHB_2014","V1_UC55","stool","IBD","IBD","adult","ESP","no","IlluminaHiSeq","24997787",109314362,9174963218,30,90,"Paolo_Manghi","UC",46,"female","ERR210740;ERR210739;ERR210738;ERR209888;ERR209887;ERR209886",362,NA,NA,NA,18.81892431,NA,NA,NA,NA,NA,135,NA,NA,NA,NA,NA,NA,NA,NA,"IBD",3.46631812609786,14.930065
"V1_UC56_0","NielsenHB_2014","V1_UC56","stool","IBD","IBD","adult","ESP","no","IlluminaHiSeq","24997787",66319270,5421725371,30,85,"Paolo_Manghi","UC",35,"female","ERR210742;ERR210741;ERR209889;ERR209890",0,NA,NA,NA,18.82711104,NA,NA,NA,NA,NA,62,NA,NA,NA,NA,NA,NA,NA,NA,"IBD",1.21092612182077,8.327285
"V1_UC57_0","NielsenHB_2014","V1_UC57","stool","control","healthy","adult","ESP","no","IlluminaHiSeq","24997787",61188865,4995659771,30,84,"Paolo_Manghi",NA,41,"female","ERR210744;ERR210743;ERR209892;ERR209891",0,NA,NA,NA,28.3530572,NA,NA,NA,NA,NA,218,NA,NA,NA,NA,NA,NA,NA,NA,"Healthy",3.2324313565565,15.41929
"V1_UC58_0","NielsenHB_2014","V1_UC58","stool","IBD","IBD","adult","ESP","no","IlluminaHiSeq","24997787",71386086,5824924094,30,84,"Paolo_Manghi","UC",32,"female","ERR210746;ERR210745;ERR209894;ERR209893",0,NA,NA,NA,19.97918835,NA,NA,NA,NA,NA,192,NA,NA,NA,NA,NA,NA,NA,NA,"IBD",3.54447481357279,13.928515
"V1_UC6_0","NielsenHB_2014","V1_UC6","stool","control","healthy","adult","ESP","no","IlluminaHiSeq","24997787",41187742,2554650528,30,66,"Paolo_Manghi",NA,38,"female","ERR210748;ERR210747;ERR209896;ERR209895",0,NA,NA,NA,23.183391,NA,NA,NA,NA,NA,172,NA,NA,NA,NA,NA,NA,NA,NA,"Healthy",3.37565428686155,13.98345
"V1_UC61_0","NielsenHB_2014","V1_UC61","stool","control","healthy","adult","ESP","no","IlluminaHiSeq","24997787",81100246,6615668723,30,86,"Paolo_Manghi",NA,33,"male","ERR210750;ERR210749;ERR209898;ERR209897",0,NA,NA,NA,27.77777778,NA,NA,NA,NA,NA,124,NA,NA,NA,NA,NA,NA,NA,NA,"Healthy",2.53396169432848,10.940645
"V1_UC62_0","NielsenHB_2014","V1_UC62","stool","control","healthy","adult","ESP","no","IlluminaHiSeq","24997787",75085883,6109952849,30,85,"Paolo_Manghi",NA,37,"female","ERR210752;ERR210751;ERR209900;ERR209899",0,NA,NA,NA,22.58270917,NA,NA,NA,NA,NA,166,NA,NA,NA,NA,NA,NA,NA,NA,"Healthy",3.3043806353932,15.02144
"V1_UC7_0","NielsenHB_2014","V1_UC7","stool","control","healthy","adult","ESP","no","IlluminaHiSeq","24997787",35153121,2229256892,30,68,"Paolo_Manghi",NA,19,"female","ERR210754;ERR210753;ERR209902;ERR209901",0,NA,NA,NA,23.05175491,NA,NA,NA,NA,NA,107,NA,NA,NA,NA,NA,NA,NA,NA,"Healthy",1.83525481058005,9.80189499999999
"V1_UC8_0","NielsenHB_2014","V1_UC8","stool","control","healthy","adult","ESP","no","IlluminaHiSeq","24997787",43583133,2470322954,30,58,"Paolo_Manghi",NA,22,"male","ERR210756;ERR210755;ERR209904;ERR209903",0,NA,NA,NA,25.40170132,NA,NA,NA,NA,NA,156,NA,NA,NA,NA,NA,NA,NA,NA,"Healthy",3.31459287983942,11.54248
"V1_UC9_0","NielsenHB_2014","V1_UC9","stool","control","healthy","adult","ESP","no","IlluminaHiSeq","24997787",41253939,2284875215,30,56,"Paolo_Manghi",NA,32,"male","ERR210758;ERR210757;ERR209906;ERR209905",0,NA,NA,NA,30.36734694,NA,NA,NA,NA,NA,153,NA,NA,NA,NA,NA,NA,NA,NA,"Healthy",2.67555744453865,10.61641
