"stage","sample_id","PCo1","PCo2","study_name","condition","varexp1","varexp2"
"Before","CSM5FZ3N_P",-0.336868657830417,0.086559817428414,"HMP_2019_ibdmdb","IBD",8,5.4
"Before","CSM5FZ4C_P",-0.169910330337976,-0.0531527017760663,"HMP_2019_ibdmdb","IBD",8,5.4
"Before","CSM5MCVV_P",-0.121310278177169,-0.187728740391917,"HMP_2019_ibdmdb","IBD",8,5.4
"Before","CSM5FZ3R_P",-0.383940598266042,0.12323307365996,"HMP_2019_ibdmdb","IBD",8,5.4
"Before","CSM5MCVF_P",-0.303620152609397,0.0345131337102631,"HMP_2019_ibdmdb","IBD",8,5.4
"Before","CSM5MCVD_P",-0.366025971966015,0.172754038296337,"HMP_2019_ibdmdb","IBD",8,5.4
"Before","CSM5FZ3V_P",-0.30467103437834,0.0278547889621005,"HMP_2019_ibdmdb","IBD",8,5.4
"Before","CSM5MCWI_P",-0.339076989313168,0.0542608316949484,"HMP_2019_ibdmdb","IBD",8,5.4
"Before","CSM5YRY7_P",-0.319947802969844,0.0427120002630812,"HMP_2019_ibdmdb","IBD",8,5.4
"Before","CSM67UGC",0.020186870924542,-0.0334995536777556,"HMP_2019_ibdmdb","IBD",8,5.4
"Before","CSM67U9J",-0.304840695396658,0.0341108905879504,"HMP_2019_ibdmdb","IBD",8,5.4
"Before","CSM67UA2",-0.350027523825793,0.0825276030088267,"HMP_2019_ibdmdb","IBD",8,5.4
"Before","CSM5MCXD",-0.332919059015016,0.12214148297398,"HMP_2019_ibdmdb","IBD",8,5.4
"Before","CSM5MCYS",-0.000863512851608099,-0.0689436760137867,"HMP_2019_ibdmdb","IBD",8,5.4
"Before","CSM79HG5",-0.393750541452881,0.101738692728279,"HMP_2019_ibdmdb","IBD",8,5.4
"Before","CSM79HGP",-0.351174777931682,0.0612873569651643,"HMP_2019_ibdmdb","IBD",8,5.4
"Before","CSM5FZ3T_P",-0.307228933534023,0.321041237776765,"HMP_2019_ibdmdb","IBD",8,5.4
"Before","CSM5FZ3X_P",-0.288639861252338,0.314256620503171,"HMP_2019_ibdmdb","IBD",8,5.4
"Before","CSM5FZ46_P",-0.300967446262635,0.317486937325139,"HMP_2019_ibdmdb","IBD",8,5.4
"Before","CSM5FZ44_P",-0.295352005082138,0.309356966147691,"HMP_2019_ibdmdb","IBD",8,5.4
"Before","CSM5FZ3Z_P",-0.287142390657945,0.295119372897716,"HMP_2019_ibdmdb","IBD",8,5.4
"Before","CSM5MCVJ_P",-0.294330108363406,0.314782418998231,"HMP_2019_ibdmdb","IBD",8,5.4
"Before","CSM5FZ42_P",-0.289347200362707,0.320297168657467,"HMP_2019_ibdmdb","IBD",8,5.4
"Before","CSM67UBR",-0.298049687358101,0.313456808861562,"HMP_2019_ibdmdb","IBD",8,5.4
"Before","CSM67UBF",-0.300281435462687,0.323320146434794,"HMP_2019_ibdmdb","IBD",8,5.4
"Before","CSM79HJY",-0.289701220498134,0.315117614041689,"HMP_2019_ibdmdb","IBD",8,5.4
"Before","CSM67UBN",-0.287883056170928,0.315379783612138,"HMP_2019_ibdmdb","IBD",8,5.4
"Before","CSM5MCVL",-0.297827341883978,0.310926018178232,"HMP_2019_ibdmdb","IBD",8,5.4
"Before","CSM5MCVN",-0.30024836375926,0.314579143586586,"HMP_2019_ibdmdb","IBD",8,5.4
"Before","CSM67UBH",-0.274369274775852,0.297292051853238,"HMP_2019_ibdmdb","IBD",8,5.4
"Before","CSM79HJW",-0.307043155687477,0.325246580463049,"HMP_2019_ibdmdb","IBD",8,5.4
"Before","CSM5FZ4K_P",-0.0114608819562686,-0.35310085232037,"HMP_2019_ibdmdb","IBD",8,5.4
"Before","CSM5MCWM_P",-0.0125740114573713,-0.347094976575097,"HMP_2019_ibdmdb","IBD",8,5.4
"Before","CSM5FZ4E_P",-0.0652297953059618,-0.311322623359727,"HMP_2019_ibdmdb","IBD",8,5.4
"Before","CSM5FZ4G_P",-0.0196651015507695,-0.345384371324867,"HMP_2019_ibdmdb","IBD",8,5.4
"Before","CSM5MCWQ",0.0234396851064715,-0.353407079466111,"HMP_2019_ibdmdb","IBD",8,5.4
"Before","CSM79HLM",-0.0598878268881803,-0.343427739170851,"HMP_2019_ibdmdb","IBD",8,5.4
"Before","CSM67UBZ",-0.0360473991046631,-0.338755023452734,"HMP_2019_ibdmdb","IBD",8,5.4
"Before","CSM67UBX",-0.0299228840023074,-0.341782990983738,"HMP_2019_ibdmdb","IBD",8,5.4
"Before","CSM5FZ4M",-0.0307732405452859,-0.342271725434858,"HMP_2019_ibdmdb","IBD",8,5.4
"Before","CSM67UC6",0.00260040910029973,-0.333725938388823,"HMP_2019_ibdmdb","IBD",8,5.4
"Before","CSM5FZ4A_P",-0.389542325592749,0.0123489013969124,"HMP_2019_ibdmdb","IBD",8,5.4
"Before","CSM5MCUE_P",-0.282117470109751,-0.0469443458844113,"HMP_2019_ibdmdb","IBD",8,5.4
"Before","CSM5MCU8_P",-0.241221474893763,-0.0332811242075005,"HMP_2019_ibdmdb","IBD",8,5.4
"Before","CSM5MCUA_P",-0.354347018456036,-0.0161842909843598,"HMP_2019_ibdmdb","IBD",8,5.4
"Before","CSM5MCUC_P",-0.229220669563923,-0.116408989455435,"HMP_2019_ibdmdb","IBD",8,5.4
"Before","CSM79HLK",-0.278655758763529,-0.0634316741966192,"HMP_2019_ibdmdb","IBD",8,5.4
"Before","CSM67UDR",-0.264883324871704,0.0796904440942237,"HMP_2019_ibdmdb","IBD",8,5.4
"Before","CSM67UDY",-0.359276012117915,0.0219716516165631,"HMP_2019_ibdmdb","IBD",8,5.4
"Before","CSM67UDR_TR",-0.236819963875985,0.110712971843114,"HMP_2019_ibdmdb","IBD",8,5.4
"Before","CSM79HLA_TR",-0.210214082398714,-0.0736175611400227,"HMP_2019_ibdmdb","IBD",8,5.4
"Before","CSM79HLE",-0.402781699045912,0.0681088127635303,"HMP_2019_ibdmdb","IBD",8,5.4
"Before","CSM67UDF",-0.379878246746081,0.022525286215889,"HMP_2019_ibdmdb","IBD",8,5.4
"Before","CSM5MCXR",-0.327698953708015,-0.0105492464947193,"HMP_2019_ibdmdb","IBD",8,5.4
"Before","CSM67UDN",-0.344863707801592,0.040443610188916,"HMP_2019_ibdmdb","IBD",8,5.4
"Before","CSM79HLG",-0.277224286828659,-0.0141153099463627,"HMP_2019_ibdmdb","IBD",8,5.4
"Before","CSM5MCXJ",-0.306169142253805,-0.0489028440884756,"HMP_2019_ibdmdb","IBD",8,5.4
"Before","CSM79HLI",-0.293135864855407,-0.0134027264214132,"HMP_2019_ibdmdb","IBD",8,5.4
"Before","CSM5MCXN",-0.0609156676430669,-0.0848228385268281,"HMP_2019_ibdmdb","IBD",8,5.4
"Before","CSM67UDJ",-0.356213431636658,-0.000569068246288988,"HMP_2019_ibdmdb","IBD",8,5.4
"Before","CSM5MCXH",-0.350410931573445,-0.0100008356417255,"HMP_2019_ibdmdb","IBD",8,5.4
"Before","CSM79HLA",-0.149494747040504,-0.0522368785795075,"HMP_2019_ibdmdb","IBD",8,5.4
"Before","CSM5MCXP",-0.312039684430406,-0.00721660404409801,"HMP_2019_ibdmdb","IBD",8,5.4
"Before","CSM79HLC",-0.253723552664785,-0.0562197787089132,"HMP_2019_ibdmdb","IBD",8,5.4
"Before","CSM5MCXL",-0.357153141627549,0.0381480001833396,"HMP_2019_ibdmdb","IBD",8,5.4
"Before","CSM5MCUS_P",0.0599371649899013,-0.245293242100181,"HMP_2019_ibdmdb","IBD",8,5.4
"Before","CSM5MCUW_P",0.0157582313597082,-0.276018472679592,"HMP_2019_ibdmdb","IBD",8,5.4
"Before","CSM5MCUQ_P",0.0152515344143903,-0.294230316819004,"HMP_2019_ibdmdb","IBD",8,5.4
"Before","CSM5MCUY_P",-0.0284538833868782,-0.302499855190104,"HMP_2019_ibdmdb","IBD",8,5.4
"Before","CSM67UEM",-0.0671896504886846,-0.286304549719928,"HMP_2019_ibdmdb","IBD",8,5.4
"Before","CSM67UEA",-0.265263639287756,0.0958005364388581,"HMP_2019_ibdmdb","IBD",8,5.4
"Before","CSM67UE7",-0.121081918764534,-0.120418592528877,"HMP_2019_ibdmdb","IBD",8,5.4
"Before","CSM5MCY4",-0.0160251599158296,-0.294968691222642,"HMP_2019_ibdmdb","IBD",8,5.4
"Before","CSM79HO1",-0.0486639149892872,-0.246975998031683,"HMP_2019_ibdmdb","IBD",8,5.4
"Before","CSM67UEI",-0.0216160524212347,-0.278847995739006,"HMP_2019_ibdmdb","IBD",8,5.4
"Before","CSM67UE3",-0.0258642566859505,-0.286800854217917,"HMP_2019_ibdmdb","IBD",8,5.4
"Before","CSM5MCY8",-0.0385392152084638,-0.305003445457539,"HMP_2019_ibdmdb","IBD",8,5.4
"Before","CSM5MCTZ_P",-0.195816940256079,0.0653419384087469,"HMP_2019_ibdmdb","IBD",8,5.4
"Before","CSM5MCUG_P",-0.278121618656012,0.173573585272803,"HMP_2019_ibdmdb","IBD",8,5.4
"Before","CSM5MCUK_P",-0.203163976668128,0.143268614672985,"HMP_2019_ibdmdb","IBD",8,5.4
"Before","CSM79HMN",-0.216706176591819,0.0979531985472305,"HMP_2019_ibdmdb","IBD",8,5.4
"Before","CSM79HMP",-0.204337745376869,0.14163466293901,"HMP_2019_ibdmdb","IBD",8,5.4
"Before","CSM79HMT",-0.273943744889861,0.0904276975846826,"HMP_2019_ibdmdb","IBD",8,5.4
"Before","CSM67UFZ",-0.29213625328525,0.0814277927867336,"HMP_2019_ibdmdb","IBD",8,5.4
"Before","CSM67UFV",-0.242314566932971,0.0648548177377323,"HMP_2019_ibdmdb","IBD",8,5.4
"Before","CSM5MCX3",-0.185148341353047,0.141579059147597,"HMP_2019_ibdmdb","IBD",8,5.4
"Before","CSM67UG8",-0.234605070145332,0.0669515545572376,"HMP_2019_ibdmdb","IBD",8,5.4
"Before","CSM5MCUO",-0.189630570179238,0.123997842147222,"HMP_2019_ibdmdb","IBD",8,5.4
"Before","CSM5MCV5_P",-0.286401738488017,0.00253360119936355,"HMP_2019_ibdmdb","IBD",8,5.4
"Before","CSM5MCVB_P",0.178439365537949,-0.19203776799846,"HMP_2019_ibdmdb","IBD",8,5.4
"Before","CSM5MCV1_P",0.134834557032175,-0.234185492081887,"HMP_2019_ibdmdb","IBD",8,5.4
"Before","CSM5MCW4_P",0.204832163043751,-0.212568069418444,"HMP_2019_ibdmdb","IBD",8,5.4
"Before","CSM5MCU4_P",0.199352711983864,-0.21125440129888,"HMP_2019_ibdmdb","IBD",8,5.4
"Before","CSM5MCVZ_P",0.197851031894917,-0.211364073757141,"HMP_2019_ibdmdb","IBD",8,5.4
"Before","CSM5MCW6",0.208247934026732,-0.220099095237696,"HMP_2019_ibdmdb","IBD",8,5.4
"Before","CSM79HQB",0.0199284756733889,-0.014072931134505,"HMP_2019_ibdmdb","IBD",8,5.4
"Before","CSM5MCYW",0.200229708072337,-0.214034757627304,"HMP_2019_ibdmdb","IBD",8,5.4
"Before","CSM79HQF",0.198789529391641,-0.211400603767267,"HMP_2019_ibdmdb","IBD",8,5.4
"Before","CSM5MCZ7",0.204592422427433,-0.218292714794376,"HMP_2019_ibdmdb","IBD",8,5.4
"Before","CSM5MCZ3",0.208957954193275,-0.220035965442156,"HMP_2019_ibdmdb","IBD",8,5.4
"Before","CSM79HKT",0.214532866837292,-0.220060538824311,"HMP_2019_ibdmdb","IBD",8,5.4
"Before","CSM5MCZ5",0.214099487663363,-0.21967035592212,"HMP_2019_ibdmdb","IBD",8,5.4
"Before","CSM79HKV",0.210309010728824,-0.220762525591115,"HMP_2019_ibdmdb","IBD",8,5.4
"Before","CSM79HQ9",0.203049809375766,-0.213237362700028,"HMP_2019_ibdmdb","IBD",8,5.4
"Before","CSM5MCWA_P",0.178645130014957,0.091168377251572,"HMP_2019_ibdmdb","IBD",8,5.4
"Before","CSM67UAG",0.219982957970635,0.0328004102771529,"HMP_2019_ibdmdb","IBD",8,5.4
"Before","CSM67UAA",0.177733403397367,0.0570690099246992,"HMP_2019_ibdmdb","IBD",8,5.4
"Before","CSM7KOJE",0.207219441749831,0.032589473974216,"HMP_2019_ibdmdb","IBD",8,5.4
"Before","CSM5MCWG",0.200478647998564,0.0347510613735758,"HMP_2019_ibdmdb","IBD",8,5.4
"Before","CSM79HI7",0.216623576019369,0.0355913718542006,"HMP_2019_ibdmdb","IBD",8,5.4
"Before","CSM7KOJO",0.208456796266253,0.0314680645803504,"HMP_2019_ibdmdb","IBD",8,5.4
"Before","CSM5MCWC",0.234017802680561,0.00330765534749687,"HMP_2019_ibdmdb","IBD",8,5.4
"Before","CSM5MCWE",0.240073886652078,0.0136554880363595,"HMP_2019_ibdmdb","IBD",8,5.4
"Before","CSM79HIB",0.216733141674935,0.0324589571217732,"HMP_2019_ibdmdb","IBD",8,5.4
"Before","CSM7KOJG",0.228071842179634,0.0469900573707441,"HMP_2019_ibdmdb","IBD",8,5.4
"Before","CSM79HI3",0.212768384099968,0.0337264863401765,"HMP_2019_ibdmdb","IBD",8,5.4
"Before","CSM5MCXZ_P",-0.124647433408234,-0.122624844352666,"HMP_2019_ibdmdb","IBD",8,5.4
"Before","CSM5MCXX_P",-0.277329584421222,0.0596338481297761,"HMP_2019_ibdmdb","IBD",8,5.4
"Before","CSM5MCWK_P",-0.284144144852881,0.0961693813886259,"HMP_2019_ibdmdb","IBD",8,5.4
"Before","CSM5MCXT",-0.27437895424419,0.0674364968871358,"HMP_2019_ibdmdb","IBD",8,5.4
"Before","CSM7KOLE",-0.253274806912463,0.151451259467324,"HMP_2019_ibdmdb","IBD",8,5.4
"Before","CSM5MCY2",-0.275306608171948,0.0951501160311279,"HMP_2019_ibdmdb","IBD",8,5.4
"Before","CSM67UCK",-0.203215904528371,-0.0493271874570005,"HMP_2019_ibdmdb","IBD",8,5.4
"Before","CSM79HOF",-0.276855281077067,0.0330201492343848,"HMP_2019_ibdmdb","IBD",8,5.4
"Before","CSM79HKB",-0.322056775121822,0.142853651391944,"HMP_2019_ibdmdb","IBD",8,5.4
"Before","CSM5MCXV",-0.265267886922876,0.0837224950331066,"HMP_2019_ibdmdb","IBD",8,5.4
"Before","CSM79HK9",-0.291827025038164,0.137865070762945,"HMP_2019_ibdmdb","IBD",8,5.4
"Before","CSM7KOLA",-0.160409111593864,0.0142678789856625,"HMP_2019_ibdmdb","IBD",8,5.4
"Before","CSM7KOL4",-0.319378115104668,0.0925780645703218,"HMP_2019_ibdmdb","IBD",8,5.4
"Before","CSM79HOH",-0.295357529227363,0.135781316713628,"HMP_2019_ibdmdb","IBD",8,5.4
"Before","CSM67UET_P",0.0881601604438451,-0.0546106461292016,"HMP_2019_ibdmdb","IBD",8,5.4
"Before","CSM79HM5_P",-0.0395363016781396,-0.150822455290148,"HMP_2019_ibdmdb","IBD",8,5.4
"Before","CSM67UEP_P",0.0903384277817365,-0.0449807268191414,"HMP_2019_ibdmdb","IBD",8,5.4
"Before","CSM79HQT_P",0.119538467494748,-0.0534837970641695,"HMP_2019_ibdmdb","IBD",8,5.4
"Before","CSM5MCYI_P",0.0708131959403971,-0.0393937556584721,"HMP_2019_ibdmdb","IBD",8,5.4
"Before","CSM7KOMR_P",0.193963632448341,-0.072875793525105,"HMP_2019_ibdmdb","IBD",8,5.4
"Before","CSM67UEW_P",0.141832931000916,-0.0636080456734784,"HMP_2019_ibdmdb","IBD",8,5.4
"Before","CSM5MCYO_P",-0.0307250146907799,0.110337149612402,"HMP_2019_ibdmdb","IBD",8,5.4
"Before","CSM7KOMV_P",0.0460836100027712,-0.0740157462731681,"HMP_2019_ibdmdb","IBD",8,5.4
"Before","CSM5MCXB_P",0.0637922825254498,-0.0581017890788248,"HMP_2019_ibdmdb","IBD",8,5.4
"Before","CSM5MCYM_P",-0.0545420051386969,-0.0995203891031476,"HMP_2019_ibdmdb","IBD",8,5.4
"Before","CSM67UF1_P",0.0162739209264887,-0.0290789710668703,"HMP_2019_ibdmdb","IBD",8,5.4
"Before","CSM5MCYQ_P",0.012208230697851,-0.110133297178632,"HMP_2019_ibdmdb","IBD",8,5.4
"Before","CSM79HM9_P",0.257896258719832,0.19289181414617,"HMP_2019_ibdmdb","IBD",8,5.4
"Before","CSM67UEW_TR",0.115807829462388,-0.069172577219464,"HMP_2019_ibdmdb","IBD",8,5.4
"Before","CSM67UEW",0.100288880019193,-0.0610000666876782,"HMP_2019_ibdmdb","IBD",8,5.4
"Before","CSM67UF5",0.209484719168658,-0.0549515114554323,"HMP_2019_ibdmdb","IBD",8,5.4
"Before","CSM67UF1",0.0230077482129404,-0.0231268961687777,"HMP_2019_ibdmdb","IBD",8,5.4
"Before","CSM7KOMT",0.136343318065709,-0.0837888090740331,"HMP_2019_ibdmdb","IBD",8,5.4
"Before","CSM79HM1",-0.0388382324475814,-0.105266151725,"HMP_2019_ibdmdb","IBD",8,5.4
"Before","CSM7KOMP",0.059240291303421,-0.0665876161194911,"HMP_2019_ibdmdb","IBD",8,5.4
"Before","CSM79HM7",0.139419797680691,-0.0636786448146962,"HMP_2019_ibdmdb","IBD",8,5.4
"Before","CSM5MCXF_P",-0.245352050953816,0.0598164977022235,"HMP_2019_ibdmdb","IBD",8,5.4
"Before","CSM67UGO",-0.0861610462961627,-0.0616607599661849,"HMP_2019_ibdmdb","IBD",8,5.4
"Before","CSM7KOMZ",-0.234784023531076,-0.0467483460428919,"HMP_2019_ibdmdb","IBD",8,5.4
"Before","CSM7KON2",-0.13787285090226,-0.0604951263590645,"HMP_2019_ibdmdb","IBD",8,5.4
"Before","CSM5MCZF",-0.12084560609237,-0.110794065838687,"HMP_2019_ibdmdb","IBD",8,5.4
"Before","CSM7KON8",-0.187517910123752,-0.0619083214859586,"HMP_2019_ibdmdb","IBD",8,5.4
"Before","CSM67U9B",-0.0515462032932135,-0.0755202905690566,"HMP_2019_ibdmdb","IBD",8,5.4
"Before","CSM67U9D",-0.101200142836841,-0.117630805486721,"HMP_2019_ibdmdb","IBD",8,5.4
"Before","CSM79HOT",-0.21351210127191,-0.0309440024914792,"HMP_2019_ibdmdb","IBD",8,5.4
"Before","CSM7KOMX",-0.257405418435511,-0.0582682877798908,"HMP_2019_ibdmdb","IBD",8,5.4
"Before","CSM5MCZD",-0.102712281957273,-0.0868779375212704,"HMP_2019_ibdmdb","IBD",8,5.4
"Before","CSM5MCZB",-0.192168807596812,-0.106544061589581,"HMP_2019_ibdmdb","IBD",8,5.4
"Before","CSM79HOL",-0.222426600668377,-0.0546672483799107,"HMP_2019_ibdmdb","IBD",8,5.4
"Before","CSM79HOJ",-0.128037181391541,-0.113762158661848,"HMP_2019_ibdmdb","IBD",8,5.4
"Before","CSM79HGJ_P",-0.00731430434870408,0.086807990071172,"HMP_2019_ibdmdb","IBD",8,5.4
"Before","CSM5MCYU_P",0.399933647559996,0.316709730606346,"HMP_2019_ibdmdb","IBD",8,5.4
"Before","CSM67U9P_P",-0.111754408167945,-0.131010834540757,"HMP_2019_ibdmdb","IBD",8,5.4
"Before","CSM79HPM_P",0.204005563060031,0.21292720256907,"HMP_2019_ibdmdb","IBD",8,5.4
"Before","CSM67U9R_P",-0.22224042004024,0.0183418222194523,"HMP_2019_ibdmdb","IBD",8,5.4
"Before","CSM79HGH_P",-0.118232092963184,-0.0916439182001239,"HMP_2019_ibdmdb","IBD",8,5.4
"Before","CSM79HGL_P",0.0053904826632002,-0.0558226751519343,"HMP_2019_ibdmdb","IBD",8,5.4
"Before","CSM79HGD_P",-0.100808542684905,-0.0861785258695183,"HMP_2019_ibdmdb","IBD",8,5.4
"Before","CSM7KONS_P",0.431377734122617,0.415376264232886,"HMP_2019_ibdmdb","IBD",8,5.4
"Before","CSM79HPQ_P",0.376374932148512,0.355511033347164,"HMP_2019_ibdmdb","IBD",8,5.4
"Before","CSM79HGF_P",-0.0146951462496709,-0.127780544970477,"HMP_2019_ibdmdb","IBD",8,5.4
"Before","CSM7KONW_P",0.0503944779003229,0.0666006537284584,"HMP_2019_ibdmdb","IBD",8,5.4
"Before","CSM79HGN_P",0.370409355668806,0.406998750935341,"HMP_2019_ibdmdb","IBD",8,5.4
"Before","CSM67U9H_P",0.437292028527564,0.40106040888147,"HMP_2019_ibdmdb","IBD",8,5.4
"Before","CSM79HPU",0.138666152503403,0.563293971534283,"HMP_2019_ibdmdb","IBD",8,5.4
"Before","CSM79HPO",-0.0212609470566656,-0.0232982325772683,"HMP_2019_ibdmdb","IBD",8,5.4
"Before","CSM7KONU",0.290574282282119,0.254026017022007,"HMP_2019_ibdmdb","IBD",8,5.4
"Before","CSM67U9N",0.0538360097254723,0.00212786661115402,"HMP_2019_ibdmdb","IBD",8,5.4
"Before","CSM79HGF",-0.00996233154115924,-0.116879333885704,"HMP_2019_ibdmdb","IBD",8,5.4
"Before","CSM67U9H",0.433683065828363,0.396203366615968,"HMP_2019_ibdmdb","IBD",8,5.4
"Before","CSM79HPS",0.317657630937058,0.326390544668447,"HMP_2019_ibdmdb","IBD",8,5.4
"Before","CSM79HPK",0.430894890758566,0.416654546361653,"HMP_2019_ibdmdb","IBD",8,5.4
"Before","CSM67U9T_P",-0.0799338563756473,-0.289544952543068,"HMP_2019_ibdmdb","IBD",8,5.4
"Before","CSM7KOJW",-0.0549674070979876,-0.327001235433814,"HMP_2019_ibdmdb","IBD",8,5.4
"Before","CSM67UAO",-0.0759469886107253,-0.322261176040185,"HMP_2019_ibdmdb","IBD",8,5.4
"Before","CSM7KOPO",-0.0673686065000165,-0.295309211468104,"HMP_2019_ibdmdb","IBD",8,5.4
"Before","CSM7KOJU",-0.053784441494119,-0.282203077945822,"HMP_2019_ibdmdb","IBD",8,5.4
"Before","CSM67UAK",-0.0484480308505043,-0.323423405892659,"HMP_2019_ibdmdb","IBD",8,5.4
"Before","CSM79HIL",-0.0669331400246714,-0.31781793666747,"HMP_2019_ibdmdb","IBD",8,5.4
"Before","CSM7KOPK",-0.0697485799433967,-0.325296490931391,"HMP_2019_ibdmdb","IBD",8,5.4
"Before","CSM7KOJY",-0.0718487666172625,-0.302633723117387,"HMP_2019_ibdmdb","IBD",8,5.4
"Before","CSM7KOPM",-0.0434617814096929,-0.319320407893375,"HMP_2019_ibdmdb","IBD",8,5.4
"Before","CSM79HIJ",-0.0755040435678681,-0.329429424522017,"HMP_2019_ibdmdb","IBD",8,5.4
"Before","CSM7KOPI",-0.0596650230768592,-0.319814774954422,"HMP_2019_ibdmdb","IBD",8,5.4
"Before","CSM79HIN",-0.027670333747274,-0.319457184863878,"HMP_2019_ibdmdb","IBD",8,5.4
"Before","CSM7KOPG",-0.0622271748148248,-0.329449964586722,"HMP_2019_ibdmdb","IBD",8,5.4
"Before","CSM67UAQ",-0.0695770799726954,-0.305350867901092,"HMP_2019_ibdmdb","IBD",8,5.4
"Before","CSM79HIH",-0.0803269801560438,-0.315141619221304,"HMP_2019_ibdmdb","IBD",8,5.4
"Before","CSM79HIF",-0.0618823519471165,-0.301756794594807,"HMP_2019_ibdmdb","IBD",8,5.4
"Before","CSM7KOJQ",-0.0574526106277315,-0.342411452231732,"HMP_2019_ibdmdb","IBD",8,5.4
"Before","CSM67UAS",-0.0696810298259639,-0.303148134375986,"HMP_2019_ibdmdb","IBD",8,5.4
"Before","CSM79HID",-0.0262094211512071,-0.28633794212562,"HMP_2019_ibdmdb","IBD",8,5.4
"Before","CSM7KOJS",-0.0547935048814602,-0.295023143688576,"HMP_2019_ibdmdb","IBD",8,5.4
"Before","CSM67UAM",0.0183680892438707,-0.270697316949299,"HMP_2019_ibdmdb","IBD",8,5.4
"Before","CSM7KOK1",-0.0680885383060273,-0.32015819707453,"HMP_2019_ibdmdb","IBD",8,5.4
"Before","CSM67U9V_P",-0.287558006226532,-0.036192441000435,"HMP_2019_ibdmdb","IBD",8,5.4
"Before","CSM7KOK3",-0.223000015902851,-0.0632802458069192,"HMP_2019_ibdmdb","IBD",8,5.4
"Before","CSM7KOQ1",-0.168008673004183,0.0840139723107031,"HMP_2019_ibdmdb","IBD",8,5.4
"Before","CSM7KOK5",-0.184247165562742,-0.0298614126595065,"HMP_2019_ibdmdb","IBD",8,5.4
"Before","CSM7KOK7",-0.247865776216575,-0.0457593235937451,"HMP_2019_ibdmdb","IBD",8,5.4
"Before","CSM7KOKB",-0.308876003723067,0.0223428582625138,"HMP_2019_ibdmdb","IBD",8,5.4
"Before","CSM79HIT",-0.199263457350734,0.0767261408847754,"HMP_2019_ibdmdb","IBD",8,5.4
"Before","CSM7KOPW",-0.317984155645473,0.0243706597736966,"HMP_2019_ibdmdb","IBD",8,5.4
"Before","CSM67UAW",-0.245749544490626,0.136015318042434,"HMP_2019_ibdmdb","IBD",8,5.4
"Before","CSM67UAY",-0.234170683814451,0.144852944016368,"HMP_2019_ibdmdb","IBD",8,5.4
"Before","CSM67UB3",-0.26384523655561,0.182793369170278,"HMP_2019_ibdmdb","IBD",8,5.4
"Before","CSM7KOPU",-0.32473845011746,0.0743285696012935,"HMP_2019_ibdmdb","IBD",8,5.4
"Before","CSM7KOKD",-0.269073514630538,-0.0385439322601269,"HMP_2019_ibdmdb","IBD",8,5.4
"Before","CSM79HIZ",-0.170279849184288,-0.0863979749833619,"HMP_2019_ibdmdb","IBD",8,5.4
"Before","CSM7KOPS",-0.184956436941397,-0.0385153444741828,"HMP_2019_ibdmdb","IBD",8,5.4
"Before","CSM79HIV",-0.302770562682267,0.0938689458607666,"HMP_2019_ibdmdb","IBD",8,5.4
"Before","CSM79HIR",-0.315274645915327,0.118247530332195,"HMP_2019_ibdmdb","IBD",8,5.4
"Before","CSM67UB1",-0.284774269543032,0.142891085355754,"HMP_2019_ibdmdb","IBD",8,5.4
"Before","CSM79HIX",-0.334839255664831,0.0586208252526316,"HMP_2019_ibdmdb","IBD",8,5.4
"Before","CSM67UAU",-0.233195935677732,0.0935408091607706,"HMP_2019_ibdmdb","IBD",8,5.4
"Before","CSM79HJ6_P",-0.102545512831612,0.0754892149121673,"HMP_2019_ibdmdb","IBD",8,5.4
"Before","CSM67UB5_P",-0.306362250217996,0.0964868729947274,"HMP_2019_ibdmdb","IBD",8,5.4
"Before","CSM7KOR4_P",-0.333525129295181,0.0892599551768603,"HMP_2019_ibdmdb","IBD",8,5.4
"Before","CSM7KOKP_P",-0.336982082303895,0.171958312195967,"HMP_2019_ibdmdb","IBD",8,5.4
"Before","CSM7KOKL_P",-0.276419012469475,0.190365552901372,"HMP_2019_ibdmdb","IBD",8,5.4
"Before","CSM79HJC_P",-0.267236967371565,0.165866203098228,"HMP_2019_ibdmdb","IBD",8,5.4
"Before","CSM67UB7_P",-0.34914177607742,0.0905886777513696,"HMP_2019_ibdmdb","IBD",8,5.4
"Before","CSM7KOR8_P",-0.312881006236658,0.0489650599555672,"HMP_2019_ibdmdb","IBD",8,5.4
"Before","CSM7KOQZ_P",-0.318419776167298,0.119037445924518,"HMP_2019_ibdmdb","IBD",8,5.4
"Before","CSM79HJ4_P",-0.376567905175806,0.220865999566501,"HMP_2019_ibdmdb","IBD",8,5.4
"Before","CSM79HJ2_P",-0.288901463641261,0.227028634990394,"HMP_2019_ibdmdb","IBD",8,5.4
"Before","CSM67U9X_P",-0.29715656467122,0.244231386936184,"HMP_2019_ibdmdb","IBD",8,5.4
"Before","CSM79HJ8_P",-0.251170920837292,0.0983245450394708,"HMP_2019_ibdmdb","IBD",8,5.4
"Before","CSM7KOKH_P",-0.356336612630956,0.174490714674668,"HMP_2019_ibdmdb","IBD",8,5.4
"Before","CSM67UB9_P",-0.382839069598151,0.186073932252103,"HMP_2019_ibdmdb","IBD",8,5.4
"Before","CSM79HJA",-0.34146124729699,0.113005294758948,"HMP_2019_ibdmdb","IBD",8,5.4
"Before","CSM7KOQX",-0.260327619633025,0.0218220922429012,"HMP_2019_ibdmdb","IBD",8,5.4
"Before","CSM7KOKN",-0.318935486107986,0.173798529078419,"HMP_2019_ibdmdb","IBD",8,5.4
"Before","CSM7KOKJ",-0.295023784663049,0.211363722863526,"HMP_2019_ibdmdb","IBD",8,5.4
"Before","CSM67UBB",0.0247237895023395,-0.0774765364708524,"HMP_2019_ibdmdb","IBD",8,5.4
"Before","CSM7KOR2",-0.351937973121715,0.167233942118539,"HMP_2019_ibdmdb","IBD",8,5.4
"Before","CSM67UB9",-0.372848045932031,0.205719691583683,"HMP_2019_ibdmdb","IBD",8,5.4
"Before","CSM7KOKF",-0.306653018611005,0.203899994491731,"HMP_2019_ibdmdb","IBD",8,5.4
"Before","CSM67UCU_P",-0.204310448809257,-0.13503098557219,"HMP_2019_ibdmdb","IBD",8,5.4
"Before","CSM67UAI_P",0.22885308600696,0.00221394652570605,"HMP_2019_ibdmdb","IBD",8,5.4
"Before","CSM79HHO",-0.0035730950434369,-0.274441818701181,"HMP_2019_ibdmdb","IBD",8,5.4
"Before","CSM79HN6",-0.0511143203253888,-0.308564678471019,"HMP_2019_ibdmdb","IBD",8,5.4
"Before","CSM7KOSX",-0.0311725541063228,-0.312592202141635,"HMP_2019_ibdmdb","IBD",8,5.4
"Before","CSM7KOLK",-0.0494477605789603,-0.279556632435405,"HMP_2019_ibdmdb","IBD",8,5.4
"Before","CSM79HHU",-0.064121910272238,-0.327424341697524,"HMP_2019_ibdmdb","IBD",8,5.4
"Before","CSM7KOSV",-0.100538257227263,-0.326955796969412,"HMP_2019_ibdmdb","IBD",8,5.4
"Before","CSM79HHM",-0.0376020520418572,-0.26047681987912,"HMP_2019_ibdmdb","IBD",8,5.4
"Before","CSM79HN2",0.057483405953487,-0.263825146868407,"HMP_2019_ibdmdb","IBD",8,5.4
"Before","CSM7KOLM",-0.0984180229127443,-0.285826323767189,"HMP_2019_ibdmdb","IBD",8,5.4
"Before","CSM79HGR_P",-0.15831447666008,0.0958117149545186,"HMP_2019_ibdmdb","Healthy",8,5.4
"Before","CSM79HGV_P",-0.108219788763011,0.11235445227403,"HMP_2019_ibdmdb","Healthy",8,5.4
"Before","CSM79HOV",-0.304373435355871,0.095807223689058,"HMP_2019_ibdmdb","Healthy",8,5.4
"Before","CSM79HGX",-0.262083745607423,0.115352038215004,"HMP_2019_ibdmdb","Healthy",8,5.4
"Before","CSM7KOOL",-0.210239366290757,0.0161271830225759,"HMP_2019_ibdmdb","Healthy",8,5.4
"Before","CSM79HP4",-0.0700369382591235,0.0401129708900512,"HMP_2019_ibdmdb","Healthy",8,5.4
"Before","CSM7KOOH",-0.0827058641797705,-0.0658491895655007,"HMP_2019_ibdmdb","Healthy",8,5.4
"Before","CSM79HP6",-0.0949497544367732,0.0439744836342138,"HMP_2019_ibdmdb","Healthy",8,5.4
"Before","CSMAHYLR",-0.0283329188575477,-0.212355853327206,"HMP_2019_ibdmdb","Healthy",8,5.4
"Before","CSM79HGZ",-0.109727113057964,0.0607713198488926,"HMP_2019_ibdmdb","Healthy",8,5.4
"Before","CSMAG78W",-0.00409003999442048,-0.221643101762783,"HMP_2019_ibdmdb","Healthy",8,5.4
"Before","CSM7KOON",-0.11455996417126,-0.0639143084294364,"HMP_2019_ibdmdb","Healthy",8,5.4
"Before","CSM79HOZ",-0.149307653085421,0.085514874164992,"HMP_2019_ibdmdb","Healthy",8,5.4
"Before","CSM67UH7",-0.0565267403861266,0.1024261485128,"HMP_2019_ibdmdb","Healthy",8,5.4
"Before","CSM7KOOP",-0.121090058330364,-0.0519296647929428,"HMP_2019_ibdmdb","Healthy",8,5.4
"Before","CSMAAEUA",-0.248304693620653,-0.00315108663305592,"HMP_2019_ibdmdb","Healthy",8,5.4
"Before","CSMAE44D",-0.242522029898342,0.0948936294135216,"HMP_2019_ibdmdb","Healthy",8,5.4
"Before","CSM7KOOJ",-0.14659814130131,-0.00321020885972089,"HMP_2019_ibdmdb","Healthy",8,5.4
"Before","CSM79HOX",-0.120827171922988,0.0758830166180209,"HMP_2019_ibdmdb","Healthy",8,5.4
"Before","CSMA8M9R",-0.190109938193383,-0.0051137177130398,"HMP_2019_ibdmdb","Healthy",8,5.4
"Before","CSM79HP2",-0.127971971495077,0.0645036414354738,"HMP_2019_ibdmdb","Healthy",8,5.4
"Before","CSM79HH2_P",-0.128144168558851,0.0637904607459366,"HMP_2019_ibdmdb","IBD",8,5.4
"Before","CSM7KONA",-0.195732944935077,0.0784981729340856,"HMP_2019_ibdmdb","IBD",8,5.4
"Before","CSM7KOTC",-0.0916179186446712,0.0179814758265205,"HMP_2019_ibdmdb","IBD",8,5.4
"Before","CSM79HPA",-0.0343649212370613,-0.00418238893243157,"HMP_2019_ibdmdb","IBD",8,5.4
"Before","CSM79HH8",-0.106012435896348,0.0139911974416926,"HMP_2019_ibdmdb","IBD",8,5.4
"Before","CSM7KOTK",-0.0976981616967565,0.0479956334434556,"HMP_2019_ibdmdb","IBD",8,5.4
"Before","CSM79HH4",-0.0838810139720455,0.0760233146071771,"HMP_2019_ibdmdb","IBD",8,5.4
"Before","CSM79HPC",-0.0720240519180029,-0.0230750377317214,"HMP_2019_ibdmdb","IBD",8,5.4
"Before","CSM79HHA",0.0110093649859591,0.0382470239916198,"HMP_2019_ibdmdb","IBD",8,5.4
"Before","CSM79HPA_TR",0.00407265382920648,0.0156560860062996,"HMP_2019_ibdmdb","IBD",8,5.4
"Before","CSM7KONK",-0.255910192993643,0.0829392534595592,"HMP_2019_ibdmdb","IBD",8,5.4
"Before","CSM7KOTA",-0.0932165969162518,0.0629563972818575,"HMP_2019_ibdmdb","IBD",8,5.4
"Before","CSM79HG7_P",-0.289249084969772,0.119280650105484,"HMP_2019_ibdmdb","IBD",8,5.4
"Before","CSM79HHW_P",-0.281337638019725,0.142737600576124,"HMP_2019_ibdmdb","IBD",8,5.4
"Before","CSM79HJQ",0.242256734993659,0.00728364544814843,"HMP_2019_ibdmdb","IBD",8,5.4
"Before","CSMA9J65",-0.250490876873656,0.120396746653414,"HMP_2019_ibdmdb","IBD",8,5.4
"Before","CSM7KOOV",-0.276351815008929,0.114694620729225,"HMP_2019_ibdmdb","IBD",8,5.4
"Before","CSM79HR4",-0.296229335476276,0.125434368706458,"HMP_2019_ibdmdb","IBD",8,5.4
"Before","CSMA88CB",-0.069097143949999,-0.00427442508605622,"HMP_2019_ibdmdb","IBD",8,5.4
"Before","CSMAIG7X",-0.252790623783215,0.0726022973034468,"HMP_2019_ibdmdb","IBD",8,5.4
"Before","CSM79HHW",-0.288180305421449,0.149173081174478,"HMP_2019_ibdmdb","IBD",8,5.4
"Before","CSM79HR6",-0.226571536722363,0.0725471520349051,"HMP_2019_ibdmdb","IBD",8,5.4
"Before","CSMAH393",-0.0352379022955112,-0.0852768063192759,"HMP_2019_ibdmdb","IBD",8,5.4
"Before","CSM79HJS",-0.243593318482511,0.126785178983947,"HMP_2019_ibdmdb","IBD",8,5.4
"Before","CSM7KOOX",-0.294912901545177,0.210144493886098,"HMP_2019_ibdmdb","IBD",8,5.4
"Before","CSM79HR2",-0.295581514444021,0.162665839668575,"HMP_2019_ibdmdb","IBD",8,5.4
"Before","CSMACTZP",-0.225946554238594,0.109233579937357,"HMP_2019_ibdmdb","IBD",8,5.4
"Before","CSM79HQX",-0.267603272118553,0.0811357874949521,"HMP_2019_ibdmdb","IBD",8,5.4
"Before","CSM79HJU",0.0667801317602065,-0.0722169108983526,"HMP_2019_ibdmdb","IBD",8,5.4
"Before","CSM79HJO",-0.27549979911697,0.141073160178064,"HMP_2019_ibdmdb","IBD",8,5.4
"Before","CSMAF72L",-0.223597347144998,0.0409334443233974,"HMP_2019_ibdmdb","IBD",8,5.4
"Before","CSM7KOP2",-0.280975414307308,0.127104968847685,"HMP_2019_ibdmdb","IBD",8,5.4
"Before","CSM79HJM",-0.253672799768119,0.110775405076365,"HMP_2019_ibdmdb","IBD",8,5.4
"Before","CSM7KOOT",-0.255560304758809,0.0903188170671468,"HMP_2019_ibdmdb","IBD",8,5.4
"Before","CSM79HQZ",-0.249924120961915,0.106811416756497,"HMP_2019_ibdmdb","IBD",8,5.4
"Before","CSM7KOOZ",-0.230094690367038,0.0631964532734243,"HMP_2019_ibdmdb","IBD",8,5.4
"Before","CSM79HQV",-0.282730191872231,0.169446285171289,"HMP_2019_ibdmdb","IBD",8,5.4
"Before","CSM7KORC",-0.26970844182676,0.152132663701827,"HMP_2019_ibdmdb","IBD",8,5.4
"Before","CSM7KOKT",-0.233425510707215,-0.0646457683780445,"HMP_2019_ibdmdb","IBD",8,5.4
"Before","CSM79HL6",-0.220662339516728,-0.00804934494042887,"HMP_2019_ibdmdb","IBD",8,5.4
"Before","CSM79HL4",-0.228326621006469,-0.0245313911979714,"HMP_2019_ibdmdb","IBD",8,5.4
"Before","CSM7KOKR",-0.244101996494741,0.00606634519055205,"HMP_2019_ibdmdb","IBD",8,5.4
"Before","CSM7KORI",-0.368857248754216,0.153266878175599,"HMP_2019_ibdmdb","IBD",8,5.4
"Before","CSM7KORG",-0.257603446658562,0.186506002343098,"HMP_2019_ibdmdb","IBD",8,5.4
"Before","CSM7KORK",-0.277053450841772,0.143711887320002,"HMP_2019_ibdmdb","IBD",8,5.4
"Before","CSM7KOL2",-0.305044433851875,0.174160615459455,"HMP_2019_ibdmdb","IBD",8,5.4
"Before","CSM7KOKZ",-0.321256208198595,0.160911193198899,"HMP_2019_ibdmdb","IBD",8,5.4
"Before","CSM79HKX",-0.284899965504749,0.0313975888265494,"HMP_2019_ibdmdb","IBD",8,5.4
"Before","CSM79HKZ",-0.338571553160686,0.0642970909328963,"HMP_2019_ibdmdb","IBD",8,5.4
"Before","CSM79HNG_P",0.138022871078752,-0.0638515460380371,"HMP_2019_ibdmdb","IBD",8,5.4
"Before","CSM79HNE",0.155388065826654,-0.0238894089615913,"HMP_2019_ibdmdb","IBD",8,5.4
"Before","CSM79HNK",0.143628315817104,-0.0815619612717813,"HMP_2019_ibdmdb","IBD",8,5.4
"Before","CSM9X1Y5",0.179403269521594,-0.0820698789161315,"HMP_2019_ibdmdb","IBD",8,5.4
"Before","CSM7KOSH",0.130933373473643,-0.0844606046012862,"HMP_2019_ibdmdb","IBD",8,5.4
"Before","CSM7KOS7",0.162657671066095,-0.0698458419199705,"HMP_2019_ibdmdb","IBD",8,5.4
"Before","CSM79HNI",0.157985313908404,-0.0881157620611663,"HMP_2019_ibdmdb","IBD",8,5.4
"Before","CSM79HNM",0.142914426800927,-0.0697543206786218,"HMP_2019_ibdmdb","IBD",8,5.4
"Before","CSM7KOLY",0.152853150825677,-0.0617032216217507,"HMP_2019_ibdmdb","IBD",8,5.4
"Before","CSM79HJI_P",-0.0356437253346348,0.109106669639162,"HMP_2019_ibdmdb","IBD",8,5.4
"Before","CSM7KOSJ",0.211356933421412,-0.0246099769436483,"HMP_2019_ibdmdb","IBD",8,5.4
"Before","CSM7KOSL",0.162599999911391,-0.0102013815765223,"HMP_2019_ibdmdb","IBD",8,5.4
"Before","CSM79HNW",0.160343471206588,-0.000896293745199976,"HMP_2019_ibdmdb","IBD",8,5.4
"Before","CSM79HNU",0.14260820427051,-0.00126365905041404,"HMP_2019_ibdmdb","IBD",8,5.4
"Before","CSM7KOMB",-0.0481101789512179,-0.188767699358975,"HMP_2019_ibdmdb","IBD",8,5.4
"Before","CSM79HNO",0.184089497106267,-0.019378414941395,"HMP_2019_ibdmdb","IBD",8,5.4
"Before","CSM7KOST",0.209242796457151,-0.0486904073833178,"HMP_2019_ibdmdb","IBD",8,5.4
"Before","CSM7KOSP",0.196645254375666,-0.0388213139019692,"HMP_2019_ibdmdb","IBD",8,5.4
"Before","CSM7KOMH",0.162780791248411,-0.0278805767581761,"HMP_2019_ibdmdb","IBD",8,5.4
"Before","CSM79HNY_P",-0.311789078889288,0.0480699739514012,"HMP_2019_ibdmdb","IBD",8,5.4
"Before","CSM79HR8",-0.32335025367539,0.0682496322942278,"HMP_2019_ibdmdb","IBD",8,5.4
"Before","CSM79HRG",-0.197758060351875,-0.0296920958020711,"HMP_2019_ibdmdb","IBD",8,5.4
"Before","CSM9X1ZC",-0.247094485693689,-0.0272576873808794,"HMP_2019_ibdmdb","IBD",8,5.4
"Before","CSM7KOOF",-0.143384467738706,-0.113024086245365,"HMP_2019_ibdmdb","IBD",8,5.4
"Before","CSM7KOO9",-0.276678710875423,-0.0107167027900651,"HMP_2019_ibdmdb","IBD",8,5.4
"Before","CSM9X1Z4",-0.198314817030847,-0.0667330484322402,"HMP_2019_ibdmdb","IBD",8,5.4
"Before","CSM79HRC",-0.204455524528681,-0.0152647209481747,"HMP_2019_ibdmdb","IBD",8,5.4
"Before","CSM7KOOD",-0.24485214336888,-0.027051563600162,"HMP_2019_ibdmdb","IBD",8,5.4
"Before","CSM7KOO5",-0.300156256656211,0.0124149379895954,"HMP_2019_ibdmdb","IBD",8,5.4
"Before","CSM79HRE",-0.291963657826565,0.0239018412747944,"HMP_2019_ibdmdb","IBD",8,5.4
"Before","CSM7KOU7_P",-0.190522142188334,-0.137927117549993,"HMP_2019_ibdmdb","IBD",8,5.4
"Before","CSM9X1ZY",-0.251288653667415,-0.0857281149521327,"HMP_2019_ibdmdb","IBD",8,5.4
"Before","CSM9X22K",-0.168584896230341,-0.141583371365473,"HMP_2019_ibdmdb","IBD",8,5.4
"Before","CSM7KOP6",-0.162831085305682,-0.161646254379071,"HMP_2019_ibdmdb","IBD",8,5.4
"Before","CSM7KOUB",-0.124615440079608,-0.189129672739139,"HMP_2019_ibdmdb","IBD",8,5.4
"Before","CSM7KOU9",-0.0862018191622002,-0.261684051013481,"HMP_2019_ibdmdb","IBD",8,5.4
"Before","CSM7KOPE",-0.16458489854833,-0.11626957168032,"HMP_2019_ibdmdb","IBD",8,5.4
"Before","CSM9X22G",-0.130727587780443,-0.178665021181188,"HMP_2019_ibdmdb","IBD",8,5.4
"Before","CSM9X1ZO",-0.211080414674217,-0.0861270217349083,"HMP_2019_ibdmdb","IBD",8,5.4
"Before","CSM7KOP8",-0.166177947738717,-0.154960785988347,"HMP_2019_ibdmdb","IBD",8,5.4
"Before","CSM9X22I",-0.102904598128444,-0.192418347103932,"HMP_2019_ibdmdb","IBD",8,5.4
"Before","CSM9X1ZQ",-0.200338044917931,-0.118850014870161,"HMP_2019_ibdmdb","IBD",8,5.4
"Before","CSM7KOQP_P",0.22702793401848,0.0216923217697831,"HMP_2019_ibdmdb","IBD",8,5.4
"Before","CSM79HQR_P",0.0559012847306177,0.032727540766787,"HMP_2019_ibdmdb","IBD",8,5.4
"Before","CSM7KORO",-0.2876618664801,0.144384132841886,"HMP_2019_ibdmdb","IBD",8,5.4
"Before","CSM7KORU",-0.320931466842335,0.204183443492118,"HMP_2019_ibdmdb","IBD",8,5.4
"Before","CSM9X1XU",-0.341388391048242,0.211123845198279,"HMP_2019_ibdmdb","IBD",8,5.4
"Before","CSM7KORM",-0.302583395464447,0.106544146242279,"HMP_2019_ibdmdb","IBD",8,5.4
"Before","CSM9X1Y3",-0.236231880197621,0.128293379036236,"HMP_2019_ibdmdb","IBD",8,5.4
"Before","CSM9X21L",-0.249681184173581,0.131642870994316,"HMP_2019_ibdmdb","IBD",8,5.4
"Before","CSM9X21J",-0.27692948110202,0.158527575831204,"HMP_2019_ibdmdb","IBD",8,5.4
"Before","CSM7KORS",-0.309170792674442,0.176720414110271,"HMP_2019_ibdmdb","IBD",8,5.4
"Before","CSM9X21N",-0.317172627257454,0.168451655324156,"HMP_2019_ibdmdb","IBD",8,5.4
"Before","CSM7KOTS",0.0313051742209156,-0.0515559280636965,"HMP_2019_ibdmdb","IBD",8,5.4
"Before","CSM9X235",-0.0460152840876999,-0.0530203193711367,"HMP_2019_ibdmdb","IBD",8,5.4
"Before","CSM7KOTU",-0.0541361420067305,-0.0286452550698775,"HMP_2019_ibdmdb","IBD",8,5.4
"Before","CSM9X21T",-0.100784043948616,-0.0256847496578463,"HMP_2019_ibdmdb","IBD",8,5.4
"Before","CSM7KOTQ",-0.0474276186599152,-0.0444361889340475,"HMP_2019_ibdmdb","IBD",8,5.4
"Before","CSM9X237",0.150085598953545,-0.0500878496152154,"HMP_2019_ibdmdb","IBD",8,5.4
"Before","CSM7KOTO",-0.127145082244949,-0.0370806624159223,"HMP_2019_ibdmdb","IBD",8,5.4
"Before","CSM9X233",0.0805996462950118,-0.053239411374914,"HMP_2019_ibdmdb","IBD",8,5.4
"Before","CSM9X222",0.0341113352256225,-0.0588478936699376,"HMP_2019_ibdmdb","IBD",8,5.4
"Before","CSM9X23B",-0.0231449478952705,-0.0653218390445525,"HMP_2019_ibdmdb","IBD",8,5.4
"Before","CSM9X1YV",-0.133351398261178,-0.00923851880194994,"HMP_2019_ibdmdb","IBD",8,5.4
"Before","CSM9X21R",-0.136066165154792,0.00409373636202269,"HMP_2019_ibdmdb","IBD",8,5.4
"Before","CSM7KOQ5_P",-0.208317205500738,0.269038238710995,"HMP_2019_ibdmdb","IBD",8,5.4
"Before","CSM7KOUJ_P",-0.328950953876066,0.0380668866999309,"HMP_2019_ibdmdb","IBD",8,5.4
"Before","CSM7KOUL",-0.224629932681342,-0.0494670917678867,"HMP_2019_ibdmdb","IBD",8,5.4
"Before","CSM9X22S",-0.293302827567895,0.0917939319514547,"HMP_2019_ibdmdb","IBD",8,5.4
"Before","CSM9X219",-0.264710416959739,0.057904322731834,"HMP_2019_ibdmdb","IBD",8,5.4
"Before","CSM9X23N",-0.324195930068299,0.029182041347111,"HMP_2019_ibdmdb","IBD",8,5.4
"Before","CSM7KOUN",-0.190389473840178,-0.0644405560651802,"HMP_2019_ibdmdb","IBD",8,5.4
"Before","CSM9X22U",-0.252966138217728,0.101415893593212,"HMP_2019_ibdmdb","IBD",8,5.4
"Before","CSM9X213",-0.262009043113886,0.0506222135229021,"HMP_2019_ibdmdb","IBD",8,5.4
"Before","CSM9X23H",-0.207996010199816,-0.00897153198275308,"HMP_2019_ibdmdb","IBD",8,5.4
"Before","CSM9X211",-0.245677370733733,-0.00340419492918951,"HMP_2019_ibdmdb","IBD",8,5.4
"Before","CSM9X215",-0.254067320247464,0.0513685545970715,"HMP_2019_ibdmdb","IBD",8,5.4
"Before","ESM5MEBA_P",-0.238624899966456,0.240063856992073,"HMP_2019_ibdmdb","IBD",8,5.4
"Before","ESM5ME9G_P",-0.257340993610397,0.250154607933915,"HMP_2019_ibdmdb","IBD",8,5.4
"Before","ESM5MEDZ_P",-0.263234441346475,0.230633057516943,"HMP_2019_ibdmdb","IBD",8,5.4
"Before","HSM5MEE5_P",-0.279454741613013,0.285283638399632,"HMP_2019_ibdmdb","IBD",8,5.4
"Before","ESM5ME9D_P",-0.248132201814062,0.239381040662323,"HMP_2019_ibdmdb","IBD",8,5.4
"Before","ESM5MEE2_P",-0.250154756977162,0.248682201601529,"HMP_2019_ibdmdb","IBD",8,5.4
"Before","ESM5MEE6_P",-0.21282876232546,0.209425630673557,"HMP_2019_ibdmdb","IBD",8,5.4
"Before","ESM5MEBE",-0.235460866773527,0.244544260996413,"HMP_2019_ibdmdb","IBD",8,5.4
"Before","ESM5MECQ",-0.180247839404236,0.233501772925451,"HMP_2019_ibdmdb","IBD",8,5.4
"Before","ESM5MEBG",-0.239027937993334,0.256540003692841,"HMP_2019_ibdmdb","IBD",8,5.4
"Before","ESM5GEXY",-0.218979784896311,0.275982682023548,"HMP_2019_ibdmdb","IBD",8,5.4
"Before","ESM5MECL",-0.246551243915397,0.226986665341655,"HMP_2019_ibdmdb","IBD",8,5.4
"Before","ESM5MEBI",-0.254014482033293,0.248442839544394,"HMP_2019_ibdmdb","IBD",8,5.4
"Before","ESM5GEZ3_P",-0.154569767344475,0.0524983778827597,"HMP_2019_ibdmdb","Healthy",8,5.4
"Before","ESM5MEBP_P",-0.201585546028259,0.125639705757047,"HMP_2019_ibdmdb","Healthy",8,5.4
"Before","ESM5GEYU_P",-0.238076413003421,0.152773406600178,"HMP_2019_ibdmdb","Healthy",8,5.4
"Before","ESM5GEZ1_P",-0.111065171972261,0.0750312662308549,"HMP_2019_ibdmdb","Healthy",8,5.4
"Before","ESM5ME9H_P",-0.304791979679659,0.109563032200281,"HMP_2019_ibdmdb","Healthy",8,5.4
"Before","ESM5GEYX_P",-0.0240520784089467,-0.178092022432495,"HMP_2019_ibdmdb","IBD",8,5.4
"Before","ESM5MEEJ_P",-0.267387773445278,0.0315810210954826,"HMP_2019_ibdmdb","IBD",8,5.4
"Before","ESM5GEZ6_P",-0.164043764105348,-0.0504383629587217,"HMP_2019_ibdmdb","IBD",8,5.4
"Before","ESM5GEZA_P",-0.282869725287701,-0.0112071523015974,"HMP_2019_ibdmdb","IBD",8,5.4
"Before","ESM5GEZ4_P",-0.286734472521237,-0.0220367497600002,"HMP_2019_ibdmdb","IBD",8,5.4
"Before","ESM5MEC5",-0.329399908885159,0.0169807223774434,"HMP_2019_ibdmdb","IBD",8,5.4
"Before","ESM5MEDU",-0.267827998443291,0.0130419455103761,"HMP_2019_ibdmdb","IBD",8,5.4
"Before","ESM5MEBU",-0.274963851870628,0.0253169955768696,"HMP_2019_ibdmdb","IBD",8,5.4
"Before","ESM5MEC3",-0.240118553658402,-0.0299029515618402,"HMP_2019_ibdmdb","IBD",8,5.4
"Before","ESM5MEBS",-0.307425165650072,0.00755578513973263,"HMP_2019_ibdmdb","IBD",8,5.4
"Before","ESM5ME9U",-0.232465894493553,-0.00136986578710693,"HMP_2019_ibdmdb","IBD",8,5.4
"Before","ESM718SY",-0.306490781253363,-0.0247193506506045,"HMP_2019_ibdmdb","IBD",8,5.4
"Before","ESM5MEC9",-0.211762471602013,0.0291238026239684,"HMP_2019_ibdmdb","IBD",8,5.4
"Before","ESM5GEYW_P",0.119885788946574,-0.132615839576509,"HMP_2019_ibdmdb","IBD",8,5.4
"Before","ESM5GEYY_P",-0.103665300660644,0.153065365321003,"HMP_2019_ibdmdb","IBD",8,5.4
"Before","ESM5MEAB_P",-0.133120364433734,-0.00918366456698037,"HMP_2019_ibdmdb","IBD",8,5.4
"Before","ESM5MEA7_P",-0.156358944666394,0.101423693247529,"HMP_2019_ibdmdb","IBD",8,5.4
"Before","ESM5MEA9_P",-0.181637939754022,-0.0594610544170451,"HMP_2019_ibdmdb","IBD",8,5.4
"Before","ESM5MEDP_P",-0.0944086242352862,-0.342397364214253,"HMP_2019_ibdmdb","IBD",8,5.4
"Before","ESM5MEDN",0.0111863119243996,-0.27786430373782,"HMP_2019_ibdmdb","IBD",8,5.4
"Before","ESM718UH",-0.0378027914644036,-0.313219074635263,"HMP_2019_ibdmdb","IBD",8,5.4
"Before","ESM5MEDF",0.193127067971888,-0.140428606115308,"HMP_2019_ibdmdb","IBD",8,5.4
"Before","ESM7F5CB",-0.0550708552552765,-0.270401223606322,"HMP_2019_ibdmdb","IBD",8,5.4
"Before","ESM7F5AK",0.0832768852052009,-0.252411161849384,"HMP_2019_ibdmdb","IBD",8,5.4
"Before","ESM7F5CD",-0.0405015028205611,-0.268337563563705,"HMP_2019_ibdmdb","IBD",8,5.4
"Before","ESM5MEDK",-0.0668971071118635,-0.324429877456749,"HMP_2019_ibdmdb","IBD",8,5.4
"Before","ESM7F5CF",-0.0228977043876741,-0.263209453942365,"HMP_2019_ibdmdb","IBD",8,5.4
"Before","ESM7F5AM",-0.0391996948920522,-0.278219588780619,"HMP_2019_ibdmdb","IBD",8,5.4
"Before","ESM5MEDD",-0.0593517833508914,-0.342098884940525,"HMP_2019_ibdmdb","IBD",8,5.4
"Before","ESM5MEB9_P",-0.0781369081743104,0.339696013829558,"HMP_2019_ibdmdb","IBD",8,5.4
"Before","ESM718TM",0.37196931870824,0.373396141201636,"HMP_2019_ibdmdb","IBD",8,5.4
"Before","ESM9IEP1",0.357360532242726,0.347450597918642,"HMP_2019_ibdmdb","IBD",8,5.4
"Before","ESM7F5C5",0.434354777649595,0.317448072938307,"HMP_2019_ibdmdb","IBD",8,5.4
"Before","ESM718T9",0.40347030496222,0.35948447094718,"HMP_2019_ibdmdb","IBD",8,5.4
"Before","ESM718TF",0.42156217436778,0.37576077049141,"HMP_2019_ibdmdb","IBD",8,5.4
"Before","ESM7F5C7",0.371042225464093,0.349193849077071,"HMP_2019_ibdmdb","IBD",8,5.4
"Before","ESM5MEB7",0.379628530184218,0.294814717098217,"HMP_2019_ibdmdb","IBD",8,5.4
"Before","ESM718TK",0.446262557262968,0.410763416090682,"HMP_2019_ibdmdb","IBD",8,5.4
"Before","ESM718V4",0.450983962573861,0.397735153602153,"HMP_2019_ibdmdb","IBD",8,5.4
"Before","ESM718V8",0.391638709075161,0.347695331084495,"HMP_2019_ibdmdb","IBD",8,5.4
"Before","ESM718T7",0.41921785553694,0.348122699749096,"HMP_2019_ibdmdb","IBD",8,5.4
"Before","ESM5MED2",0.412216441959775,0.347244743138953,"HMP_2019_ibdmdb","IBD",8,5.4
"Before","ESM7F5AE_P",0.0404595290550564,0.16974944556136,"HMP_2019_ibdmdb","IBD",8,5.4
"Before","ESM5MEC7_P",-0.331248109866366,0.143446999953216,"HMP_2019_ibdmdb","IBD",8,5.4
"Before","ESM718U9_P",-0.0522864433877988,0.0533795403388323,"HMP_2019_ibdmdb","IBD",8,5.4
"Before","HSM5FZBQ_P",0.0470209728232377,0.478351478730536,"HMP_2019_ibdmdb","IBD",8,5.4
"Before","HSM5MD5H_P",0.125032269837684,0.404332558292939,"HMP_2019_ibdmdb","IBD",8,5.4
"Before","HSM5MD5K_P",0.349668130046813,0.458858815983193,"HMP_2019_ibdmdb","IBD",8,5.4
"Before","HSM5FZBP_P",0.24629937591243,0.399245637738943,"HMP_2019_ibdmdb","IBD",8,5.4
"Before","HSM5FZC2_P",0.0391629612115304,0.517847651365802,"HMP_2019_ibdmdb","IBD",8,5.4
"Before","HSM5MD7W_P",0.312319365056576,0.452911014348381,"HMP_2019_ibdmdb","IBD",8,5.4
"Before","HSM5FZBR_P",0.0820837279946293,0.487382792150056,"HMP_2019_ibdmdb","IBD",8,5.4
"Before","HSM67VDZ",0.36759135219976,0.46162847148715,"HMP_2019_ibdmdb","IBD",8,5.4
"Before","HSM67VE4",0.267448470341977,0.467144974271903,"HMP_2019_ibdmdb","IBD",8,5.4
"Before","HSM5MD79",0.0391975402981908,0.370480712978929,"HMP_2019_ibdmdb","IBD",8,5.4
"Before","HSM5FZBZ",0.331109620185437,0.430722881218602,"HMP_2019_ibdmdb","IBD",8,5.4
"Before","HSM5MD7J",0.338486281490093,0.442704655927461,"HMP_2019_ibdmdb","IBD",8,5.4
"Before","HSM5MD4U_P",0.00852205483519662,-0.171812245261104,"HMP_2019_ibdmdb","IBD",8,5.4
"Before","HSM5MD4W_P",0.00497877270591733,-0.178786094662669,"HMP_2019_ibdmdb","IBD",8,5.4
"Before","HSM5MD4Y",0.0185355895568564,-0.168500006571095,"HMP_2019_ibdmdb","IBD",8,5.4
"Before","HSM7CYZT",-0.275588579411628,0.336414576852824,"HMP_2019_ibdmdb","IBD",8,5.4
"Before","HSM67VDP",-0.276625423022761,0.331807381269628,"HMP_2019_ibdmdb","IBD",8,5.4
"Before","HSM5MD53",-0.331533085790312,0.0944719392775772,"HMP_2019_ibdmdb","IBD",8,5.4
"Before","HSM7CZ14",-0.276669823110582,0.329157973101077,"HMP_2019_ibdmdb","IBD",8,5.4
"Before","HSM6XRSI",-0.253458771186566,0.353932016617044,"HMP_2019_ibdmdb","IBD",8,5.4
"Before","HSM6XRSG",-0.271724918440315,0.357684556401307,"HMP_2019_ibdmdb","IBD",8,5.4
"Before","HSM7CYZV",-0.28716249748395,0.338427493361208,"HMP_2019_ibdmdb","IBD",8,5.4
"Before","HSM5MD5P",-0.348523854919593,0.0635925589562529,"HMP_2019_ibdmdb","IBD",8,5.4
"Before","HSM5MD4B_P",0.175362686428108,-0.0499503046364262,"HMP_2019_ibdmdb","IBD",8,5.4
"Before","HSM5MD4A_P",0.194855365674732,-0.0733112706091091,"HMP_2019_ibdmdb","IBD",8,5.4
"Before","HSM5MD49_P",0.188183989538818,-0.0713962779057809,"HMP_2019_ibdmdb","IBD",8,5.4
"Before","HSM5MD7O",0.217492125357951,0.018459884762464,"HMP_2019_ibdmdb","IBD",8,5.4
"Before","HSM5MD7M",0.217430726074601,-0.0658823699497518,"HMP_2019_ibdmdb","IBD",8,5.4
"Before","HSM67VEG",0.223519204789094,-0.0719348721872831,"HMP_2019_ibdmdb","IBD",8,5.4
"Before","HSM5MD7Q",0.212673844345481,0.0211758273634616,"HMP_2019_ibdmdb","IBD",8,5.4
"Before","HSM5MD7S",0.215757961563301,-0.0374121128253937,"HMP_2019_ibdmdb","IBD",8,5.4
"Before","HSM67VEC",0.17533171973384,-0.014341650823791,"HMP_2019_ibdmdb","IBD",8,5.4
"Before","HSM7CYXC",0.0312508623300438,-0.174105547455731,"HMP_2019_ibdmdb","IBD",8,5.4
"Before","HSM5MD7U",0.216854042635482,-0.0494200739559163,"HMP_2019_ibdmdb","IBD",8,5.4
"Before","HSM67VEI",0.0960683193412193,-0.157266169293494,"HMP_2019_ibdmdb","IBD",8,5.4
"Before","HSM67VEM_TR",0.0980965133871856,-0.162313593823066,"HMP_2019_ibdmdb","IBD",8,5.4
"Before","HSM67VEE",0.208780707630993,-0.036525249153172,"HMP_2019_ibdmdb","IBD",8,5.4
"Before","HSM7CYXA",0.0600083399917928,-0.209915144420606,"HMP_2019_ibdmdb","IBD",8,5.4
"Before","HSM5MD48",-0.0200231339350028,-0.178944477727892,"HMP_2019_ibdmdb","IBD",8,5.4
"Before","HSM7CYX6",0.0910679711188547,-0.177254282201976,"HMP_2019_ibdmdb","IBD",8,5.4
"Before","HSM7CYX8",0.0681840227990562,-0.18772292102519,"HMP_2019_ibdmdb","IBD",8,5.4
"Before","HSM5MD7K",0.0239413208241452,-0.181034382652634,"HMP_2019_ibdmdb","IBD",8,5.4
"Before","HSM67VEK",0.184153877572303,-0.0837034854750093,"HMP_2019_ibdmdb","IBD",8,5.4
"Before","HSM7CYX4",0.00673127310872189,-0.204631314020564,"HMP_2019_ibdmdb","IBD",8,5.4
"Before","HSM67VEM",0.0679336774192177,-0.18339257279646,"HMP_2019_ibdmdb","IBD",8,5.4
"Before","HSM7CYX2",0.125370477969301,-0.133716638324243,"HMP_2019_ibdmdb","IBD",8,5.4
"Before","HSM5MD4P_P",-0.278617064865533,0.161816346582459,"HMP_2019_ibdmdb","IBD",8,5.4
"Before","HSM5MD7Z_P",-0.319894218752588,0.117466045251054,"HMP_2019_ibdmdb","IBD",8,5.4
"Before","HSM7CYXQ",-0.298192021696416,0.117223319271992,"HMP_2019_ibdmdb","IBD",8,5.4
"Before","HSM67VHS",-0.292872751089407,0.170170917154186,"HMP_2019_ibdmdb","IBD",8,5.4
"Before","HSM67VHQ",-0.308827714931735,0.121693246887381,"HMP_2019_ibdmdb","IBD",8,5.4
"Before","HSM67VI1",-0.321103455491854,0.108105541484526,"HMP_2019_ibdmdb","IBD",8,5.4
"Before","HSM7CYXS",-0.241138375987447,0.0867450856420592,"HMP_2019_ibdmdb","IBD",8,5.4
"Before","HSM67VHW",-0.275090804169024,0.152558709480269,"HMP_2019_ibdmdb","IBD",8,5.4
"Before","HSM5MD4O",-0.257003669498376,0.148676993291456,"HMP_2019_ibdmdb","IBD",8,5.4
"Before","HSM5MD4N",-0.269159745717325,0.135128078355496,"HMP_2019_ibdmdb","IBD",8,5.4
"Before","HSM6XRSN",-0.292422978706096,0.194601616493916,"HMP_2019_ibdmdb","IBD",8,5.4
"Before","HSM6XRST",-0.256727257275854,0.159937379629786,"HMP_2019_ibdmdb","IBD",8,5.4
"Before","HSM7CZ2J_P",-0.187185402513208,-0.017873001704068,"HMP_2019_ibdmdb","Healthy",8,5.4
"Before","HSM7CZ2L_P",-0.0829819552283772,-0.0794290325465181,"HMP_2019_ibdmdb","Healthy",8,5.4
"Before","HSM6XRT6_P",0.0106148002411738,0.035692708119607,"HMP_2019_ibdmdb","Healthy",8,5.4
"Before","HSM6XRT2_P",-0.308885734042299,0.0722440781744213,"HMP_2019_ibdmdb","Healthy",8,5.4
"Before","CSM7CZ2F_P",-0.200249085620934,0.0239958855732536,"HMP_2019_ibdmdb","Healthy",8,5.4
"Before","HSM5MD57_P",-0.251568721927314,0.0839999933922605,"HMP_2019_ibdmdb","Healthy",8,5.4
"Before","HSM67VG6_P",-0.103439551267587,-0.0748692838661999,"HMP_2019_ibdmdb","Healthy",8,5.4
"Before","HSM6XRSZ_P",-0.272558224317985,0.170534757434695,"HMP_2019_ibdmdb","Healthy",8,5.4
"Before","HSM67VFX_P",-0.124017069340102,0.0657018499988728,"HMP_2019_ibdmdb","Healthy",8,5.4
"Before","HSM5MD5F_P",0.031508222156391,0.0305434316015535,"HMP_2019_ibdmdb","Healthy",8,5.4
"Before","HSM6XRSX_P",-0.195576660795344,0.104963974418583,"HMP_2019_ibdmdb","Healthy",8,5.4
"Before","HSM5MD5D_P",-0.134825148757274,0.0602744882312561,"HMP_2019_ibdmdb","Healthy",8,5.4
"Before","HSM5MD8A_P",-0.204059205537847,-0.00662089876825423,"HMP_2019_ibdmdb","Healthy",8,5.4
"Before","HSM67VG2_P",0.0150894619933772,0.0135844461900179,"HMP_2019_ibdmdb","Healthy",8,5.4
"Before","HSM6XRT4_P",-0.264921676709486,0.180497576066954,"HMP_2019_ibdmdb","Healthy",8,5.4
"Before","HSM5MD5B_P",-0.00797575689781519,-0.0197211065717765,"HMP_2019_ibdmdb","Healthy",8,5.4
"Before","HSM5MD59_P",-0.0852856292269471,-0.0198173028602097,"HMP_2019_ibdmdb","Healthy",8,5.4
"Before","HSM7CZ2H",-0.250291473086074,0.096317435201515,"HMP_2019_ibdmdb","Healthy",8,5.4
"Before","HSM67VFX",-0.151298151944596,0.0780027442841172,"HMP_2019_ibdmdb","Healthy",8,5.4
"Before","HSM5MD5D",-0.107899876036512,0.0495175287087918,"HMP_2019_ibdmdb","Healthy",8,5.4
"Before","HSM6XRSX",-0.172719801327345,0.0937010599317588,"HMP_2019_ibdmdb","Healthy",8,5.4
"Before","HSM67VFZ",-0.254576010130576,0.0922928649273319,"HMP_2019_ibdmdb","Healthy",8,5.4
"Before","HSM5MD5B",0.091681984951748,-0.0541452892782689,"HMP_2019_ibdmdb","Healthy",8,5.4
"Before","HSM67VG8",-0.132421745166732,-0.134642199918198,"HMP_2019_ibdmdb","Healthy",8,5.4
"Before","HSM67VGI_P",0.114228868698153,0.296202512044845,"HMP_2019_ibdmdb","Healthy",8,5.4
"Before","HSM7CYYV_P",0.335873674357085,0.29769981808579,"HMP_2019_ibdmdb","Healthy",8,5.4
"Before","HSM67VGA_P",-0.248018985954055,-0.011518276531598,"HMP_2019_ibdmdb","Healthy",8,5.4
"Before","HSM6XRTA_P",-0.0198483469754004,0.18809942963104,"HMP_2019_ibdmdb","Healthy",8,5.4
"Before","HSM6XRTC_P",0.233789996836301,0.245695500380389,"HMP_2019_ibdmdb","Healthy",8,5.4
"Before","HSM5MD8P_P",0.241253515378612,0.418300347109587,"HMP_2019_ibdmdb","Healthy",8,5.4
"Before","HSM5MD8D_P",0.338445508907825,0.346213844971615,"HMP_2019_ibdmdb","Healthy",8,5.4
"Before","HSM6XRTE_P",-0.000763090908553352,0.0793193597747059,"HMP_2019_ibdmdb","Healthy",8,5.4
"Before","HSM7CYYR_P",0.0553185998847243,0.322209623843371,"HMP_2019_ibdmdb","Healthy",8,5.4
"Before","HSM67VGE_P",0.155367351272248,0.269501027425747,"HMP_2019_ibdmdb","Healthy",8,5.4
"Before","HSM5MD82_P",0.121470063392085,0.239678106227701,"HMP_2019_ibdmdb","Healthy",8,5.4
"Before","HSM6XRTG_P",0.310675144143838,0.32521845145054,"HMP_2019_ibdmdb","Healthy",8,5.4
"Before","HSM5MD8L_P",0.373008621064364,0.347062057194081,"HMP_2019_ibdmdb","Healthy",8,5.4
"Before","HSM5MD8B_P",0.291490726172576,0.319863336521892,"HMP_2019_ibdmdb","Healthy",8,5.4
"Before","HSM5MD8N_P",-0.052430687644448,0.0547757891420948,"HMP_2019_ibdmdb","Healthy",8,5.4
"Before","HSM67VGA",-0.214995444308551,-0.00705764968482616,"HMP_2019_ibdmdb","Healthy",8,5.4
"Before","HSM6XRT8",-0.0556455197083919,-0.0254539835526952,"HMP_2019_ibdmdb","Healthy",8,5.4
"Before","HSM67VGC",-0.114992185784313,-0.00789108801726583,"HMP_2019_ibdmdb","Healthy",8,5.4
"Before","HSM67VGK",0.357638758970647,0.344426309632957,"HMP_2019_ibdmdb","Healthy",8,5.4
"Before","HSM67VGG",-0.0414045776747592,0.0202438981781078,"HMP_2019_ibdmdb","Healthy",8,5.4
"Before","HSM6XRTG",0.312471981017729,0.331528223336495,"HMP_2019_ibdmdb","Healthy",8,5.4
"Before","HSM67VGK_TR",0.350047927221917,0.348027431318512,"HMP_2019_ibdmdb","Healthy",8,5.4
"Before","HSM5MD47_P",0.168313508863933,-0.170965864382699,"HMP_2019_ibdmdb","IBD",8,5.4
"Before","HSM5MD44_P",0.252863524167006,-0.0500718335692775,"HMP_2019_ibdmdb","IBD",8,5.4
"Before","HSM5MD87_P",-0.0102999807008226,-0.261802776656768,"HMP_2019_ibdmdb","IBD",8,5.4
"Before","HSM5MD43_P",-0.0628319678422408,-0.264336875803245,"HMP_2019_ibdmdb","IBD",8,5.4
"Before","HSM6XRTQ",0.160152916358165,-0.224726717357944,"HMP_2019_ibdmdb","IBD",8,5.4
"Before","HSM5MD3Y",0.046687116570856,-0.244123403714241,"HMP_2019_ibdmdb","IBD",8,5.4
"Before","HSM6XRTM",-0.0117547593662063,-0.298720543358853,"HMP_2019_ibdmdb","IBD",8,5.4
"Before","HSM67VH1",0.0615739177040855,-0.231873703576957,"HMP_2019_ibdmdb","IBD",8,5.4
"Before","HSM5MD43",-0.0681521163672422,-0.259373133869962,"HMP_2019_ibdmdb","IBD",8,5.4
"Before","HSM6XRTS",-0.0512805399021847,-0.303464319817736,"HMP_2019_ibdmdb","IBD",8,5.4
"Before","HSM5MD41",-0.138599496254401,-0.243488822878832,"HMP_2019_ibdmdb","IBD",8,5.4
"Before","HSM67VGY",-0.022498502386463,-0.31891589086256,"HMP_2019_ibdmdb","IBD",8,5.4
"Before","HSM6XRTO",-0.00737170802716749,-0.284984815083749,"HMP_2019_ibdmdb","IBD",8,5.4
"Before","HSM5MD8J_P",0.092626394200235,0.183807968351275,"HMP_2019_ibdmdb","IBD",8,5.4
"Before","HSM5MD8F_P",-0.163159944344117,0.146250277908843,"HMP_2019_ibdmdb","IBD",8,5.4
"Before","HSM5MD8H_P",0.0878550882697538,-0.115147321695076,"HMP_2019_ibdmdb","Healthy",8,5.4
"Before","HSM5MD6I_P",0.0363148388641176,-0.0859372623502559,"HMP_2019_ibdmdb","Healthy",8,5.4
"Before","HSM5MD6K_P",0.0459665276543931,-0.0943099950977685,"HMP_2019_ibdmdb","Healthy",8,5.4
"Before","HSM5MD6E_P",0.0298329428778637,-0.0815036845432442,"HMP_2019_ibdmdb","Healthy",8,5.4
"Before","HSM5MD6M",0.0663841128136144,-0.0831966602519522,"HMP_2019_ibdmdb","Healthy",8,5.4
"Before","HSM6XRVK",0.174908765996474,-0.0837122155467171,"HMP_2019_ibdmdb","Healthy",8,5.4
"Before","HSM6XRVA",0.059230724629596,-0.100176426332096,"HMP_2019_ibdmdb","Healthy",8,5.4
"Before","HSM7J4QZ",0.124749402119908,-0.118265533871096,"HMP_2019_ibdmdb","Healthy",8,5.4
"Before","HSM5MD6K",0.0556809978884455,-0.0976354287015734,"HMP_2019_ibdmdb","Healthy",8,5.4
"Before","HSM6XRVC_TR",0.110900569314924,-0.0929403933732588,"HMP_2019_ibdmdb","Healthy",8,5.4
"Before","HSM6XRRJ",0.0132785013830317,-0.0621135390871643,"HMP_2019_ibdmdb","Healthy",8,5.4
"Before","HSM5MD6I",0.0487692127945939,-0.0925055532918556,"HMP_2019_ibdmdb","Healthy",8,5.4
"Before","HSM7J4R2",0.0677593747781237,-0.090816737433902,"HMP_2019_ibdmdb","Healthy",8,5.4
"Before","HSM6XRVC",0.078189859258268,-0.103680246582052,"HMP_2019_ibdmdb","Healthy",8,5.4
"Before","HSM5MD3L_P",-0.0546544427404898,0.00517114830976676,"HMP_2019_ibdmdb","IBD",8,5.4
"Before","HSM6XRS2",-0.0964427972883236,0.0582402982434917,"HMP_2019_ibdmdb","IBD",8,5.4
"Before","HSM7J4QT",-0.173246567706214,-0.0314158091290862,"HMP_2019_ibdmdb","IBD",8,5.4
"Before","HSM5MD6C",-0.109579169472534,0.00141026507417407,"HMP_2019_ibdmdb","IBD",8,5.4
"Before","HSM5MD66",-0.260629687801999,0.108199194783792,"HMP_2019_ibdmdb","IBD",8,5.4
"Before","HSM6XRVM",-0.0438516262856542,-0.0274933668961369,"HMP_2019_ibdmdb","IBD",8,5.4
"Before","HSM6XRVO",-0.0873555727550095,0.0539445226255152,"HMP_2019_ibdmdb","IBD",8,5.4
"Before","HSM6XRRV",-0.166810109455766,0.0411061654329257,"HMP_2019_ibdmdb","IBD",8,5.4
"Before","HSM5MD6A",-0.256027937258601,0.0469457890151645,"HMP_2019_ibdmdb","IBD",8,5.4
"Before","HSM5MD6A_TR",-0.275157060171082,0.0656622780458348,"HMP_2019_ibdmdb","IBD",8,5.4
"Before","HSM6XRVU",-0.195569721965641,0.000134073652256379,"HMP_2019_ibdmdb","IBD",8,5.4
"Before","HSM6XRVW",-0.0473757035836349,0.0598450524490518,"HMP_2019_ibdmdb","IBD",8,5.4
"Before","HSM5MD5X_P",-0.214413253443234,0.146875091987317,"HMP_2019_ibdmdb","IBD",8,5.4
"Before","HSM7J4QJ",0.199263605557479,0.0139927382698412,"HMP_2019_ibdmdb","IBD",8,5.4
"Before","HSM6XRS8",0.142047720568464,0.064885464661685,"HMP_2019_ibdmdb","IBD",8,5.4
"Before","HSM7J4QD",0.189515961301525,-0.04646050200874,"HMP_2019_ibdmdb","IBD",8,5.4
"Before","HSM5MD75",-0.226255032622679,0.152463125987885,"HMP_2019_ibdmdb","IBD",8,5.4
"Before","HSM7CYZD",0.136538251420443,-0.0368430044567771,"HMP_2019_ibdmdb","IBD",8,5.4
"Before","HSM6XRS4",0.205270206010772,0.0318695161654851,"HMP_2019_ibdmdb","IBD",8,5.4
"Before","HSM6XRSE",0.0281196123067891,0.0404500472652643,"HMP_2019_ibdmdb","IBD",8,5.4
"Before","HSM7CYZF",0.144884037611595,-0.0159610760594299,"HMP_2019_ibdmdb","IBD",8,5.4
"Before","HSM7CYZB",0.129302479272413,-0.0382845153987401,"HMP_2019_ibdmdb","IBD",8,5.4
"Before","HSM6XRS6",0.225306747978983,0.0188552745760484,"HMP_2019_ibdmdb","IBD",8,5.4
"Before","HSM7J4QB",0.179529260515464,-0.0264360923875124,"HMP_2019_ibdmdb","IBD",8,5.4
"Before","HSM7J4QH",0.218645564194422,-0.0409389684735375,"HMP_2019_ibdmdb","IBD",8,5.4
"Before","HSM7CYZ9",0.126071555692131,-0.00650093480310184,"HMP_2019_ibdmdb","IBD",8,5.4
"Before","HSM5MD71",-0.173521019605003,0.0756928253679534,"HMP_2019_ibdmdb","IBD",8,5.4
"Before","HSM7J4QL",0.138179705630559,-0.0464662247722658,"HMP_2019_ibdmdb","IBD",8,5.4
"Before","HSM5MD73",-0.223147599956575,0.0798509813104234,"HMP_2019_ibdmdb","IBD",8,5.4
"Before","HSM7CYZ5",0.0977093667874081,0.0022319000105743,"HMP_2019_ibdmdb","IBD",8,5.4
"Before","HSM7CYZ7",0.171804169304709,0.00454958254758084,"HMP_2019_ibdmdb","IBD",8,5.4
"Before","HSM5MD6Y",-0.0873844851963873,0.0490960091992919,"HMP_2019_ibdmdb","IBD",8,5.4
"Before","HSM5MD62",-0.322164369618856,0.0605531576109529,"HMP_2019_ibdmdb","IBD",8,5.4
"Before","HSM7J4QF",0.133911554186293,-0.0300301992874208,"HMP_2019_ibdmdb","IBD",8,5.4
"Before","HSM5MD5Z_P",-0.322207499413613,-0.0399725452659846,"HMP_2019_ibdmdb","Healthy",8,5.4
"Before","HSM5MD6O_P",-0.265924709365076,-0.0665289969105908,"HMP_2019_ibdmdb","Healthy",8,5.4
"Before","HSM5MD6S_P",-0.232757069765109,-0.0406221053205449,"HMP_2019_ibdmdb","Healthy",8,5.4
"Before","HSM5MD6U_P",-0.22896076462532,6.11126288572784e-06,"HMP_2019_ibdmdb","Healthy",8,5.4
"Before","HSM7CYXI",-0.294424275504068,0.00662180680254993,"HMP_2019_ibdmdb","Healthy",8,5.4
"Before","HSM5MD6Q",-0.236556542018006,-0.0426157358193769,"HMP_2019_ibdmdb","Healthy",8,5.4
"Before","HSM7CYXG",-0.331762173032499,0.184765789716533,"HMP_2019_ibdmdb","Healthy",8,5.4
"Before","HSM7J4KO",-0.337579374645863,0.188229291380165,"HMP_2019_ibdmdb","Healthy",8,5.4
"Before","HSM7CYXE",-0.395469673444351,0.141735375146927,"HMP_2019_ibdmdb","Healthy",8,5.4
"Before","HSM5MD6W",-0.248421335217525,0.122006121435403,"HMP_2019_ibdmdb","Healthy",8,5.4
"Before","HSM7CYXO",-0.360244240842916,0.10745326176349,"HMP_2019_ibdmdb","Healthy",8,5.4
"Before","HSM7J4KQ",-0.310852041079866,0.0817907243135648,"HMP_2019_ibdmdb","Healthy",8,5.4
"Before","HSM67VF3",-0.361930160952425,0.0834999862139883,"HMP_2019_ibdmdb","Healthy",8,5.4
"Before","HSM7J4I3",-0.371675953952604,0.13428416193412,"HMP_2019_ibdmdb","Healthy",8,5.4
"Before","HSM6XRQB_P",0.017088277546478,0.0219259209298366,"HMP_2019_ibdmdb","IBD",8,5.4
"Before","HSM67VHK",-0.308633650678883,0.314598638674311,"HMP_2019_ibdmdb","IBD",8,5.4
"Before","HSM6XRQI",-0.368036792178538,0.124315402861127,"HMP_2019_ibdmdb","IBD",8,5.4
"Before","HSM67VFH",-0.19823291104393,0.174269764992199,"HMP_2019_ibdmdb","IBD",8,5.4
"Before","HSM7CYYB",0.201588833272288,0.0263017286940647,"HMP_2019_ibdmdb","IBD",8,5.4
"Before","HSM6XRQO",-0.335086431389601,0.132212556822121,"HMP_2019_ibdmdb","IBD",8,5.4
"Before","HSM7CYY5",-0.295755999461489,0.105953412176031,"HMP_2019_ibdmdb","IBD",8,5.4
"Before","HSM67VFF",-0.308475937994772,0.213693604588841,"HMP_2019_ibdmdb","IBD",8,5.4
"Before","HSM7CYY3",-0.288545425865253,0.0424081876597514,"HMP_2019_ibdmdb","IBD",8,5.4
"Before","HSM6XRQK",-0.378850435380659,0.140931668668061,"HMP_2019_ibdmdb","IBD",8,5.4
"Before","HSM6XRQB",-0.10888662693283,0.0609821084036535,"HMP_2019_ibdmdb","IBD",8,5.4
"Before","HSM67VFD",-0.295320587535328,0.345168859421407,"HMP_2019_ibdmdb","IBD",8,5.4
"Before","HSM67VFJ",-0.218209218637842,0.135433520337066,"HMP_2019_ibdmdb","IBD",8,5.4
"Before","HSM6XRQM",-0.356238690109169,0.137206803301535,"HMP_2019_ibdmdb","IBD",8,5.4
"Before","HSM7CYY7",-0.115223558040909,-0.135856002191536,"HMP_2019_ibdmdb","IBD",8,5.4
"Before","HSM67VF9",-0.2572229490047,0.321511454328654,"HMP_2019_ibdmdb","IBD",8,5.4
"Before","HSM7CYYD",-0.267923281101522,0.0846198570788596,"HMP_2019_ibdmdb","IBD",8,5.4
"Before","HSM7CYY9",0.141045667478373,0.281815683785809,"HMP_2019_ibdmdb","IBD",8,5.4
"Before","HSM6XRQC_P",0.0330379787405443,0.0429829636422591,"HMP_2019_ibdmdb","Healthy",8,5.4
"Before","HSM7CYYP",-0.346858659968321,0.212027531654215,"HMP_2019_ibdmdb","Healthy",8,5.4
"Before","HSM6XRQY",-0.323099598512524,0.171150861992563,"HMP_2019_ibdmdb","Healthy",8,5.4
"Before","HSM7J4LF",-0.360904494838233,0.23608072403452,"HMP_2019_ibdmdb","Healthy",8,5.4
"Before","HSM6XRQS",-0.278191040842077,0.129893421450242,"HMP_2019_ibdmdb","Healthy",8,5.4
"Before","HSM6XRQW",-0.306634214680123,0.190405235864194,"HMP_2019_ibdmdb","Healthy",8,5.4
"Before","HSM67VFR",-0.346489951526388,0.251214361125094,"HMP_2019_ibdmdb","Healthy",8,5.4
"Before","HSM7CYYF",-0.230058804708894,0.119508522888685,"HMP_2019_ibdmdb","Healthy",8,5.4
"Before","HSM6XRQU",-0.278816283079664,0.140415990301889,"HMP_2019_ibdmdb","Healthy",8,5.4
"Before","HSM7J4LD",-0.26494739218837,0.143233451146555,"HMP_2019_ibdmdb","Healthy",8,5.4
"Before","HSM7CYYH",-0.301413421758928,0.241116774952906,"HMP_2019_ibdmdb","Healthy",8,5.4
"Before","HSM6XRQE_P",0.0792465559382455,0.0828754344256162,"HMP_2019_ibdmdb","IBD",8,5.4
"Before","HSM7J4PK",-0.029209241817477,0.0977811251982828,"HMP_2019_ibdmdb","IBD",8,5.4
"Before","HSM6XRR5",-0.0172088437441617,-0.0891573167729164,"HMP_2019_ibdmdb","IBD",8,5.4
"Before","HSM6XRV2",0.0156770495078321,-0.042329212830442,"HMP_2019_ibdmdb","IBD",8,5.4
"Before","HSM7J4PC",0.0796010529001453,-0.0723586857082732,"HMP_2019_ibdmdb","IBD",8,5.4
"Before","HSM6XRUZ",-0.0454831216000863,-0.00309189028092122,"HMP_2019_ibdmdb","IBD",8,5.4
"Before","HSM7J4M4",0.0283361121838851,0.0853791423970048,"HMP_2019_ibdmdb","IBD",8,5.4
"Before","HSM7J4PI",0.0399549744277839,-0.00328409082752311,"HMP_2019_ibdmdb","IBD",8,5.4
"Before","HSM7J4M6",-0.117034085584059,-0.00474876466640642,"HMP_2019_ibdmdb","IBD",8,5.4
"Before","HSM7J4PE",0.00207791320622729,-0.0333272526583588,"HMP_2019_ibdmdb","IBD",8,5.4
"Before","HSM6XRR7",-0.0615693007291053,-0.0663666765009337,"HMP_2019_ibdmdb","IBD",8,5.4
"Before","HSM7J4PM",-0.022130201973117,-0.00213975829819412,"HMP_2019_ibdmdb","IBD",8,5.4
"Before","HSM6XRUX",-0.142892270833954,-0.0519230735763907,"HMP_2019_ibdmdb","IBD",8,5.4
"Before","HSM7J4M8",-0.0648815999267427,-0.075093084369507,"HMP_2019_ibdmdb","IBD",8,5.4
"Before","HSM7J4PG",-0.247650749621081,0.0711458758825034,"HMP_2019_ibdmdb","IBD",8,5.4
"Before","HSM7J4ME",0.0645062720942041,-0.0477968773962652,"HMP_2019_ibdmdb","IBD",8,5.4
"Before","HSM6XRV4",-0.0152391680812014,-0.145580442131402,"HMP_2019_ibdmdb","IBD",8,5.4
"Before","HSM7J4MC",-0.0912978470056955,-0.065725205974242,"HMP_2019_ibdmdb","IBD",8,5.4
"Before","HSM7J4MA",-0.0273021017793043,-0.0694091399552035,"HMP_2019_ibdmdb","IBD",8,5.4
"Before","HSM6XRV8",0.185369487658257,-0.0352348567737355,"HMP_2019_ibdmdb","IBD",8,5.4
"Before","HSM6XRRD",0.025145383484816,-0.00583270002447938,"HMP_2019_ibdmdb","IBD",8,5.4
"Before","HSM6XRRB",0.211898549770517,-0.214206233053683,"HMP_2019_ibdmdb","IBD",8,5.4
"Before","HSM6XRV6",0.0140170667057477,-0.0417334309229394,"HMP_2019_ibdmdb","IBD",8,5.4
"Before","HSM67VCX_P",-0.136673550914802,-0.152059719279297,"HMP_2019_ibdmdb","IBD",8,5.4
"Before","HSM7J4PU",-0.121208078489922,-0.185155808038325,"HMP_2019_ibdmdb","IBD",8,5.4
"Before","HSM67VHH",-0.0666161153016319,-0.149582588300908,"HMP_2019_ibdmdb","IBD",8,5.4
"Before","HSM67VHD",-0.129251521144009,-0.197437374482291,"HMP_2019_ibdmdb","IBD",8,5.4
"Before","HSM7J4IO",0.197987224090859,-0.0593704594560193,"HMP_2019_ibdmdb","IBD",8,5.4
"Before","HSM7J4PW",-0.050575720212787,-0.19517444131312,"HMP_2019_ibdmdb","IBD",8,5.4
"Before","HSM7J4PY",-0.112197259010861,-0.164262576393181,"HMP_2019_ibdmdb","IBD",8,5.4
"Before","HSM7J4IS",-0.0887413607835047,-0.141522794781125,"HMP_2019_ibdmdb","IBD",8,5.4
"Before","HSM67VCZ",-0.146164753516376,-0.158166771826382,"HMP_2019_ibdmdb","IBD",8,5.4
"Before","HSM7J4IP",-0.0610450319926467,-0.162783362032211,"HMP_2019_ibdmdb","IBD",8,5.4
"Before","HSM67VD6",-0.120336441161094,-0.162128176383797,"HMP_2019_ibdmdb","IBD",8,5.4
"Before","HSM7J4PO",-0.0263583140058683,-0.161927497010508,"HMP_2019_ibdmdb","IBD",8,5.4
"Before","HSM67VHB",-0.140313315623642,-0.174311035847802,"HMP_2019_ibdmdb","IBD",8,5.4
"Before","HSM67VD4",-0.00334802054131358,-0.0789683458687804,"HMP_2019_ibdmdb","IBD",8,5.4
"Before","HSM6XRR3",-0.0778519255080542,-0.0913857794121461,"HMP_2019_ibdmdb","IBD",8,5.4
"Before","HSM7J4PS",-0.0921977242682102,-0.163361161830099,"HMP_2019_ibdmdb","IBD",8,5.4
"Before","HSM7J4IR",-0.0764937271572763,-0.140547110639048,"HMP_2019_ibdmdb","IBD",8,5.4
"Before","HSM7J4PQ",-0.136460611719382,-0.164302546023259,"HMP_2019_ibdmdb","IBD",8,5.4
"Before","HSM7J4IQ",-0.0717063968811388,-0.141623215330205,"HMP_2019_ibdmdb","IBD",8,5.4
"Before","HSM67VHF",-0.157840765348219,-0.190999687854855,"HMP_2019_ibdmdb","IBD",8,5.4
"Before","HSM6XRUV",-0.15982261401865,-0.194048889601099,"HMP_2019_ibdmdb","IBD",8,5.4
"Before","HSM67VD2",-0.158808157335788,-0.20408720715561,"HMP_2019_ibdmdb","IBD",8,5.4
"Before","HSM67VHJ",-0.102281518249905,-0.145143776785712,"HMP_2019_ibdmdb","IBD",8,5.4
"Before","HSM67VDX_P",0.0484125681705559,-0.23601718810424,"HMP_2019_ibdmdb","Healthy",8,5.4
"Before","HSM67VEW",-0.0123504158598575,-0.299298646777653,"HMP_2019_ibdmdb","Healthy",8,5.4
"Before","HSM7J4IW",0.00942973078982846,-0.296013719803821,"HMP_2019_ibdmdb","Healthy",8,5.4
"Before","HSM7J4G1",0.0829819937955359,-0.188566204868058,"HMP_2019_ibdmdb","Healthy",8,5.4
"Before","HSM7J4IU",0.0161838935716997,-0.286346833133813,"HMP_2019_ibdmdb","Healthy",8,5.4
"Before","HSM67VEQ",0.0108919418945806,-0.274171571677786,"HMP_2019_ibdmdb","Healthy",8,5.4
"Before","HSM7J4G8",0.0509567895193804,-0.249395062911875,"HMP_2019_ibdmdb","Healthy",8,5.4
"Before","HSM7CYZL",0.0248971659731213,-0.267931665521222,"HMP_2019_ibdmdb","Healthy",8,5.4
"Before","HSM7J4RE",-0.0049136275064464,-0.31742050451085,"HMP_2019_ibdmdb","Healthy",8,5.4
"Before","HSM7CYZJ",-0.00378192120867536,-0.226695689665043,"HMP_2019_ibdmdb","Healthy",8,5.4
"Before","HSM67VEO",-0.0142509881930256,-0.291693231433049,"HMP_2019_ibdmdb","Healthy",8,5.4
"Before","HSM7CYZR",0.0529418916901954,-0.291818589756005,"HMP_2019_ibdmdb","Healthy",8,5.4
"Before","HSM67VEU",0.00829742314040021,-0.282782131784527,"HMP_2019_ibdmdb","Healthy",8,5.4
"Before","HSM67VES",-0.0223325135912459,-0.298223305596021,"HMP_2019_ibdmdb","Healthy",8,5.4
"Before","HSM67VDR_P",-0.276632403224827,0.0904964141855248,"HMP_2019_ibdmdb","Healthy",8,5.4
"Before","HSM7CZ18",0.0336648348561819,0.206683381406214,"HMP_2019_ibdmdb","Healthy",8,5.4
"Before","HSM7J4HG",0.0320772659948818,0.296376662319461,"HMP_2019_ibdmdb","Healthy",8,5.4
"Before","HSM7CZ16",0.327955352806472,0.396086668020001,"HMP_2019_ibdmdb","Healthy",8,5.4
"Before","HSM7J4KG",0.151121263141262,0.366782105155322,"HMP_2019_ibdmdb","Healthy",8,5.4
"Before","HSM7J4HA",0.0605262494673661,0.313245636148008,"HMP_2019_ibdmdb","Healthy",8,5.4
"Before","HSM7J4HK",-0.0956143653705557,0.166274234375417,"HMP_2019_ibdmdb","Healthy",8,5.4
"Before","HSM7CZ1G",0.280267608004048,0.402052984870902,"HMP_2019_ibdmdb","Healthy",8,5.4
"Before","HSM7J4KM",0.181892483835588,0.320877900223734,"HMP_2019_ibdmdb","Healthy",8,5.4
"Before","HSM6XRUN",-0.299893299942947,0.0474342370034315,"HMP_2019_ibdmdb","Healthy",8,5.4
"Before","HSM7J4KI",-0.142854291950387,0.0746465751032378,"HMP_2019_ibdmdb","Healthy",8,5.4
"Before","HSM6XRUL",-0.323141471736724,0.0358684168721749,"HMP_2019_ibdmdb","Healthy",8,5.4
"Before","HSM7J4HE",0.293552732126999,0.438660250617488,"HMP_2019_ibdmdb","Healthy",8,5.4
"Before","HSM7CZ1E",0.354995684394729,0.447416484040868,"HMP_2019_ibdmdb","Healthy",8,5.4
"Before","HSM7J4HI",0.0395253136978828,0.305861796668178,"HMP_2019_ibdmdb","Healthy",8,5.4
"Before","HSM7J4HC",-0.0625623478377116,0.349670073604387,"HMP_2019_ibdmdb","Healthy",8,5.4
"Before","HSM6XRQ8",0.321911260998949,0.406866048205707,"HMP_2019_ibdmdb","Healthy",8,5.4
"Before","HSM7J4KC",0.332882725264953,0.437021759102605,"HMP_2019_ibdmdb","Healthy",8,5.4
"Before","HSM6XRUR",0.385635270528274,0.442721115902255,"HMP_2019_ibdmdb","Healthy",8,5.4
"Before","HSM7CZ1C",-0.114589365816412,-0.0598938602239259,"HMP_2019_ibdmdb","Healthy",8,5.4
"Before","HSM7J4KK",-0.101310126085686,0.0713678063879063,"HMP_2019_ibdmdb","Healthy",8,5.4
"Before","HSM7CZ1A",-0.107602237958948,0.232480742987062,"HMP_2019_ibdmdb","Healthy",8,5.4
"Before","HSM67VDT_P",-0.31523328599501,0.0341743572299686,"HMP_2019_ibdmdb","Healthy",8,5.4
"Before","HSM7J4I9",-0.154527861020894,-0.0577244526739167,"HMP_2019_ibdmdb","Healthy",8,5.4
"Before","HSM7CZ2A",-0.305622968723008,-0.0143489160644571,"HMP_2019_ibdmdb","Healthy",8,5.4
"Before","HSM7CZ24",-0.299263146738425,0.0728721756508043,"HMP_2019_ibdmdb","Healthy",8,5.4
"Before","HSM7J4I7",-0.247214526378548,-0.0247773639131052,"HMP_2019_ibdmdb","Healthy",8,5.4
"Before","HSM7J4I5",-0.30006157959235,-0.0445048319393105,"HMP_2019_ibdmdb","Healthy",8,5.4
"Before","HSM67VI7",-0.266935376232999,0.0526426199802389,"HMP_2019_ibdmdb","Healthy",8,5.4
"Before","HSM7CZ2E",-0.360968642146939,-0.00303966480948511,"HMP_2019_ibdmdb","Healthy",8,5.4
"Before","HSM7J4HW",-0.266941337701964,-0.0408120585631579,"HMP_2019_ibdmdb","Healthy",8,5.4
"Before","HSM7J4O5",-0.273627102639761,-0.0832942093123181,"HMP_2019_ibdmdb","Healthy",8,5.4
"Before","HSM7CZ26",-0.250675240561835,-0.0535290384740047,"HMP_2019_ibdmdb","Healthy",8,5.4
"Before","HSM67VI3",-0.296383943115408,0.117027560911271,"HMP_2019_ibdmdb","Healthy",8,5.4
"Before","HSM7CZ28",-0.283918280089228,0.0990662578962269,"HMP_2019_ibdmdb","Healthy",8,5.4
"Before","HSM7J4NY",-0.306825866411536,0.0129665264842725,"HMP_2019_ibdmdb","Healthy",8,5.4
"Before","HSM67VI5",-0.174804673332964,0.0271762289668332,"HMP_2019_ibdmdb","Healthy",8,5.4
"Before","HSM7J4O1",-0.242174664593453,-0.0645887920384207,"HMP_2019_ibdmdb","Healthy",8,5.4
"Before","HSM7J4O3",-0.271760429239433,-0.0649078509806048,"HMP_2019_ibdmdb","Healthy",8,5.4
"Before","HSM67VDT",-0.302725635177091,0.0219042064670104,"HMP_2019_ibdmdb","Healthy",8,5.4
"Before","HSM7J4HY",-0.369991838157213,0.0114004248156037,"HMP_2019_ibdmdb","Healthy",8,5.4
"Before","HSM67VIB",-0.223051254288924,-0.0309765478200589,"HMP_2019_ibdmdb","Healthy",8,5.4
"Before","HSM7J4O9",-0.284287412920518,-0.00553667587449442,"HMP_2019_ibdmdb","Healthy",8,5.4
"Before","HSM67VI9",-0.292155538660748,0.0341276613458047,"HMP_2019_ibdmdb","Healthy",8,5.4
"Before","HSM7J4O7",-0.237861708868025,0.0388739125302384,"HMP_2019_ibdmdb","Healthy",8,5.4
"Before","HSM7CZ1T_P",-0.358715672058198,0.098250512911541,"HMP_2019_ibdmdb","IBD",8,5.4
"Before","HSMA33O3",-0.295170142490269,0.187765949476216,"HMP_2019_ibdmdb","IBD",8,5.4
"Before","HSMA33O1",-0.291442864506578,0.155855095356062,"HMP_2019_ibdmdb","IBD",8,5.4
"Before","HSM7CZ22",-0.297605690281408,0.0453148698021814,"HMP_2019_ibdmdb","IBD",8,5.4
"Before","HSM7J4NE",-0.290844351227934,0.120597021261867,"HMP_2019_ibdmdb","IBD",8,5.4
"Before","HSM7J4NC",-0.233586481107742,0.0330544578238434,"HMP_2019_ibdmdb","IBD",8,5.4
"Before","HSM7CZ1Z",-0.248362560214491,0.129048045138313,"HMP_2019_ibdmdb","IBD",8,5.4
"Before","HSM7J4GR",-0.363969698539034,0.122079552961316,"HMP_2019_ibdmdb","IBD",8,5.4
"Before","HSM7J4NM",-0.201352460381941,0.0718560928262719,"HMP_2019_ibdmdb","IBD",8,5.4
"Before","HSM7J4GP",-0.281864556801532,0.0841206990430901,"HMP_2019_ibdmdb","IBD",8,5.4
"Before","HSM7CZ1V",-0.369743584255748,0.12693539453162,"HMP_2019_ibdmdb","IBD",8,5.4
"Before","HSM67VIJ_P",0.221492643566763,0.374232552642553,"HMP_2019_ibdmdb","IBD",8,5.4
"Before","HSM67VID",0.299393929894194,0.385981564678586,"HMP_2019_ibdmdb","IBD",8,5.4
"Before","HSM67VIF",0.289236227556167,0.343548233880049,"HMP_2019_ibdmdb","IBD",8,5.4
"Before","HSM7J4N4",0.00538831536201852,0.296469161232198,"HMP_2019_ibdmdb","IBD",8,5.4
"Before","HSM7J4NA",-0.0679145298067914,0.235353111019311,"HMP_2019_ibdmdb","IBD",8,5.4
"Before","HSM67VIL",0.309305212613864,0.446126126750937,"HMP_2019_ibdmdb","IBD",8,5.4
"Before","HSM7J4GD",0.0879507242699808,0.403492957951035,"HMP_2019_ibdmdb","IBD",8,5.4
"Before","HSM7J4MY",0.139616453377047,0.370199507788093,"HMP_2019_ibdmdb","IBD",8,5.4
"Before","HSM7J4N8",0.155936167986437,0.407319403638499,"HMP_2019_ibdmdb","IBD",8,5.4
"Before","HSM7J4N6",0.293617946408502,0.420145676198665,"HMP_2019_ibdmdb","IBD",8,5.4
"Before","HSM7CYWS_P",-0.27001347914412,0.0768604330924042,"HMP_2019_ibdmdb","IBD",8,5.4
"Before","HSMA33JZ",-0.178971871239587,0.18330260634265,"HMP_2019_ibdmdb","IBD",8,5.4
"Before","HSM7CZ2Z",-0.131234929423531,-0.196235708388908,"HMP_2019_ibdmdb","IBD",8,5.4
"Before","HSM7J4OP",-0.330499838818372,0.0233828261506339,"HMP_2019_ibdmdb","IBD",8,5.4
"Before","HSM7J4OV",0.232269919819195,-0.000371479228917063,"HMP_2019_ibdmdb","IBD",8,5.4
"Before","HSM7CZ32",-0.3000978679818,0.155751713181561,"HMP_2019_ibdmdb","IBD",8,5.4
"Before","HSM7J4ON",-0.295168553078729,0.00463023968351148,"HMP_2019_ibdmdb","IBD",8,5.4
"Before","HSM7J4OT",0.178485266954098,0.0267528093898291,"HMP_2019_ibdmdb","IBD",8,5.4
"Before","HSM7CZ36",0.0105749456036504,0.0459538445002681,"HMP_2019_ibdmdb","IBD",8,5.4
"Before","HSM7J4L9",-0.31682382505217,0.0186567979424105,"HMP_2019_ibdmdb","IBD",8,5.4
"Before","HSM7J4L5",-0.355921784821444,0.0857950296104629,"HMP_2019_ibdmdb","IBD",8,5.4
"Before","HSM7J4OX",-0.0754633877887648,0.157413190381639,"HMP_2019_ibdmdb","IBD",8,5.4
"Before","HSM7CZ38",-0.404414521759039,0.138758795661942,"HMP_2019_ibdmdb","IBD",8,5.4
"Before","HSM7CZ2V_P",-0.32656057803843,0.113036337722258,"HMP_2019_ibdmdb","IBD",8,5.4
"Before","HSM7J4PA",-0.330783994076575,0.152831822069148,"HMP_2019_ibdmdb","IBD",8,5.4
"Before","HSM7CZ3G",-0.359760190981296,0.0451514567952887,"HMP_2019_ibdmdb","IBD",8,5.4
"Before","HSM7CZ3E",-0.284581267711702,0.0237163974350833,"HMP_2019_ibdmdb","IBD",8,5.4
"Before","HSMA33JD",-0.273857507379756,0.0478849413330768,"HMP_2019_ibdmdb","IBD",8,5.4
"Before","HSM7J4MK",-0.285704540060496,0.0387895736608622,"HMP_2019_ibdmdb","IBD",8,5.4
"Before","HSM7CZ3C",-0.2933814249069,0.095719179308311,"HMP_2019_ibdmdb","IBD",8,5.4
"Before","HSM7CZ3A",-0.304081782469654,0.0949014761634933,"HMP_2019_ibdmdb","IBD",8,5.4
"Before","HSM7J4OB",-0.252564124751289,0.0925024088734831,"HMP_2019_ibdmdb","IBD",8,5.4
"Before","HSM7J4OE",-0.323990107206393,0.0793937237638204,"HMP_2019_ibdmdb","IBD",8,5.4
"Before","HSMA33JB",-0.28735735833196,-0.0456315900246349,"HMP_2019_ibdmdb","IBD",8,5.4
"Before","HSM7J4OL",-0.367274483781826,0.130534633106131,"HMP_2019_ibdmdb","IBD",8,5.4
"Before","HSM7J4Q3_P",0.151135908289422,-0.255688275496682,"HMP_2019_ibdmdb","IBD",8,5.4
"Before","HSM7J4OZ",0.0474598538037442,-0.273549953610445,"HMP_2019_ibdmdb","IBD",8,5.4
"Before","HSM7J4MS",-0.0333903821468708,-0.27444969535682,"HMP_2019_ibdmdb","IBD",8,5.4
"Before","HSM7J4MW",-0.001984811640299,-0.29460440137167,"HMP_2019_ibdmdb","IBD",8,5.4
"Before","HSM7J4Q7",0.0928407318699014,-0.230092023769794,"HMP_2019_ibdmdb","IBD",8,5.4
"Before","HSMA33JR",0.0027724936599186,-0.253562029174103,"HMP_2019_ibdmdb","IBD",8,5.4
"Before","HSMA33MV",-0.0220894883569112,-0.263967535689111,"HMP_2019_ibdmdb","IBD",8,5.4
"Before","HSM7J4IC",-0.0173738045882247,-0.299025904629063,"HMP_2019_ibdmdb","IBD",8,5.4
"Before","HSM7J4Q9",-0.0283886166935809,-0.281638727890107,"HMP_2019_ibdmdb","IBD",8,5.4
"Before","HSM7J4Q1",0.0535706388443658,-0.237790746763671,"HMP_2019_ibdmdb","IBD",8,5.4
"Before","HSMA33JN",0.00906963279170142,-0.231309115261154,"HMP_2019_ibdmdb","IBD",8,5.4
"Before","HSM7J4P2",0.00106248649539637,-0.286356947229616,"HMP_2019_ibdmdb","IBD",8,5.4
"Before","HSMA33JP",-0.0348716878787327,-0.257792204464203,"HMP_2019_ibdmdb","IBD",8,5.4
"Before","HSM7CZ2X_P",-0.271769087742185,0.261074271436303,"HMP_2019_ibdmdb","IBD",8,5.4
"Before","HSM7J4KA",-0.196761060757293,0.224268976417699,"HMP_2019_ibdmdb","IBD",8,5.4
"Before","HSM7J4K4",-0.0522751509533915,0.0385977067714169,"HMP_2019_ibdmdb","IBD",8,5.4
"Before","HSMA33MI",-0.290458700286746,0.171785697909895,"HMP_2019_ibdmdb","IBD",8,5.4
"Before","HSMA33OP",-0.354623037560155,0.179419862454919,"HMP_2019_ibdmdb","IBD",8,5.4
"Before","HSMA33MK",-0.229708838531283,0.223086318313287,"HMP_2019_ibdmdb","IBD",8,5.4
"Before","HSMA33OT",-0.310344517327624,0.0713812490407647,"HMP_2019_ibdmdb","IBD",8,5.4
"Before","HSM7J4JZ",-0.112077834075198,0.105682465215725,"HMP_2019_ibdmdb","IBD",8,5.4
"Before","HSMA33MG",-0.207430684393588,0.12235872113019,"HMP_2019_ibdmdb","IBD",8,5.4
"Before","HSMA33ME",-0.261394805704702,0.129943634585162,"HMP_2019_ibdmdb","IBD",8,5.4
"Before","HSMA33OR",-0.21867844146549,0.141677560367106,"HMP_2019_ibdmdb","IBD",8,5.4
"Before","HSM7J4HU",-0.308043301912398,0.181804818927261,"HMP_2019_ibdmdb","IBD",8,5.4
"Before","HSM7J4HS",-0.0312179151814808,0.0751649927142878,"HMP_2019_ibdmdb","IBD",8,5.4
"Before","HSMA33MC",-0.270850732261883,0.0524692821479096,"HMP_2019_ibdmdb","IBD",8,5.4
"Before","HSM7J4K8",-0.104370350599617,0.053108106631022,"HMP_2019_ibdmdb","IBD",8,5.4
"Before","HSM7J4K6",-0.189154978408633,-0.0135454530341801,"HMP_2019_ibdmdb","IBD",8,5.4
"Before","HSMA33MA",-0.128895123238899,0.02809840396225,"HMP_2019_ibdmdb","IBD",8,5.4
"Before","HSM7J4K2",-0.280072051770436,-0.00733406083541113,"HMP_2019_ibdmdb","IBD",8,5.4
"Before","HSMA33OX",-0.193998706605347,0.0540678791613906,"HMP_2019_ibdmdb","IBD",8,5.4
"Before","HSM7J4HQ",-0.23476776614861,0.255560065953184,"HMP_2019_ibdmdb","IBD",8,5.4
"Before","HSM7J4HO",-0.169611639959464,0.172764211755807,"HMP_2019_ibdmdb","IBD",8,5.4
"Before","HSM7J4HM",-0.14520094211756,0.153365549585845,"HMP_2019_ibdmdb","IBD",8,5.4
"Before","HSMA33OV",-0.267063160878833,0.0736618848214385,"HMP_2019_ibdmdb","IBD",8,5.4
"Before","HSMA33OZ",-0.300122410863771,0.195554663645703,"HMP_2019_ibdmdb","IBD",8,5.4
"Before","HSMA33NG_P",-0.384949538820079,0.141053153636103,"HMP_2019_ibdmdb","IBD",8,5.4
"Before","HSMA33KO",-0.308955735211838,-0.00219738515719173,"HMP_2019_ibdmdb","IBD",8,5.4
"Before","HSM7J4J9",-0.342915621273409,0.214678084886132,"HMP_2019_ibdmdb","IBD",8,5.4
"Before","HSMA33KE",-0.289654967037637,0.0856089032554096,"HMP_2019_ibdmdb","IBD",8,5.4
"Before","HSMA33Q6",-0.342690744116957,0.133195416210614,"HMP_2019_ibdmdb","IBD",8,5.4
"Before","HSMA33PX",-0.307265716363498,0.20942659365414,"HMP_2019_ibdmdb","IBD",8,5.4
"Before","HSMA33KM",-0.183130494863138,-0.0190220496809878,"HMP_2019_ibdmdb","IBD",8,5.4
"Before","HSM7J4J7",-0.342942496636106,0.209167303274055,"HMP_2019_ibdmdb","IBD",8,5.4
"Before","HSMA33NA",-0.34151541890473,0.0401540351150617,"HMP_2019_ibdmdb","IBD",8,5.4
"Before","HSMA33NC",-0.15029674605909,0.0333903252740393,"HMP_2019_ibdmdb","IBD",8,5.4
"Before","HSM7J4JD",-0.338339811619451,0.135068802191171,"HMP_2019_ibdmdb","IBD",8,5.4
"Before","HSM7J4JF",-0.353811231073498,0.0957211871232283,"HMP_2019_ibdmdb","IBD",8,5.4
"Before","HSMA33PZ",-0.383197666047638,0.160052610358181,"HMP_2019_ibdmdb","IBD",8,5.4
"Before","HSM7J4LP",0.179421680633528,0.0250680674683283,"HMP_2019_ibdmdb","IBD",8,5.4
"Before","HSM7J4JH",0.213596502203667,0.00611210995716023,"HMP_2019_ibdmdb","IBD",8,5.4
"Before","HSM7J4JN",0.220621121238226,-0.0493349846165932,"HMP_2019_ibdmdb","IBD",8,5.4
"Before","HSMA33NQ",0.19825520210514,-0.0230871887702505,"HMP_2019_ibdmdb","IBD",8,5.4
"Before","HSMA33KQ",0.245222180497835,-0.0484466027979297,"HMP_2019_ibdmdb","IBD",8,5.4
"Before","HSM7J4JP",0.228446715916583,-0.0600353807967858,"HMP_2019_ibdmdb","IBD",8,5.4
"Before","HSMA33L1",0.256827501671409,-0.0745758543858294,"HMP_2019_ibdmdb","IBD",8,5.4
"Before","HSMA33PL",0.23974073520401,-0.0582869266954071,"HMP_2019_ibdmdb","IBD",8,5.4
"Before","HSMA33KU",0.246852769710871,-0.060167299893233,"HMP_2019_ibdmdb","IBD",8,5.4
"Before","HSMA33PN",0.246847349386855,-0.0716407749266919,"HMP_2019_ibdmdb","IBD",8,5.4
"Before","HSMA33KS",0.235588181860895,-0.0483617903510481,"HMP_2019_ibdmdb","IBD",8,5.4
"Before","HSM7J4JJ",0.246227921643747,-0.071252743610728,"HMP_2019_ibdmdb","IBD",8,5.4
"Before","HSMA33NO",0.207458528912389,-0.024396419648391,"HMP_2019_ibdmdb","IBD",8,5.4
"Before","HSM7J4JT_P",0.273013097176721,0.39375992481957,"HMP_2019_ibdmdb","IBD",8,5.4
"Before","HSMA33M2",0.119959668033732,0.259990422213943,"HMP_2019_ibdmdb","IBD",8,5.4
"Before","HSMA33M8",0.250037905252674,0.475386076720309,"HMP_2019_ibdmdb","IBD",8,5.4
"Before","HSMA33OD",-0.0930890528822646,0.271803180504901,"HMP_2019_ibdmdb","IBD",8,5.4
"Before","HSM7J4NS",0.169554496478305,0.287494647028622,"HMP_2019_ibdmdb","IBD",8,5.4
"Before","HSMA33OL",0.236626515696325,0.469226103128233,"HMP_2019_ibdmdb","IBD",8,5.4
"Before","HSM7J4NU",0.122999087125545,0.191194712195143,"HMP_2019_ibdmdb","IBD",8,5.4
"Before","HSMA33OJ",0.0834213038255985,0.424195064797463,"HMP_2019_ibdmdb","IBD",8,5.4
"Before","HSMA33LX",0.149464708812661,0.257870384496387,"HMP_2019_ibdmdb","IBD",8,5.4
"Before","HSMA33LZ",0.175002020783016,0.396357130030194,"HMP_2019_ibdmdb","IBD",8,5.4
"Before","HSM7J4NO",0.23882423062694,0.486880353806478,"HMP_2019_ibdmdb","IBD",8,5.4
"Before","HSM7J4JV_P",0.297015467968661,0.407801450719631,"HMP_2019_ibdmdb","IBD",8,5.4
"Before","HSMA33IO",-0.28229951331756,0.359482043802713,"HMP_2019_ibdmdb","IBD",8,5.4
"Before","HSMA33N4",0.112649623992012,0.00973842384094539,"HMP_2019_ibdmdb","IBD",8,5.4
"Before","HSMA33MX",0.328894112115097,0.517106775687868,"HMP_2019_ibdmdb","IBD",8,5.4
"Before","HSMA33IS",0.173035730630852,0.115066959770152,"HMP_2019_ibdmdb","IBD",8,5.4
"Before","HSMA33MZ",0.436584215039836,0.427612835800978,"HMP_2019_ibdmdb","IBD",8,5.4
"Before","HSMA33RF",0.276996525320944,0.350489585729959,"HMP_2019_ibdmdb","IBD",8,5.4
"Before","HSMA33RD",0.427021124469906,0.33170723778867,"HMP_2019_ibdmdb","IBD",8,5.4
"Before","HSMA33R9",-0.129968609381726,-0.0493376751442483,"HMP_2019_ibdmdb","IBD",8,5.4
"Before","HSMA33QY",-0.112747719102132,-0.0558400095049858,"HMP_2019_ibdmdb","IBD",8,5.4
"Before","HSMA33IE",-0.250260296600291,0.0034759520476345,"HMP_2019_ibdmdb","IBD",8,5.4
"Before","HSMA33R7",-0.268336829805406,0.110598493664513,"HMP_2019_ibdmdb","IBD",8,5.4
"Before","HSMA33S4",-0.254937757934346,-0.0450127002444962,"HMP_2019_ibdmdb","IBD",8,5.4
"Before","HSMA33IK",-0.293884073410428,0.0545329056571033,"HMP_2019_ibdmdb","IBD",8,5.4
"Before","HSMA33IG",-0.257714369303445,-0.0554476151573438,"HMP_2019_ibdmdb","IBD",8,5.4
"Before","HSMA33R1",-0.270771173629618,-0.0182423152194479,"HMP_2019_ibdmdb","IBD",8,5.4
"Before","HSMA33R5",-0.166681127108632,-0.0211605035867265,"HMP_2019_ibdmdb","IBD",8,5.4
"Before","HSMA33LP",-0.19492816501255,-0.0296136908526203,"HMP_2019_ibdmdb","IBD",8,5.4
"Before","HSMA33P2_P",-0.119335244128408,-0.116069412914851,"HMP_2019_ibdmdb","IBD",8,5.4
"Before","HSMA33LB",-0.153852236022082,0.108223800793776,"HMP_2019_ibdmdb","IBD",8,5.4
"Before","HSMA33RR",-0.197516116071995,0.12843037353147,"HMP_2019_ibdmdb","IBD",8,5.4
"Before","HSMA33LH",-0.330798448242544,0.0700736826691624,"HMP_2019_ibdmdb","IBD",8,5.4
"Before","HSMA33LH_TR",-0.297406964755237,0.0567191038792576,"HMP_2019_ibdmdb","IBD",8,5.4
"Before","HSMA33NW",-0.311241911494799,0.071373527364043,"HMP_2019_ibdmdb","IBD",8,5.4
"Before","HSMA33P6",-0.207538511201968,-0.0798994766112136,"HMP_2019_ibdmdb","IBD",8,5.4
"Before","HSMA33LJ",-0.279391648470638,0.0748472100093056,"HMP_2019_ibdmdb","IBD",8,5.4
"Before","HSMA33RT",-0.305619630400729,-0.0444754841535846,"HMP_2019_ibdmdb","IBD",8,5.4
"Before","HSMA33RX_TR",-0.241405927255991,-0.105218121991886,"HMP_2019_ibdmdb","IBD",8,5.4
"Before","HSMA33IC",-0.169346438877934,-0.0538372019245423,"HMP_2019_ibdmdb","IBD",8,5.4
"Before","HSMA33IA",-0.200643920518959,-0.0972086492932996,"HMP_2019_ibdmdb","IBD",8,5.4
"Before","HSMA33RX",-0.284599325725742,-0.0768509868567476,"HMP_2019_ibdmdb","IBD",8,5.4
"Before","HSMA33J1_P",-0.214542069730263,0.127351503041323,"HMP_2019_ibdmdb","Healthy",8,5.4
"Before","HSMA33SG",-0.0764540184384459,-0.0219253372597982,"HMP_2019_ibdmdb","Healthy",8,5.4
"Before","HSMA33J7",-0.174785522529458,0.133767802827404,"HMP_2019_ibdmdb","Healthy",8,5.4
"Before","HSMA33J9",-0.122894241258728,0.0421109972232667,"HMP_2019_ibdmdb","Healthy",8,5.4
"Before","HSMA33NY",-0.0516979499012274,0.279927820909822,"HMP_2019_ibdmdb","Healthy",8,5.4
"Before","HSMA33SI",0.0784313727659579,0.0243413691741488,"HMP_2019_ibdmdb","Healthy",8,5.4
"Before","HSMA33SK",-0.030869375831811,0.0933156514576599,"HMP_2019_ibdmdb","Healthy",8,5.4
"Before","HSMA33MS",0.171663926559903,0.357067049110944,"HMP_2019_ibdmdb","Healthy",8,5.4
"Before","HSMA33J5",0.288195820918193,0.331302907789554,"HMP_2019_ibdmdb","Healthy",8,5.4
"Before","HSMA33QM",-0.178708451532137,0.0334944589617822,"HMP_2019_ibdmdb","Healthy",8,5.4
"Before","HSMA33SE",0.0550682799414612,0.110453575109318,"HMP_2019_ibdmdb","Healthy",8,5.4
"Before","HSMA33QO",0.279394885712709,0.406424040018737,"HMP_2019_ibdmdb","Healthy",8,5.4
"Before","HSMA33J3",0.175917632237973,0.433821983254043,"HMP_2019_ibdmdb","Healthy",8,5.4
"Before","MSM5LLD6_P",-0.0128320027342731,-0.0522932144583598,"HMP_2019_ibdmdb","IBD",8,5.4
"Before","MSM5LLI4_P",0.0178988894293616,-0.102219376061753,"HMP_2019_ibdmdb","IBD",8,5.4
"Before","MSM5LLHQ_P",0.0103456695036978,-0.077639792112435,"HMP_2019_ibdmdb","IBD",8,5.4
"Before","MSM5LLHX_P",0.0276709642370012,-0.112051793582097,"HMP_2019_ibdmdb","IBD",8,5.4
"Before","MSM5LLI6_P",-0.0312830365609797,-0.0875601249159983,"HMP_2019_ibdmdb","IBD",8,5.4
"Before","MSM5LLI2_P",-0.0103218083346218,-0.0783976678532365,"HMP_2019_ibdmdb","IBD",8,5.4
"Before","MSM5LLI8_P",-0.0163152038124436,-0.0712043047426874,"HMP_2019_ibdmdb","IBD",8,5.4
"Before","MSM5LLDU",-0.00399028065860356,-0.0589751741995297,"HMP_2019_ibdmdb","IBD",8,5.4
"Before","MSM6J2LB",-0.102288935149792,0.00770757768122187,"HMP_2019_ibdmdb","IBD",8,5.4
"Before","MSM5LLDE",0.0227155518826174,-0.0667172580366773,"HMP_2019_ibdmdb","IBD",8,5.4
"Before","MSM5LLDS",-0.0439303035286279,-0.0782213826002284,"HMP_2019_ibdmdb","IBD",8,5.4
"Before","MSM5LLDI",-0.0554907113756062,-0.0864352914141777,"HMP_2019_ibdmdb","IBD",8,5.4
"Before","MSM5LLDK",-0.0148510438428435,-0.0860389802949762,"HMP_2019_ibdmdb","IBD",8,5.4
"Before","MSM5LLDA",0.00329212712682481,-0.0984679732901707,"HMP_2019_ibdmdb","IBD",8,5.4
"Before","MSM5LLDM",-0.0345369336219181,-0.0979413402011233,"HMP_2019_ibdmdb","IBD",8,5.4
"Before","MSM5LLDC",0.00305358152858904,-0.0465902457396854,"HMP_2019_ibdmdb","IBD",8,5.4
"Before","MSM5LLDQ",-0.0061311983780721,-0.088218771285351,"HMP_2019_ibdmdb","IBD",8,5.4
"Before","MSM5LLE9_P",0.261500839202544,-0.0260658156860721,"HMP_2019_ibdmdb","IBD",8,5.4
"Before","MSM5LLE3_P",0.245092362029842,-0.0122874390753268,"HMP_2019_ibdmdb","IBD",8,5.4
"Before","MSM5FZ9N_P",0.222357844758638,0.0602838974517342,"HMP_2019_ibdmdb","IBD",8,5.4
"Before","MSM633FF_P",0.268330799227338,-0.0389185825969888,"HMP_2019_ibdmdb","IBD",8,5.4
"Before","MSM5FZ9X_P",0.243268544306431,-0.0359544168137443,"HMP_2019_ibdmdb","IBD",8,5.4
"Before","MSM5FZA2_P",0.248150418076791,-0.0334108035631967,"HMP_2019_ibdmdb","IBD",8,5.4
"Before","MSM5ZOJY_P",0.265824422635576,-0.0422845325300456,"HMP_2019_ibdmdb","IBD",8,5.4
"Before","MSM5LLGF_P",0.0111628043335539,-0.244509359972499,"HMP_2019_ibdmdb","IBD",8,5.4
"Before","MSM5LLGH_P",-0.194970634954405,-0.0778700020117129,"HMP_2019_ibdmdb","IBD",8,5.4
"Before","CSM5LLGB_P",-0.173755709787352,0.260785465017028,"HMP_2019_ibdmdb","IBD",8,5.4
"Before","MSM5LLGD_P",-0.079810261589005,-0.226555660923872,"HMP_2019_ibdmdb","IBD",8,5.4
"Before","MSM5LLGJ_P",-0.107943494919063,-0.0473296284522507,"HMP_2019_ibdmdb","IBD",8,5.4
"Before","MSM6J2J1",-0.18566010865131,0.0164934202359616,"HMP_2019_ibdmdb","IBD",8,5.4
"Before","MSM6J2QR",-0.284186376756505,0.061991686579468,"HMP_2019_ibdmdb","IBD",8,5.4
"Before","MSM6J2IQ",-0.146597934535155,-0.121559703143574,"HMP_2019_ibdmdb","IBD",8,5.4
"Before","MSM5LLGL",-0.246923679260571,0.0152257998967884,"HMP_2019_ibdmdb","IBD",8,5.4
"Before","MSM6J2IY",-0.25066030326716,0.0870458956710424,"HMP_2019_ibdmdb","IBD",8,5.4
"Before","MSM5LLIG_P",-0.244052322017819,0.144016457337462,"HMP_2019_ibdmdb","IBD",8,5.4
"Before","MSM5LLIE_P",-0.203741487480956,0.0479757438656283,"HMP_2019_ibdmdb","IBD",8,5.4
"Before","MSM5LLHR_P",-0.260617900318675,0.101220747047753,"HMP_2019_ibdmdb","IBD",8,5.4
"Before","MSM5LLIK_P",-0.351330106640007,0.0717387632791034,"HMP_2019_ibdmdb","IBD",8,5.4
"Before","MSM5LLIM_P",-0.265199237775583,0.177365630606332,"HMP_2019_ibdmdb","IBD",8,5.4
"Before","MSM5LLER",-0.271008806488412,0.182255532308167,"HMP_2019_ibdmdb","IBD",8,5.4
"Before","MSM5LLEP",-0.231772635933504,0.110879668774161,"HMP_2019_ibdmdb","IBD",8,5.4
"Before","MSM6J2LT",-0.189512262803427,0.0661081848088897,"HMP_2019_ibdmdb","IBD",8,5.4
"Before","MSM5LLHV_P",-0.105481750572195,-0.161179355533638,"HMP_2019_ibdmdb","IBD",8,5.4
"Before","MSM5LLHE_P",-0.165406772694505,0.0180027899951544,"HMP_2019_ibdmdb","IBD",8,5.4
"Before","MSM5LLHG_P",-0.193177779376938,0.0607842915136827,"HMP_2019_ibdmdb","IBD",8,5.4
"Before","MSM5LLIC_P",0.00845497728540126,0.0116292509762443,"HMP_2019_ibdmdb","IBD",8,5.4
"Before","MSM5LLHI_P",-0.231334856473229,-0.0241370200232266,"HMP_2019_ibdmdb","IBD",8,5.4
"Before","MSM5LLHO_P",-0.174767323289011,0.0400018176079311,"HMP_2019_ibdmdb","IBD",8,5.4
"Before","MSM6J2JB",-0.282225554262791,-0.0182817864357554,"HMP_2019_ibdmdb","IBD",8,5.4
"Before","MSM6J2J3",0.0555666338339154,-0.074243110451009,"HMP_2019_ibdmdb","IBD",8,5.4
"Before","MSM6J2J5",-0.169639806462926,0.0464267098361497,"HMP_2019_ibdmdb","IBD",8,5.4
"Before","MSM6J2JD",-0.187613191025746,-0.0858951409756465,"HMP_2019_ibdmdb","IBD",8,5.4
"Before","MSM6J2PK",-0.168785023759758,-0.1193602123174,"HMP_2019_ibdmdb","IBD",8,5.4
"Before","MSM6J2PM",-0.156774363798206,0.0338729706507941,"HMP_2019_ibdmdb","IBD",8,5.4
"Before","MSM5LLFK_P",-0.31835072249843,0.210912039275782,"HMP_2019_ibdmdb","IBD",8,5.4
"Before","MSM5LLFM_P",-0.386091840077906,0.124183349722756,"HMP_2019_ibdmdb","IBD",8,5.4
"Before","MSM5LLFU_P",-0.363472275451327,0.145491559031614,"HMP_2019_ibdmdb","IBD",8,5.4
"Before","MSM5LLIQ_P",-0.258450202809281,0.346354446911075,"HMP_2019_ibdmdb","IBD",8,5.4
"Before","MSM5LLFO_P",-0.336636118470535,0.199225140195785,"HMP_2019_ibdmdb","IBD",8,5.4
"Before","MSM6J2HH",-0.306200493651768,0.122846294405554,"HMP_2019_ibdmdb","IBD",8,5.4
"Before","MSM6J2OH",-0.356626118152119,0.166149573848325,"HMP_2019_ibdmdb","IBD",8,5.4
"Before","MSM6J2HJ",-0.307253600550337,0.149496489220094,"HMP_2019_ibdmdb","IBD",8,5.4
"Before","MSM6J2HD",-0.390995542008423,0.145297463886129,"HMP_2019_ibdmdb","IBD",8,5.4
"Before","MSM6J2HF",-0.376730400363136,0.136411672617186,"HMP_2019_ibdmdb","IBD",8,5.4
"Before","MSM6J2HL",-0.365474630187139,0.134578322600059,"HMP_2019_ibdmdb","IBD",8,5.4
"Before","MSM6J2ON",-0.357490999930893,0.204895151263177,"HMP_2019_ibdmdb","IBD",8,5.4
"Before","MSM6J2OL",-0.326557088155459,0.196633306141319,"HMP_2019_ibdmdb","IBD",8,5.4
"Before","MSM6J2OP",-0.351348482612966,0.165879994488833,"HMP_2019_ibdmdb","IBD",8,5.4
"Before","MSM79HEA",-0.350389068288325,0.125500906666958,"HMP_2019_ibdmdb","IBD",8,5.4
"Before","MSM6J2OJ",-0.311681795080364,0.220096567654928,"HMP_2019_ibdmdb","IBD",8,5.4
"Before","MSM5LLHA_P",0.350839606075928,0.405735994590248,"HMP_2019_ibdmdb","IBD",8,5.4
"Before","MSM5LLH2_P",0.396806114383858,0.335968416219147,"HMP_2019_ibdmdb","IBD",8,5.4
"Before","MSM5LLIS_P",0.401384491984452,0.414021708180803,"HMP_2019_ibdmdb","IBD",8,5.4
"Before","MSM5LLH8_P",0.372562583589986,0.416598522573735,"HMP_2019_ibdmdb","IBD",8,5.4
"Before","MSM5LLH4_P",0.373878367710601,0.414502160356304,"HMP_2019_ibdmdb","IBD",8,5.4
"Before","MSM6J2KM",0.334146312456361,0.376735683418442,"HMP_2019_ibdmdb","IBD",8,5.4
"Before","MSM6J2KE",0.416349355444755,0.388029694820531,"HMP_2019_ibdmdb","IBD",8,5.4
"Before","MSM6J2RA",0.262666255563774,0.374617192210573,"HMP_2019_ibdmdb","IBD",8,5.4
"Before","MSM5LLHC",0.395291893371707,0.355002968220316,"HMP_2019_ibdmdb","IBD",8,5.4
"Before","MSM6J2R8",0.316943066982503,0.398885466461089,"HMP_2019_ibdmdb","IBD",8,5.4
"Before","MSM6J2KC",0.390153944125616,0.390152863573761,"HMP_2019_ibdmdb","IBD",8,5.4
"Before","MSM6J2R2",0.382079417107285,0.418712740177245,"HMP_2019_ibdmdb","IBD",8,5.4
"Before","MSM6J2RC",0.171065199859866,0.389352493404355,"HMP_2019_ibdmdb","IBD",8,5.4
"Before","MSM5LLFG_P",-0.180363925453137,-0.106862044766973,"HMP_2019_ibdmdb","IBD",8,5.4
"Before","MSM5LLGR_P",-0.166374040877632,-0.142677193882611,"HMP_2019_ibdmdb","IBD",8,5.4
"Before","MSM5LLGN_P",-0.297625171321871,-0.0562459532945363,"HMP_2019_ibdmdb","IBD",8,5.4
"Before","MSM6J2II",-0.0492359315210998,-0.12756746236089,"HMP_2019_ibdmdb","IBD",8,5.4
"Before","MSM79H67",-0.301782297870916,0.089100878477585,"HMP_2019_ibdmdb","IBD",8,5.4
"Before","MSM6J2IM",-0.143242314764559,-0.0746922854250474,"HMP_2019_ibdmdb","IBD",8,5.4
"Before","MSM6J2Q3",-0.341421360860256,0.0300505183836125,"HMP_2019_ibdmdb","IBD",8,5.4
"Before","MSM6J2IG",-0.21099832283059,-0.0594156023006588,"HMP_2019_ibdmdb","IBD",8,5.4
"Before","MSM6J2QD",-0.265850382729731,-0.100807681739486,"HMP_2019_ibdmdb","IBD",8,5.4
"Before","MSM79H69",-0.218003176960628,-0.08752653019179,"HMP_2019_ibdmdb","IBD",8,5.4
"Before","MSM6J2IE",-0.341086841164261,0.0244758879442342,"HMP_2019_ibdmdb","IBD",8,5.4
"Before","MSM6J2Q9",-0.188627761748746,-0.135210677177647,"HMP_2019_ibdmdb","IBD",8,5.4
"Before","MSM6J2QB",-0.223222862142368,-0.0955350039142809,"HMP_2019_ibdmdb","IBD",8,5.4
"Before","MSM6J2IO",-0.288864778519568,-0.00685653915023115,"HMP_2019_ibdmdb","IBD",8,5.4
"Before","MSM6J2IK",-0.13814086015786,-0.0688470251850729,"HMP_2019_ibdmdb","IBD",8,5.4
"Before","MSM79H65",-0.120514785370291,-0.125621534506771,"HMP_2019_ibdmdb","IBD",8,5.4
"Before","MSM79H63",-0.330622724387037,-0.00838214861454416,"HMP_2019_ibdmdb","IBD",8,5.4
"Before","MSM6J2Q5",-0.245194959014586,-0.0542560000879818,"HMP_2019_ibdmdb","IBD",8,5.4
"Before","MSM6J2Q7",-0.183280179473189,-0.116441784236981,"HMP_2019_ibdmdb","IBD",8,5.4
"Before","MSM79H6B",-0.254033903208184,-0.0903915907728895,"HMP_2019_ibdmdb","IBD",8,5.4
"Before","MSM5LLF2_P",0.145028521417716,0.0689287492932507,"HMP_2019_ibdmdb","IBD",8,5.4
"Before","MSM79HBP",-0.0757966862174054,0.0917471106942397,"HMP_2019_ibdmdb","IBD",8,5.4
"Before","MSM5LLF4",0.250623729740814,-0.00426839579543234,"HMP_2019_ibdmdb","IBD",8,5.4
"Before","MSM79HBV",0.22095769952667,0.0340074721994027,"HMP_2019_ibdmdb","IBD",8,5.4
"Before","MSM79HBT",0.21665487687019,0.0344906249838894,"HMP_2019_ibdmdb","IBD",8,5.4
"Before","MSM6J2MJ",0.25967533530433,-0.0523794766437431,"HMP_2019_ibdmdb","IBD",8,5.4
"Before","MSM79HBN",0.239770504442773,0.00368710600883966,"HMP_2019_ibdmdb","IBD",8,5.4
"Before","MSM6J2LH",0.268044337950096,-0.0483617546804618,"HMP_2019_ibdmdb","IBD",8,5.4
"Before","MSM5LLF8",0.244145625727872,-0.0265077081732326,"HMP_2019_ibdmdb","IBD",8,5.4
"Before","MSM6J2LR",0.258532229214301,-0.0273892420831006,"HMP_2019_ibdmdb","IBD",8,5.4
"Before","MSM6J2ML",0.261919202033807,-0.00618545332972597,"HMP_2019_ibdmdb","IBD",8,5.4
"Before","MSM6J2MB",0.273468108659393,-0.0477715997515967,"HMP_2019_ibdmdb","IBD",8,5.4
"Before","MSM6J2LL",0.278840704687946,-0.0453427458103473,"HMP_2019_ibdmdb","IBD",8,5.4
"Before","MSM79HBR",0.200934020301439,0.0318278262954828,"HMP_2019_ibdmdb","IBD",8,5.4
"Before","MSM6J2LJ",0.256706724618659,-0.0444895697419238,"HMP_2019_ibdmdb","IBD",8,5.4
"Before","MSM6J2MH",0.269194970509059,-0.0599811255376403,"HMP_2019_ibdmdb","IBD",8,5.4
"Before","MSM6J2MF",0.275425173724304,-0.0516987783558249,"HMP_2019_ibdmdb","IBD",8,5.4
"Before","MSM5LLF6",0.255990132425138,-0.0423927123338199,"HMP_2019_ibdmdb","IBD",8,5.4
"Before","MSM6J2MD",0.251323543860234,-0.045114398759759,"HMP_2019_ibdmdb","IBD",8,5.4
"Before","MSM6J2LN",0.263055955878965,-0.0527573649289535,"HMP_2019_ibdmdb","IBD",8,5.4
"Before","CSM6J2H9_P",-0.221871002778065,-0.0093362800918179,"HMP_2019_ibdmdb","Healthy",8,5.4
"Before","MSM6J2HP",-0.179975399012043,-0.118589820422424,"HMP_2019_ibdmdb","Healthy",8,5.4
"Before","MSM79H5U",-0.115229769561504,-0.199175768435311,"HMP_2019_ibdmdb","Healthy",8,5.4
"Before","MSM6J2QJ",-0.106541297599153,-0.0544386576990797,"HMP_2019_ibdmdb","Healthy",8,5.4
"Before","MSM79HAH",-0.311898586232969,-0.017520815417118,"HMP_2019_ibdmdb","Healthy",8,5.4
"Before","MSM79H5S",-0.283391797633509,0.00847022826181141,"HMP_2019_ibdmdb","Healthy",8,5.4
"Before","MSM6J2QH",-0.270611890411197,-0.0310501471340273,"HMP_2019_ibdmdb","Healthy",8,5.4
"Before","MSM79H5Q",-0.238650056313402,-0.118267393821201,"HMP_2019_ibdmdb","Healthy",8,5.4
"Before","MSM6J2QF",-0.291484099579404,-0.0675240011648019,"HMP_2019_ibdmdb","Healthy",8,5.4
"Before","MSM6J2QP",-0.315656670196662,-0.0421921987932735,"HMP_2019_ibdmdb","Healthy",8,5.4
"Before","MSM79H5Y",-0.334546622985557,0.0544502089138278,"HMP_2019_ibdmdb","Healthy",8,5.4
"Before","MSM6J2HR",-0.327312918192891,-0.000337213088428306,"HMP_2019_ibdmdb","Healthy",8,5.4
"Before","MSM6J2QL",-0.329979238448511,0.0378414428095443,"HMP_2019_ibdmdb","Healthy",8,5.4
"Before","MSM6J2HT",-0.383900925876001,-0.00740193382904794,"HMP_2019_ibdmdb","Healthy",8,5.4
"Before","MSM6J2HN",-0.320289590889293,0.0711540045113851,"HMP_2019_ibdmdb","Healthy",8,5.4
"Before","MSM6J2JF_P",-0.24329452596725,0.00270840093267131,"HMP_2019_ibdmdb","Healthy",8,5.4
"Before","MSM79HEW",-0.132485001273914,-0.0113939504662059,"HMP_2019_ibdmdb","Healthy",8,5.4
"Before","MSM6J2JP",-0.0947292434069088,-0.0806869706273228,"HMP_2019_ibdmdb","Healthy",8,5.4
"Before","MSM6J2LV",-0.239305206153216,0.00803603528536227,"HMP_2019_ibdmdb","Healthy",8,5.4
"Before","MSM79HB6",-0.234487744346752,-0.0563173006688942,"HMP_2019_ibdmdb","Healthy",8,5.4
"Before","MSM79HEU",-0.265115714732562,-0.00437380934839029,"HMP_2019_ibdmdb","Healthy",8,5.4
"Before","MSM79HEY",-0.362509002222823,0.140984446321838,"HMP_2019_ibdmdb","Healthy",8,5.4
"Before","MSM6J2SI",-0.299410530605629,0.0197691697781817,"HMP_2019_ibdmdb","Healthy",8,5.4
"Before","MSM79HES",-0.236659308162962,0.00392225313396508,"HMP_2019_ibdmdb","Healthy",8,5.4
"Before","MSM6J2JT",-0.0979559169808899,-0.166576672705893,"HMP_2019_ibdmdb","Healthy",8,5.4
"Before","MSM6J2SE",-0.270609790138966,9.332106851752e-05,"HMP_2019_ibdmdb","Healthy",8,5.4
"Before","MSM6J2SK",-0.402586141547449,0.120142481326305,"HMP_2019_ibdmdb","Healthy",8,5.4
"Before","MSM6J2JR",-0.124763684471899,0.0103758356648776,"HMP_2019_ibdmdb","Healthy",8,5.4
"Before","MSM6J2JN",-0.290215348093911,-0.0147159646922888,"HMP_2019_ibdmdb","Healthy",8,5.4
"Before","MSM6J2JH_P",0.382308051057907,0.323060052659452,"HMP_2019_ibdmdb","Healthy",8,5.4
"Before","MSM79H6F",0.0677484688486029,0.0429003406028133,"HMP_2019_ibdmdb","Healthy",8,5.4
"Before","MSM6J2K8",0.114716150377542,0.0610024482871991,"HMP_2019_ibdmdb","Healthy",8,5.4
"Before","MSM6J2K2",0.383988323462754,0.371158783749564,"HMP_2019_ibdmdb","Healthy",8,5.4
"Before","MSM6J2JZ",0.326767074820784,0.378462833694968,"HMP_2019_ibdmdb","Healthy",8,5.4
"Before","MSM79H9Y",0.221099480789647,0.0474459085342577,"HMP_2019_ibdmdb","Healthy",8,5.4
"Before","MSM6J2KA",0.155624772904433,0.174600079297698,"HMP_2019_ibdmdb","Healthy",8,5.4
"Before","MSM79H6H",0.32185807159674,0.306012025095039,"HMP_2019_ibdmdb","Healthy",8,5.4
"Before","MSM6J2RO",0.338940479531239,0.360197427076295,"HMP_2019_ibdmdb","Healthy",8,5.4
"Before","MSM79HA7",0.203169634042032,0.207683869998187,"HMP_2019_ibdmdb","Healthy",8,5.4
"Before","MSM79H6L",0.212109138642801,0.145644375675684,"HMP_2019_ibdmdb","Healthy",8,5.4
"Before","MSM79HA3",0.371568734762127,0.362351183011226,"HMP_2019_ibdmdb","Healthy",8,5.4
"Before","MSM79H6J",0.268726627511517,0.168490412541783,"HMP_2019_ibdmdb","Healthy",8,5.4
"Before","MSM6J2RS",0.414293383640944,0.420767194707833,"HMP_2019_ibdmdb","Healthy",8,5.4
"Before","MSM6J2K6",0.273015894405186,0.371129059061489,"HMP_2019_ibdmdb","Healthy",8,5.4
"Before","MSM6J2RM",-0.195635793531813,0.00195062761755644,"HMP_2019_ibdmdb","Healthy",8,5.4
"Before","MSM79H6N",0.187064798186486,0.164955755907712,"HMP_2019_ibdmdb","Healthy",8,5.4
"Before","MSM79HA1",0.280268192520119,0.226724691671316,"HMP_2019_ibdmdb","Healthy",8,5.4
"Before","MSM79H6D",0.163116597507476,0.150205456127388,"HMP_2019_ibdmdb","Healthy",8,5.4
"Before","MSM6J2RK",0.205823508971764,0.245740570158,"HMP_2019_ibdmdb","Healthy",8,5.4
"Before","MSM6J2RU",0.227550033953277,0.188569853144126,"HMP_2019_ibdmdb","Healthy",8,5.4
"Before","MSM6J2K4",0.204768007532185,0.27590323591837,"HMP_2019_ibdmdb","Healthy",8,5.4
"Before","MSM6J2RQ",0.24447846019911,0.263656616624038,"HMP_2019_ibdmdb","Healthy",8,5.4
"Before","MSM6J2PQ_P",0.125716010597184,-0.0126896008246633,"HMP_2019_ibdmdb","Healthy",8,5.4
"Before","MSM6J2PU",0.139870329421975,-0.0291528425088177,"HMP_2019_ibdmdb","Healthy",8,5.4
"Before","MSM6J2PO",-0.113533602337677,0.017154168453892,"HMP_2019_ibdmdb","Healthy",8,5.4
"Before","MSM9VZNH_TR",0.105026350438556,-0.00121640615811784,"HMP_2019_ibdmdb","Healthy",8,5.4
"Before","MSM6J2PW",-0.0117478366155733,0.0645639489246545,"HMP_2019_ibdmdb","Healthy",8,5.4
"Before","MSM9VZNL",0.0940558750064345,-0.123864438251295,"HMP_2019_ibdmdb","Healthy",8,5.4
"Before","MSM79H7Y",-0.0299920603498199,-0.0879001474971472,"HMP_2019_ibdmdb","Healthy",8,5.4
"Before","MSM79HC8",0.0892202539995733,-0.0732733966985526,"HMP_2019_ibdmdb","Healthy",8,5.4
"Before","MSM9VZNH",0.126876723918977,-0.00435830902800758,"HMP_2019_ibdmdb","Healthy",8,5.4
"Before","MSM79H7W",0.0572406135477021,-0.0932381514053603,"HMP_2019_ibdmdb","Healthy",8,5.4
"Before","MSM6J2PS",0.0842261410346819,-0.0648991692608058,"HMP_2019_ibdmdb","Healthy",8,5.4
"Before","MSM79H7O",-0.0708689877878024,-0.0757798836889507,"HMP_2019_ibdmdb","Healthy",8,5.4
"Before","MSM79HC4",0.087165803563036,-0.00952756831094571,"HMP_2019_ibdmdb","Healthy",8,5.4
"Before","MSM79H7Q",-0.0154136370417906,-0.00827755931183767,"HMP_2019_ibdmdb","Healthy",8,5.4
"Before","MSM6J2M3_P",0.0289035651904804,-0.0495831776043549,"HMP_2019_ibdmdb","Healthy",8,5.4
"Before","MSM79H6Y",-0.0964381492901175,-0.074482930351333,"HMP_2019_ibdmdb","Healthy",8,5.4
"Before","MSM79HBB",-0.0201174636568501,-0.109923577803015,"HMP_2019_ibdmdb","Healthy",8,5.4
"Before","MSM6J2LY",-0.190179313028387,-0.0432315294988843,"HMP_2019_ibdmdb","Healthy",8,5.4
"Before","MSM6J2M3",0.0123081381716142,-0.0412872737580504,"HMP_2019_ibdmdb","Healthy",8,5.4
"Before","MSM79HBL",-0.0492359127240094,-0.106393117273104,"HMP_2019_ibdmdb","Healthy",8,5.4
"Before","MSM79HFW",-0.116131766396299,-0.111600130865467,"HMP_2019_ibdmdb","Healthy",8,5.4
"Before","MSM79HFY",-0.126915449602893,-0.117760074626092,"HMP_2019_ibdmdb","Healthy",8,5.4
"Before","MSM6J2Q1",-0.0703820930295159,-0.108297568704898,"HMP_2019_ibdmdb","Healthy",8,5.4
"Before","MSM6J2LW",0.00361263417269246,-0.0538582991470057,"HMP_2019_ibdmdb","Healthy",8,5.4
"Before","MSM6J2RG_P",0.0364712274654519,-0.303888750697743,"HMP_2019_ibdmdb","IBD",8,5.4
"Before","MSM6J2N6_P",0.401528067387312,0.421867981112733,"HMP_2019_ibdmdb","IBD",8,5.4
"Before","MSM79H52_P",-0.0404173593392957,-0.169013761673026,"HMP_2019_ibdmdb","Healthy",8,5.4
"Before","MSM79H9K",-0.0232827352430833,-0.210688458908694,"HMP_2019_ibdmdb","Healthy",8,5.4
"Before","MSM79H5A",-0.025745085609244,-0.205216191736936,"HMP_2019_ibdmdb","Healthy",8,5.4
"Before","MSM79H9C",-0.0390290554723805,-0.174145833413807,"HMP_2019_ibdmdb","Healthy",8,5.4
"Before","MSM79H54",-0.0317033980725034,-0.225102507445838,"HMP_2019_ibdmdb","Healthy",8,5.4
"Before","MSM79H58",-0.0230697966696446,-0.178847295553265,"HMP_2019_ibdmdb","Healthy",8,5.4
"Before","MSM9VZFH",-0.0602748686600965,-0.194267778719181,"HMP_2019_ibdmdb","Healthy",8,5.4
"Before","MSM79H9G",-0.0319032316639419,-0.216538693005225,"HMP_2019_ibdmdb","Healthy",8,5.4
"Before","MSM9VZFF",-0.0216926840083155,-0.210228288190236,"HMP_2019_ibdmdb","Healthy",8,5.4
"Before","MSM79H9A",-0.0616839648757052,-0.200432638612129,"HMP_2019_ibdmdb","Healthy",8,5.4
"Before","MSM9VZPT",-0.0692112453880026,-0.155392479867029,"HMP_2019_ibdmdb","Healthy",8,5.4
"Before","MSM9VZF7",-0.0644099891239491,-0.229340601341043,"HMP_2019_ibdmdb","Healthy",8,5.4
"Before","MSM9VZGS",0.262056807507032,-0.0123760159141563,"HMP_2019_ibdmdb","Healthy",8,5.4
"Before","MSM9VZHF",0.216530596526168,0.0112648054539265,"HMP_2019_ibdmdb","Healthy",8,5.4
"Before","MSM9VZGU",0.268625160211541,0.0515266979896879,"HMP_2019_ibdmdb","Healthy",8,5.4
"Before","MSM79H5E",0.0479855120970171,0.203065869743831,"HMP_2019_ibdmdb","Healthy",8,5.4
"Before","MSM79H9Q",0.322862966636375,0.289739326942826,"HMP_2019_ibdmdb","Healthy",8,5.4
"Before","MSM9VZGO",0.27577994464519,0.0522067434376643,"HMP_2019_ibdmdb","Healthy",8,5.4
"Before","MSM79H5G",0.0678933486235043,0.210315307650361,"HMP_2019_ibdmdb","Healthy",8,5.4
"Before","MSM9VZHB",0.298443294433921,0.299465879767205,"HMP_2019_ibdmdb","Healthy",8,5.4
"Before","MSM9VZLJ",0.206903536517665,-0.0286598945359474,"HMP_2019_ibdmdb","Healthy",8,5.4
"Before","MSM79H9M",0.262902957463409,0.261987055067451,"HMP_2019_ibdmdb","Healthy",8,5.4
"Before","MSM79H9W",0.0179050971323886,-0.00713229622362851,"HMP_2019_ibdmdb","Healthy",8,5.4
"Before","MSM79H5K",-0.0359858207182158,0.0458023066084556,"HMP_2019_ibdmdb","Healthy",8,5.4
"Before","MSM79H5M",0.093626446735693,0.0521320896211606,"HMP_2019_ibdmdb","Healthy",8,5.4
"Before","MSM79HF1_P",0.208641727034304,-0.108223302551538,"HMP_2019_ibdmdb","IBD",8,5.4
"Before","MSM79HF9_TR",0.0340811193335359,-0.0554166150218219,"HMP_2019_ibdmdb","IBD",8,5.4
"Before","MSMA26ER",0.19606049550268,-0.034565425582994,"HMP_2019_ibdmdb","IBD",8,5.4
"Before","MSM79HF9",0.0501753789937482,-0.0710636836011175,"HMP_2019_ibdmdb","IBD",8,5.4
"Before","MSM79HF3",0.125213639361755,-0.126828037174784,"HMP_2019_ibdmdb","IBD",8,5.4
"Before","MSM9VZLP",-0.0733067452996067,-0.0847833384933413,"HMP_2019_ibdmdb","IBD",8,5.4
"Before","MSM9VZLR",0.00307665259333905,-0.0925561729220809,"HMP_2019_ibdmdb","IBD",8,5.4
"Before","MSMA26ET",0.178907753362054,-0.0196578885168198,"HMP_2019_ibdmdb","IBD",8,5.4
"Before","MSM9VZLT",0.261241412712128,-0.0976486185034893,"HMP_2019_ibdmdb","IBD",8,5.4
"Before","MSMA26EZ",0.159020502172685,-0.0314471150190267,"HMP_2019_ibdmdb","IBD",8,5.4
"Before","MSM79HAJ",0.149935960967975,-0.148430638173206,"HMP_2019_ibdmdb","IBD",8,5.4
"Before","MSM79HAT",0.0345229089485077,-0.0984833829786925,"HMP_2019_ibdmdb","IBD",8,5.4
"Before","MSMA2688",0.12010223252874,-0.0291162968130169,"HMP_2019_ibdmdb","IBD",8,5.4
"Before","MSM79HAL",-0.0096340234845931,-0.140656091776844,"HMP_2019_ibdmdb","IBD",8,5.4
"Before","MSM9VZLV",0.226566335850915,-0.0624126485455447,"HMP_2019_ibdmdb","IBD",8,5.4
"Before","MSM79HF5",-0.0644940206981456,-0.109910863273028,"HMP_2019_ibdmdb","IBD",8,5.4
"Before","MSM9VZLN",-0.071756162247123,-0.0812933225138364,"HMP_2019_ibdmdb","IBD",8,5.4
"Before","MSM79HAR",-0.0530411548993847,-0.132244299428222,"HMP_2019_ibdmdb","IBD",8,5.4
"Before","MSM79HAN",0.0846914978291465,-0.110625665816336,"HMP_2019_ibdmdb","IBD",8,5.4
"Before","MSM9VZLL",-0.0759498749286831,-0.0543056745398256,"HMP_2019_ibdmdb","IBD",8,5.4
"Before","MSM79HF7",0.0584155834175759,-0.127403970767837,"HMP_2019_ibdmdb","IBD",8,5.4
"Before","MSM79HFB",0.0473740495942811,-0.101556148978287,"HMP_2019_ibdmdb","IBD",8,5.4
"Before","MSM79H9U_P",0.376916904730893,0.381177663355064,"HMP_2019_ibdmdb","IBD",8,5.4
"Before","MSM79HBX_P",-0.0605642857780241,0.0122856478550103,"HMP_2019_ibdmdb","IBD",8,5.4
"Before","MSM79HDO",-0.117511806726212,-0.00888042287337933,"HMP_2019_ibdmdb","IBD",8,5.4
"Before","MSM9VZEK_TR",-0.0426071535844596,-0.0298171066928394,"HMP_2019_ibdmdb","IBD",8,5.4
"Before","MSMA26AN",-0.240994228783253,0.13402783231476,"HMP_2019_ibdmdb","IBD",8,5.4
"Before","MSM79HDS",-0.28252748745416,0.00684074851565838,"HMP_2019_ibdmdb","IBD",8,5.4
"Before","MSM9VZEK",-0.337809139592508,0.0279608483820857,"HMP_2019_ibdmdb","IBD",8,5.4
"Before","MSM79HDQ_TR",-0.248564034292387,0.0148622701142283,"HMP_2019_ibdmdb","IBD",8,5.4
"Before","MSM79HDM",-0.301443472803928,0.00393747592442698,"HMP_2019_ibdmdb","IBD",8,5.4
"Before","MSMA26AR",-0.104956625808902,0.0483560435604793,"HMP_2019_ibdmdb","IBD",8,5.4
"Before","MSMA26AL",-0.223268918169733,0.0760823237325822,"HMP_2019_ibdmdb","IBD",8,5.4
"Before","MSM9VZES",-0.20702726688313,-0.0481235099266082,"HMP_2019_ibdmdb","IBD",8,5.4
"Before","MSM7J16N",-0.0414014635117382,-0.00218423782164797,"HMP_2019_ibdmdb","IBD",8,5.4
"Before","MSM7J16J",-0.161171862448431,0.0470054505674876,"HMP_2019_ibdmdb","IBD",8,5.4
"Before","MSMA26AT",-0.246147311559842,0.0610630361175354,"HMP_2019_ibdmdb","IBD",8,5.4
"Before","MSM9VZEM",-0.326161393615015,0.0429250771360073,"HMP_2019_ibdmdb","IBD",8,5.4
"Before","MSM79HDQ",-0.252185683823376,0.029874239895316,"HMP_2019_ibdmdb","IBD",8,5.4
"Before","MSM9VZJB",-0.341365921484946,0.11086671159115,"HMP_2019_ibdmdb","IBD",8,5.4
"Before","MSMA26AP",-0.273940566404713,0.156258254708446,"HMP_2019_ibdmdb","IBD",8,5.4
"Before","MSM79HDK",-0.158049903375404,-0.0367505242489044,"HMP_2019_ibdmdb","IBD",8,5.4
"Before","MSM79HDU",-0.352026584086359,0.0190018177423526,"HMP_2019_ibdmdb","IBD",8,5.4
"Before","MSM9VZEO",-0.304396563084727,-0.0247059066166217,"HMP_2019_ibdmdb","IBD",8,5.4
"Before","MSM7J16P",-0.22314376444819,0.0725586205146833,"HMP_2019_ibdmdb","IBD",8,5.4
"Before","MSM9VZEQ",-0.382615132629564,0.0666761120167139,"HMP_2019_ibdmdb","IBD",8,5.4
"Before","MSM7J16R",-0.251377286950561,0.11295100453442,"HMP_2019_ibdmdb","IBD",8,5.4
"Before","MSM7J16L",-0.289016424598581,0.187319174372946,"HMP_2019_ibdmdb","IBD",8,5.4
"Before","MSM79H98",-0.323647160793046,0.00913852441638837,"HMP_2019_ibdmdb","IBD",8,5.4
"Before","MSM79HD8_P",0.124389519047069,0.0901607610728084,"HMP_2019_ibdmdb","IBD",8,5.4
"Before","MSMA26EP",0.204262055146702,0.0337587340263115,"HMP_2019_ibdmdb","IBD",8,5.4
"Before","MSMA26EH",0.213855611907394,0.031833191408225,"HMP_2019_ibdmdb","IBD",8,5.4
"Before","MSM79HBZ",0.213560717359934,-0.00339824979755539,"HMP_2019_ibdmdb","IBD",8,5.4
"Before","MSM9VZOU",0.194003657897689,-0.0332918680245037,"HMP_2019_ibdmdb","IBD",8,5.4
"Before","MSMA26EN",0.258048409519239,-0.0761875450339839,"HMP_2019_ibdmdb","IBD",8,5.4
"Before","MSMA26EL",0.246121085025981,-0.0576698896926022,"HMP_2019_ibdmdb","IBD",8,5.4
"Before","MSM9VZF5",0.228142480457475,-0.0646481301362254,"HMP_2019_ibdmdb","IBD",8,5.4
"Before","MSM79HDA",0.222570839468745,-0.0223218348150081,"HMP_2019_ibdmdb","IBD",8,5.4
"Before","MSM79HDG",0.251229317981316,-0.0697584025843957,"HMP_2019_ibdmdb","IBD",8,5.4
"Before","MSM9VZOY",0.23769891910279,-0.0684839882354987,"HMP_2019_ibdmdb","IBD",8,5.4
"Before","MSM9VZF1",0.239886371448016,-0.066255770162409,"HMP_2019_ibdmdb","IBD",8,5.4
"Before","MSMA26EJ",0.25847239248267,-0.0516891495385467,"HMP_2019_ibdmdb","IBD",8,5.4
"Before","MSM9VZP3",0.190828404950256,-0.0148835300408877,"HMP_2019_ibdmdb","IBD",8,5.4
"Before","MSM79HDI",0.263868908528109,-0.0703781557189076,"HMP_2019_ibdmdb","IBD",8,5.4
"Before","MSM9VZOS",0.190206553805396,-0.0188246029905874,"HMP_2019_ibdmdb","IBD",8,5.4
"Before","MSM79HDG_TR",0.243577178971173,-0.0651357187695363,"HMP_2019_ibdmdb","IBD",8,5.4
"Before","MSM9VZP1",0.191841901972939,-0.0216953015003001,"HMP_2019_ibdmdb","IBD",8,5.4
"Before","MSM9VZEU",0.238736733065854,-0.0693092857722169,"HMP_2019_ibdmdb","IBD",8,5.4
"Before","MSM9VZEW",0.219257683130289,-0.0559740895703194,"HMP_2019_ibdmdb","IBD",8,5.4
"Before","MSM9VZF3",0.237426991626253,-0.0554230092193827,"HMP_2019_ibdmdb","IBD",8,5.4
"Before","MSM79HDE",0.246677707636268,-0.0680659458727528,"HMP_2019_ibdmdb","IBD",8,5.4
"Before","MSM79HDC",0.23932192568007,-0.0513182912348633,"HMP_2019_ibdmdb","IBD",8,5.4
"Before","MSM9VZOW",0.187889923173143,-0.0326276678750215,"HMP_2019_ibdmdb","IBD",8,5.4
"Before","MSM9VZEY",0.225400202604804,-0.0650638629367272,"HMP_2019_ibdmdb","IBD",8,5.4
"Before","MSM79HD6_P",-0.28028780027076,0.105948644977921,"HMP_2019_ibdmdb","IBD",8,5.4
"Before","MSMA26AX",-0.178034341489424,-0.00834114606402416,"HMP_2019_ibdmdb","IBD",8,5.4
"Before","MSMA26AV",-0.0539141891162721,-0.0584232585503881,"HMP_2019_ibdmdb","IBD",8,5.4
"Before","MSMA26AZ_TR",-0.184098321445905,0.025820051009099,"HMP_2019_ibdmdb","IBD",8,5.4
"Before","MSM79H7M",-0.287088933581074,0.0865570497441639,"HMP_2019_ibdmdb","IBD",8,5.4
"Before","MSMB4LZ4",0.0232880385764613,-0.0210885641354689,"HMP_2019_ibdmdb","IBD",8,5.4
"Before","MSMA26AZ",-0.18621984439329,0.0446134638100864,"HMP_2019_ibdmdb","IBD",8,5.4
"Before","MSM79H7E",-0.179068413057559,0.0865140040802921,"HMP_2019_ibdmdb","IBD",8,5.4
"Before","MSM79H7G",-0.275339227321228,0.0925862418146436,"HMP_2019_ibdmdb","IBD",8,5.4
"Before","MSM79H7C",-0.222563545175723,0.0720621256659165,"HMP_2019_ibdmdb","IBD",8,5.4
"Before","MSM79HCN_P",0.153614734214043,-0.236901012664818,"HMP_2019_ibdmdb","Healthy",8,5.4
"Before","MSM9VZHL",0.22467432810367,-0.221090825903318,"HMP_2019_ibdmdb","Healthy",8,5.4
"Before","MSM79HCR",0.168989499636389,-0.222707650782061,"HMP_2019_ibdmdb","Healthy",8,5.4
"Before","MSM9VZOK",0.205603324850437,-0.246173753835022,"HMP_2019_ibdmdb","Healthy",8,5.4
"Before","MSM9VZHT",0.209353619413856,-0.246726756255329,"HMP_2019_ibdmdb","Healthy",8,5.4
"Before","MSM9VZOQ",0.173231432074504,-0.222585008349942,"HMP_2019_ibdmdb","Healthy",8,5.4
"Before","MSM9VZHP",0.209410904657103,-0.230851153088192,"HMP_2019_ibdmdb","Healthy",8,5.4
"Before","MSM9VZHJ",0.180611300799401,-0.238171415449029,"HMP_2019_ibdmdb","Healthy",8,5.4
"Before","MSM79H89",0.187799182628614,-0.24130776035923,"HMP_2019_ibdmdb","Healthy",8,5.4
"Before","MSM9VZOO",0.148136555776343,-0.216931600481615,"HMP_2019_ibdmdb","Healthy",8,5.4
"Before","MSM79HCK",0.152264365757019,-0.228829308428276,"HMP_2019_ibdmdb","Healthy",8,5.4
"Before","MSM9VZHR",0.221939173824519,-0.248469395857942,"HMP_2019_ibdmdb","Healthy",8,5.4
"Before","MSM79H8B",0.176922526292755,-0.232400790777291,"HMP_2019_ibdmdb","Healthy",8,5.4
"Before","MSM9VZOI",0.157227458649613,-0.224993957950592,"HMP_2019_ibdmdb","Healthy",8,5.4
"Before","MSM79H81",0.190638229493775,-0.237393072007268,"HMP_2019_ibdmdb","Healthy",8,5.4
"Before","MSM79HCI",0.158458263662614,-0.23538264120442,"HMP_2019_ibdmdb","Healthy",8,5.4
"Before","MSM9VZOM",0.159495752024025,-0.226716958413923,"HMP_2019_ibdmdb","Healthy",8,5.4
"Before","MSM79HCP",0.155712695748611,-0.232307698186244,"HMP_2019_ibdmdb","Healthy",8,5.4
"Before","MSM9VZHN",0.191080434665115,-0.242525429192653,"HMP_2019_ibdmdb","Healthy",8,5.4
"Before","MSM79H85",0.168962131251991,-0.230023439689778,"HMP_2019_ibdmdb","Healthy",8,5.4
"Before","MSM79H87",0.160525351509471,-0.224950726187016,"HMP_2019_ibdmdb","Healthy",8,5.4
"Before","MSM9VZOG",0.194698540797687,-0.212090154126627,"HMP_2019_ibdmdb","Healthy",8,5.4
"Before","MSM79HCG",0.16873717137824,-0.227548953875457,"HMP_2019_ibdmdb","Healthy",8,5.4
"Before","MSM79H83",0.173797306605841,-0.225054246506475,"HMP_2019_ibdmdb","Healthy",8,5.4
"Before","MSM79H8J_P",0.0845418083318898,-0.215086973873363,"HMP_2019_ibdmdb","Healthy",8,5.4
"Before","MSM9VZGY",0.114305544064245,-0.25500440749608,"HMP_2019_ibdmdb","Healthy",8,5.4
"Before","MSM9VZH7",0.17369364349935,-0.224189667450755,"HMP_2019_ibdmdb","Healthy",8,5.4
"Before","MSM79H8H",0.0831318179114045,-0.262474912803591,"HMP_2019_ibdmdb","Healthy",8,5.4
"Before","MSM79H8L",-0.00581931477643108,-0.30553503828715,"HMP_2019_ibdmdb","Healthy",8,5.4
"Before","MSM9VZGW",0.242212124941792,-0.196842640725237,"HMP_2019_ibdmdb","Healthy",8,5.4
"Before","MSM79H8F",0.0292128381207429,-0.275007105506025,"HMP_2019_ibdmdb","Healthy",8,5.4
"Before","MSMAPC7J",0.1877384773168,-0.228965498730036,"HMP_2019_ibdmdb","Healthy",8,5.4
"Before","MSM79H8N",0.154065727068741,-0.213217661830352,"HMP_2019_ibdmdb","Healthy",8,5.4
"Before","MSM79H8D",-0.00142250673081489,-0.323984756990022,"HMP_2019_ibdmdb","Healthy",8,5.4
"Before","MSM9VZJZ",0.114149082179001,-0.191401112581215,"HMP_2019_ibdmdb","Healthy",8,5.4
"Before","MSM79H94_P",-0.309737979997372,0.212979830176385,"HMP_2019_ibdmdb","Healthy",8,5.4
"Before","MSM9VZHZ",-0.253972659039654,0.194794418007403,"HMP_2019_ibdmdb","Healthy",8,5.4
"Before","MSMB4LZC",-0.293335774290967,0.228321401841803,"HMP_2019_ibdmdb","Healthy",8,5.4
"Before","MSM9VZME",-0.336778170827128,0.185451826903946,"HMP_2019_ibdmdb","Healthy",8,5.4
"Before","MSMAPC7P",-0.278953069959177,0.219211631383762,"HMP_2019_ibdmdb","Healthy",8,5.4
"Before","MSMAPC7R",-0.318693429250351,0.214446059921572,"HMP_2019_ibdmdb","Healthy",8,5.4
"Before","MSMAPC7T",-0.302468529917916,0.144105521719227,"HMP_2019_ibdmdb","Healthy",8,5.4
"Before","MSM9VZMA_TR",-0.331048877146709,0.189043840971721,"HMP_2019_ibdmdb","Healthy",8,5.4
"Before","MSM9VZI2",-0.324675115533552,0.18182269145548,"HMP_2019_ibdmdb","Healthy",8,5.4
"Before","MSM9VZHX",-0.334304142758261,0.232693545666661,"HMP_2019_ibdmdb","Healthy",8,5.4
"Before","MSM9VZI6",-0.264178250693862,0.301572497591839,"HMP_2019_ibdmdb","Healthy",8,5.4
"Before","MSM9VZMC",-0.317302036348544,0.218069034474387,"HMP_2019_ibdmdb","Healthy",8,5.4
"Before","MSM9VZMA",-0.307765994096661,0.228026156602187,"HMP_2019_ibdmdb","Healthy",8,5.4
"Before","MSM9VZMI",-0.322134177178874,0.256344609776459,"HMP_2019_ibdmdb","Healthy",8,5.4
"Before","MSM9VZFJ_P",-0.315637989235889,0.0532304032974463,"HMP_2019_ibdmdb","Healthy",8,5.4
"Before","MSMA26BV",-0.0594994411791636,-0.0594316026385718,"HMP_2019_ibdmdb","Healthy",8,5.4
"Before","MSMA26BR",-0.197340026174407,-0.0247369321334791,"HMP_2019_ibdmdb","Healthy",8,5.4
"Before","MSM9VZKC",-0.186910835065542,-0.0546726851185973,"HMP_2019_ibdmdb","Healthy",8,5.4
"Before","MSM9VZFT",-0.229026066973422,0.00755184217633779,"HMP_2019_ibdmdb","Healthy",8,5.4
"Before","MSMA26BX",-0.246101647697823,-0.0117513010832797,"HMP_2019_ibdmdb","Healthy",8,5.4
"Before","MSM9VZFN",-0.307881394032923,0.0324941453399993,"HMP_2019_ibdmdb","Healthy",8,5.4
"Before","MSM9VZFL",-0.307472219645891,0.0248856037701058,"HMP_2019_ibdmdb","Healthy",8,5.4
"Before","MSMB4LZ8",-0.17655992768698,0.0213814501297354,"HMP_2019_ibdmdb","Healthy",8,5.4
"Before","MSM9VZKI",-0.28452703846588,0.0096210626516578,"HMP_2019_ibdmdb","Healthy",8,5.4
"Before","MSMA26BN",-0.0604233840026893,-0.0760456868793364,"HMP_2019_ibdmdb","Healthy",8,5.4
"Before","MSM9VZFR",-0.350085869582271,0.112450435450862,"HMP_2019_ibdmdb","Healthy",8,5.4
"Before","MSM9VZKE",-0.290170808786082,0.0312660354176125,"HMP_2019_ibdmdb","Healthy",8,5.4
"Before","MSMA26BT",-0.294417454501918,0.058683894920458,"HMP_2019_ibdmdb","Healthy",8,5.4
"Before","MSM9VZN4_P",0.100723519664293,-0.158118095573851,"HMP_2019_ibdmdb","IBD",8,5.4
"Before","MSM9VZLX_P",-0.338611087613233,0.137941544055909,"HMP_2019_ibdmdb","IBD",8,5.4
"Before","MSM9VZLZ",0.187994327013236,0.0289909771165278,"HMP_2019_ibdmdb","IBD",8,5.4
"Before","MSM9VZIO",-0.113921487028592,0.189728872027114,"HMP_2019_ibdmdb","IBD",8,5.4
"Before","MSMAPC5B",-0.224934349411146,0.288441454954694,"HMP_2019_ibdmdb","IBD",8,5.4
"Before","MSM9VZIM",-0.221119304055567,0.285624580466745,"HMP_2019_ibdmdb","IBD",8,5.4
"Before","MSMAPC57",-0.162633980122055,0.242244915686507,"HMP_2019_ibdmdb","IBD",8,5.4
"Before","MSMB4LZP",-0.200420658561985,0.264760317340483,"HMP_2019_ibdmdb","IBD",8,5.4
"Before","MSMAPC59",-0.0380466047228937,0.145660048365234,"HMP_2019_ibdmdb","IBD",8,5.4
"Before","MSM9VZNR",-0.257028632539955,0.321584341323051,"HMP_2019_ibdmdb","IBD",8,5.4
"Before","MSM9VZNZ",-0.167137942838948,0.233142195512415,"HMP_2019_ibdmdb","IBD",8,5.4
"Before","MSM9VZIW",-0.239250545756551,0.299460718939977,"HMP_2019_ibdmdb","IBD",8,5.4
"Before","MSMAPC5D",-0.144270929070042,0.218269354516688,"HMP_2019_ibdmdb","IBD",8,5.4
"Before","MSM9VZIS",-0.243807042841807,0.313163728385051,"HMP_2019_ibdmdb","IBD",8,5.4
"Before","MSMB4LZR",-0.260489609624825,0.315396702202355,"HMP_2019_ibdmdb","IBD",8,5.4
"Before","MSMAPC55",0.042232287432991,-0.196056764165561,"HMP_2019_ibdmdb","IBD",8,5.4
"Before","MSM9VZIQ",-0.230174969415958,0.297265670170816,"HMP_2019_ibdmdb","IBD",8,5.4
"Before","MSM9VZO2",-0.265223733782936,0.31115494921143,"HMP_2019_ibdmdb","IBD",8,5.4
"Before","MSM9VZIU",-0.226831367373631,0.287218862928014,"HMP_2019_ibdmdb","IBD",8,5.4
"Before","MSM9VZNX",-0.228696303244079,0.284601103578119,"HMP_2019_ibdmdb","IBD",8,5.4
"Before","MSMB4LZV",0.174819976104452,-0.175963068631029,"HMP_2019_ibdmdb","Healthy",8,5.4
"Before","MSMB4LZX",0.103414406743102,-0.165081535781249,"HMP_2019_ibdmdb","Healthy",8,5.4
"Before","MSM9VZLD",0.0654654038441206,-0.199269660636919,"HMP_2019_ibdmdb","Healthy",8,5.4
"Before","MSM9VZLF",0.12842555921994,-0.207027780762418,"HMP_2019_ibdmdb","Healthy",8,5.4
"Before","MSM9VZL7",0.0624956240049762,-0.189064602929486,"HMP_2019_ibdmdb","Healthy",8,5.4
"Before","MSMA26BD",0.0437944389338377,-0.178891506520004,"HMP_2019_ibdmdb","Healthy",8,5.4
"Before","MSM9VZLH",0.080506294238895,-0.198026823377168,"HMP_2019_ibdmdb","Healthy",8,5.4
"Before","MSMAPC6O",0.0746891881549203,-0.199201331819838,"HMP_2019_ibdmdb","Healthy",8,5.4
"Before","MSMA26BH",-0.00351648994696233,-0.178024423399901,"HMP_2019_ibdmdb","Healthy",8,5.4
"Before","MSMA26BJ",0.127067276444794,-0.169002643981568,"HMP_2019_ibdmdb","Healthy",8,5.4
"Before","MSM9VZMO",-0.0497302302977514,-0.216270417781163,"HMP_2019_ibdmdb","Healthy",8,5.4
"Before","MSMA26BF",0.0392831204077031,-0.196333600276927,"HMP_2019_ibdmdb","Healthy",8,5.4
"Before","MSMAPC6M",0.0936394458940946,-0.161215645760555,"HMP_2019_ibdmdb","Healthy",8,5.4
"Before","MSM9VZMW",-0.0358093141982574,-0.209863690494786,"HMP_2019_ibdmdb","Healthy",8,5.4
"Before","MSM9VZMS",-0.0545047016269868,-0.208735342795839,"HMP_2019_ibdmdb","Healthy",8,5.4
"Before","MSMB4LZZ",-0.022286540912911,-0.171171166201117,"HMP_2019_ibdmdb","Healthy",8,5.4
"Before","MSMA26BL",-0.00758557356336002,-0.179257310144905,"HMP_2019_ibdmdb","Healthy",8,5.4
"Before","MSM9VZL9",0.080729593792351,-0.172447385737815,"HMP_2019_ibdmdb","Healthy",8,5.4
"Before","MSMAPC6K",0.0351718522029637,-0.180430313822649,"HMP_2019_ibdmdb","Healthy",8,5.4
"Before","MSMA26BB",0.0625225135715623,-0.210295636847731,"HMP_2019_ibdmdb","Healthy",8,5.4
"Before","MSM9VZMU",-0.0646456119507973,-0.212627510765498,"HMP_2019_ibdmdb","Healthy",8,5.4
"Before","MSM9VZLB",0.0316475989485859,-0.16266051432996,"HMP_2019_ibdmdb","Healthy",8,5.4
"Before","MSM9VZMM",-0.269290159181887,-0.0846196407978404,"HMP_2019_ibdmdb","Healthy",8,5.4
"Before","MSM9VZM4_P",0.0143339020782652,-0.227660366896126,"HMP_2019_ibdmdb","IBD",8,5.4
"Before","MSM9VZPN",0.0447992901240508,-0.224283029896289,"HMP_2019_ibdmdb","IBD",8,5.4
"Before","MSMAPC6A",0.00565211512598562,-0.221274064560068,"HMP_2019_ibdmdb","IBD",8,5.4
"Before","MSM9VZIY",-0.000263519803426987,-0.223200744715577,"HMP_2019_ibdmdb","IBD",8,5.4
"Before","MSMA26CV",-0.00870730637700234,-0.224963146503556,"HMP_2019_ibdmdb","IBD",8,5.4
"Before","MSMB4LYB",0.0274198334823849,-0.225527857659182,"HMP_2019_ibdmdb","IBD",8,5.4
"Before","MSM9VZPH",0.0198880052136214,-0.221432187502557,"HMP_2019_ibdmdb","IBD",8,5.4
"Before","MSMAPC6C",-0.0219423822993948,-0.204492215272363,"HMP_2019_ibdmdb","IBD",8,5.4
"Before","MSM9VZPL",0.0573322234170134,-0.218853669917685,"HMP_2019_ibdmdb","IBD",8,5.4
"Before","MSMAPC6E",-0.00796004293321039,-0.219181965292591,"HMP_2019_ibdmdb","IBD",8,5.4
"Before","MSMAPC6G",0.0204297112666759,-0.22727386780109,"HMP_2019_ibdmdb","IBD",8,5.4
"Before","MSMA26CX",-0.0227889265930014,-0.200564888309371,"HMP_2019_ibdmdb","IBD",8,5.4
"Before","MSMB4LXY",0.0623873659590872,-0.186665041583434,"HMP_2019_ibdmdb","IBD",8,5.4
"Before","MSM9VZJ3",-0.0397478894984056,-0.202750392316491,"HMP_2019_ibdmdb","IBD",8,5.4
"Before","MSM9VZJJ_P",-0.318377564921037,0.0611903125390414,"HMP_2019_ibdmdb","IBD",8,5.4
"Before","MSM9VZJF_P",0.25935259666129,0.0754130927859134,"HMP_2019_ibdmdb","IBD",8,5.4
"Before","MSMB4LXW",-0.182327679676859,-0.00823001377848333,"HMP_2019_ibdmdb","Healthy",8,5.4
"Before","MSMA26DG",-0.062902120118133,-0.0974241411692332,"HMP_2019_ibdmdb","Healthy",8,5.4
"Before","MSMAPC5H",-0.209285772185167,-0.130268631671019,"HMP_2019_ibdmdb","Healthy",8,5.4
"Before","MSMB4LXS",-0.210477330879707,0.173511201727539,"HMP_2019_ibdmdb","Healthy",8,5.4
"Before","MSMAPC5L",-0.187973791068293,-0.120650642421005,"HMP_2019_ibdmdb","Healthy",8,5.4
"Before","MSMA26DI",-0.0847490551697015,-0.0822059700611306,"HMP_2019_ibdmdb","Healthy",8,5.4
"Before","MSMB4LZK",-0.236468988713497,-0.0279296946159101,"HMP_2019_ibdmdb","Healthy",8,5.4
"Before","MSMA26DM",-0.237116608937508,0.00649429949074367,"HMP_2019_ibdmdb","Healthy",8,5.4
"Before","MSMA26DO",-0.220596720830656,0.0362959929286859,"HMP_2019_ibdmdb","Healthy",8,5.4
"Before","MSMA26DK",-0.187399253703893,-0.0925148137774138,"HMP_2019_ibdmdb","Healthy",8,5.4
"Before","MSM9VZL5",-0.164533900159787,-0.0612485655047443,"HMP_2019_ibdmdb","Healthy",8,5.4
"Before","MSMAPC66",0.0531778076088374,-0.0673588375682947,"HMP_2019_ibdmdb","IBD",8,5.4
"Before","MSMAPC64",0.168545989990345,-0.0817572406300132,"HMP_2019_ibdmdb","IBD",8,5.4
"Before","MSMB4LYH",0.0823997404589459,-0.102058182978904,"HMP_2019_ibdmdb","IBD",8,5.4
"Before","MSMA2684",-0.0366648196349994,-0.0615365834015372,"HMP_2019_ibdmdb","IBD",8,5.4
"Before","MSMA267X",0.0270410231163653,-0.0980223649416064,"HMP_2019_ibdmdb","IBD",8,5.4
"Before","MSMAPC5Z",0.052083212563524,-0.113140285762053,"HMP_2019_ibdmdb","IBD",8,5.4
"Before","MSMA267V",0.112234515973313,-0.0565889051667407,"HMP_2019_ibdmdb","IBD",8,5.4
"Before","PSM6XBQM_P",-0.240289419571083,0.00235234669387362,"HMP_2019_ibdmdb","IBD",8,5.4
"Before","PSM6XBQY",-0.169297369240098,-0.09601374187552,"HMP_2019_ibdmdb","IBD",8,5.4
"Before","PSM6XBQY_TR",-0.193812611794117,-0.115590466915197,"HMP_2019_ibdmdb","IBD",8,5.4
"Before","PSM6XBT1",-0.2182200056455,-0.0687576001907066,"HMP_2019_ibdmdb","IBD",8,5.4
"Before","PSM7J13E",-0.157749159436526,-0.00820681804916288,"HMP_2019_ibdmdb","IBD",8,5.4
"Before","PSM6XBQS",-0.314345795556426,0.0116975904745049,"HMP_2019_ibdmdb","IBD",8,5.4
"Before","PSM6XBSU",-0.272038734387844,-0.0518254216330225,"HMP_2019_ibdmdb","IBD",8,5.4
"Before","PSM7J136",-0.156182808179387,-0.136494915390874,"HMP_2019_ibdmdb","IBD",8,5.4
"Before","PSM6XBQU",-0.134766083248394,-0.158648771171812,"HMP_2019_ibdmdb","IBD",8,5.4
"Before","PSM6XBR1",-0.241909982949109,-0.0702200748509077,"HMP_2019_ibdmdb","IBD",8,5.4
"Before","PSM7J1CC",-0.215223123616486,-0.0676875776029773,"HMP_2019_ibdmdb","IBD",8,5.4
"Before","PSM7J1CI",-0.268303773792932,0.00511616192953846,"HMP_2019_ibdmdb","IBD",8,5.4
"Before","PSM7J1CG",-0.247609873756875,-0.0922956092032418,"HMP_2019_ibdmdb","IBD",8,5.4
"Before","PSM7J1C8",-0.274657856348299,-0.0386494813010867,"HMP_2019_ibdmdb","IBD",8,5.4
"Before","PSM6XBSS",-0.215611866867278,-0.0846264815851201,"HMP_2019_ibdmdb","IBD",8,5.4
"Before","PSM7J13U_P",-0.0177090706079333,-0.286231829602391,"HMP_2019_ibdmdb","IBD",8,5.4
"Before","PSM7J1CS_P",-0.00869762109311544,-0.315932254113945,"HMP_2019_ibdmdb","IBD",8,5.4
"Before","PSM6XBSC_P",-0.148699733021967,0.0349086602310351,"HMP_2019_ibdmdb","IBD",8,5.4
"Before","PSM7J1CK_P",-0.293978549556871,0.0765204773683439,"HMP_2019_ibdmdb","IBD",8,5.4
"Before","PSM6XBTF_P",-0.282774645786837,0.0902840262007973,"HMP_2019_ibdmdb","IBD",8,5.4
"Before","PSM7J13Y_P",-0.0751648010205564,-0.238268331288454,"HMP_2019_ibdmdb","IBD",8,5.4
"Before","PSM6XBTH_P",-0.215039955929096,0.0217301615363603,"HMP_2019_ibdmdb","IBD",8,5.4
"Before","PSM7J143_P",-0.0443700966339617,-0.306749902248677,"HMP_2019_ibdmdb","IBD",8,5.4
"Before","PSM6XBTN_P",-0.170235416957443,-0.092402736034425,"HMP_2019_ibdmdb","IBD",8,5.4
"Before","PSM6XBS2_P",-0.268275610383643,0.0350737015306915,"HMP_2019_ibdmdb","IBD",8,5.4
"Before","PSM6XBS4_P",-0.0199434409789333,0.0333918698145261,"HMP_2019_ibdmdb","IBD",8,5.4
"Before","PSM6XBRK_P",-0.317059186901047,0.0942184546208407,"HMP_2019_ibdmdb","IBD",8,5.4
"Before","PSM6XBRK_TR",-0.28508641067883,0.10418655649278,"HMP_2019_ibdmdb","IBD",8,5.4
"Before","PSM6XBRK",-0.308850934960686,0.108947207224504,"HMP_2019_ibdmdb","IBD",8,5.4
"Before","PSM6XBS8",-0.300782987214772,0.121612968291604,"HMP_2019_ibdmdb","IBD",8,5.4
"Before","PSM6XBSA",-0.105323973051296,0.00475937538626325,"HMP_2019_ibdmdb","IBD",8,5.4
"Before","PSM7J1CU",0.157446751137831,-0.261558639525447,"HMP_2019_ibdmdb","IBD",8,5.4
"Before","PSM7J13Y",-0.0714100678283244,-0.244302720016105,"HMP_2019_ibdmdb","IBD",8,5.4
"Before","PSM6XBTP",-0.217911892100423,0.0871182532346978,"HMP_2019_ibdmdb","IBD",8,5.4
"Before","PSM6XBS4",-0.0210374605317002,0.0414589493611389,"HMP_2019_ibdmdb","IBD",8,5.4
"Before","PSM6XBTL",-0.251692727661499,0.126015160396721,"HMP_2019_ibdmdb","IBD",8,5.4
"Before","PSM7J141",-0.00830683011101724,-0.278007439165075,"HMP_2019_ibdmdb","IBD",8,5.4
"Before","PSM6XBRM_P",-0.265501787956353,0.0520937874633052,"HMP_2019_ibdmdb","IBD",8,5.4
"Before","PSM6XBUI",-0.123396110740333,-0.0748290946716883,"HMP_2019_ibdmdb","IBD",8,5.4
"Before","PSM6XBSO",-0.238859601314492,0.0731667243120469,"HMP_2019_ibdmdb","IBD",8,5.4
"Before","PSM6XBV2",-0.263879818005516,0.0744037437679765,"HMP_2019_ibdmdb","IBD",8,5.4
"Before","PSM7J14T",0.00226133153984019,0.0314238518504666,"HMP_2019_ibdmdb","IBD",8,5.4
"Before","PSM6XBSM",-0.133523875809421,0.00684933345652695,"HMP_2019_ibdmdb","IBD",8,5.4
"Before","PSM7J18M",-0.221151184988426,0.0670445297550999,"HMP_2019_ibdmdb","IBD",8,5.4
"Before","PSM6XBUG",-0.140693857547798,0.0172810648304264,"HMP_2019_ibdmdb","IBD",8,5.4
"Before","PSM7J14L",0.194509697669786,0.032269363607721,"HMP_2019_ibdmdb","IBD",8,5.4
"Before","PSM6XBV4",-0.336247170816165,0.211270940706249,"HMP_2019_ibdmdb","IBD",8,5.4
"Before","PSM6XBSI",-0.218445232205594,-0.0789084088124088,"HMP_2019_ibdmdb","IBD",8,5.4
"Before","PSM6XBSK",-0.202829349266929,0.0949594420030544,"HMP_2019_ibdmdb","IBD",8,5.4
"Before","PSM7J14N",0.189242200035795,-0.00399966444365089,"HMP_2019_ibdmdb","IBD",8,5.4
"Before","PSM7J18K",-0.270858389458056,0.176113047243635,"HMP_2019_ibdmdb","IBD",8,5.4
"Before","PSM6XBUO",-0.149863031977368,-0.034350373463516,"HMP_2019_ibdmdb","IBD",8,5.4
"Before","PSM7J14P",-0.186271993009923,0.0595466833203016,"HMP_2019_ibdmdb","IBD",8,5.4
"Before","PSM6XBUM",-0.193227163236581,-0.00928897840276965,"HMP_2019_ibdmdb","IBD",8,5.4
"Before","PSM7J18I",-0.0377840589739764,0.0660730517389752,"HMP_2019_ibdmdb","IBD",8,5.4
"Before","PSM7J18G",-0.118470928391196,0.0704492116950838,"HMP_2019_ibdmdb","IBD",8,5.4
"Before","PSM6XBUK",-0.128065587821383,-0.091949213468858,"HMP_2019_ibdmdb","IBD",8,5.4
"Before","PSM7J18E",-0.102137830618372,-0.0184302450789076,"HMP_2019_ibdmdb","IBD",8,5.4
"Before","PSM6XBUQ",-0.202452734806565,-0.000952297340575739,"HMP_2019_ibdmdb","IBD",8,5.4
"Before","PSM7J14R",-0.118850529750183,0.0451068316099887,"HMP_2019_ibdmdb","IBD",8,5.4
"Before","PSM6XBSE_P",-0.17442975186129,0.188228454469971,"HMP_2019_ibdmdb","IBD",8,5.4
"Before","PSM6XBSE",-0.115598398876462,0.189805965388662,"HMP_2019_ibdmdb","IBD",8,5.4
"Before","PSM7J1BD",-0.132581256934295,0.0170106789550575,"HMP_2019_ibdmdb","IBD",8,5.4
"Before","PSM6XBVO",-0.316350831828201,0.154029467894836,"HMP_2019_ibdmdb","IBD",8,5.4
"Before","PSM6XBVM",-0.274945432712773,0.234541621369513,"HMP_2019_ibdmdb","IBD",8,5.4
"Before","PSM6XBVK",-0.275126877215427,0.295210392498882,"HMP_2019_ibdmdb","IBD",8,5.4
"Before","PSM7J1B9",-0.282005365252309,0.20175503474094,"HMP_2019_ibdmdb","IBD",8,5.4
"Before","PSM7J1B7",-0.34311627828374,0.121170736898981,"HMP_2019_ibdmdb","IBD",8,5.4
"Before","PSM6XBVI",-0.301525838783617,0.200562818284728,"HMP_2019_ibdmdb","IBD",8,5.4
"Before","PSM7J18Q",-0.270305115869255,0.167595060282621,"HMP_2019_ibdmdb","IBD",8,5.4
"Before","PSM7J1BF",-0.140516895723123,0.044415267919132,"HMP_2019_ibdmdb","IBD",8,5.4
"Before","PSM6XBVS",-0.287169205205646,0.191757800592782,"HMP_2019_ibdmdb","IBD",8,5.4
"Before","PSM7J1BB",-0.221516060896245,0.178507096343534,"HMP_2019_ibdmdb","IBD",8,5.4
"Before","PSM6XBVQ",-0.245325726688466,0.231359420726017,"HMP_2019_ibdmdb","IBD",8,5.4
"Before","PSM6XBSG_P",-0.121100344484792,0.243331946035314,"HMP_2019_ibdmdb","IBD",8,5.4
"Before","PSM7J16H",0.187729951470299,0.0307373018771524,"HMP_2019_ibdmdb","IBD",8,5.4
"Before","PSM7J16B",0.178598230841813,0.0373163663580249,"HMP_2019_ibdmdb","IBD",8,5.4
"Before","PSM6XBT9",-0.183566757111272,0.190909349176177,"HMP_2019_ibdmdb","IBD",8,5.4
"Before","PSM6XBT5",-0.303084877891188,0.258085937480082,"HMP_2019_ibdmdb","IBD",8,5.4
"Before","PSM6XBT3",-0.207895787204421,0.158727349953007,"HMP_2019_ibdmdb","IBD",8,5.4
"Before","PSM6XBT7",-0.202541628493473,0.188651961067219,"HMP_2019_ibdmdb","IBD",8,5.4
"Before","PSM7J12F",-0.304564588237622,0.250636820630577,"HMP_2019_ibdmdb","IBD",8,5.4
"Before","PSM7J1AM",-0.189785394504671,0.157336720894191,"HMP_2019_ibdmdb","IBD",8,5.4
"Before","PSM6XBTB",-0.278200972957337,0.239509016118516,"HMP_2019_ibdmdb","IBD",8,5.4
"Before","PSM7J1AO",-0.257418262128201,0.226187244744581,"HMP_2019_ibdmdb","IBD",8,5.4
"Before","PSM7J169",-0.208038700004699,0.194966986277368,"HMP_2019_ibdmdb","IBD",8,5.4
"Before","PSM7J16F",-0.255245204313891,0.215559499183174,"HMP_2019_ibdmdb","IBD",8,5.4
"Before","PSM7J1AU",-0.272348520304237,0.228768248636824,"HMP_2019_ibdmdb","IBD",8,5.4
"Before","PSM7J1AQ",-0.261716846538371,0.227674017089004,"HMP_2019_ibdmdb","IBD",8,5.4
"Before","PSM7J12D",-0.28125840617412,0.217165412940655,"HMP_2019_ibdmdb","IBD",8,5.4
"Before","PSM7J193",-0.246608572059449,0.204180699419339,"HMP_2019_ibdmdb","IBD",8,5.4
"Before","PSM7J1AS",-0.262959820261114,0.223854752268965,"HMP_2019_ibdmdb","IBD",8,5.4
"Before","PSM7J12B",-0.283524619675299,0.233431681055176,"HMP_2019_ibdmdb","IBD",8,5.4
"Before","PSM7J127",-0.209456536139508,0.174258523879523,"HMP_2019_ibdmdb","IBD",8,5.4
"Before","PSM6XBTZ_P",-0.330146680627795,-0.023932322926406,"HMP_2019_ibdmdb","Healthy",8,5.4
"Before","PSM7J1DF",-0.168383057220137,-0.0816910945351432,"HMP_2019_ibdmdb","Healthy",8,5.4
"Before","PSM6XBTX",-0.289842805671619,-0.010192971938396,"HMP_2019_ibdmdb","Healthy",8,5.4
"Before","PSM7J14X",0.0326677397262584,-0.1188718985773,"HMP_2019_ibdmdb","Healthy",8,5.4
"Before","PSM7J156",-0.00243052186196976,-0.0997474423382008,"HMP_2019_ibdmdb","Healthy",8,5.4
"Before","PSM7J1DL",-0.146260875782094,-0.186046702796639,"HMP_2019_ibdmdb","Healthy",8,5.4
"Before","PSM6XBU2",-0.300648112245337,0.0893154022480248,"HMP_2019_ibdmdb","Healthy",8,5.4
"Before","PSM7J154",-0.0999592820979012,-0.0959027005918292,"HMP_2019_ibdmdb","Healthy",8,5.4
"Before","PSM6XBTT",-0.275308096111203,0.0642399903063852,"HMP_2019_ibdmdb","Healthy",8,5.4
"Before","PSM6XBTR",-0.362680511814793,0.0676663980687069,"HMP_2019_ibdmdb","Healthy",8,5.4
"Before","PSM6XBVY_P",-0.210401049965186,0.0216012567048409,"HMP_2019_ibdmdb","IBD",8,5.4
"Before","PSM7J19F",-0.315066914144475,0.134936925725023,"HMP_2019_ibdmdb","IBD",8,5.4
"Before","PSM7J19H",-0.297631443176078,0.0479053825074513,"HMP_2019_ibdmdb","IBD",8,5.4
"Before","PSMA265N",-0.244978027818691,-0.0415904607223098,"HMP_2019_ibdmdb","IBD",8,5.4
"Before","PSM7J15I",-0.233939765790991,-0.0370636607316885,"HMP_2019_ibdmdb","IBD",8,5.4
"Before","PSM7J17T",-0.138411922115,-0.145962240151901,"HMP_2019_ibdmdb","IBD",8,5.4
"Before","PSM7J15A",-0.141566868356757,-0.147615862537886,"HMP_2019_ibdmdb","IBD",8,5.4
"Before","PSM7J158",-0.215026719824724,-0.133559818645209,"HMP_2019_ibdmdb","IBD",8,5.4
"Before","PSM7J15G",-0.153503336943958,0.0400018088037646,"HMP_2019_ibdmdb","IBD",8,5.4
"Before","PSMA265T",-0.271450494781038,0.0973519946364873,"HMP_2019_ibdmdb","IBD",8,5.4
"Before","PSM7J19J",-0.19366057131106,-0.0721400874839048,"HMP_2019_ibdmdb","IBD",8,5.4
"Before","PSM7J17L",-0.197639537365592,-0.00690156213440449,"HMP_2019_ibdmdb","IBD",8,5.4
"Before","PSM7J19B",-0.371211822907471,0.0426408558797768,"HMP_2019_ibdmdb","IBD",8,5.4
"Before","PSM7J199",-0.332566833454666,-0.0310596428406982,"HMP_2019_ibdmdb","IBD",8,5.4
"Before","PSM6XBW1_P",0.191659623894735,0.329773995871558,"HMP_2019_ibdmdb","Healthy",8,5.4
"Before","PSM7J171",0.323120320103486,0.377242118368429,"HMP_2019_ibdmdb","Healthy",8,5.4
"Before","PSM7J16U",0.240198508391231,0.467326017090551,"HMP_2019_ibdmdb","Healthy",8,5.4
"Before","PSM7J19R",0.059364295546983,0.0789017095036387,"HMP_2019_ibdmdb","Healthy",8,5.4
"Before","PSM7J16Y",-0.141832221121658,0.0287905690835673,"HMP_2019_ibdmdb","Healthy",8,5.4
"Before","PSM7J16W",0.344611503258804,0.353323130915588,"HMP_2019_ibdmdb","Healthy",8,5.4
"Before","PSM7J19N",0.256302108562495,0.311317256370457,"HMP_2019_ibdmdb","Healthy",8,5.4
"Before","PSM7J173",0.229630694457106,0.357048194442577,"HMP_2019_ibdmdb","Healthy",8,5.4
"Before","PSM7J19T",0.290383505394647,0.380201170289602,"HMP_2019_ibdmdb","Healthy",8,5.4
"Before","PSM7J19P",0.340081103122906,0.337655505386757,"HMP_2019_ibdmdb","Healthy",8,5.4
"Before","PSM7J19X_P",0.194256035958978,0.0132650064843412,"HMP_2019_ibdmdb","Healthy",8,5.4
"Before","PSM7J17X",0.217351107432647,0.0108736891752238,"HMP_2019_ibdmdb","Healthy",8,5.4
"Before","PSM6XBW3",0.22177262639559,0.0205568391440011,"HMP_2019_ibdmdb","Healthy",8,5.4
"Before","PSM7J19Z",0.214786395130486,0.000228108253020265,"HMP_2019_ibdmdb","Healthy",8,5.4
"Before","PSM7J15U",0.236517543906086,-0.034415519657228,"HMP_2019_ibdmdb","Healthy",8,5.4
"Before","PSM7J15M",0.226338692171358,-0.0346425342892372,"HMP_2019_ibdmdb","Healthy",8,5.4
"Before","PSM7J1A6",0.208068421513225,0.0284514689529825,"HMP_2019_ibdmdb","Healthy",8,5.4
"Before","PSM7J1A2",0.222060929003002,-0.00141386010372291,"HMP_2019_ibdmdb","Healthy",8,5.4
"Before","PSMA265H",0.235459629580095,-0.0412979956609979,"HMP_2019_ibdmdb","Healthy",8,5.4
"Before","PSM7J1A4",0.193153069485115,0.019967020152766,"HMP_2019_ibdmdb","Healthy",8,5.4
"Before","PSM7J15O",0.22794013044833,-0.0320029835028693,"HMP_2019_ibdmdb","Healthy",8,5.4
"Before","PSM7J15K",0.224768081109884,-0.0317576717836687,"HMP_2019_ibdmdb","Healthy",8,5.4
"Before","PSMA265F",0.214414294231438,-0.0340192014747823,"HMP_2019_ibdmdb","Healthy",8,5.4
"Before","PSM7J17V",0.219624294083737,0.0143240604837185,"HMP_2019_ibdmdb","Healthy",8,5.4
"Before","PSM7J15Q",0.247576052611517,-0.0347941518177946,"HMP_2019_ibdmdb","Healthy",8,5.4
"Before","PSM7J186",0.217775471051891,-0.0272441306372118,"HMP_2019_ibdmdb","Healthy",8,5.4
"Before","PSM7J15S",0.253778790186295,-0.0404753377601023,"HMP_2019_ibdmdb","Healthy",8,5.4
"Before","PSM7J17Z",0.221989220908172,-0.0288034540606651,"HMP_2019_ibdmdb","Healthy",8,5.4
"Before","PSMA265D",0.235158372678791,-0.0301844321428979,"HMP_2019_ibdmdb","Healthy",8,5.4
"Before","PSMA265L",0.247192749412903,-0.0544686954663759,"HMP_2019_ibdmdb","Healthy",8,5.4
"Before","PSM7J184",0.219593908025941,-0.0285097288411526,"HMP_2019_ibdmdb","Healthy",8,5.4
"Before","PSM7J1A8",0.216223685924928,0.020815703813145,"HMP_2019_ibdmdb","Healthy",8,5.4
"Before","PSM7J182",0.225424165031558,-0.0283561860628747,"HMP_2019_ibdmdb","Healthy",8,5.4
"Before","PSMA265J",0.25911149665318,-0.0581818327836565,"HMP_2019_ibdmdb","Healthy",8,5.4
"Before","PSMA265J_TR",0.25911149665318,-0.0581818327836565,"HMP_2019_ibdmdb","Healthy",8,5.4
"Before","PSM7J1BN_P",0.172295281451103,0.018206566798006,"HMP_2019_ibdmdb","IBD",8,5.4
"Before","PSM7J1BL",0.207057628755633,0.0275690619369076,"HMP_2019_ibdmdb","IBD",8,5.4
"Before","PSM7J1BJ",0.203131858540668,0.0239370494622133,"HMP_2019_ibdmdb","IBD",8,5.4
"Before","PSM7J1BP",0.217027331120048,0.0261906917849186,"HMP_2019_ibdmdb","IBD",8,5.4
"Before","PSM7J1BR",0.154175655898828,0.0137832387770295,"HMP_2019_ibdmdb","IBD",8,5.4
"Before","PSMA263W",0.119875993093868,-0.0110319744267183,"HMP_2019_ibdmdb","IBD",8,5.4
"Before","PSM7J12J",0.15160757929114,0.00941803008379567,"HMP_2019_ibdmdb","IBD",8,5.4
"Before","PSMA263U",0.142499308841055,-0.0103057929357914,"HMP_2019_ibdmdb","IBD",8,5.4
"Before","PSMA263S",0.115246256604502,-0.00616677286197505,"HMP_2019_ibdmdb","IBD",8,5.4
"Before","PSM7J12R",0.110670861103153,-0.00137332020708437,"HMP_2019_ibdmdb","IBD",8,5.4
"Before","PSMA263M",0.120224691883265,-0.00921823499765266,"HMP_2019_ibdmdb","IBD",8,5.4
"Before","PSM7J1C2_P",-0.115549435172328,-0.200178046427369,"HMP_2019_ibdmdb","IBD",8,5.4
"Before","PSM7J1BX",-0.206250318089672,0.00261007485505064,"HMP_2019_ibdmdb","IBD",8,5.4
"Before","PSM7J1C4",-0.153199948963699,0.00136219419540266,"HMP_2019_ibdmdb","IBD",8,5.4
"Before","PSM7J1BV",-0.19286838485819,0.0210903494132846,"HMP_2019_ibdmdb","IBD",8,5.4
"Before","PSM7J12V",-0.0864410622395031,-0.0485863904494641,"HMP_2019_ibdmdb","IBD",8,5.4
"Before","PSMA264K",-0.127881208946459,0.0546309266709186,"HMP_2019_ibdmdb","IBD",8,5.4
"Before","PSM7J12Z",-0.0542495563232698,-0.0943156602080016,"HMP_2019_ibdmdb","IBD",8,5.4
"Before","PSM7J1B3_P",0.114111052751433,0.258306496425263,"HMP_2019_ibdmdb","IBD",8,5.4
"Before","PSM7J17F",0.186381260909735,0.0305844554175205,"HMP_2019_ibdmdb","IBD",8,5.4
"Before","PSM7J17D",0.173467987287748,0.0303692231860305,"HMP_2019_ibdmdb","IBD",8,5.4
"Before","PSM7J179",0.280925477644829,0.335573609807332,"HMP_2019_ibdmdb","IBD",8,5.4
"Before","PSM7J17B",0.178102598852484,0.0255013103004888,"HMP_2019_ibdmdb","IBD",8,5.4
"Before","PSM7J15W",-0.236633983688615,0.0658214522209472,"HMP_2019_ibdmdb","IBD",8,5.4
"Before","PSM7J163",0.20395099055251,0.0364002464901178,"HMP_2019_ibdmdb","IBD",8,5.4
"Before","PSMA2668",0.191024259951612,0.030433865701063,"HMP_2019_ibdmdb","IBD",8,5.4
"Before","PSM7J161",0.201917339686761,0.0358511290222224,"HMP_2019_ibdmdb","IBD",8,5.4
"Before","PSMA2651_P",-0.0524653371597248,-0.322820540906275,"HMP_2019_ibdmdb","IBD",8,5.4
"Before","PSM7J13K",-0.050495484722597,-0.267930723865478,"HMP_2019_ibdmdb","IBD",8,5.4
"Before","PSMA265B",-0.0486169522605298,-0.318467695563711,"HMP_2019_ibdmdb","IBD",8,5.4
"Before","PSMA2653",0.00216624841114515,-0.3184888798563,"HMP_2019_ibdmdb","IBD",8,5.4
"Before","PSM7J13I",-0.0753901729329973,-0.306102554089027,"HMP_2019_ibdmdb","IBD",8,5.4
"Before","PSMA267H",-0.0320399653023609,-0.326815837153351,"HMP_2019_ibdmdb","IBD",8,5.4
"Before","PSM7J13M",-0.0646012253988875,-0.320232106827201,"HMP_2019_ibdmdb","IBD",8,5.4
"Before","PSMA2659",-0.0338210922385692,-0.315697035341417,"HMP_2019_ibdmdb","IBD",8,5.4
"Before","PSMA267F",-0.0391101601552846,-0.331086578951531,"HMP_2019_ibdmdb","IBD",8,5.4
"Before","PSMA267D",-0.029126692940786,-0.308210477784209,"HMP_2019_ibdmdb","IBD",8,5.4
"Before","PSM7J13Q",-0.0717186895781988,-0.317135186406896,"HMP_2019_ibdmdb","IBD",8,5.4
"Before","PSMB4MC7",0.222002167335613,0.317400814191737,"HMP_2019_ibdmdb","IBD",8,5.4
"Before","PSMA264Q",0.187627086733938,0.399329838559919,"HMP_2019_ibdmdb","IBD",8,5.4
"Before","PSMB4MBK",0.125341290131786,0.0351722657064624,"HMP_2019_ibdmdb","IBD",8,5.4
"Before","PSMA264S",0.294721822294201,0.396197912572944,"HMP_2019_ibdmdb","IBD",8,5.4
"Before","PSMA264O",0.269404410288496,0.385399276158834,"HMP_2019_ibdmdb","IBD",8,5.4
"Before","PSMA264W",0.241533146683176,0.322453253224472,"HMP_2019_ibdmdb","IBD",8,5.4
"Before","PSMA267R",0.375255437096037,0.382790487418447,"HMP_2019_ibdmdb","IBD",8,5.4
"Before","PSMA264U",0.259683449031705,0.371833669992561,"HMP_2019_ibdmdb","IBD",8,5.4
"Before","PSMB4MBI",0.359100802726233,0.372316849279947,"HMP_2019_ibdmdb","IBD",8,5.4
"Before","PSMA267P",0.27222665253827,0.358090588819874,"HMP_2019_ibdmdb","IBD",8,5.4
"Before","PSMA267J",0.263402877312306,0.353885730942985,"HMP_2019_ibdmdb","IBD",8,5.4
"Before","PSM7J4EF",0.134383540318963,-0.251334115209734,"HMP_2019_ibdmdb","IBD",8,5.4
"Before","PSMA266Q",0.0290217808468275,-0.33020241158662,"HMP_2019_ibdmdb","IBD",8,5.4
"Before","PSMA269G",0.0876784643527131,-0.256960046542376,"HMP_2019_ibdmdb","IBD",8,5.4
"Before","PSMA266O",0.0112140662102539,-0.326000348390094,"HMP_2019_ibdmdb","IBD",8,5.4
"Before","PSMA266I",0.0103284779062084,-0.352231030160055,"HMP_2019_ibdmdb","IBD",8,5.4
"Before","PSMB4MBS",0.0302680032994625,-0.314863548589767,"HMP_2019_ibdmdb","IBD",8,5.4
"Before","PSMA266M",0.0372263884071018,-0.333419699668873,"HMP_2019_ibdmdb","IBD",8,5.4
"Before","PSMA269O",0.00835345152212245,-0.348241266762909,"HMP_2019_ibdmdb","IBD",8,5.4
"Before","PSMA266U",-0.139750065500061,0.11808181870111,"HMP_2019_ibdmdb","IBD",8,5.4
"Before","PSMB4MC5",-0.184307227407074,0.189220659055508,"HMP_2019_ibdmdb","IBD",8,5.4
"Before","PSMB4MC3",-0.333193181147536,0.128219564114983,"HMP_2019_ibdmdb","IBD",8,5.4
"Before","PSMA269S",-0.232720566799946,0.052448590229416,"HMP_2019_ibdmdb","IBD",8,5.4
"Before","PSMA2671",-0.270915453594602,0.121691736823102,"HMP_2019_ibdmdb","IBD",8,5.4
"Before","PSMA266Y",-0.28736623964345,0.195444443725198,"HMP_2019_ibdmdb","IBD",8,5.4
"Before","PSMA26A3",-0.237782904436878,0.109599295290415,"HMP_2019_ibdmdb","IBD",8,5.4
"Before","PSMA2675",-0.196353234363421,0.0210190310886077,"HMP_2019_ibdmdb","IBD",8,5.4
"Before","PSMA269W",-0.235418872300712,0.0608741020629079,"HMP_2019_ibdmdb","IBD",8,5.4
"Before","PSMA265X",-0.308149580596368,0.110458796654474,"HMP_2019_ibdmdb","IBD",8,5.4
"Before","PSMA26A1",-0.266345621505013,0.00429758035556725,"HMP_2019_ibdmdb","IBD",8,5.4
"Before","PSMB4MC1",-0.304478573413767,0.0885177205988459,"HMP_2019_ibdmdb","IBD",8,5.4
"Before","SKST006_7_G102965",0.196657844415701,0.0192283468623487,"HallAB_2017","IBD",8,5.4
"Before","SKST006_9_G103014",0.235976679944233,0.0101954730277495,"HallAB_2017","IBD",8,5.4
"Before","SKST006_6_G102964",0.177376860875409,0.0263162348718852,"HallAB_2017","IBD",8,5.4
"Before","SKST006_5_G102963",0.182744056668396,0.030233086282529,"HallAB_2017","IBD",8,5.4
"Before","SKST006_3_G102961",-0.398201768770389,0.162429362542346,"HallAB_2017","IBD",8,5.4
"Before","SKST006_1_G102959",0.165791305104193,0.0191225034464868,"HallAB_2017","IBD",8,5.4
"Before","SKST006_4_G102962",0.194447652088274,0.0321090511406878,"HallAB_2017","IBD",8,5.4
"Before","SKST006_2_G102960",-0.313913930258321,0.161612130108675,"HallAB_2017","IBD",8,5.4
"Before","SKST006_10_G102994",0.17504082160652,0.0258195879088227,"HallAB_2017","Healthy",8,5.4
"Before","SKST007_8_G102999",-0.144689408064205,-0.163685580134624,"HallAB_2017","Healthy",8,5.4
"Before","SKST007_2_G102967",-0.218726350580276,-0.130890182580657,"HallAB_2017","Healthy",8,5.4
"Before","SKST007_1_G102966",-0.080595518705029,-0.239536600859693,"HallAB_2017","Healthy",8,5.4
"Before","SKST007_6_G102995",0.110972466285953,-0.125342429365359,"HallAB_2017","Healthy",8,5.4
"Before","SKST007_3_G102949",-0.0783796625763636,-0.214356188596505,"HallAB_2017","Healthy",8,5.4
"Before","SKST007_7_G103016",-0.0763987246821242,-0.190110094553546,"HallAB_2017","Healthy",8,5.4
"Before","SKST007_4_G102948",-0.230298731944513,-0.130409170294027,"HallAB_2017","Healthy",8,5.4
"Before","SKST010_6_G103004",-0.209479255981671,-0.0625718159992513,"HallAB_2017","Healthy",8,5.4
"Before","SKST010_3_G102970",0.198242691323592,-0.0700853323259015,"HallAB_2017","Healthy",8,5.4
"Before","SKST010_4_G102956",-0.107486962566682,-0.164893114422027,"HallAB_2017","Healthy",8,5.4
"Before","SKST010_7_G103003",-0.0729787075982695,-0.168415430125547,"HallAB_2017","Healthy",8,5.4
"Before","SKST010_2_G102969",-0.145983465910722,-0.115866955770168,"HallAB_2017","Healthy",8,5.4
"Before","SKST010_1_G102968",0.0885349479001668,-0.123081740039645,"HallAB_2017","Healthy",8,5.4
"Before","SKST010_5_G102990",-0.128829697640476,-0.103034499160576,"HallAB_2017","Healthy",8,5.4
"Before","SKST010_8_G102998",-0.238792440732365,-0.0245609615678114,"HallAB_2017","Healthy",8,5.4
"Before","SKST011_7_G103017",0.0464961861272178,-0.241687607406139,"HallAB_2017","Healthy",8,5.4
"Before","SKST011_8_G103000",0.0459174566242331,-0.144892904988353,"HallAB_2017","Healthy",8,5.4
"Before","SKST011_3_G102973",0.0276846525594403,-0.300303363167431,"HallAB_2017","Healthy",8,5.4
"Before","SKST011_4_G102952",-0.00434503597083936,-0.308651836271421,"HallAB_2017","Healthy",8,5.4
"Before","SKST011_5_G102993",0.0428806549169952,-0.248249974980459,"HallAB_2017","Healthy",8,5.4
"Before","SKST011_1_G102971",-0.0140919732212563,-0.304338118548155,"HallAB_2017","Healthy",8,5.4
"Before","SKST011_2_G102972",-0.00639811392616625,-0.322195782089466,"HallAB_2017","Healthy",8,5.4
"Before","SKST011_6_G103002",0.065329836252125,-0.211433122271597,"HallAB_2017","Healthy",8,5.4
"Before","SKST012_2_G102975",-0.0185057330764094,-0.173179814972774,"HallAB_2017","Healthy",8,5.4
"Before","SKST012_3_G102950",-0.181032851539727,-0.00370592866156643,"HallAB_2017","Healthy",8,5.4
"Before","SKST012_6_G102997",-0.012545441092512,-0.168347152114312,"HallAB_2017","Healthy",8,5.4
"Before","SKST012_5_G102992",-0.164727343340599,-0.135784928431256,"HallAB_2017","Healthy",8,5.4
"Before","SKST012_1_G102974",-0.0570655477169776,-0.0759399716569353,"HallAB_2017","Healthy",8,5.4
"Before","SKST012_4_G102954",-0.0736736219257597,-0.0207228157988481,"HallAB_2017","Healthy",8,5.4
"Before","SKST014_4_G102979",0.179717409135964,0.021232844224398,"HallAB_2017","IBD",8,5.4
"Before","SKST014_3_G102978",0.228762386861544,0.0040165536549539,"HallAB_2017","IBD",8,5.4
"Before","SKST014_7_G102940",0.239590512405522,-0.0415838821105192,"HallAB_2017","IBD",8,5.4
"Before","SKST014_1_G102976",0.180172990927163,0.0251745745616713,"HallAB_2017","IBD",8,5.4
"Before","SKST014_6_G102951",0.271076073838566,-0.0534908638243629,"HallAB_2017","IBD",8,5.4
"Before","SKST014_2_G102977",0.210185970227531,0.0291905744943391,"HallAB_2017","IBD",8,5.4
"Before","SKST014_5_G102980",0.243363214861254,-0.00614660194783063,"HallAB_2017","IBD",8,5.4
"Before","SKST023_4_G102937",0.235925580070244,-0.132853381889907,"HallAB_2017","Healthy",8,5.4
"Before","SKST023_6_G103009",0.218613560670467,-0.10651800079552,"HallAB_2017","Healthy",8,5.4
"Before","SKST023_7_G103015",0.135869421770803,-0.192804882122881,"HallAB_2017","Healthy",8,5.4
"Before","SKST023_5_G103007",-0.120448816333371,-0.2915784985447,"HallAB_2017","Healthy",8,5.4
"Before","SKST023_3_G102941",0.239789418762203,-0.133934110178422,"HallAB_2017","Healthy",8,5.4
"Before","SKST023_1_G102981",-0.0540599172340036,-0.314087627330004,"HallAB_2017","Healthy",8,5.4
"Before","SKST023_2_G102987",-0.0875579338308724,-0.315954684114299,"HallAB_2017","Healthy",8,5.4
"Before","SKST024_5_G103001",-0.372683670341374,0.0276256474697257,"HallAB_2017","Healthy",8,5.4
"Before","SKST024_8_G103031",0.0549741236304883,-0.0855916559325242,"HallAB_2017","Healthy",8,5.4
"Before","SKST024_2_G102953",0.193874296198362,-0.073035080941229,"HallAB_2017","Healthy",8,5.4
"Before","SKST024_1_G102982",-0.328846011410958,-0.00969597278710205,"HallAB_2017","Healthy",8,5.4
"Before","SKST024_7_G103022",-0.303527191726336,0.12741226460973,"HallAB_2017","Healthy",8,5.4
"Before","SKST024_6_G103012",0.104588378454326,-0.00350348297219705,"HallAB_2017","Healthy",8,5.4
"Before","SKST024_4_G102938",0.0707013730992495,-0.113993115361062,"HallAB_2017","Healthy",8,5.4
"Before","SKST024_3_G102944",0.0625155588779496,-0.0279313469240957,"HallAB_2017","Healthy",8,5.4
"Before","SKST025_6_G103010",0.216747073579244,0.0078796535843608,"HallAB_2017","IBD",8,5.4
"Before","SKST025_4_G102939",0.218277551588537,0.00224163567533659,"HallAB_2017","IBD",8,5.4
"Before","SKST025_5_G103006",-0.00520954034208338,-0.20288515580173,"HallAB_2017","IBD",8,5.4
"Before","SKST025_1_G102983",0.014427428840487,-0.147234688067437,"HallAB_2017","IBD",8,5.4
"Before","SKST025_9_G103021",-0.120589893388239,-0.278564445258301,"HallAB_2017","IBD",8,5.4
"Before","SKST025_3_G102942",0.200965286407356,-0.0179085073636901,"HallAB_2017","IBD",8,5.4
"Before","SKST025_2_G102986",0.10970589944182,-0.0594281662155251,"HallAB_2017","IBD",8,5.4
"Before","SKST027_12_G103011",0.210028385540454,0.015218983882312,"HallAB_2017","IBD",8,5.4
"Before","SKST027_10_G102936",0.207120168138085,0.0321923354834471,"HallAB_2017","IBD",8,5.4
"Before","SKST027_1_G102984",0.0960803922619973,0.0225134775446965,"HallAB_2017","IBD",8,5.4
"Before","SKST027_6_G102955",0.175845957669499,0.02702153266882,"HallAB_2017","IBD",8,5.4
"Before","SKST027_9_G102947",0.195456114618666,0.0237392028246411,"HallAB_2017","IBD",8,5.4
"Before","SKST027_11_G102996",0.215596452805161,0.0173505595184729,"HallAB_2017","IBD",8,5.4
"Before","SKST027_2_G102985",-0.0920034797650771,-0.0358601676982626,"HallAB_2017","IBD",8,5.4
"Before","SKST027_4_G102958",-0.155296559091902,0.0472599106400017,"HallAB_2017","IBD",8,5.4
"Before","SKST027_3_G102945",-0.0832365189085662,0.0378087666846458,"HallAB_2017","IBD",8,5.4
"Before","SKST032_1_G102943",0.108977700588474,-0.183044534779625,"HallAB_2017","IBD",8,5.4
"Before","SKST032_3_G102989",0.0107067276835896,-0.197346671809106,"HallAB_2017","IBD",8,5.4
"Before","SKST032_5_G103024",-0.0177569272023085,-0.303742265683228,"HallAB_2017","IBD",8,5.4
"Before","SKST032_4_G103008",-0.0727507418107608,-0.296671938638551,"HallAB_2017","IBD",8,5.4
"Before","SKST032_2_G102946",0.00140248737494954,-0.174385018701586,"HallAB_2017","IBD",8,5.4
"Before","SKST036_2_G103020",-0.027401331289234,-0.120322071769988,"HallAB_2017","Healthy",8,5.4
"Before","SKST036_1_G103013",-0.303560697928392,0.0454498547329939,"HallAB_2017","Healthy",8,5.4
"Before","SKST036_3_G103025",-0.156613335834198,-0.11942006345238,"HallAB_2017","Healthy",8,5.4
"Before","SKST037_3_G103026",0.110039216251767,-0.091232612607335,"HallAB_2017","Healthy",8,5.4
"Before","SKST037_2_G103023",0.101278388095192,-0.0463844142060108,"HallAB_2017","Healthy",8,5.4
"Before","SKST041_1_G103005",0.00137211192563395,-0.04811802869874,"HallAB_2017","Healthy",8,5.4
"Before","SKST041_2_G103027",-0.0283413446187961,0.0368420607971103,"HallAB_2017","Healthy",8,5.4
"Before","SKST041_3_G103028",-0.0558326897598618,0.0010958180149123,"HallAB_2017","Healthy",8,5.4
"Before","p8582_mo9",0.117799991607905,-0.267891926875857,"HallAB_2017","IBD",8,5.4
"Before","p8582_mo3",0.199758951922933,-0.205266027579546,"HallAB_2017","IBD",8,5.4
"Before","p8582_mo6",0.23711610064419,-0.118220628786223,"HallAB_2017","IBD",8,5.4
"Before","p8582_mo7",0.176598552005948,-0.186887502792689,"HallAB_2017","IBD",8,5.4
"Before","p8582_mo4",0.0790124496648301,-0.242814536682442,"HallAB_2017","IBD",8,5.4
"Before","p8582_mo5",0.19295299711675,-0.164098168754219,"HallAB_2017","IBD",8,5.4
"Before","p8582_mo2",0.12914109745496,-0.232373175978493,"HallAB_2017","IBD",8,5.4
"Before","p8582_mo1",0.109455553416166,-0.232372529533635,"HallAB_2017","IBD",8,5.4
"Before","p8582_mo12",0.122583976428216,-0.272454703951464,"HallAB_2017","IBD",8,5.4
"Before","p8582_mo8",0.0668695877499967,-0.281849902352494,"HallAB_2017","IBD",8,5.4
"Before","p8582_mo10",0.0820820051370549,-0.27952845730153,"HallAB_2017","IBD",8,5.4
"Before","p8582_mo11",0.0711249173785728,-0.284622915378632,"HallAB_2017","IBD",8,5.4
"Before","p8585_mo2",0.287853205502594,0.197848706095041,"HallAB_2017","IBD",8,5.4
"Before","p8585_mo3",0.359190752472935,0.187445469187438,"HallAB_2017","IBD",8,5.4
"Before","p8585_mo6",0.101409220633889,0.308770370633447,"HallAB_2017","IBD",8,5.4
"Before","p8585_mo4",0.246230649488416,0.0211640964228985,"HallAB_2017","IBD",8,5.4
"Before","p8585_mo8",0.359830500022276,0.303549505423089,"HallAB_2017","IBD",8,5.4
"Before","p8585_mo9",0.162741385815876,0.169150321075509,"HallAB_2017","IBD",8,5.4
"Before","p8585_mo1",0.26277795421494,-0.0225082593845354,"HallAB_2017","IBD",8,5.4
"Before","p8585_mo7",0.269822910533705,0.26548488796641,"HallAB_2017","IBD",8,5.4
"Before","p8600_mo4",-0.19367606194283,-0.0154012775383981,"HallAB_2017","IBD",8,5.4
"Before","p8600_mo3",0.232502000329801,-0.00623519435891345,"HallAB_2017","IBD",8,5.4
"Before","p8600_mo6",0.00301599668465383,0.0511659168980294,"HallAB_2017","IBD",8,5.4
"Before","p8600_mo5",-0.0233938159593089,-0.0859687467264334,"HallAB_2017","IBD",8,5.4
"Before","p8600_mo1",-0.147959599336604,0.211425794775684,"HallAB_2017","IBD",8,5.4
"Before","p8600_mo12",-0.219641928217487,0.00655628908568793,"HallAB_2017","IBD",8,5.4
"Before","p8600_mo7",-0.270090372425528,0.0487169421713128,"HallAB_2017","IBD",8,5.4
"Before","p8600_mo11",-0.23877395319313,0.0249787177346382,"HallAB_2017","IBD",8,5.4
"Before","p8600_mo10",-0.184798341334814,-0.0119734480680134,"HallAB_2017","IBD",8,5.4
"Before","p8600_mo2",-0.00219105383180132,0.063695846122544,"HallAB_2017","IBD",8,5.4
"Before","p8600_mo9",-0.134318222312734,-0.0487138781894303,"HallAB_2017","IBD",8,5.4
"Before","p8600_mo8",-0.249693414881773,0.0556128227942562,"HallAB_2017","IBD",8,5.4
"Before","p8646_mo1",0.207732076673429,-0.0093107026805478,"HallAB_2017","IBD",8,5.4
"Before","p8646_mo3",0.240652093954635,-0.0379445874466,"HallAB_2017","IBD",8,5.4
"Before","p8646_mo2",0.236214343424975,-0.0172272987447271,"HallAB_2017","IBD",8,5.4
"Before","p8646_mo4",-0.0183194437126522,0.0238143966769634,"HallAB_2017","IBD",8,5.4
"Before","p8646_mo12",-0.0572357620644997,0.00132300141740961,"HallAB_2017","IBD",8,5.4
"Before","p8646_mo10",-0.0612913291891947,0.057255364270928,"HallAB_2017","IBD",8,5.4
"Before","p8646_mo9",0.00359444453915292,0.0546042899680967,"HallAB_2017","IBD",8,5.4
"Before","p8646_mo11",-0.0289547524959758,0.0333209453617241,"HallAB_2017","IBD",8,5.4
"Before","p8646_mo8",0.114405977303685,0.0196289199348025,"HallAB_2017","IBD",8,5.4
"Before","p8646_mo7",0.0242034113062718,0.0780533118802599,"HallAB_2017","IBD",8,5.4
"Before","p8646_mo5",0.0722403500440568,0.0339813352097517,"HallAB_2017","IBD",8,5.4
"Before","p8646_mo6",-0.118140046042543,0.143907649049956,"HallAB_2017","IBD",8,5.4
"Before","p8649_mo5",0.210526531889677,0.0328231224465252,"HallAB_2017","IBD",8,5.4
"Before","p8649_mo11",0.148225393977846,-0.0920878342847653,"HallAB_2017","IBD",8,5.4
"Before","p8649_mo10",0.191503160340851,0.0326463365613092,"HallAB_2017","IBD",8,5.4
"Before","p8649_mo9",-0.0225347234451056,-0.03014278228862,"HallAB_2017","IBD",8,5.4
"Before","p8649_mo12",0.32369656270225,0.197994873404549,"HallAB_2017","IBD",8,5.4
"Before","p8649_mo8",-0.01234825239683,-0.0823578190107129,"HallAB_2017","IBD",8,5.4
"Before","p8649_mo4",0.187458261887789,0.0443733152486382,"HallAB_2017","IBD",8,5.4
"Before","p8649_mo7",-0.133125626567316,-0.022585036835111,"HallAB_2017","IBD",8,5.4
"Before","p8649_mo2",0.117702700238462,-0.00723756342451823,"HallAB_2017","IBD",8,5.4
"Before","p8649_mo3",0.223053274284478,0.194730296012217,"HallAB_2017","IBD",8,5.4
"Before","p8649_mo1",0.121454599690616,-0.00976449749256364,"HallAB_2017","IBD",8,5.4
"Before","p8649_mo6",0.128005619649096,0.184844742450583,"HallAB_2017","IBD",8,5.4
"Before","p8712_mo11",0.0350223743113102,-0.0380267636007733,"HallAB_2017","IBD",8,5.4
"Before","p8712_mo12",-0.0789538209220956,-0.0356695918055866,"HallAB_2017","IBD",8,5.4
"Before","p8712_mo10",0.00556502516950391,-0.0895441822108776,"HallAB_2017","IBD",8,5.4
"Before","p8712_mo6",0.0487231617543487,-0.0756299993060483,"HallAB_2017","IBD",8,5.4
"Before","p8712_mo9",0.0902644626413328,0.0064658206379186,"HallAB_2017","IBD",8,5.4
"Before","p8712_mo5",-0.0832605083056061,-0.0912598024848261,"HallAB_2017","IBD",8,5.4
"Before","p8712_mo1",-0.0306403497555792,0.0338385569682097,"HallAB_2017","IBD",8,5.4
"Before","p8712_mo8",0.0584243725565727,-0.127475897773169,"HallAB_2017","IBD",8,5.4
"Before","p8712_mo7",-0.129210721355458,-0.0397103132790729,"HallAB_2017","IBD",8,5.4
"Before","p8712_mo2",-0.0123753566451707,0.0295410973366064,"HallAB_2017","IBD",8,5.4
"Before","p8712_mo3",-0.0583341237739179,-0.110692775427785,"HallAB_2017","IBD",8,5.4
"Before","p8712_mo4",-0.0950913699202637,0.0501503945001422,"HallAB_2017","IBD",8,5.4
"Before","p8748_mo11",-0.0324524869493893,-0.0919262856342566,"HallAB_2017","IBD",8,5.4
"Before","p8748_mo9",-0.0435166087484878,-0.0390957165515966,"HallAB_2017","IBD",8,5.4
"Before","p8748_mo8",-0.152904211499511,0.0208176061756883,"HallAB_2017","IBD",8,5.4
"Before","p8748_mo10",-0.0831612335335366,-0.0122767730978509,"HallAB_2017","IBD",8,5.4
"Before","p8748_mo7",-0.12466288585072,-0.118019974508424,"HallAB_2017","IBD",8,5.4
"Before","p8748_mo12",0.0131091344832235,-0.115538644307067,"HallAB_2017","IBD",8,5.4
"Before","p8748_mo6",0.10969051406518,-0.0448329879298363,"HallAB_2017","IBD",8,5.4
"Before","p8748_mo5",0.0952242001637419,-0.109555967491164,"HallAB_2017","IBD",8,5.4
"Before","p8748_mo4",-0.140243603548252,-0.122474080116207,"HallAB_2017","IBD",8,5.4
"Before","p8775_mo11",0.0699322095716805,-0.336792087227341,"HallAB_2017","IBD",8,5.4
"Before","p8775_mo10",0.0780041916685791,-0.27972316278027,"HallAB_2017","IBD",8,5.4
"Before","p8775_mo9",-0.00163977898403208,-0.349130531106529,"HallAB_2017","IBD",8,5.4
"Before","p8775_mo5",0.0759241370830318,-0.325404080382299,"HallAB_2017","IBD",8,5.4
"Before","p8775_mo4",0.0960290351059713,-0.304446805157536,"HallAB_2017","IBD",8,5.4
"Before","p8775_mo3",0.0610472903792467,-0.315130498321382,"HallAB_2017","IBD",8,5.4
"Before","p8775_mo6",0.0921804982117466,-0.261608050298692,"HallAB_2017","IBD",8,5.4
"Before","p8775_mo7",0.0225621891466786,-0.320696008550988,"HallAB_2017","IBD",8,5.4
"Before","p8775_mo8",0.137507240154961,-0.277014183628642,"HallAB_2017","IBD",8,5.4
"Before","p8775_mo12",0.0181444246079399,-0.319107877452145,"HallAB_2017","IBD",8,5.4
"Before","p8775_mo2",0.0075204447659482,-0.314096195074601,"HallAB_2017","IBD",8,5.4
"Before","p8775_mo1",0.0304016013228633,-0.233307590676758,"HallAB_2017","IBD",8,5.4
"Before","p8808_mo10",0.26642365732751,-0.0639809928348003,"HallAB_2017","IBD",8,5.4
"Before","p8808_mo6",0.261048493159787,-0.0639718742669522,"HallAB_2017","IBD",8,5.4
"Before","p8808_mo9",0.271152681182046,-0.0664436902444373,"HallAB_2017","IBD",8,5.4
"Before","p8808_mo5",0.254115375756511,-0.0559369919947915,"HallAB_2017","IBD",8,5.4
"Before","p8808_mo4",0.256061527867359,-0.0382513085617436,"HallAB_2017","IBD",8,5.4
"Before","p8808_mo12",0.241051300844429,-0.0215253422896342,"HallAB_2017","IBD",8,5.4
"Before","p8808_mo8",0.264211632912133,-0.0706107468598751,"HallAB_2017","IBD",8,5.4
"Before","p8808_mo7",0.265910505756682,-0.0588334263500733,"HallAB_2017","IBD",8,5.4
"Before","p8808_mo11",0.238139411152667,-0.00144301102217641,"HallAB_2017","IBD",8,5.4
"Before","p8816_mo9",-0.0726597282634552,0.0237317065721217,"HallAB_2017","IBD",8,5.4
"Before","p8816_mo11",0.0457951744835522,-0.0493479723088873,"HallAB_2017","IBD",8,5.4
"Before","p8816_mo8",-0.0834288194380073,-0.0607336752069784,"HallAB_2017","IBD",8,5.4
"Before","p8816_mo7",-0.0272806568045033,0.0330878408385182,"HallAB_2017","IBD",8,5.4
"Before","p8816_mo4",-0.00441544951851965,-0.09267814823763,"HallAB_2017","IBD",8,5.4
"Before","p8816_mo6",0.0395672674811859,-0.122743443125175,"HallAB_2017","IBD",8,5.4
"Before","p8816_mo3",0.0272260599753504,-0.0688997901758427,"HallAB_2017","IBD",8,5.4
"Before","p8816_mo5",-0.0672381298411088,-0.0550193400103171,"HallAB_2017","IBD",8,5.4
"Before","p8816_mo12",-0.151451068822704,0.0480999176293232,"HallAB_2017","IBD",8,5.4
"Before","p8816_mo10",-0.0790207792504758,0.00386506835406174,"HallAB_2017","IBD",8,5.4
"Before","p8816_mo2",0.0100396415000214,0.0462952969353549,"HallAB_2017","IBD",8,5.4
"Before","p8816_mo1",0.155914828286092,-0.0799070807211197,"HallAB_2017","IBD",8,5.4
"Before","p8855_mo10",0.233198807149815,-0.0112131351795382,"HallAB_2017","IBD",8,5.4
"Before","p8855_mo8",0.246821918675643,-0.0289877565069981,"HallAB_2017","IBD",8,5.4
"Before","p8855_mo9",0.202819916543073,0.0224484174859401,"HallAB_2017","IBD",8,5.4
"Before","p8855_mo3",0.227104025767565,-0.00269693395170384,"HallAB_2017","IBD",8,5.4
"Before","p8855_mo11",0.241784443824978,-0.0195562198526301,"HallAB_2017","IBD",8,5.4
"Before","p8855_mo4",0.233724634645602,-0.00624834030984862,"HallAB_2017","IBD",8,5.4
"Before","p8855_mo12",0.26021562329502,-0.0205736361228335,"HallAB_2017","IBD",8,5.4
"Before","p8883_mo4",-0.0177305747638141,0.0712193323666809,"HallAB_2017","IBD",8,5.4
"Before","p8883_mo10",0.0999046767767822,0.00189829205749601,"HallAB_2017","IBD",8,5.4
"Before","p8883_mo12",-0.0960163935213094,0.0703925885652555,"HallAB_2017","IBD",8,5.4
"Before","p8883_mo9",0.0322190289291968,0.0427511301811704,"HallAB_2017","IBD",8,5.4
"Before","p8883_mo8",-0.0656917409071562,0.0776876724459399,"HallAB_2017","IBD",8,5.4
"Before","p8883_mo6",-0.0349498107356528,0.0526303418661045,"HallAB_2017","IBD",8,5.4
"Before","p8883_mo11",-0.0416286136427583,0.0733265313744952,"HallAB_2017","IBD",8,5.4
"Before","p8883_mo3",-0.174575066338975,0.153321912325953,"HallAB_2017","IBD",8,5.4
"Before","p8883_mo2",-0.0963638263258749,0.0966911652094922,"HallAB_2017","IBD",8,5.4
"Before","p8883_mo7",-0.0456548723554781,0.0661174672454024,"HallAB_2017","IBD",8,5.4
"Before","p9061_mo6",0.40265822670212,0.240786246515742,"HallAB_2017","IBD",8,5.4
"Before","p9061_mo2",0.443799912884561,0.266868789254048,"HallAB_2017","IBD",8,5.4
"Before","p9061_mo7",0.462564908565601,0.258232820721331,"HallAB_2017","IBD",8,5.4
"Before","p9061_mo5",0.47491037216197,0.299164612866386,"HallAB_2017","IBD",8,5.4
"Before","p9061_mo4",0.469599403575961,0.293347363236289,"HallAB_2017","IBD",8,5.4
"Before","p9061_mo1",0.420142519315091,0.203888029519406,"HallAB_2017","IBD",8,5.4
"Before","p9061_mo3",0.454205454076866,0.288250415883782,"HallAB_2017","IBD",8,5.4
"Before","p9061_mo8",0.465066113861429,0.340039432257027,"HallAB_2017","IBD",8,5.4
"Before","p9193_mo7",0.0457967589310815,-0.305219217440974,"HallAB_2017","IBD",8,5.4
"Before","p9193_mo6",0.0870289563897266,-0.298760277799788,"HallAB_2017","IBD",8,5.4
"Before","p9193_mo4",0.0388608615274875,-0.331097307942561,"HallAB_2017","IBD",8,5.4
"Before","p9193_mo1",0.123323981749144,-0.307992394987958,"HallAB_2017","IBD",8,5.4
"Before","p9193_mo2",-0.0464019284868901,-0.341439882275035,"HallAB_2017","IBD",8,5.4
"Before","p9193_mo5",0.0678278243009512,-0.281615884966808,"HallAB_2017","IBD",8,5.4
"Before","p9216_mo2",-0.181659998367504,0.241688016443413,"HallAB_2017","IBD",8,5.4
"Before","p9216_mo1",-0.0420289502828535,-0.137509838653394,"HallAB_2017","IBD",8,5.4
"Before","p9216_mo5",-0.0633329080333174,-0.115928613370777,"HallAB_2017","IBD",8,5.4
"Before","p9216_mo6",0.0195701127636355,-0.229526949795898,"HallAB_2017","IBD",8,5.4
"Before","p9216_mo8",0.0492521843555747,-0.242079422377228,"HallAB_2017","IBD",8,5.4
"Before","p9216_mo3",-0.0152957348222178,-0.155419369107697,"HallAB_2017","IBD",8,5.4
"Before","p9216_mo4",-0.0363270026035278,-0.162125600793572,"HallAB_2017","IBD",8,5.4
"Before","p9216_mo7",0.0668162106887384,-0.243293744748811,"HallAB_2017","IBD",8,5.4
"Before","p9220_mo1",0.222018453902774,-0.224481947644561,"HallAB_2017","Healthy",8,5.4
"Before","p9220_mo7",0.142866201360127,-0.261010925827454,"HallAB_2017","Healthy",8,5.4
"Before","p9220_mo2",0.13812560513813,-0.275398147611289,"HallAB_2017","Healthy",8,5.4
"Before","p9220_mo3",0.225398076931341,-0.210010769426597,"HallAB_2017","Healthy",8,5.4
"Before","p9220_mo5",0.145958920025732,-0.23333526914792,"HallAB_2017","Healthy",8,5.4
"Before","p9220_mo6",0.258923717280976,-0.103232526600227,"HallAB_2017","Healthy",8,5.4
"Before","p9220_mo4",0.189558371046187,-0.237381524153858,"HallAB_2017","Healthy",8,5.4
"Before","p9223_mo5",0.285333000022852,0.046580877423464,"HallAB_2017","Healthy",8,5.4
"Before","p9223_mo4",0.383433443836833,0.253098498334032,"HallAB_2017","Healthy",8,5.4
"Before","p9223_mo6",0.340145823336508,0.173318406397246,"HallAB_2017","Healthy",8,5.4
"Before","p9223_mo7",0.32719379754085,0.20119902677027,"HallAB_2017","Healthy",8,5.4
"Before","p9223_mo3",0.366849848256268,0.214627236612217,"HallAB_2017","Healthy",8,5.4
"Before","p9223_mo8",0.363330818598741,0.196496154349834,"HallAB_2017","Healthy",8,5.4
"Before","p9223_mo1",0.442070743263643,0.317416495639668,"HallAB_2017","Healthy",8,5.4
"Before","p9223_mo2",0.375348423369429,0.202580918237563,"HallAB_2017","Healthy",8,5.4
"Before","p9281_mo6",0.243814086865594,0.0238947099306786,"HallAB_2017","Healthy",8,5.4
"Before","p9281_mo3",0.0948227774052002,-0.0588739222392035,"HallAB_2017","Healthy",8,5.4
"Before","p9281_mo1",0.0162678316727314,-0.091153450065104,"HallAB_2017","Healthy",8,5.4
"Before","p9281_mo5",0.148792902685317,-0.0863644943649261,"HallAB_2017","Healthy",8,5.4
"Before","p9281_mo4",0.221270140745802,-0.0810182868640466,"HallAB_2017","Healthy",8,5.4
"Before","p9281_mo2",0.0646875647556765,-0.0285806671382456,"HallAB_2017","Healthy",8,5.4
"Before","S1_a_WGS",0.269943097969974,-0.038475996097248,"IjazUZ_2017","IBD",8,5.4
"Before","S5_a_WGS",0.255196411872987,-0.0404789462094801,"IjazUZ_2017","IBD",8,5.4
"Before","S3_a_WGS",0.21811019833283,-0.00525752803810357,"IjazUZ_2017","IBD",8,5.4
"Before","S2_a_WGS",0.223803992320958,-0.0116262750776415,"IjazUZ_2017","IBD",8,5.4
"Before","S4_a_WGS",0.273765125986907,-0.0547882061408624,"IjazUZ_2017","IBD",8,5.4
"Before","S57_a_WGS",0.223710222358319,0.000790290285076392,"IjazUZ_2017","IBD",8,5.4
"Before","S59_a_WGS",0.223357489102032,0.000242336825584558,"IjazUZ_2017","IBD",8,5.4
"Before","S56_a_WGS",0.222052729189613,0.00594892746855782,"IjazUZ_2017","IBD",8,5.4
"Before","S60_a_WGS",0.235085464265299,-0.0198645814753504,"IjazUZ_2017","IBD",8,5.4
"Before","S58_a_WGS",0.221268717669009,0.00287749039486503,"IjazUZ_2017","IBD",8,5.4
"Before","S63_a_WGS",0.224867852257203,-0.0145269436971594,"IjazUZ_2017","IBD",8,5.4
"Before","S65_a_WGS",0.233239422095977,-0.0110479434559818,"IjazUZ_2017","IBD",8,5.4
"Before","S62_a_WGS",0.175605286518846,-0.00831226227773786,"IjazUZ_2017","IBD",8,5.4
"Before","S64_a_WGS",0.259587965745349,-0.024705996460778,"IjazUZ_2017","IBD",8,5.4
"Before","S66_a_WGS",0.157310956849548,-0.00420051930047993,"IjazUZ_2017","IBD",8,5.4
"Before","S67_a_WGS",0.275162225696865,-0.0705239984760414,"IjazUZ_2017","Healthy",8,5.4
"Before","S70_a_WGS",-0.00616180964929234,0.120160422757995,"IjazUZ_2017","IBD",8,5.4
"Before","S69_a_WGS",-0.276384574708454,0.338036842332285,"IjazUZ_2017","IBD",8,5.4
"Before","S68_a_WGS",0.152064315871363,0.0398907361154059,"IjazUZ_2017","IBD",8,5.4
"Before","S71_a_WGS",0.267380308530535,-0.0352988215922599,"IjazUZ_2017","IBD",8,5.4
"Before","S72_a_WGS",0.297373948887352,-0.0684217957545118,"IjazUZ_2017","Healthy",8,5.4
"Before","S73_a_WGS",0.242692476946289,-0.0556824161871379,"IjazUZ_2017","Healthy",8,5.4
"Before","S79_a_WGS",0.297792846311908,-0.0922202242846128,"IjazUZ_2017","Healthy",8,5.4
"Before","S81_a_WGS",0.264804260974973,-0.0410602950557347,"IjazUZ_2017","IBD",8,5.4
"Before","S82_a_WGS",0.266907686831864,-0.0308410786885663,"IjazUZ_2017","IBD",8,5.4
"Before","S80_a_WGS",0.26647872376973,-0.0563151859409326,"IjazUZ_2017","IBD",8,5.4
"Before","S83_a_WGS",0.227493907780039,-0.15196567652177,"IjazUZ_2017","IBD",8,5.4
"Before","S84_a_WGS",0.225394779556334,-0.0369749206659627,"IjazUZ_2017","Healthy",8,5.4
"Before","S87_a_WGS",0.239124408912075,-0.0451010530425361,"IjazUZ_2017","Healthy",8,5.4
"Before","S6_a_WGS",0.295797940876682,-0.0673321777027273,"IjazUZ_2017","Healthy",8,5.4
"Before","S101_a_WGS",0.252779896045877,-0.00918841154494197,"IjazUZ_2017","IBD",8,5.4
"Before","S102_a_WGS",0.197319625740202,0.0151683254760375,"IjazUZ_2017","IBD",8,5.4
"Before","S103_a_WGS",0.175253931838916,0.0256450461383506,"IjazUZ_2017","IBD",8,5.4
"Before","S139_a_WGS",0.284192294586098,-0.0494556369084759,"IjazUZ_2017","Healthy",8,5.4
"Before","S117_a_WGS",0.263318530545956,-0.0283911536486191,"IjazUZ_2017","Healthy",8,5.4
"Before","S140_a_WGS",0.300612376443704,-0.00212867023884364,"IjazUZ_2017","Healthy",8,5.4
"Before","S15_a_WGS",0.225515928123273,-0.000449966153039282,"IjazUZ_2017","IBD",8,5.4
"Before","S17_a_WGS",0.276758446025017,-0.0514400320904737,"IjazUZ_2017","IBD",8,5.4
"Before","S16_a_WGS",0.232319158110323,-0.00848409288907582,"IjazUZ_2017","IBD",8,5.4
"Before","S13_a_WGS",0.268285283198139,-0.0368102151590267,"IjazUZ_2017","IBD",8,5.4
"Before","S14_a_WGS",0.25113115450047,-0.00992002608195119,"IjazUZ_2017","IBD",8,5.4
"Before","S142_a_WGS",0.302698817916127,-0.0517225421341187,"IjazUZ_2017","Healthy",8,5.4
"Before","S144_a_WGS",0.302131440509688,-0.0846953925751614,"IjazUZ_2017","Healthy",8,5.4
"Before","S146_a_WGS",0.0412010934474919,-0.100009586050102,"IjazUZ_2017","Healthy",8,5.4
"Before","S148_a_WGS",0.145019390592339,-0.00457498645261893,"IjazUZ_2017","IBD",8,5.4
"Before","S149_a_WGS",0.233082290815961,-0.00911141008087319,"IjazUZ_2017","IBD",8,5.4
"Before","S152_a_WGS",0.259649032913318,-0.0239690615864291,"IjazUZ_2017","IBD",8,5.4
"Before","S150_a_WGS",0.226475935657484,-0.0115744510891424,"IjazUZ_2017","IBD",8,5.4
"Before","S151_a_WGS",0.24200026601765,-0.0105830107565241,"IjazUZ_2017","IBD",8,5.4
"Before","S153_a_WGS",0.296263669063839,-0.0729091881658345,"IjazUZ_2017","Healthy",8,5.4
"Before","S154_a_WGS",0.282671658007056,-0.103194736888447,"IjazUZ_2017","Healthy",8,5.4
"Before","S155_a_WGS",0.0957657477931913,-0.0400225295756022,"IjazUZ_2017","Healthy",8,5.4
"Before","S156_a_WGS",0.278913584355852,-0.0675778578333261,"IjazUZ_2017","Healthy",8,5.4
"Before","S157_a_WGS",0.202492388555004,-0.00652113245089925,"IjazUZ_2017","Healthy",8,5.4
"Before","S158_a_WGS",0.275563786097217,-0.0495133314769765,"IjazUZ_2017","Healthy",8,5.4
"Before","S159_a_WGS",0.284165853383669,-0.06377331192582,"IjazUZ_2017","Healthy",8,5.4
"Before","S18_a_WGS",0.307653556701281,-0.066224378046354,"IjazUZ_2017","Healthy",8,5.4
"Before","S160_a_WGS",0.306701052967279,-0.0574032121599386,"IjazUZ_2017","Healthy",8,5.4
"Before","S161_a_WGS",0.301876204766549,-0.0614431332749305,"IjazUZ_2017","Healthy",8,5.4
"Before","S162_a_WGS",0.290424384919287,-0.0512572515188509,"IjazUZ_2017","Healthy",8,5.4
"Before","S163_a_WGS",0.306800561670371,-0.0999374266723113,"IjazUZ_2017","Healthy",8,5.4
"Before","S164_a_WGS",0.305223372752708,-0.0661307988261828,"IjazUZ_2017","Healthy",8,5.4
"Before","S165_a_WGS",0.289964261273805,-0.0614376988479392,"IjazUZ_2017","Healthy",8,5.4
"Before","S166_a_WGS",0.290129732283286,-0.0700166923823293,"IjazUZ_2017","Healthy",8,5.4
"Before","S167_a_WGS",0.311589744194434,-0.0999148733514581,"IjazUZ_2017","Healthy",8,5.4
"Before","S26_a_WGS",0.283632771403111,-0.0363493284950221,"IjazUZ_2017","Healthy",8,5.4
"Before","S29_a_WGS",0.220667489204759,0.0231683268691049,"IjazUZ_2017","IBD",8,5.4
"Before","S31_a_WGS",0.225730319312409,0.0179352046296813,"IjazUZ_2017","IBD",8,5.4
"Before","S27_a_WGS",0.166188343743723,0.0697882579401707,"IjazUZ_2017","IBD",8,5.4
"Before","S28_a_WGS",0.195288435127675,0.0310854826839383,"IjazUZ_2017","IBD",8,5.4
"Before","S30_a_WGS",0.196192225715003,0.0311090252340394,"IjazUZ_2017","IBD",8,5.4
"Before","S128_a_WGS",0.273657712378015,-0.0758579424871436,"IjazUZ_2017","Healthy",8,5.4
"Before","S130_a_WGS",0.292086484466412,-0.0477540747795223,"IjazUZ_2017","Healthy",8,5.4
"Before","S132_a_WGS",0.286009068256599,-0.0823747064779935,"IjazUZ_2017","Healthy",8,5.4
"Before","S134_a_WGS",0.302037088378042,-0.0869652106815291,"IjazUZ_2017","Healthy",8,5.4
"Before","S119_a_WGS",0.316170102354605,-0.0660883699675161,"IjazUZ_2017","Healthy",8,5.4
"Before","S32_a_WGS",0.246339006097354,-0.0299734491516266,"IjazUZ_2017","IBD",8,5.4
"Before","S33_a_WGS",0.227863096336698,0.00320000303995751,"IjazUZ_2017","IBD",8,5.4
"Before","S34_a_WGS",0.220854243275723,0.00177330701694945,"IjazUZ_2017","IBD",8,5.4
"Before","S36_a_WGS",0.266396985041736,-0.0370518324106626,"IjazUZ_2017","IBD",8,5.4
"Before","S35_a_WGS",0.228512596062514,-0.00311537395901624,"IjazUZ_2017","IBD",8,5.4
"Before","S138_a_WGS",0.301813013363088,-0.0631579136997029,"IjazUZ_2017","Healthy",8,5.4
"Before","S43_a_WGS",0.242167433932875,-0.0531511728777659,"IjazUZ_2017","Healthy",8,5.4
"Before","S49_a_WGS",0.22929652444741,0.00249454848032757,"IjazUZ_2017","IBD",8,5.4
"Before","S45_a_WGS",0.234017824801964,0.00230965948797474,"IjazUZ_2017","IBD",8,5.4
"Before","S46_a_WGS",-0.109337519042337,0.174454652031905,"IjazUZ_2017","IBD",8,5.4
"Before","S48_a_WGS",0.205408271098428,0.0186028602781271,"IjazUZ_2017","IBD",8,5.4
"Before","S47_a_WGS",0.203370951574682,0.0197557608239848,"IjazUZ_2017","IBD",8,5.4
"Before","S50_a_WGS",0.311368673773582,-0.0775411191875616,"IjazUZ_2017","Healthy",8,5.4
"Before","S51_a_WGS",0.238369316370962,-0.0413651361283235,"IjazUZ_2017","IBD",8,5.4
"Before","S53_a_WGS",0.244639517061956,-0.0122266853281537,"IjazUZ_2017","IBD",8,5.4
"Before","S52_a_WGS",0.255518976144758,-0.0215113943740988,"IjazUZ_2017","IBD",8,5.4
"Before","S54_a_WGS",0.253744033478785,-0.0202501866626315,"IjazUZ_2017","IBD",8,5.4
"Before","S55_a_WGS",0.041055739702523,-0.14243883797193,"IjazUZ_2017","IBD",8,5.4
"Before","DLF005-IE",0.138766592205698,-0.0726071569249421,"LiJ_2014","IBD",8,5.4
"Before","DLM006-IE",0.145963024405198,-0.148725684737074,"LiJ_2014","IBD",8,5.4
"Before","DOM005-IE",0.122074809002378,-0.00334338102748038,"LiJ_2014","IBD",8,5.4
"Before","DOM017-IE",-0.0043673723585415,-0.186489471221239,"LiJ_2014","IBD",8,5.4
"Before","MH0192",0.275938108742574,0.0426984535363089,"LiJ_2014","IBD",8,5.4
"Before","MH0221",-0.0652073254519597,-0.173477654829327,"LiJ_2014","IBD",8,5.4
"Before","MH0222",0.239127424471963,0.0808460187366852,"LiJ_2014","IBD",8,5.4
"Before","MH0234",-0.00444902544422657,-0.00257232062351886,"LiJ_2014","IBD",8,5.4
"Before","MH0238",0.157168631295806,-0.113788817925574,"LiJ_2014","IBD",8,5.4
"Before","MH0245",0.251607917001971,-0.00763333924328654,"LiJ_2014","IBD",8,5.4
"Before","MH0246",0.0131960580772915,-0.235858943623527,"LiJ_2014","IBD",8,5.4
"Before","MH0252",0.0882122709138853,-0.124085163837321,"LiJ_2014","IBD",8,5.4
"Before","MH0259",0.130455032326489,-0.0355894359969534,"LiJ_2014","IBD",8,5.4
"Before","MH0260",0.398342405571707,0.324266174337909,"LiJ_2014","IBD",8,5.4
"Before","MH0261",0.425107593982222,0.327251168271992,"LiJ_2014","IBD",8,5.4
"Before","MH0262",0.112528016788094,-0.0533528707786107,"LiJ_2014","IBD",8,5.4
"Before","MH0264",0.449008405303811,0.369923887586234,"LiJ_2014","IBD",8,5.4
"Before","MH0265",0.133701355399153,-0.0690014344157206,"LiJ_2014","IBD",8,5.4
"Before","MH0266",-0.0271151182257612,-0.302812486406489,"LiJ_2014","IBD",8,5.4
"Before","MH0268",-0.21070996077489,0.0275840168869023,"LiJ_2014","IBD",8,5.4
"Before","MH0270",0.068866557110919,-0.0587015320202621,"LiJ_2014","IBD",8,5.4
"Before","MH0271",-0.129383920782958,-0.0385279794322291,"LiJ_2014","IBD",8,5.4
"Before","MH0280",0.128910092670166,-0.143139700492661,"LiJ_2014","IBD",8,5.4
"Before","MH0281",0.0897181428392372,-0.258518750953367,"LiJ_2014","IBD",8,5.4
"Before","MH0283",0.433511172635407,0.388852230409879,"LiJ_2014","IBD",8,5.4
"Before","MH0284",0.381173408536989,0.278546203868732,"LiJ_2014","IBD",8,5.4
"Before","MH0290",0.154227059630101,-0.141474410207254,"LiJ_2014","Healthy",8,5.4
"Before","MH0293",0.105131361462714,-0.179611652988083,"LiJ_2014","IBD",8,5.4
"Before","MH0297",-0.100354646531266,-0.168337643169577,"LiJ_2014","IBD",8,5.4
"Before","MH0298",0.120051718029542,-0.21666854961272,"LiJ_2014","IBD",8,5.4
"Before","MH0299",0.368624251198918,0.383415075733173,"LiJ_2014","IBD",8,5.4
"Before","MH0301",-0.127222218682527,0.0641752853177515,"LiJ_2014","IBD",8,5.4
"Before","MH0303",0.248067677985518,-0.107534842966708,"LiJ_2014","IBD",8,5.4
"Before","MH0308",0.0414382460381494,-0.124897287702043,"LiJ_2014","IBD",8,5.4
"Before","MH0309",0.0701619045131639,-0.238560834957705,"LiJ_2014","IBD",8,5.4
"Before","MH0310",-0.115448399343865,-0.0981601558269621,"LiJ_2014","IBD",8,5.4
"Before","MH0311",-0.215494710208742,-0.0249685029142837,"LiJ_2014","IBD",8,5.4
"Before","MH0314",0.0504364262712784,0.0267391389951086,"LiJ_2014","IBD",8,5.4
"Before","MH0315",0.176584500315412,-0.235847748473296,"LiJ_2014","IBD",8,5.4
"Before","MH0319",0.0430343663334702,0.19372857270084,"LiJ_2014","IBD",8,5.4
"Before","MH0323",0.245424568844025,-0.00709620547854568,"LiJ_2014","IBD",8,5.4
"Before","MH0325",0.0682163286844057,-0.133329460249572,"LiJ_2014","IBD",8,5.4
"Before","MH0326",0.140831131455157,-0.203596302511968,"LiJ_2014","IBD",8,5.4
"Before","MH0327",-0.00343698729827998,-0.29753867779558,"LiJ_2014","IBD",8,5.4
"Before","MH0328",0.278172399141559,-0.053548784431299,"LiJ_2014","IBD",8,5.4
"Before","MH0329",0.142338596833889,-0.102780119554606,"LiJ_2014","IBD",8,5.4
"Before","MH0330",0.171625157092682,-0.0779681864431838,"LiJ_2014","IBD",8,5.4
"Before","MH0332",0.197431947012117,0.119143868070127,"LiJ_2014","IBD",8,5.4
"Before","MH0334",0.147592853455441,-0.0666495001579625,"LiJ_2014","IBD",8,5.4
"Before","MH0335",-0.274036499982498,0.018121156142457,"LiJ_2014","IBD",8,5.4
"Before","MH0336",0.218970926152562,-0.0911134189285368,"LiJ_2014","Healthy",8,5.4
"Before","MH0337",-0.0465652095119809,0.0876530119208524,"LiJ_2014","IBD",8,5.4
"Before","MH0338",0.169990488176251,-0.0688895862635855,"LiJ_2014","IBD",8,5.4
"Before","MH0339",0.169841241203203,-0.19155198582902,"LiJ_2014","IBD",8,5.4
"Before","MH0340",0.0170144121375298,-0.299573431469613,"LiJ_2014","Healthy",8,5.4
"Before","MH0341",-0.257676688196063,0.248735432626118,"LiJ_2014","IBD",8,5.4
"Before","MH0342",-0.257543867859493,0.0260953803732124,"LiJ_2014","IBD",8,5.4
"Before","MH0343",0.0392174749642396,-0.306448382911238,"LiJ_2014","IBD",8,5.4
"Before","MH0345",0.141646444092622,0.0300645067134611,"LiJ_2014","IBD",8,5.4
"Before","MH0346",-0.102075798545698,-0.0689572148828921,"LiJ_2014","IBD",8,5.4
"Before","MH0347",0.0622110385275261,0.0384688393283971,"LiJ_2014","IBD",8,5.4
"Before","MH0348",0.0798331162689393,-0.174579501451772,"LiJ_2014","IBD",8,5.4
"Before","MH0349",0.190208256293709,-0.0840127833173332,"LiJ_2014","IBD",8,5.4
"Before","MH0350",0.0547227914733391,-0.059027459291207,"LiJ_2014","IBD",8,5.4
"Before","MH0351",-0.0393783883501552,-0.0463445522688348,"LiJ_2014","IBD",8,5.4
"Before","MH0354",0.3556401011116,0.235170894237412,"LiJ_2014","IBD",8,5.4
"Before","MH0355",0.254902898886504,-0.0887082047707195,"LiJ_2014","IBD",8,5.4
"Before","MH0356",0.19085269407385,-0.163518803315637,"LiJ_2014","IBD",8,5.4
"Before","MH0357",0.308734458631669,0.0637821548745803,"LiJ_2014","IBD",8,5.4
"Before","MH0358",0.0413538977980628,-0.186061017707151,"LiJ_2014","IBD",8,5.4
"Before","MH0359",0.00506119133008682,-0.0262088397675667,"LiJ_2014","IBD",8,5.4
"Before","MH0360",0.029049357010773,-0.108793693570497,"LiJ_2014","IBD",8,5.4
"Before","MH0361",0.0426146099137357,-0.31907611752198,"LiJ_2014","IBD",8,5.4
"Before","MH0362",0.0574588530513838,-0.166371507594896,"LiJ_2014","IBD",8,5.4
"Before","MH0363",0.0680673594751597,-0.0762963562700593,"LiJ_2014","IBD",8,5.4
"Before","MH0364",0.0226195704879477,-0.219747285933408,"LiJ_2014","IBD",8,5.4
"Before","MH0365",0.352649182283145,0.188522543434721,"LiJ_2014","IBD",8,5.4
"Before","MH0366",0.189623859091083,-0.0332483985922776,"LiJ_2014","IBD",8,5.4
"Before","MH0367",0.126808585075471,-0.223814599336812,"LiJ_2014","IBD",8,5.4
"Before","MH0368",0.0308560138727557,-0.0787105238137829,"LiJ_2014","IBD",8,5.4
"Before","MH0369",0.134830394082427,-0.277761945089373,"LiJ_2014","IBD",8,5.4
"Before","MH0370",-0.104257419115493,-0.187933136296527,"LiJ_2014","IBD",8,5.4
"Before","MH0371",0.0655702711970171,-0.0803038820672242,"LiJ_2014","IBD",8,5.4
"Before","MH0372",-0.0503247229641963,0.00425217922550343,"LiJ_2014","IBD",8,5.4
"Before","MH0373",-0.0845225589503675,-0.0683865731463458,"LiJ_2014","IBD",8,5.4
"Before","MH0374",0.239165053571281,0.0914190349055558,"LiJ_2014","IBD",8,5.4
"Before","MH0375",0.0359234567469866,-0.299333732231969,"LiJ_2014","IBD",8,5.4
"Before","MH0376",-0.0603968412441592,0.0419631671671543,"LiJ_2014","IBD",8,5.4
"Before","MH0377",0.153630853474759,-0.213562807253106,"LiJ_2014","IBD",8,5.4
"Before","MH0378",0.0702965683226198,-0.274286700303218,"LiJ_2014","IBD",8,5.4
"Before","MH0379",-0.0581202392900344,-0.182276227232931,"LiJ_2014","IBD",8,5.4
"Before","MH0381",-0.0319767508055444,-0.0100325972740334,"LiJ_2014","IBD",8,5.4
"Before","MH0382",0.199319716443998,-0.209741149320561,"LiJ_2014","IBD",8,5.4
"Before","MH0383",0.399244517377455,0.277347150144494,"LiJ_2014","IBD",8,5.4
"Before","MH0384",0.344094713289847,0.178250788410598,"LiJ_2014","IBD",8,5.4
"Before","MH0385",0.209631302366348,-0.0363108132846385,"LiJ_2014","IBD",8,5.4
"Before","MH0386",0.126710231974448,-0.055965099445952,"LiJ_2014","IBD",8,5.4
"Before","MH0387",-0.213448075524425,0.153871062971903,"LiJ_2014","IBD",8,5.4
"Before","MH0388",-0.175683897550741,-0.0392700414750872,"LiJ_2014","IBD",8,5.4
"Before","MH0389",0.0956296682718067,-0.125039391305126,"LiJ_2014","IBD",8,5.4
"Before","MH0390",-0.0514758605859502,0.0421831402606958,"LiJ_2014","IBD",8,5.4
"Before","MH0391",0.116111673430564,-0.0852026751286857,"LiJ_2014","IBD",8,5.4
"Before","MH0392",0.0835753512999044,0.0923765271007048,"LiJ_2014","IBD",8,5.4
"Before","MH0393",0.0390084917153908,-0.288722863556095,"LiJ_2014","IBD",8,5.4
"Before","MH0394",0.129313939162318,-0.0449059301294202,"LiJ_2014","IBD",8,5.4
"Before","MH0395",-0.130278205431927,0.0646488009910663,"LiJ_2014","IBD",8,5.4
"Before","MH0396",0.261922900930956,-0.213394052272513,"LiJ_2014","IBD",8,5.4
"Before","MH0397",0.218553399512341,-0.167598747027713,"LiJ_2014","IBD",8,5.4
"Before","MH0398",-0.00165875600373444,-0.107930100894254,"LiJ_2014","IBD",8,5.4
"Before","MH0399",0.0322019853009487,-0.0954554858289106,"LiJ_2014","IBD",8,5.4
"Before","MH0400",0.407772942995313,0.157797134246701,"LiJ_2014","IBD",8,5.4
"Before","MH0401",0.396758772725702,0.265139415668325,"LiJ_2014","IBD",8,5.4
"Before","MH0402",0.262045966683231,-0.0894855915947536,"LiJ_2014","IBD",8,5.4
"Before","NLF002-IE",0.12989592367381,-0.209820395692435,"LiJ_2014","Healthy",8,5.4
"Before","NLF009-IE",-0.116435323619343,-0.147432119186426,"LiJ_2014","Healthy",8,5.4
"Before","NLM009-IE",0.437415149542618,0.385967111717138,"LiJ_2014","Healthy",8,5.4
"Before","NLM025-IE",0.410000324257962,0.242562239197689,"LiJ_2014","Healthy",8,5.4
"Before","NOF002-IE",0.0257408053319079,-0.193697239500618,"LiJ_2014","Healthy",8,5.4
"Before","NOF007-IE",-0.223147151690326,-0.0256311704402273,"LiJ_2014","Healthy",8,5.4
"Before","NOF013-IE",-0.115980824844377,-0.0937672059333219,"LiJ_2014","Healthy",8,5.4
"Before","O2.CD1-0-PT",-0.0539160326120393,0.0698158949048208,"LiJ_2014","IBD",8,5.4
"Before","O2.CD2-0",0.450912547995587,0.395741514620598,"LiJ_2014","IBD",8,5.4
"Before","O2.CD2-0-PT",0.0451956060044442,-0.238054917214527,"LiJ_2014","IBD",8,5.4
"Before","O2.CD3-0-PT",0.120670775970678,-0.304448500052998,"LiJ_2014","IBD",8,5.4
"Before","O2.CD1-0",-0.0210911216055741,-0.0170681938198598,"LiJ_2014","IBD",8,5.4
"Before","O2.UC1-1",0.331164316819067,0.229998123382547,"LiJ_2014","IBD",8,5.4
"Before","O2.UC11-1",0.0706142451586774,-0.0231047187022651,"LiJ_2014","IBD",8,5.4
"Before","O2.UC12-1",0.384875302183835,0.213711089920257,"LiJ_2014","IBD",8,5.4
"Before","O2.UC13-1",0.236533042196131,-0.129478914242093,"LiJ_2014","IBD",8,5.4
"Before","O2.UC14-1",0.327574221506116,0.166393461346004,"LiJ_2014","IBD",8,5.4
"Before","O2.UC15-1",0.218486353656233,-0.0226516411019999,"LiJ_2014","IBD",8,5.4
"Before","O2.UC15-2",0.338011345305051,0.260342790112229,"LiJ_2014","IBD",8,5.4
"Before","O2.UC15-0",-0.222840197772066,-0.0520686974683047,"LiJ_2014","IBD",8,5.4
"Before","O2.UC16-1",0.359167961428985,0.209333469800522,"LiJ_2014","IBD",8,5.4
"Before","O2.UC17-1",0.285985355157378,0.386885843037506,"LiJ_2014","IBD",8,5.4
"Before","O2.UC18-1",0.202307097128042,-0.117246729823975,"LiJ_2014","IBD",8,5.4
"Before","O2.UC19-1",0.155010194638265,-0.195762916208836,"LiJ_2014","IBD",8,5.4
"Before","O2.UC2-1",0.267577915278106,-0.0780198296722237,"LiJ_2014","IBD",8,5.4
"Before","O2.UC20-1",0.188882906614794,-0.0752123378783072,"LiJ_2014","IBD",8,5.4
"Before","O2.UC21-1",0.0310200642155657,-0.187076796785041,"LiJ_2014","IBD",8,5.4
"Before","O2.UC22-1",0.125782340046691,-0.16752260023171,"LiJ_2014","IBD",8,5.4
"Before","O2.UC23-1",0.0109226545163888,-0.103426421775191,"LiJ_2014","IBD",8,5.4
"Before","O2.UC24-1",0.463468205127941,0.299332253808269,"LiJ_2014","IBD",8,5.4
"Before","O2.UC26-1",-0.302258465033451,0.16010828773494,"LiJ_2014","IBD",8,5.4
"Before","O2.UC27-1",0.170779696709808,-0.291958267589984,"LiJ_2014","IBD",8,5.4
"Before","O2.UC28-1",-0.0140474501523404,-0.124740307769157,"LiJ_2014","IBD",8,5.4
"Before","O2.UC28-2",0.264998628096519,-0.0848007247199188,"LiJ_2014","IBD",8,5.4
"Before","O2.UC28-0",0.174753080835574,-0.124045043826459,"LiJ_2014","IBD",8,5.4
"Before","O2.UC29-1",-0.0362875829013019,-0.0687260701627024,"LiJ_2014","IBD",8,5.4
"Before","O2.UC3-1",-0.142777082455305,-0.0568549781841672,"LiJ_2014","IBD",8,5.4
"Before","O2.UC30-1",0.080404360142872,0.00700961432413332,"LiJ_2014","IBD",8,5.4
"Before","O2.UC31-1",0.0875390837572827,-0.0894880743104734,"LiJ_2014","IBD",8,5.4
"Before","O2.UC32-1",0.147415919464866,-0.0859147508540628,"LiJ_2014","IBD",8,5.4
"Before","O2.UC35-1",0.0413255407479308,-0.292507767317414,"LiJ_2014","IBD",8,5.4
"Before","O2.UC36-1",-0.194504184558931,-0.0987257688819336,"LiJ_2014","IBD",8,5.4
"Before","O2.UC36-0",0.0666700989014888,-0.0558459384641454,"LiJ_2014","IBD",8,5.4
"Before","O2.UC37-1",0.0399469321418543,-0.095244455889246,"LiJ_2014","IBD",8,5.4
"Before","O2.UC38-1",0.204297163714388,0.043837091169787,"LiJ_2014","IBD",8,5.4
"Before","O2.UC4-1",0.121130333621903,-0.29439230787893,"LiJ_2014","IBD",8,5.4
"Before","O2.UC40-1",0.197402122166469,-0.112238960661761,"LiJ_2014","IBD",8,5.4
"Before","O2.UC41-1",-0.0889293454296427,-0.0353567491181484,"LiJ_2014","IBD",8,5.4
"Before","O2.UC43-1",0.4546593428895,0.34182409355641,"LiJ_2014","IBD",8,5.4
"Before","O2.UC44-1",0.283987360764387,0.0841303437980865,"LiJ_2014","IBD",8,5.4
"Before","O2.UC46-1",0.225140493246958,-0.134005715725989,"LiJ_2014","IBD",8,5.4
"Before","O2.UC47-1",0.119860281165073,-0.115572271738131,"LiJ_2014","IBD",8,5.4
"Before","O2.UC48-1",0.101709058641551,-0.0805492934520217,"LiJ_2014","IBD",8,5.4
"Before","O2.UC5-1",-0.0861507032902357,0.0164589016882121,"LiJ_2014","IBD",8,5.4
"Before","O2.UC6-2",0.21237774509439,-0.0739902417289021,"LiJ_2014","IBD",8,5.4
"Before","O2.UC6-0",0.262612557840877,0.0122253421852612,"LiJ_2014","IBD",8,5.4
"Before","O2.UC6-1",0.195761550163364,-0.0762158033005493,"LiJ_2014","IBD",8,5.4
"Before","O2.UC7-1",0.146141154637542,-0.256078830657296,"LiJ_2014","IBD",8,5.4
"Before","O2.UC7-0",0.180703692152113,-0.208953514982542,"LiJ_2014","IBD",8,5.4
"Before","O2.UC8-0",0.184814430204186,-0.148082861443229,"LiJ_2014","IBD",8,5.4
"Before","O2.UC8-1",0.184224504700531,-0.182755414038912,"LiJ_2014","IBD",8,5.4
"Before","O2.UC8-2",0.164020411647873,-0.130122123500395,"LiJ_2014","IBD",8,5.4
"Before","O2.UC9-1",0.116195166886882,-0.139769540347211,"LiJ_2014","IBD",8,5.4
"Before","V1.CD1-0-PN",0.0180838948409418,-0.207309005385646,"LiJ_2014","IBD",8,5.4
"Before","V1.CD1-0-PT",0.0456499242346216,-0.317246462450651,"LiJ_2014","IBD",8,5.4
"Before","V1.CD1-3-PN",-0.052442083159966,-0.0495780802708916,"LiJ_2014","IBD",8,5.4
"Before","V1.CD12-3",0.0961308538805871,-0.278013132362295,"LiJ_2014","IBD",8,5.4
"Before","V1.CD2-0-PN",-0.160096717792321,-0.0148799426997147,"LiJ_2014","IBD",8,5.4
"Before","V1.CD2-0-PT",0.161251261339949,-0.00835606419980063,"LiJ_2014","IBD",8,5.4
"Before","V1.CD3-0-PN",0.144460509475411,-0.00761163711278633,"LiJ_2014","IBD",8,5.4
"Before","V1.CD3-0-PT",0.197118129290964,0.0242116255867441,"LiJ_2014","IBD",8,5.4
"Before","V1.CD3-3-PN",0.0672072402594711,-0.254925028507864,"LiJ_2014","IBD",8,5.4
"Before","V1.CD32-0",0.167326883575469,-0.0116857084482878,"LiJ_2014","IBD",8,5.4
"Before","V1.CD32-4",0.149273723155779,-0.00973423475712133,"LiJ_2014","IBD",8,5.4
"Before","V1.CD37-4",-0.25629239253853,-0.0732229369545333,"LiJ_2014","IBD",8,5.4
"Before","V1.CD4-0-PN",0.0296979088534213,-0.309004875445517,"LiJ_2014","IBD",8,5.4
"Before","V1.CD4-0-PT",0.178725352803322,0.0183994239034071,"LiJ_2014","IBD",8,5.4
"Before","V1.CD40-0",0.404923312111424,0.251032632970309,"LiJ_2014","IBD",8,5.4
"Before","V1.CD43-0",0.158857995414054,-0.0709140995114155,"LiJ_2014","IBD",8,5.4
"Before","V1.CD44-0",0.40010742621036,0.37117505741155,"LiJ_2014","IBD",8,5.4
"Before","V1.CD44-4",0.285694512687431,0.348455808791165,"LiJ_2014","IBD",8,5.4
"Before","V1.CD45-0",0.451079388691938,0.281984152948396,"LiJ_2014","IBD",8,5.4
"Before","V1.CD46-0",0.202796211694657,-0.214938394100191,"LiJ_2014","IBD",8,5.4
"Before","V1.CD48-0",-0.106645962109647,0.141054386698868,"LiJ_2014","IBD",8,5.4
"Before","V1.CD49-0",-0.00262307713349229,-0.0565068161332516,"LiJ_2014","IBD",8,5.4
"Before","V1.CD5-0-PN",0.24456056204415,-0.0412413263109078,"LiJ_2014","IBD",8,5.4
"Before","V1.CD50-0",0.110596539393884,0.0131601014398671,"LiJ_2014","IBD",8,5.4
"Before","V1.CD51-0",0.149241519432148,-0.0559165915594305,"LiJ_2014","IBD",8,5.4
"Before","V1.CD52-0",0.0467740396167269,-0.153272954317915,"LiJ_2014","IBD",8,5.4
"Before","V1.CD53-0",-0.336852556397598,0.183979977333399,"LiJ_2014","IBD",8,5.4
"Before","V1.CD54-0",0.177521154388103,-0.0820805887910808,"LiJ_2014","IBD",8,5.4
"Before","V1.CD55-0",0.0584620495039424,-0.0468944253703685,"LiJ_2014","IBD",8,5.4
"Before","V1.CD6-0-PN",0.256368688200871,-0.107809371130845,"LiJ_2014","IBD",8,5.4
"Before","V1.CD6-0-PT",0.229191093492084,-0.0527171566083818,"LiJ_2014","IBD",8,5.4
"Before","V1.CD7-0-PN",0.195491114458164,0.029985811096091,"LiJ_2014","IBD",8,5.4
"Before","V1.CD8-0-PN",0.228191998276893,-0.10993858409213,"LiJ_2014","IBD",8,5.4
"Before","V1.FI01",0.0611170168030257,-0.0612840324010925,"LiJ_2014","IBD",8,5.4
"Before","V1.FI02",-0.0432973582604665,-0.0552888295407387,"LiJ_2014","IBD",8,5.4
"Before","V1.FI03",0.14065121486888,-0.220861429698975,"LiJ_2014","IBD",8,5.4
"Before","V1.FI04",-0.00310495549928662,-0.141494225124756,"LiJ_2014","IBD",8,5.4
"Before","V1.FI05",0.0131854311879146,-0.135254316163209,"LiJ_2014","IBD",8,5.4
"Before","V1.FI06",0.156609996226035,-0.0920123178852695,"LiJ_2014","IBD",8,5.4
"Before","V1.FI07",0.346485862190024,0.061362674773683,"LiJ_2014","IBD",8,5.4
"Before","V1.FI08",0.0743338601114344,-0.0605761384909815,"LiJ_2014","IBD",8,5.4
"Before","V1.FI09",0.352427835986881,0.050189961244377,"LiJ_2014","IBD",8,5.4
"Before","V1.FI10",0.0633948457264014,-0.0771284173485201,"LiJ_2014","IBD",8,5.4
"Before","V1.FI11",-0.135573472124181,-0.0373619643068885,"LiJ_2014","IBD",8,5.4
"Before","V1.FI12",0.185356482431721,0.00786139079917222,"LiJ_2014","IBD",8,5.4
"Before","V1.FI13",-0.12931767095789,-0.061806242215403,"LiJ_2014","IBD",8,5.4
"Before","V1.FI14",0.180397137963718,-0.0639376070914249,"LiJ_2014","IBD",8,5.4
"Before","V1.FI15",0.17092288975589,-0.0736357965981255,"LiJ_2014","IBD",8,5.4
"Before","V1.FI16",0.284500467811941,0.128954269183626,"LiJ_2014","IBD",8,5.4
"Before","V1.FI17",0.129962880905839,-0.0547909967682348,"LiJ_2014","IBD",8,5.4
"Before","V1.FI18",-0.0312957898713781,-0.0403235748573228,"LiJ_2014","IBD",8,5.4
"Before","V1.FI19",0.0810628221665041,-0.298235931701626,"LiJ_2014","IBD",8,5.4
"Before","V1.FI20",0.0932790678506227,-0.0642450062317223,"LiJ_2014","IBD",8,5.4
"Before","V1.FI21",0.0331605320272975,-0.153570233652119,"LiJ_2014","IBD",8,5.4
"Before","V1.FI22",0.0943966893534324,-0.268063714286791,"LiJ_2014","IBD",8,5.4
"Before","V1.FI23",-0.310376489549406,0.105445296299706,"LiJ_2014","IBD",8,5.4
"Before","V1.FI24",-0.188259101103977,-0.0246932653841487,"LiJ_2014","IBD",8,5.4
"Before","V1.FI25",-0.0138374964574188,-0.140843772254473,"LiJ_2014","IBD",8,5.4
"Before","V1.FI26",0.0548711430709829,-0.100867185619385,"LiJ_2014","IBD",8,5.4
"Before","V1.FI27",0.389806410336722,0.173491684298876,"LiJ_2014","IBD",8,5.4
"Before","V1.FI28",0.134809155794161,-0.159732430741927,"LiJ_2014","IBD",8,5.4
"Before","V1.FI29",0.264767890176093,-0.257870663495809,"LiJ_2014","IBD",8,5.4
"Before","V1.FI30",0.069524762417388,-0.0671799149436852,"LiJ_2014","IBD",8,5.4
"Before","V1.FI31",0.430306006179138,0.301082050329097,"LiJ_2014","IBD",8,5.4
"Before","V1.FI32",0.265738222121691,-0.0846860889666848,"LiJ_2014","IBD",8,5.4
"Before","V1.FI33",0.173647475861524,-0.155707846483437,"LiJ_2014","IBD",8,5.4
"Before","V1.FI34",0.0217665954633603,-0.157403765459686,"LiJ_2014","IBD",8,5.4
"Before","V1.FI35",-0.215116150993139,-0.00209870741357266,"LiJ_2014","IBD",8,5.4
"Before","V1.FI36",0.0657523435194217,-0.0417838537351601,"LiJ_2014","IBD",8,5.4
"Before","V1.FI37",0.227973843359327,-0.1511332742014,"LiJ_2014","IBD",8,5.4
"Before","V1.CD20-0",-0.151414265575271,0.107775037563634,"LiJ_2014","IBD",8,5.4
"Before","V1.UC22-1",0.213214066526742,-0.0934957380857177,"LiJ_2014","IBD",8,5.4
"Before","V1.UC38-4",-0.137560000141925,0.100847249053417,"LiJ_2014","IBD",8,5.4
"Before","V1.UC39-4",0.10716136864804,-0.178708488656653,"LiJ_2014","IBD",8,5.4
"Before","V1.UC40-1",0.109827043262445,-0.0583023692272308,"LiJ_2014","IBD",8,5.4
"Before","V1.UC47-4",0.0111971575638898,-0.0764354670396822,"LiJ_2014","IBD",8,5.4
"Before","V1.UC54-4",0.0480366789173562,-0.194679994401397,"LiJ_2014","IBD",8,5.4
"Before","V1.UC56-1",0.123529176485659,0.51644313056901,"LiJ_2014","IBD",8,5.4
"Before","V1.UC58-4",0.0710874152890251,-0.1712555694703,"LiJ_2014","IBD",8,5.4
"Before","V1.UC59-4",0.262072198227472,0.170342315479366,"LiJ_2014","IBD",8,5.4
"Before","V1.UC59-0",-0.191021074906507,-0.104580182728132,"LiJ_2014","IBD",8,5.4
"Before","V1.UC60-0",0.0365173047903514,0.0327430056037981,"LiJ_2014","IBD",8,5.4
"Before","V1.UC63-0",0.151768117032322,-0.0913097748259375,"LiJ_2014","IBD",8,5.4
"Before","V1.UC64-0",0.0935727224240482,-0.092422795191089,"LiJ_2014","IBD",8,5.4
"Before","MH0001",0.457463857996193,0.375849232950459,"NielsenHB_2014","Healthy",8,5.4
"Before","MH0002",0.0222762842877236,-0.104209685520935,"NielsenHB_2014","Healthy",8,5.4
"Before","MH0003",0.0420746844301849,-0.0944941675803726,"NielsenHB_2014","Healthy",8,5.4
"Before","MH0004",0.214756464730618,-0.125157360173949,"NielsenHB_2014","Healthy",8,5.4
"Before","MH0005",0.459735906891883,0.378819206339193,"NielsenHB_2014","Healthy",8,5.4
"Before","MH0006",0.415425439551807,0.31620993402803,"NielsenHB_2014","Healthy",8,5.4
"Before","MH0007",0.161771251142854,-0.0756222521680407,"NielsenHB_2014","Healthy",8,5.4
"Before","MH0008",0.026802774622197,-0.0225268422646603,"NielsenHB_2014","Healthy",8,5.4
"Before","MH0009",0.276674541993306,0.145472914773483,"NielsenHB_2014","Healthy",8,5.4
"Before","MH0010",-0.126587281626618,-0.0425779854530988,"NielsenHB_2014","Healthy",8,5.4
"Before","MH0011",0.0590391860855727,-0.055457268014781,"NielsenHB_2014","Healthy",8,5.4
"Before","MH0012",0.205517616611624,-0.170253044223325,"NielsenHB_2014","Healthy",8,5.4
"Before","MH0013",0.0174739239519496,-0.158283121875318,"NielsenHB_2014","Healthy",8,5.4
"Before","MH0014",-0.00455454339025518,-0.0751015931308691,"NielsenHB_2014","Healthy",8,5.4
"Before","MH0015",0.0537728357120631,-0.123016834902031,"NielsenHB_2014","Healthy",8,5.4
"Before","MH0016",-0.227583177746059,0.035498048358574,"NielsenHB_2014","Healthy",8,5.4
"Before","MH0017",-0.012735744526837,-0.0475850280058711,"NielsenHB_2014","Healthy",8,5.4
"Before","MH0018",0.249570078873664,0.449445793678153,"NielsenHB_2014","Healthy",8,5.4
"Before","MH0019",-0.0999453522475188,-0.00872198883750369,"NielsenHB_2014","Healthy",8,5.4
"Before","MH0020",0.109903283253935,-0.256389679912492,"NielsenHB_2014","Healthy",8,5.4
"Before","MH0021",0.00154796068860103,0.0174007153370293,"NielsenHB_2014","Healthy",8,5.4
"Before","MH0022",0.243071648474584,-0.112803694219276,"NielsenHB_2014","Healthy",8,5.4
"Before","MH0023",0.38110911932026,0.163574703715738,"NielsenHB_2014","Healthy",8,5.4
"Before","MH0024",0.0315364576059247,-0.201723254123739,"NielsenHB_2014","Healthy",8,5.4
"Before","MH0025",0.026219506334961,-0.120384821458424,"NielsenHB_2014","Healthy",8,5.4
"Before","MH0026",0.20861791184187,0.293885765739988,"NielsenHB_2014","Healthy",8,5.4
"Before","MH0027",-0.0273518087708221,-0.146624000579965,"NielsenHB_2014","Healthy",8,5.4
"Before","MH0028",0.0099285346397696,-0.087768326417922,"NielsenHB_2014","Healthy",8,5.4
"Before","MH0030",0.361789128231967,0.0577184588421688,"NielsenHB_2014","Healthy",8,5.4
"Before","MH0031",0.275450910301381,0.0454457840794935,"NielsenHB_2014","Healthy",8,5.4
"Before","MH0032",0.354787400422998,0.366976138149226,"NielsenHB_2014","Healthy",8,5.4
"Before","MH0033",-0.0535339382638741,0.0621471039835868,"NielsenHB_2014","Healthy",8,5.4
"Before","MH0034",0.403325593003145,0.404351320353433,"NielsenHB_2014","Healthy",8,5.4
"Before","MH0035",-0.0678914904823525,-0.00311027204977293,"NielsenHB_2014","Healthy",8,5.4
"Before","MH0036",0.186142472143187,-0.193906764251971,"NielsenHB_2014","Healthy",8,5.4
"Before","MH0037",-0.160056278453655,0.112131491780856,"NielsenHB_2014","Healthy",8,5.4
"Before","MH0038",-0.0652931835700431,0.0125836210777472,"NielsenHB_2014","Healthy",8,5.4
"Before","MH0039",-0.206359214705769,0.121586959896528,"NielsenHB_2014","Healthy",8,5.4
"Before","MH0040",0.0923688074964493,-0.238054382576056,"NielsenHB_2014","Healthy",8,5.4
"Before","MH0041",-0.014522034898577,-0.16250520290615,"NielsenHB_2014","Healthy",8,5.4
"Before","MH0042",-0.0800290459438184,0.0139621536723242,"NielsenHB_2014","Healthy",8,5.4
"Before","MH0043",-0.172760916270281,0.0392870903263387,"NielsenHB_2014","Healthy",8,5.4
"Before","MH0044",-0.0635476368410836,0.0730789922780576,"NielsenHB_2014","Healthy",8,5.4
"Before","MH0045",-0.0549937672655687,-0.0229155701350742,"NielsenHB_2014","Healthy",8,5.4
"Before","MH0046",0.266070978502088,0.0603492540636071,"NielsenHB_2014","Healthy",8,5.4
"Before","MH0047",0.112709957680486,-0.00424352500273689,"NielsenHB_2014","Healthy",8,5.4
"Before","MH0048",-0.0672400511321962,-0.0885456653525696,"NielsenHB_2014","Healthy",8,5.4
"Before","MH0049",0.0151316342431543,0.243855496783286,"NielsenHB_2014","Healthy",8,5.4
"Before","MH0050",0.258528542052465,0.0702044269353046,"NielsenHB_2014","Healthy",8,5.4
"Before","MH0051",0.026321522847131,-0.20862184964529,"NielsenHB_2014","Healthy",8,5.4
"Before","MH0052",0.185582040499473,-0.0756625252952472,"NielsenHB_2014","Healthy",8,5.4
"Before","MH0053",0.351535078880497,0.0605826507375327,"NielsenHB_2014","Healthy",8,5.4
"Before","MH0054",0.200119888360649,-0.0665727119718436,"NielsenHB_2014","Healthy",8,5.4
"Before","MH0055",0.113524630853518,-0.0855915429047967,"NielsenHB_2014","Healthy",8,5.4
"Before","MH0056",0.0365944569773745,0.0112179843275827,"NielsenHB_2014","Healthy",8,5.4
"Before","MH0057",0.00668727109826758,-0.0982197050889803,"NielsenHB_2014","Healthy",8,5.4
"Before","MH0058",-0.0230857262486134,0.0407291249498304,"NielsenHB_2014","Healthy",8,5.4
"Before","MH0059",0.061744938828188,-0.0262315168309406,"NielsenHB_2014","Healthy",8,5.4
"Before","MH0060",0.0343329452410985,-0.10821255315461,"NielsenHB_2014","Healthy",8,5.4
"Before","MH0061",0.0981614950666247,-0.224641352138153,"NielsenHB_2014","Healthy",8,5.4
"Before","MH0062",0.239423084199436,-0.179198428809749,"NielsenHB_2014","Healthy",8,5.4
"Before","MH0063",0.379391807737436,0.25690880814121,"NielsenHB_2014","Healthy",8,5.4
"Before","MH0064",0.367620107740771,0.210710093942238,"NielsenHB_2014","Healthy",8,5.4
"Before","MH0065",0.228544170551248,0.214224313463743,"NielsenHB_2014","Healthy",8,5.4
"Before","MH0066",0.0543371234227328,-0.16471700112352,"NielsenHB_2014","Healthy",8,5.4
"Before","MH0067",0.0837324324018902,-0.244547776391592,"NielsenHB_2014","Healthy",8,5.4
"Before","MH0068",-0.231186203744557,0.236994259875305,"NielsenHB_2014","Healthy",8,5.4
"Before","MH0069",0.0825913992090167,-0.117932294182099,"NielsenHB_2014","Healthy",8,5.4
"Before","MH0070",0.152929813426468,-0.0463168385426519,"NielsenHB_2014","Healthy",8,5.4
"Before","MH0071",0.0258224340962367,-0.0488421608482645,"NielsenHB_2014","Healthy",8,5.4
"Before","MH0072",-0.23576009758538,0.04135787793711,"NielsenHB_2014","Healthy",8,5.4
"Before","MH0073",0.173603406610102,-0.226853136111153,"NielsenHB_2014","Healthy",8,5.4
"Before","MH0074",0.107510027979927,-0.0898702823674995,"NielsenHB_2014","Healthy",8,5.4
"Before","MH0075",0.174466616784342,-0.063985974401931,"NielsenHB_2014","Healthy",8,5.4
"Before","MH0076",-0.13931116694197,0.154501633054998,"NielsenHB_2014","Healthy",8,5.4
"Before","MH0077",0.343955392777261,0.0107340264375308,"NielsenHB_2014","Healthy",8,5.4
"Before","MH0078",0.461247687778823,0.346167678979283,"NielsenHB_2014","Healthy",8,5.4
"Before","MH0079",0.141635523860545,-0.0540147768085689,"NielsenHB_2014","Healthy",8,5.4
"Before","MH0080",-0.00100344896728108,0.0637989347262083,"NielsenHB_2014","Healthy",8,5.4
"Before","MH0081",-0.0550612933973632,-0.0768325645777617,"NielsenHB_2014","Healthy",8,5.4
"Before","MH0082",0.10459064571745,0.0490858040356592,"NielsenHB_2014","Healthy",8,5.4
"Before","MH0083",0.0986213344494874,-0.154477925177299,"NielsenHB_2014","Healthy",8,5.4
"Before","MH0084",0.252933880499575,0.469536503207807,"NielsenHB_2014","Healthy",8,5.4
"Before","MH0085",0.138492466662849,0.236724467729514,"NielsenHB_2014","Healthy",8,5.4
"Before","MH0086",0.224285424033632,-0.181526067815557,"NielsenHB_2014","Healthy",8,5.4
"Before","MH0087",-0.0396561014106829,-0.327890163660641,"NielsenHB_2014","Healthy",8,5.4
"Before","MH0088",0.0159171293001062,-0.137366016895979,"NielsenHB_2014","Healthy",8,5.4
"Before","MH0089",0.102137986707296,-0.265871454066458,"NielsenHB_2014","Healthy",8,5.4
"Before","MH0090",0.0541144520429893,-0.216630755507937,"NielsenHB_2014","Healthy",8,5.4
"Before","MH0091",0.262383907543606,0.299920495579001,"NielsenHB_2014","Healthy",8,5.4
"Before","MH0092",-0.0611704263803015,-0.0768721657210793,"NielsenHB_2014","Healthy",8,5.4
"Before","MH0093",-0.114841711460497,0.0300912290965426,"NielsenHB_2014","Healthy",8,5.4
"Before","MH0094",0.0350305300910472,-0.0797551153386441,"NielsenHB_2014","Healthy",8,5.4
"Before","MH0095",-0.0109939238024738,0.0500623658747514,"NielsenHB_2014","Healthy",8,5.4
"Before","MH0096",0.442503582813531,0.314041849966133,"NielsenHB_2014","Healthy",8,5.4
"Before","MH0097",-0.110185849106038,0.0852504434603441,"NielsenHB_2014","Healthy",8,5.4
"Before","MH0098",0.238189741158151,0.153724488222371,"NielsenHB_2014","Healthy",8,5.4
"Before","MH0099",0.0425366936213155,-0.085618932907595,"NielsenHB_2014","Healthy",8,5.4
"Before","MH0100",0.183592522741104,-0.181911087767598,"NielsenHB_2014","Healthy",8,5.4
"Before","MH0101",0.173422077617275,-0.0225748210376318,"NielsenHB_2014","Healthy",8,5.4
"Before","MH0102",0.174505142182526,-0.135031038429426,"NielsenHB_2014","Healthy",8,5.4
"Before","MH0103",0.303986286322639,0.282590297289038,"NielsenHB_2014","Healthy",8,5.4
"Before","MH0104",0.264110646150068,-0.034862125678875,"NielsenHB_2014","Healthy",8,5.4
"Before","MH0105",0.270126061926519,0.334282178817392,"NielsenHB_2014","Healthy",8,5.4
"Before","MH0106",0.32487156274765,0.16561346781759,"NielsenHB_2014","Healthy",8,5.4
"Before","MH0107",0.214928360031608,-0.0369639277769229,"NielsenHB_2014","Healthy",8,5.4
"Before","MH0109",-0.258538282327254,0.00122576585743667,"NielsenHB_2014","Healthy",8,5.4
"Before","MH0110",-0.172086024637415,-0.0155644182899623,"NielsenHB_2014","Healthy",8,5.4
"Before","MH0111",0.0104100453439756,0.0303551958506049,"NielsenHB_2014","Healthy",8,5.4
"Before","MH0113",0.0155136923896965,-0.0666849364532316,"NielsenHB_2014","Healthy",8,5.4
"Before","MH0114",-0.314088958684761,0.130192414695026,"NielsenHB_2014","Healthy",8,5.4
"Before","MH0115",0.107766968112582,-0.175867366765004,"NielsenHB_2014","Healthy",8,5.4
"Before","MH0116",0.0700915528863395,-0.156712005525989,"NielsenHB_2014","Healthy",8,5.4
"Before","MH0117",0.0786638655614288,0.0489974441919689,"NielsenHB_2014","Healthy",8,5.4
"Before","MH0118",0.254248896015776,-0.0950516798852236,"NielsenHB_2014","Healthy",8,5.4
"Before","MH0120",0.358719074684024,0.315618380723546,"NielsenHB_2014","Healthy",8,5.4
"Before","MH0121",-0.195671252945774,0.119350606662827,"NielsenHB_2014","Healthy",8,5.4
"Before","MH0122",0.010461785650919,-0.0817045679487465,"NielsenHB_2014","Healthy",8,5.4
"Before","MH0123",0.0868108784795059,-0.282955438242653,"NielsenHB_2014","Healthy",8,5.4
"Before","MH0124",0.153826985830541,-0.0619564938620926,"NielsenHB_2014","Healthy",8,5.4
"Before","MH0125",0.165052328456246,-0.150236354323413,"NielsenHB_2014","Healthy",8,5.4
"Before","MH0126",0.252667013341657,-0.0345277860545529,"NielsenHB_2014","Healthy",8,5.4
"Before","MH0127",0.064706604480596,-0.206307262949594,"NielsenHB_2014","Healthy",8,5.4
"Before","MH0128",0.00932571092292868,-0.30760367827431,"NielsenHB_2014","Healthy",8,5.4
"Before","MH0129",-0.0822240908492952,0.0173198070676088,"NielsenHB_2014","Healthy",8,5.4
"Before","MH0130",0.435252702191161,0.383140869081608,"NielsenHB_2014","Healthy",8,5.4
"Before","MH0132",0.272359467032312,0.000402456819812518,"NielsenHB_2014","Healthy",8,5.4
"Before","MH0133",-0.00361511648104292,-0.309654962421472,"NielsenHB_2014","Healthy",8,5.4
"Before","MH0134",-0.187727225885927,0.0995129254203694,"NielsenHB_2014","Healthy",8,5.4
"Before","MH0135",0.00383556429741945,-0.0672077738104573,"NielsenHB_2014","Healthy",8,5.4
"Before","MH0136",-0.0865814812612868,-0.113754197980976,"NielsenHB_2014","Healthy",8,5.4
"Before","MH0137",0.267901046371249,0.130540126772565,"NielsenHB_2014","Healthy",8,5.4
"Before","MH0138",0.459346057253468,0.410338468012464,"NielsenHB_2014","Healthy",8,5.4
"Before","MH0139",-0.0743274681165386,0.00124212583013495,"NielsenHB_2014","Healthy",8,5.4
"Before","MH0140",0.131064385571101,-0.115745178693417,"NielsenHB_2014","Healthy",8,5.4
"Before","MH0141",0.338418825330999,0.143793561001024,"NielsenHB_2014","Healthy",8,5.4
"Before","MH0142",0.0416315913021221,-0.119835804665794,"NielsenHB_2014","Healthy",8,5.4
"Before","MH0143",0.264513272801924,-0.0526878162322315,"NielsenHB_2014","Healthy",8,5.4
"Before","MH0144",0.314380563671009,0.24616606771325,"NielsenHB_2014","Healthy",8,5.4
"Before","MH0145",0.192734212429947,-0.159950386008761,"NielsenHB_2014","Healthy",8,5.4
"Before","MH0146",0.0213344332473454,-0.271133927536315,"NielsenHB_2014","Healthy",8,5.4
"Before","MH0147",0.0871749979743821,-0.0673963256205292,"NielsenHB_2014","Healthy",8,5.4
"Before","MH0148",0.121261191934947,-0.172481044972008,"NielsenHB_2014","Healthy",8,5.4
"Before","MH0149",-0.0793149185068406,-0.0370470223262542,"NielsenHB_2014","Healthy",8,5.4
"Before","MH0151",0.336107619712005,0.217834146972018,"NielsenHB_2014","Healthy",8,5.4
"Before","MH0152",0.304795946855473,0.035185852853708,"NielsenHB_2014","Healthy",8,5.4
"Before","MH0153",0.150724657757417,-0.261667595764356,"NielsenHB_2014","Healthy",8,5.4
"Before","MH0154",0.0480290882873241,0.0229200526489006,"NielsenHB_2014","Healthy",8,5.4
"Before","MH0155",0.0509157211297909,-0.256671764924372,"NielsenHB_2014","Healthy",8,5.4
"Before","MH0156",-0.250905802187921,-0.000556545695768779,"NielsenHB_2014","Healthy",8,5.4
"Before","MH0157",0.170018070333021,0.0668644013569984,"NielsenHB_2014","Healthy",8,5.4
"Before","MH0158",-0.0937853269386756,-0.00875145599250943,"NielsenHB_2014","Healthy",8,5.4
"Before","MH0159",-0.0347443738116867,-0.0887231468198506,"NielsenHB_2014","Healthy",8,5.4
"Before","MH0160",0.145256574500017,-0.272435307983103,"NielsenHB_2014","Healthy",8,5.4
"Before","MH0162",-0.00574193340917988,-0.18398782528791,"NielsenHB_2014","Healthy",8,5.4
"Before","MH0163",0.206231510881871,-0.0213927958795135,"NielsenHB_2014","Healthy",8,5.4
"Before","MH0164",0.431306257181696,0.400472158436144,"NielsenHB_2014","Healthy",8,5.4
"Before","MH0165",0.201548603261766,0.153107575704109,"NielsenHB_2014","Healthy",8,5.4
"Before","MH0166",0.0390211720805764,-0.357184168556102,"NielsenHB_2014","Healthy",8,5.4
"Before","MH0167",-0.0851222076078844,0.0329969684828706,"NielsenHB_2014","Healthy",8,5.4
"Before","MH0168",0.310886140204968,0.190099604476655,"NielsenHB_2014","Healthy",8,5.4
"Before","MH0169",0.226685324282221,0.00152267213951301,"NielsenHB_2014","Healthy",8,5.4
"Before","MH0170",0.133470010424119,-0.278226387112733,"NielsenHB_2014","Healthy",8,5.4
"Before","MH0172",0.0636061639018884,-0.0229146614716061,"NielsenHB_2014","Healthy",8,5.4
"Before","MH0173",0.295687587037847,0.205370565423506,"NielsenHB_2014","Healthy",8,5.4
"Before","MH0174",0.0341424530159607,-0.0219671166355597,"NielsenHB_2014","Healthy",8,5.4
"Before","MH0175",0.207003401295801,-0.0307670012494196,"NielsenHB_2014","Healthy",8,5.4
"Before","MH0177",-0.012121057533616,-0.0251480691683112,"NielsenHB_2014","Healthy",8,5.4
"Before","MH0178",-0.0228366980958601,-0.262095976083162,"NielsenHB_2014","Healthy",8,5.4
"Before","MH0179",-0.0383078699066258,0.0965639206833811,"NielsenHB_2014","Healthy",8,5.4
"Before","MH0180",-0.0555857295723982,0.0306944310906792,"NielsenHB_2014","Healthy",8,5.4
"Before","MH0181",0.133585183710196,-0.1071984391125,"NielsenHB_2014","Healthy",8,5.4
"Before","MH0182",-0.258472498832463,-0.0227453257890291,"NielsenHB_2014","Healthy",8,5.4
"Before","MH0183",0.352755894183875,0.166473649088103,"NielsenHB_2014","Healthy",8,5.4
"Before","MH0184",-0.183950413963974,0.0279126800469642,"NielsenHB_2014","Healthy",8,5.4
"Before","MH0185",-0.171157841596131,-0.021673079891883,"NielsenHB_2014","Healthy",8,5.4
"Before","MH0186",-0.173246960963292,0.174802124255197,"NielsenHB_2014","Healthy",8,5.4
"Before","O2_UC1_0",0.377196493895702,0.189036843422174,"NielsenHB_2014","IBD",8,5.4
"Before","O2_UC1_2",0.319872045363083,0.0219113202739639,"NielsenHB_2014","IBD",8,5.4
"Before","O2_UC11_0",0.259676217776027,-0.0480393969947276,"NielsenHB_2014","IBD",8,5.4
"Before","O2_UC11_2",0.263187492655704,-0.0573617155086608,"NielsenHB_2014","IBD",8,5.4
"Before","O2_UC12_0",0.0750077754626031,0.0859862749613763,"NielsenHB_2014","IBD",8,5.4
"Before","O2_UC12_2",0.347438308869087,0.21354207861348,"NielsenHB_2014","IBD",8,5.4
"Before","O2_UC13_2",0.205746262153175,-0.122446210901094,"NielsenHB_2014","IBD",8,5.4
"Before","O2_UC13_0",0.176349271242612,-0.0846756623714151,"NielsenHB_2014","IBD",8,5.4
"Before","O2_UC14_0",0.351691622225731,0.212924435900349,"NielsenHB_2014","IBD",8,5.4
"Before","O2_UC14_2",0.154639504552396,-0.135246158474517,"NielsenHB_2014","IBD",8,5.4
"Before","O2_UC16_0",0.411841848793299,0.240695897870174,"NielsenHB_2014","IBD",8,5.4
"Before","O2_UC16_2",0.398967535575916,0.16604753444489,"NielsenHB_2014","IBD",8,5.4
"Before","O2_UC17_0",0.208522231002826,0.460832293805507,"NielsenHB_2014","IBD",8,5.4
"Before","O2_UC17_2",-0.0501347118288958,0.137250991944333,"NielsenHB_2014","IBD",8,5.4
"Before","O2_UC18_0",0.0670572191390678,-0.181681887951483,"NielsenHB_2014","IBD",8,5.4
"Before","O2_UC18_2",0.192658702759727,-0.126502568190714,"NielsenHB_2014","IBD",8,5.4
"Before","O2_UC19_0",0.109437597512546,-0.0117456908213065,"NielsenHB_2014","IBD",8,5.4
"Before","O2_UC19_2",0.0387048222340572,-0.220227802742019,"NielsenHB_2014","IBD",8,5.4
"Before","O2_UC2_0",0.289131208051608,-0.0819406483360689,"NielsenHB_2014","IBD",8,5.4
"Before","O2_UC2_2",0.0841300264254297,-0.0688382107610542,"NielsenHB_2014","IBD",8,5.4
"Before","O2_UC20_0",-0.0489242481447565,-0.0958195051466,"NielsenHB_2014","IBD",8,5.4
"Before","O2_UC20_2",0.0420430882264119,-0.0794141683316743,"NielsenHB_2014","IBD",8,5.4
"Before","O2_UC21_0",0.139191443036663,-0.117307767638383,"NielsenHB_2014","IBD",8,5.4
"Before","O2_UC21_2",0.0948964624342891,-0.144704689020172,"NielsenHB_2014","IBD",8,5.4
"Before","O2_UC22_0",-0.0928021344996966,-0.0777611788786851,"NielsenHB_2014","IBD",8,5.4
"Before","O2_UC22_2",0.0506053711190158,-0.201811666285742,"NielsenHB_2014","IBD",8,5.4
"Before","O2_UC23_0",-0.0230181415051658,-0.192099807538088,"NielsenHB_2014","IBD",8,5.4
"Before","O2_UC23_2",0.189990485018983,-0.0858638839798999,"NielsenHB_2014","IBD",8,5.4
"Before","O2_UC24_0",0.4559645348111,0.340557153486416,"NielsenHB_2014","IBD",8,5.4
"Before","O2_UC24_2",0.29716930378635,-0.0281822468094897,"NielsenHB_2014","IBD",8,5.4
"Before","O2_UC26_2",-0.29114389368457,0.167467814933767,"NielsenHB_2014","IBD",8,5.4
"Before","O2_UC26_0",-0.276245452241302,0.155096206049314,"NielsenHB_2014","IBD",8,5.4
"Before","O2_UC27_2",0.142404572919041,-0.275486881632457,"NielsenHB_2014","IBD",8,5.4
"Before","O2_UC27_0",0.193228749941021,-0.261366076262108,"NielsenHB_2014","IBD",8,5.4
"Before","O2_UC29_2",0.201579365246268,-0.158829622499646,"NielsenHB_2014","IBD",8,5.4
"Before","O2_UC29_0",0.162551077353441,-0.180438630703028,"NielsenHB_2014","IBD",8,5.4
"Before","O2_UC3_2",0.0223403786914559,-0.0598147771332715,"NielsenHB_2014","IBD",8,5.4
"Before","O2_UC3_0",0.108010103341352,-0.0749628729427827,"NielsenHB_2014","IBD",8,5.4
"Before","O2_UC30_0",0.248668067550687,-0.0505792549184947,"NielsenHB_2014","IBD",8,5.4
"Before","O2_UC30_2",-0.0387180188336902,0.00629163911509015,"NielsenHB_2014","IBD",8,5.4
"Before","O2_UC31_0",0.0683253353170737,-0.103077044862937,"NielsenHB_2014","IBD",8,5.4
"Before","O2_UC31_2",0.190201053701682,-0.0643242984520988,"NielsenHB_2014","IBD",8,5.4
"Before","O2_UC32_0",0.168100343463471,-0.0808034970848054,"NielsenHB_2014","IBD",8,5.4
"Before","O2_UC32_2",0.208050111669242,-0.0849085931934696,"NielsenHB_2014","IBD",8,5.4
"Before","O2_UC34_0",0.29030391545638,0.384710936057968,"NielsenHB_2014","IBD",8,5.4
"Before","O2_UC34_2",-0.250449616326376,0.166612179010771,"NielsenHB_2014","IBD",8,5.4
"Before","O2_UC35_0",0.183822928574668,-0.250438387236226,"NielsenHB_2014","IBD",8,5.4
"Before","O2_UC35_2",0.252414462942426,-0.144043545761623,"NielsenHB_2014","IBD",8,5.4
"Before","O2_UC36_2",-0.104740305715066,-0.145446151557594,"NielsenHB_2014","IBD",8,5.4
"Before","O2_UC37_0",-0.0817178224196222,0.00257816659579672,"NielsenHB_2014","IBD",8,5.4
"Before","O2_UC37_2",0.17121227706045,-0.0772390543230002,"NielsenHB_2014","IBD",8,5.4
"Before","O2_UC38_0",0.349414278846892,0.27907920236485,"NielsenHB_2014","IBD",8,5.4
"Before","O2_UC38_2",0.331935650413765,0.288813932196617,"NielsenHB_2014","IBD",8,5.4
"Before","O2_UC4_0",0.227812628657494,-0.251960831466902,"NielsenHB_2014","IBD",8,5.4
"Before","O2_UC4_2",0.234943865439272,-0.240582229825114,"NielsenHB_2014","IBD",8,5.4
"Before","O2_UC40_0",0.128870991306275,-0.0362627745665779,"NielsenHB_2014","IBD",8,5.4
"Before","O2_UC40_2",0.133277655512004,-0.0407646302019738,"NielsenHB_2014","IBD",8,5.4
"Before","O2_UC41_2",0.00383523640816038,-0.055592612494135,"NielsenHB_2014","IBD",8,5.4
"Before","O2_UC41_0",0.0424452840869205,-0.0218562742834871,"NielsenHB_2014","IBD",8,5.4
"Before","O2_UC43_2",0.473712725171497,0.366494724455994,"NielsenHB_2014","IBD",8,5.4
"Before","O2_UC43_0",0.447872650129143,0.272488773496237,"NielsenHB_2014","IBD",8,5.4
"Before","O2_UC44_2",0.292463698103579,0.0178531654030621,"NielsenHB_2014","IBD",8,5.4
"Before","O2_UC44_0",0.194771898248199,0.0281864092268216,"NielsenHB_2014","IBD",8,5.4
"Before","O2_UC46_0",0.105510586343595,-0.123464668896464,"NielsenHB_2014","IBD",8,5.4
"Before","O2_UC46_2",0.122768441911926,-0.132930741229535,"NielsenHB_2014","IBD",8,5.4
"Before","O2_UC47_2",0.127827376833919,-0.107412430205413,"NielsenHB_2014","IBD",8,5.4
"Before","O2_UC47_0",0.153879404678258,-0.106480020290321,"NielsenHB_2014","IBD",8,5.4
"Before","O2_UC48_2",0.015875104394254,-0.0578875406866563,"NielsenHB_2014","IBD",8,5.4
"Before","O2_UC48_0",0.153799995834401,-0.121399932341959,"NielsenHB_2014","IBD",8,5.4
"Before","O2_UC49_2",-0.0341156864927395,-0.178466245172541,"NielsenHB_2014","Healthy",8,5.4
"Before","O2_UC49_0",-0.0246516828827346,-0.0080594236851512,"NielsenHB_2014","Healthy",8,5.4
"Before","O2_UC5_2",0.174523388059888,-0.00261674971818558,"NielsenHB_2014","IBD",8,5.4
"Before","O2_UC5_0",0.0256472104386955,-0.0179860443027702,"NielsenHB_2014","IBD",8,5.4
"Before","O2_UC50_2",0.0132036376326221,-0.0959046531799853,"NielsenHB_2014","Healthy",8,5.4
"Before","O2_UC50_0",0.00913333804406454,-0.162765910723999,"NielsenHB_2014","Healthy",8,5.4
"Before","O2_UC51_0",0.090655244376469,-0.232351372667124,"NielsenHB_2014","Healthy",8,5.4
"Before","O2_UC51_2",0.0956233518915334,-0.224887665579851,"NielsenHB_2014","Healthy",8,5.4
"Before","O2_UC52_2",0.0955044566860524,-0.228589510806151,"NielsenHB_2014","Healthy",8,5.4
"Before","O2_UC52_0",0.0453149400051138,-0.252373630050772,"NielsenHB_2014","Healthy",8,5.4
"Before","O2_UC53_0",0.163470872477332,-0.0374325799407086,"NielsenHB_2014","Healthy",8,5.4
"Before","O2_UC53_2",0.0387694733638733,-0.11727422356121,"NielsenHB_2014","Healthy",8,5.4
"Before","O2_UC54_0",0.0457501846332725,-0.0777847560826705,"NielsenHB_2014","Healthy",8,5.4
"Before","O2_UC54_2",-0.00951822956381152,-0.0930783586015676,"NielsenHB_2014","Healthy",8,5.4
"Before","O2_UC55_0",0.126257083118586,-0.166677205107322,"NielsenHB_2014","Healthy",8,5.4
"Before","O2_UC55_2",0.00510943332250542,-0.154101757228383,"NielsenHB_2014","Healthy",8,5.4
"Before","O2_UC56_2",-0.102979247406475,0.0407606583783872,"NielsenHB_2014","Healthy",8,5.4
"Before","O2_UC56_0",-0.145740272991498,0.0113778835634629,"NielsenHB_2014","Healthy",8,5.4
"Before","O2_UC57_0",0.187940573758225,-0.0898903176358445,"NielsenHB_2014","Healthy",8,5.4
"Before","O2_UC57_2",0.233200646345117,-0.037651550831228,"NielsenHB_2014","Healthy",8,5.4
"Before","O2_UC58_0",0.145262504550884,-0.0943234046717188,"NielsenHB_2014","Healthy",8,5.4
"Before","O2_UC58_2",0.193026220864192,-0.113983855267465,"NielsenHB_2014","Healthy",8,5.4
"Before","O2_UC59_2",0.133383813289001,-0.28611635325395,"NielsenHB_2014","Healthy",8,5.4
"Before","O2_UC59_0",0.142101040447829,-0.281569877600829,"NielsenHB_2014","Healthy",8,5.4
"Before","O2_UC60_0",0.263157451469832,-0.0469638484535135,"NielsenHB_2014","Healthy",8,5.4
"Before","O2_UC60_2",0.304756858411375,0.0271870395594052,"NielsenHB_2014","Healthy",8,5.4
"Before","O2_UC9_0",0.237891122831029,-0.114946485880264,"NielsenHB_2014","IBD",8,5.4
"Before","O2_UC9_2",0.156566396266597,-0.116542113684922,"NielsenHB_2014","IBD",8,5.4
"Before","V1_CD1_0",-0.351677586414234,0.0919408384244449,"NielsenHB_2014","IBD",8,5.4
"Before","V1_CD10_0",0.20359716502438,0.0196111561495027,"NielsenHB_2014","IBD",8,5.4
"Before","V1_CD11_0",0.204411288234236,-0.0815976849614218,"NielsenHB_2014","Healthy",8,5.4
"Before","V1_CD12_0",0.156981589543985,-0.216706449881851,"NielsenHB_2014","IBD",8,5.4
"Before","V1_CD13_0",0.233656345205701,-0.0687043450294787,"NielsenHB_2014","Healthy",8,5.4
"Before","V1_CD14_0",0.0614006575885968,-0.165801470332884,"NielsenHB_2014","Healthy",8,5.4
"Before","V1_CD15_0",-0.260169564514813,-0.0595008392432297,"NielsenHB_2014","IBD",8,5.4
"Before","V1_CD15_3",-0.118697563653045,-0.0179223055599081,"NielsenHB_2014","IBD",8,5.4
"Before","V1_CD16_0",0.163356546811299,-0.122355553895513,"NielsenHB_2014","Healthy",8,5.4
"Before","V1_CD17_0",-0.053852979978175,0.0305968016384078,"NielsenHB_2014","IBD",8,5.4
"Before","V1_CD17_4",-0.155471387265179,-0.029007266216045,"NielsenHB_2014","IBD",8,5.4
"Before","V1_CD18_3",0.0518186932593554,0.532072294600869,"NielsenHB_2014","IBD",8,5.4
"Before","V1_CD18_0",0.0275833605426838,0.409353680011684,"NielsenHB_2014","IBD",8,5.4
"Before","V1_CD19_0",0.240321878196028,-0.0987353315505876,"NielsenHB_2014","Healthy",8,5.4
"Before","V1_CD2_0",0.440857065209259,0.394037424143772,"NielsenHB_2014","Healthy",8,5.4
"Before","V1_CD20_4",-0.256596847003634,0.123556268441816,"NielsenHB_2014","IBD",8,5.4
"Before","V1_CD21_4",-0.34438546671148,0.116282941325202,"NielsenHB_2014","IBD",8,5.4
"Before","V1_CD21_0",-0.296469257079346,0.159582030164234,"NielsenHB_2014","IBD",8,5.4
"Before","V1_CD22_0",0.245485775314327,-0.0666653341638674,"NielsenHB_2014","Healthy",8,5.4
"Before","V1_CD24_0",0.0512813429521492,-0.0439056511740503,"NielsenHB_2014","Healthy",8,5.4
"Before","V1_CD25_0",-0.0278236167060058,-0.305157281926403,"NielsenHB_2014","IBD",8,5.4
"Before","V1_CD25_4",-0.038219563784254,-0.349198265131662,"NielsenHB_2014","IBD",8,5.4
"Before","V1_CD27_0",0.231145076341269,-0.0999890872048831,"NielsenHB_2014","Healthy",8,5.4
"Before","V1_CD28_0",0.22329082676005,0.399105200955902,"NielsenHB_2014","Healthy",8,5.4
"Before","V1_CD29_0",0.0663498968536847,0.0195638393627508,"NielsenHB_2014","Healthy",8,5.4
"Before","V1_CD3_0",0.133883878811776,-0.184857638230865,"NielsenHB_2014","Healthy",8,5.4
"Before","V1_CD30_0",0.177740968187731,-0.0466423397335246,"NielsenHB_2014","Healthy",8,5.4
"Before","V1_CD31_0",0.197486296488565,-0.0916491482538627,"NielsenHB_2014","Healthy",8,5.4
"Before","V1_CD34_0",0.411687907691076,0.29066962657678,"NielsenHB_2014","Healthy",8,5.4
"Before","V1_CD35_1",0.0452305814401311,0.0488101731507041,"NielsenHB_2014","IBD",8,5.4
"Before","V1_CD35_0",-0.316169397782283,0.160999178156695,"NielsenHB_2014","IBD",8,5.4
"Before","V1_CD36_0",-0.00418428618357549,0.0974310376859149,"NielsenHB_2014","Healthy",8,5.4
"Before","V1_CD38_0",0.0474293309654245,-0.173035424480315,"NielsenHB_2014","Healthy",8,5.4
"Before","V1_CD4_0",0.149733487440163,-0.25540886498569,"NielsenHB_2014","Healthy",8,5.4
"Before","V1_CD41_0",0.00813602886078764,0.0957487305946441,"NielsenHB_2014","IBD",8,5.4
"Before","V1_CD42_0",-0.212088886397994,0.218426329571983,"NielsenHB_2014","Healthy",8,5.4
"Before","V1_CD6_0",-0.0528517347118175,-0.126683292697835,"NielsenHB_2014","IBD",8,5.4
"Before","V1_CD6_4",-0.10295093871101,-0.050372252623919,"NielsenHB_2014","IBD",8,5.4
"Before","V1_CD7_0",-0.257271259601323,0.251571599372002,"NielsenHB_2014","IBD",8,5.4
"Before","V1_CD7_4",0.134906947248826,-0.0574213156347781,"NielsenHB_2014","IBD",8,5.4
"Before","V1_CD8_0",-0.022229626582094,0.097867384806691,"NielsenHB_2014","Healthy",8,5.4
"Before","V1_CD9_0",-0.0889905376946981,-0.00780875925216467,"NielsenHB_2014","Healthy",8,5.4
"Before","V1_UC1_0",0.185269832960263,-0.128101390714172,"NielsenHB_2014","IBD",8,5.4
"Before","V1_UC10_0",0.196323566270897,-0.261628914468583,"NielsenHB_2014","IBD",8,5.4
"Before","V1_UC10_2",0.13972008706323,-0.157311524298727,"NielsenHB_2014","IBD",8,5.4
"Before","V1_UC11_0",0.0860931788256266,-0.238240722669448,"NielsenHB_2014","IBD",8,5.4
"Before","V1_UC11_5",-0.0994907101276133,-0.0704770885112876,"NielsenHB_2014","IBD",8,5.4
"Before","V1_UC12_0",0.283403612316363,-0.0348055445295129,"NielsenHB_2014","IBD",8,5.4
"Before","V1_UC12_4",0.413668377679774,0.126491302686945,"NielsenHB_2014","IBD",8,5.4
"Before","V1_UC13_0",-0.0513283833618446,-0.190376194292073,"NielsenHB_2014","IBD",8,5.4
"Before","V1_UC13_3",0.0650848750862562,-0.151012067943129,"NielsenHB_2014","IBD",8,5.4
"Before","V1_UC14_0",0.167564212973573,-0.0307417497898297,"NielsenHB_2014","IBD",8,5.4
"Before","V1_UC14_1",-0.259179045012116,0.306842715083759,"NielsenHB_2014","IBD",8,5.4
"Before","V1_UC15_0",0.233857494713961,-0.10588498849993,"NielsenHB_2014","IBD",8,5.4
"Before","V1_UC15_3",0.119420339979982,-0.0852158053034101,"NielsenHB_2014","IBD",8,5.4
"Before","V1_UC16_0",0.218980887321988,-0.00778375722123218,"NielsenHB_2014","Healthy",8,5.4
"Before","V1_UC17_0",0.0608312800952684,-0.121842240769264,"NielsenHB_2014","IBD",8,5.4
"Before","V1_UC17_2",0.00664115914852071,-0.110857815828535,"NielsenHB_2014","IBD",8,5.4
"Before","V1_UC18_0",-0.10368610401433,0.0640147945029764,"NielsenHB_2014","Healthy",8,5.4
"Before","V1_UC19_0",-0.0517265893907915,0.0523650689842111,"NielsenHB_2014","Healthy",8,5.4
"Before","V1_UC2_4",0.0189544628056285,0.00919497847156236,"NielsenHB_2014","IBD",8,5.4
"Before","V1_UC2_0",0.0642145598890681,-0.0695376758638254,"NielsenHB_2014","IBD",8,5.4
"Before","V1_UC21_0",0.094905050765291,0.0977298218096706,"NielsenHB_2014","IBD",8,5.4
"Before","V1_UC21_4",0.0650023933388422,0.0953778301055873,"NielsenHB_2014","IBD",8,5.4
"Before","V1_UC23_1",0.114034180460163,-0.0211268964908935,"NielsenHB_2014","IBD",8,5.4
"Before","V1_UC23_0",0.0412152460325131,0.0264520821259869,"NielsenHB_2014","IBD",8,5.4
"Before","V1_UC24_0",-0.00663140245317389,-0.0861988311142243,"NielsenHB_2014","Healthy",8,5.4
"Before","V1_UC25_0",0.366536469716029,0.240925521292647,"NielsenHB_2014","IBD",8,5.4
"Before","V1_UC25_1",-0.0763873417382184,-0.293411552558571,"NielsenHB_2014","IBD",8,5.4
"Before","V1_UC26_0",0.235773455546912,-0.0497335278885663,"NielsenHB_2014","IBD",8,5.4
"Before","V1_UC26_4",0.239463400336584,0.00329925739108552,"NielsenHB_2014","IBD",8,5.4
"Before","V1_UC27_0",0.14690150891489,-0.128890240201709,"NielsenHB_2014","Healthy",8,5.4
"Before","V1_UC28_0",0.231358274002836,0.222422376647757,"NielsenHB_2014","Healthy",8,5.4
"Before","V1_UC29_0",-0.17801641306827,-0.0471801927903583,"NielsenHB_2014","Healthy",8,5.4
"Before","V1_UC3_2",0.457301602717687,0.345722974554538,"NielsenHB_2014","IBD",8,5.4
"Before","V1_UC3_0",0.429928563539156,0.253518373833567,"NielsenHB_2014","IBD",8,5.4
"Before","V1_UC30_0",0.283407856802391,-0.0777127488609685,"NielsenHB_2014","Healthy",8,5.4
"Before","V1_UC31_0",0.073216366439061,-0.0266948983006841,"NielsenHB_2014","IBD",8,5.4
"Before","V1_UC31_4",-0.0562340434286457,-0.039031768121656,"NielsenHB_2014","IBD",8,5.4
"Before","V1_UC32_0",0.130210029976225,-0.226956612378445,"NielsenHB_2014","Healthy",8,5.4
"Before","V1_UC33_0",0.222801196577329,-0.0928679961290207,"NielsenHB_2014","Healthy",8,5.4
"Before","V1_UC34_0",0.186450679395247,-0.261583789077772,"NielsenHB_2014","Healthy",8,5.4
"Before","V1_UC35_0",-0.0229717245272071,-0.0653633506151251,"NielsenHB_2014","IBD",8,5.4
"Before","V1_UC35_4",-0.0521141568262013,-0.106598696669792,"NielsenHB_2014","IBD",8,5.4
"Before","V1_UC36_0",0.20437940305884,-0.0540751042452408,"NielsenHB_2014","Healthy",8,5.4
"Before","V1_UC37_0",0.15031484145256,-0.0468591915254911,"NielsenHB_2014","Healthy",8,5.4
"Before","V1_UC38_0",0.20852271094503,0.135675384496255,"NielsenHB_2014","IBD",8,5.4
"Before","V1_UC39_0",0.327283360757767,0.0352937083780688,"NielsenHB_2014","IBD",8,5.4
"Before","V1_UC4_0",0.303746545677638,0.106081171742521,"NielsenHB_2014","IBD",8,5.4
"Before","V1_UC4_5",0.100228656868677,-0.0591928196138704,"NielsenHB_2014","IBD",8,5.4
"Before","V1_UC40_0",0.0443588650827582,-0.0240449586984888,"NielsenHB_2014","IBD",8,5.4
"Before","V1_UC41_0",0.0521881302801473,0.109012770280086,"NielsenHB_2014","Healthy",8,5.4
"Before","V1_UC42_0",0.0335253514796844,-0.0621352045106343,"NielsenHB_2014","Healthy",8,5.4
"Before","V1_UC43_0",0.221819563333492,-0.097965855027502,"NielsenHB_2014","Healthy",8,5.4
"Before","V1_UC44_0",0.16705904458345,0.173261133547347,"NielsenHB_2014","Healthy",8,5.4
"Before","V1_UC45_0",0.182478318252496,-0.131013184009507,"NielsenHB_2014","IBD",8,5.4
"Before","V1_UC46_0",-0.119865182938363,0.0393998477807894,"NielsenHB_2014","Healthy",8,5.4
"Before","V1_UC47_0",0.109310087617861,-0.0376553313222497,"NielsenHB_2014","IBD",8,5.4
"Before","V1_UC48_0",0.154788154214243,-0.167475063069301,"NielsenHB_2014","Healthy",8,5.4
"Before","V1_UC49_0",0.151293446312469,-0.161518085511856,"NielsenHB_2014","IBD",8,5.4
"Before","V1_UC49_1",0.158716397951666,-0.251580608177157,"NielsenHB_2014","IBD",8,5.4
"Before","V1_UC5_0",-0.207677934275803,0.0227844301040104,"NielsenHB_2014","IBD",8,5.4
"Before","V1_UC5_3",0.159223969897724,-0.107304747910079,"NielsenHB_2014","IBD",8,5.4
"Before","V1_UC50_1",0.133270670604479,-0.18172255266778,"NielsenHB_2014","IBD",8,5.4
"Before","V1_UC51_0",-0.0132284819408448,-0.0627192673758268,"NielsenHB_2014","IBD",8,5.4
"Before","V1_UC51_4",0.108381044193761,-0.177622967788952,"NielsenHB_2014","IBD",8,5.4
"Before","V1_UC52_0",0.0860158180599599,-0.0382520875308758,"NielsenHB_2014","IBD",8,5.4
"Before","V1_UC52_1",0.0279815042126982,-0.0649294259649393,"NielsenHB_2014","IBD",8,5.4
"Before","V1_UC53_0",0.43994099126179,0.23576261900793,"NielsenHB_2014","IBD",8,5.4
"Before","V1_UC53_4",0.46972717764317,0.376657493897857,"NielsenHB_2014","IBD",8,5.4
"Before","V1_UC54_0",0.153634169900467,-0.134239380276739,"NielsenHB_2014","IBD",8,5.4
"Before","V1_UC55_0",0.256664662679312,-0.0915247266721931,"NielsenHB_2014","IBD",8,5.4
"Before","V1_UC55_4",0.105332630587218,-0.121853309576722,"NielsenHB_2014","IBD",8,5.4
"Before","V1_UC56_0",0.446119493005687,0.386828594425726,"NielsenHB_2014","IBD",8,5.4
"Before","V1_UC57_0",0.35696137480859,0.159948310502784,"NielsenHB_2014","Healthy",8,5.4
"Before","V1_UC58_0",0.12520499565843,-0.0986650347681115,"NielsenHB_2014","IBD",8,5.4
"Before","V1_UC6_0",0.143132750360793,-0.16574157259409,"NielsenHB_2014","Healthy",8,5.4
"Before","V1_UC61_0",-0.256714402733465,0.00817449349808725,"NielsenHB_2014","Healthy",8,5.4
"Before","V1_UC62_0",-0.0962572013000996,-0.0545990642335275,"NielsenHB_2014","Healthy",8,5.4
"Before","V1_UC7_0",0.252009635631534,0.427718698443868,"NielsenHB_2014","Healthy",8,5.4
"Before","V1_UC8_0",0.16076974855682,-0.119682016815677,"NielsenHB_2014","Healthy",8,5.4
"Before","V1_UC9_0",0.200479436787014,-0.0322294548369721,"NielsenHB_2014","Healthy",8,5.4
"After","CSM5FZ3N_P",-0.292989626590378,0.0729082029711207,"HMP_2019_ibdmdb","IBD",7.3,5.5
"After","CSM5FZ4C_P",-0.135079551518813,-0.0804835591619855,"HMP_2019_ibdmdb","IBD",7.3,5.5
"After","CSM5MCVV_P",-0.0801137701924834,-0.206412567021222,"HMP_2019_ibdmdb","IBD",7.3,5.5
"After","CSM5FZ3R_P",-0.365254539317496,0.130117545613172,"HMP_2019_ibdmdb","IBD",7.3,5.5
"After","CSM5MCVF_P",-0.257023052985627,0.00592908701610558,"HMP_2019_ibdmdb","IBD",7.3,5.5
"After","CSM5MCVD_P",-0.351111692325227,0.167410581700619,"HMP_2019_ibdmdb","IBD",7.3,5.5
"After","CSM5FZ3V_P",-0.257932189061819,0.000141231285250065,"HMP_2019_ibdmdb","IBD",7.3,5.5
"After","CSM5MCWI_P",-0.297927034922462,0.0367160023056383,"HMP_2019_ibdmdb","IBD",7.3,5.5
"After","CSM5YRY7_P",-0.281061835511536,0.0274677203785154,"HMP_2019_ibdmdb","IBD",7.3,5.5
"After","CSM67UGC",0.0404384886004657,-0.0190743555881277,"HMP_2019_ibdmdb","IBD",7.3,5.5
"After","CSM67U9J",-0.255951048817807,0.00624011264944295,"HMP_2019_ibdmdb","IBD",7.3,5.5
"After","CSM67UA2",-0.316055828721448,0.0699809536994037,"HMP_2019_ibdmdb","IBD",7.3,5.5
"After","CSM5MCXD",-0.305011279814885,0.123102162619039,"HMP_2019_ibdmdb","IBD",7.3,5.5
"After","CSM5MCYS",0.0214617681118996,-0.0384558233805814,"HMP_2019_ibdmdb","IBD",7.3,5.5
"After","CSM79HG5",-0.36928686199155,0.10061516657187,"HMP_2019_ibdmdb","IBD",7.3,5.5
"After","CSM79HGP",-0.312426996448966,0.0419385242391354,"HMP_2019_ibdmdb","IBD",7.3,5.5
"After","CSM5FZ3T_P",-0.281411062283217,0.381428549192939,"HMP_2019_ibdmdb","IBD",7.3,5.5
"After","CSM5FZ3X_P",-0.263284849049937,0.371686184620908,"HMP_2019_ibdmdb","IBD",7.3,5.5
"After","CSM5FZ46_P",-0.273813010583949,0.380251316196131,"HMP_2019_ibdmdb","IBD",7.3,5.5
"After","CSM5FZ44_P",-0.261422479982085,0.361218022034343,"HMP_2019_ibdmdb","IBD",7.3,5.5
"After","CSM5FZ3Z_P",-0.256103616251092,0.353406822317295,"HMP_2019_ibdmdb","IBD",7.3,5.5
"After","CSM5MCVJ_P",-0.267757005035247,0.375110983921536,"HMP_2019_ibdmdb","IBD",7.3,5.5
"After","CSM5FZ42_P",-0.259756823026087,0.373935877907493,"HMP_2019_ibdmdb","IBD",7.3,5.5
"After","CSM67UBR",-0.265709120621126,0.365160176897205,"HMP_2019_ibdmdb","IBD",7.3,5.5
"After","CSM67UBF",-0.272411891041676,0.379541273548643,"HMP_2019_ibdmdb","IBD",7.3,5.5
"After","CSM79HJY",-0.253683850259669,0.362709147602518,"HMP_2019_ibdmdb","IBD",7.3,5.5
"After","CSM67UBN",-0.258047251142833,0.367635441325737,"HMP_2019_ibdmdb","IBD",7.3,5.5
"After","CSM5MCVL",-0.26649575344298,0.371294018909734,"HMP_2019_ibdmdb","IBD",7.3,5.5
"After","CSM5MCVN",-0.268605027773633,0.369112643718035,"HMP_2019_ibdmdb","IBD",7.3,5.5
"After","CSM67UBH",-0.2360312584093,0.339534746469816,"HMP_2019_ibdmdb","IBD",7.3,5.5
"After","CSM79HJW",-0.279689906989847,0.383539315551261,"HMP_2019_ibdmdb","IBD",7.3,5.5
"After","CSM5FZ4K_P",-0.00148212524683329,-0.370357026506138,"HMP_2019_ibdmdb","IBD",7.3,5.5
"After","CSM5MCWM_P",-0.0143043224875279,-0.374414947338798,"HMP_2019_ibdmdb","IBD",7.3,5.5
"After","CSM5FZ4E_P",-0.0709979182711445,-0.335599521840065,"HMP_2019_ibdmdb","IBD",7.3,5.5
"After","CSM5FZ4G_P",0.00616583524833168,-0.368440236733188,"HMP_2019_ibdmdb","IBD",7.3,5.5
"After","CSM5MCWQ",0.0286775602313218,-0.349831699863463,"HMP_2019_ibdmdb","IBD",7.3,5.5
"After","CSM79HLM",-0.0601871969542283,-0.377729912804916,"HMP_2019_ibdmdb","IBD",7.3,5.5
"After","CSM67UBZ",-0.02045426491594,-0.370464105060087,"HMP_2019_ibdmdb","IBD",7.3,5.5
"After","CSM67UBX",-0.0275707884072978,-0.369116707797011,"HMP_2019_ibdmdb","IBD",7.3,5.5
"After","CSM5FZ4M",-0.0304663834304772,-0.370708186935817,"HMP_2019_ibdmdb","IBD",7.3,5.5
"After","CSM67UC6",0.0118581679206977,-0.359068761768224,"HMP_2019_ibdmdb","IBD",7.3,5.5
"After","CSM5FZ4A_P",-0.342821774244895,-0.0232237716839442,"HMP_2019_ibdmdb","IBD",7.3,5.5
"After","CSM5MCUE_P",-0.212284235777626,-0.0926191873384694,"HMP_2019_ibdmdb","IBD",7.3,5.5
"After","CSM5MCU8_P",-0.164402862039182,-0.063528488889787,"HMP_2019_ibdmdb","IBD",7.3,5.5
"After","CSM5MCUA_P",-0.299065223588704,-0.0585507030411204,"HMP_2019_ibdmdb","IBD",7.3,5.5
"After","CSM5MCUC_P",-0.181702638170816,-0.164241942929758,"HMP_2019_ibdmdb","IBD",7.3,5.5
"After","CSM79HLK",-0.216851405004192,-0.111723750209004,"HMP_2019_ibdmdb","IBD",7.3,5.5
"After","CSM67UDR",-0.157464306296001,0.0550303335880237,"HMP_2019_ibdmdb","IBD",7.3,5.5
"After","CSM67UDY",-0.299388940778333,-0.0150748103648796,"HMP_2019_ibdmdb","IBD",7.3,5.5
"After","CSM67UDR_TR",-0.132977314270548,0.0979766813220239,"HMP_2019_ibdmdb","IBD",7.3,5.5
"After","CSM79HLA_TR",-0.131545391808636,-0.105921078822029,"HMP_2019_ibdmdb","IBD",7.3,5.5
"After","CSM79HLE",-0.358778253144236,0.0467117545934993,"HMP_2019_ibdmdb","IBD",7.3,5.5
"After","CSM67UDF",-0.326368799967156,-0.011616682356153,"HMP_2019_ibdmdb","IBD",7.3,5.5
"After","CSM5MCXR",-0.257786461547835,-0.0496148063157183,"HMP_2019_ibdmdb","IBD",7.3,5.5
"After","CSM67UDN",-0.279446226714724,0.00562857919490971,"HMP_2019_ibdmdb","IBD",7.3,5.5
"After","CSM79HLG",-0.202416314069089,-0.0536609717374276,"HMP_2019_ibdmdb","IBD",7.3,5.5
"After","CSM5MCXJ",-0.243208352689645,-0.0959860574185322,"HMP_2019_ibdmdb","IBD",7.3,5.5
"After","CSM79HLI",-0.2309110403718,-0.0567331229374232,"HMP_2019_ibdmdb","IBD",7.3,5.5
"After","CSM5MCXN",0.0626192331001403,-0.111281401155308,"HMP_2019_ibdmdb","IBD",7.3,5.5
"After","CSM67UDJ",-0.296933965540561,-0.0387196750732108,"HMP_2019_ibdmdb","IBD",7.3,5.5
"After","CSM5MCXH",-0.293382601198807,-0.0484370533452944,"HMP_2019_ibdmdb","IBD",7.3,5.5
"After","CSM79HLA",-0.0559560351131951,-0.0615955881582502,"HMP_2019_ibdmdb","IBD",7.3,5.5
"After","CSM5MCXP",-0.241791288481758,-0.0483243398723458,"HMP_2019_ibdmdb","IBD",7.3,5.5
"After","CSM79HLC",-0.188833618829972,-0.102477423769451,"HMP_2019_ibdmdb","IBD",7.3,5.5
"After","CSM5MCXL",-0.300257588937246,0.00369633232024119,"HMP_2019_ibdmdb","IBD",7.3,5.5
"After","CSM5MCUS_P",0.117516362150282,-0.237114160671939,"HMP_2019_ibdmdb","IBD",7.3,5.5
"After","CSM5MCUW_P",0.0400792871843015,-0.278521859165453,"HMP_2019_ibdmdb","IBD",7.3,5.5
"After","CSM5MCUQ_P",0.0446790770324877,-0.306257316371922,"HMP_2019_ibdmdb","IBD",7.3,5.5
"After","CSM5MCUY_P",-0.0139773283197505,-0.313128706074605,"HMP_2019_ibdmdb","IBD",7.3,5.5
"After","CSM67UEM",-0.0549037138313918,-0.304938190823881,"HMP_2019_ibdmdb","IBD",7.3,5.5
"After","CSM67UEA",-0.198282471252564,0.0695915733776711,"HMP_2019_ibdmdb","IBD",7.3,5.5
"After","CSM67UE7",-0.0519329416991705,-0.163001564561065,"HMP_2019_ibdmdb","IBD",7.3,5.5
"After","CSM5MCY4",0.00495046657022279,-0.300621472420419,"HMP_2019_ibdmdb","IBD",7.3,5.5
"After","CSM79HO1",-0.0222377043580873,-0.235022260607454,"HMP_2019_ibdmdb","IBD",7.3,5.5
"After","CSM67UEI",-0.0167703008001604,-0.280034041488846,"HMP_2019_ibdmdb","IBD",7.3,5.5
"After","CSM67UE3",-0.0103309474264562,-0.283247007092908,"HMP_2019_ibdmdb","IBD",7.3,5.5
"After","CSM5MCY8",-0.0191962287531364,-0.315745118928427,"HMP_2019_ibdmdb","IBD",7.3,5.5
"After","CSM5MCTZ_P",-0.0635831135205509,0.0319371841658058,"HMP_2019_ibdmdb","IBD",7.3,5.5
"After","CSM5MCUG_P",-0.201120528519836,0.153422280284203,"HMP_2019_ibdmdb","IBD",7.3,5.5
"After","CSM5MCUK_P",-0.10882411651968,0.114391547351665,"HMP_2019_ibdmdb","IBD",7.3,5.5
"After","CSM79HMN",-0.112833645347423,0.0674929825912856,"HMP_2019_ibdmdb","IBD",7.3,5.5
"After","CSM79HMP",-0.104139074704019,0.109557146080679,"HMP_2019_ibdmdb","IBD",7.3,5.5
"After","CSM79HMT",-0.193710926686184,0.0541571557401992,"HMP_2019_ibdmdb","IBD",7.3,5.5
"After","CSM67UFZ",-0.217081834972739,0.0437502593110244,"HMP_2019_ibdmdb","IBD",7.3,5.5
"After","CSM67UFV",-0.148351497326633,0.0267538627662194,"HMP_2019_ibdmdb","IBD",7.3,5.5
"After","CSM5MCX3",-0.0895511639655691,0.125886275172454,"HMP_2019_ibdmdb","IBD",7.3,5.5
"After","CSM67UG8",-0.132584069549804,0.0333369882878264,"HMP_2019_ibdmdb","IBD",7.3,5.5
"After","CSM5MCUO",-0.0819091358822557,0.106639999804009,"HMP_2019_ibdmdb","IBD",7.3,5.5
"After","CSM5MCV5_P",-0.227553996504208,-0.0338620711184315,"HMP_2019_ibdmdb","IBD",7.3,5.5
"After","CSM5MCVB_P",0.169845766687646,-0.178408851818466,"HMP_2019_ibdmdb","IBD",7.3,5.5
"After","CSM5MCV1_P",0.124949889685191,-0.211508260293391,"HMP_2019_ibdmdb","IBD",7.3,5.5
"After","CSM5MCW4_P",0.186972332600584,-0.19629985836186,"HMP_2019_ibdmdb","IBD",7.3,5.5
"After","CSM5MCU4_P",0.184319296426301,-0.190020190772277,"HMP_2019_ibdmdb","IBD",7.3,5.5
"After","CSM5MCVZ_P",0.182116679979078,-0.195396166948087,"HMP_2019_ibdmdb","IBD",7.3,5.5
"After","CSM5MCW6",0.188997539240251,-0.199364888848086,"HMP_2019_ibdmdb","IBD",7.3,5.5
"After","CSM79HQB",0.116335003194088,-0.0300611605452492,"HMP_2019_ibdmdb","IBD",7.3,5.5
"After","CSM5MCYW",0.18281296788623,-0.193626244285791,"HMP_2019_ibdmdb","IBD",7.3,5.5
"After","CSM79HQF",0.183475953617534,-0.193047966671073,"HMP_2019_ibdmdb","IBD",7.3,5.5
"After","CSM5MCZ7",0.184232058336853,-0.19884087301655,"HMP_2019_ibdmdb","IBD",7.3,5.5
"After","CSM5MCZ3",0.184258513278364,-0.191618629162258,"HMP_2019_ibdmdb","IBD",7.3,5.5
"After","CSM79HKT",0.192968702840418,-0.196258092216899,"HMP_2019_ibdmdb","IBD",7.3,5.5
"After","CSM5MCZ5",0.189099982417325,-0.19374394042355,"HMP_2019_ibdmdb","IBD",7.3,5.5
"After","CSM79HKV",0.189330173213345,-0.199122058730294,"HMP_2019_ibdmdb","IBD",7.3,5.5
"After","CSM79HQ9",0.185635567799079,-0.196838339718317,"HMP_2019_ibdmdb","IBD",7.3,5.5
"After","CSM5MCWA_P",0.190401538781891,0.0985210365521973,"HMP_2019_ibdmdb","IBD",7.3,5.5
"After","CSM67UAG",0.201627914824513,0.0803017469341314,"HMP_2019_ibdmdb","IBD",7.3,5.5
"After","CSM67UAA",0.181103874169743,0.089144402815397,"HMP_2019_ibdmdb","IBD",7.3,5.5
"After","CSM7KOJE",0.197981760966725,0.0800780772193354,"HMP_2019_ibdmdb","IBD",7.3,5.5
"After","CSM5MCWG",0.19413403336146,0.0686352590521599,"HMP_2019_ibdmdb","IBD",7.3,5.5
"After","CSM79HI7",0.204651483722607,0.0850071551887767,"HMP_2019_ibdmdb","IBD",7.3,5.5
"After","CSM7KOJO",0.198480514053445,0.0799470681309267,"HMP_2019_ibdmdb","IBD",7.3,5.5
"After","CSM5MCWC",0.216883742489553,0.0519264412377833,"HMP_2019_ibdmdb","IBD",7.3,5.5
"After","CSM5MCWE",0.220980047155367,0.0717909896279151,"HMP_2019_ibdmdb","IBD",7.3,5.5
"After","CSM79HIB",0.194721484293843,0.0767168357095539,"HMP_2019_ibdmdb","IBD",7.3,5.5
"After","CSM7KOJG",0.207456854190235,0.0900866678317302,"HMP_2019_ibdmdb","IBD",7.3,5.5
"After","CSM79HI3",0.203112971654999,0.080989373072982,"HMP_2019_ibdmdb","IBD",7.3,5.5
"After","CSM5MCXZ_P",-0.0873571536517431,-0.169024898179871,"HMP_2019_ibdmdb","IBD",7.3,5.5
"After","CSM5MCXX_P",-0.213732122401726,0.0308550952637052,"HMP_2019_ibdmdb","IBD",7.3,5.5
"After","CSM5MCWK_P",-0.228259276590747,0.0731053488744577,"HMP_2019_ibdmdb","IBD",7.3,5.5
"After","CSM5MCXT",-0.208283268412753,0.0340419620938829,"HMP_2019_ibdmdb","IBD",7.3,5.5
"After","CSM7KOLE",-0.186686276829274,0.145948516283398,"HMP_2019_ibdmdb","IBD",7.3,5.5
"After","CSM5MCY2",-0.208768382775649,0.0660168404533369,"HMP_2019_ibdmdb","IBD",7.3,5.5
"After","CSM67UCK",-0.127797427954488,-0.0946679907925494,"HMP_2019_ibdmdb","IBD",7.3,5.5
"After","CSM79HOF",-0.213400088551742,-0.0071075001446325,"HMP_2019_ibdmdb","IBD",7.3,5.5
"After","CSM79HKB",-0.28687068582889,0.129374632189361,"HMP_2019_ibdmdb","IBD",7.3,5.5
"After","CSM5MCXV",-0.198159052332284,0.0556396769067703,"HMP_2019_ibdmdb","IBD",7.3,5.5
"After","CSM79HK9",-0.239515604810491,0.123997590649942,"HMP_2019_ibdmdb","IBD",7.3,5.5
"After","CSM7KOLA",-0.0514008000947058,-0.0220508840285927,"HMP_2019_ibdmdb","IBD",7.3,5.5
"After","CSM7KOL4",-0.27613792674006,0.0639465783740126,"HMP_2019_ibdmdb","IBD",7.3,5.5
"After","CSM79HOH",-0.248241826593371,0.118338324750516,"HMP_2019_ibdmdb","IBD",7.3,5.5
"After","CSM67UET_P",0.14659163150039,-0.0459691066943754,"HMP_2019_ibdmdb","IBD",7.3,5.5
"After","CSM79HM5_P",0.0320517039156753,-0.174724688614624,"HMP_2019_ibdmdb","IBD",7.3,5.5
"After","CSM67UEP_P",0.140731014528867,-0.0316020740405666,"HMP_2019_ibdmdb","IBD",7.3,5.5
"After","CSM79HQT_P",0.167881859030085,-0.0335072222486933,"HMP_2019_ibdmdb","IBD",7.3,5.5
"After","CSM5MCYI_P",0.128171413548984,-0.0468855342821494,"HMP_2019_ibdmdb","IBD",7.3,5.5
"After","CSM7KOMR_P",0.220588202963024,-0.0448817420934385,"HMP_2019_ibdmdb","IBD",7.3,5.5
"After","CSM67UEW_P",0.21472642797611,-0.0499709485015574,"HMP_2019_ibdmdb","IBD",7.3,5.5
"After","CSM5MCYO_P",0.0741629394056891,0.0424092460953451,"HMP_2019_ibdmdb","IBD",7.3,5.5
"After","CSM7KOMV_P",0.121998277756697,-0.0805886808819409,"HMP_2019_ibdmdb","IBD",7.3,5.5
"After","CSM5MCXB_P",0.134128490283873,-0.0464120262120804,"HMP_2019_ibdmdb","IBD",7.3,5.5
"After","CSM5MCYM_P",0.0328380068332548,-0.124669435130499,"HMP_2019_ibdmdb","IBD",7.3,5.5
"After","CSM67UF1_P",0.110196613726078,-0.0261078975835457,"HMP_2019_ibdmdb","IBD",7.3,5.5
"After","CSM5MCYQ_P",0.0859645810244029,-0.0946234278575552,"HMP_2019_ibdmdb","IBD",7.3,5.5
"After","CSM79HM9_P",0.277323765356964,0.0783620978936188,"HMP_2019_ibdmdb","IBD",7.3,5.5
"After","CSM67UEW_TR",0.197364905092405,-0.0561487497511248,"HMP_2019_ibdmdb","IBD",7.3,5.5
"After","CSM67UEW",0.18782848229013,-0.0520129971952592,"HMP_2019_ibdmdb","IBD",7.3,5.5
"After","CSM67UF5",0.220350016934336,-0.0227587995272879,"HMP_2019_ibdmdb","IBD",7.3,5.5
"After","CSM67UF1",0.11042903596283,-0.0204410146789613,"HMP_2019_ibdmdb","IBD",7.3,5.5
"After","CSM7KOMT",0.188977277526753,-0.070098122820994,"HMP_2019_ibdmdb","IBD",7.3,5.5
"After","CSM79HM1",0.0259823368420072,-0.108229185578434,"HMP_2019_ibdmdb","IBD",7.3,5.5
"After","CSM7KOMP",0.119456536827618,-0.0706485113799431,"HMP_2019_ibdmdb","IBD",7.3,5.5
"After","CSM79HM7",0.18494504649925,-0.0483738422146202,"HMP_2019_ibdmdb","IBD",7.3,5.5
"After","CSM5MCXF_P",-0.15006698348293,0.033017032648716,"HMP_2019_ibdmdb","IBD",7.3,5.5
"After","CSM67UGO",0.0274538229742847,-0.0882129814887995,"HMP_2019_ibdmdb","IBD",7.3,5.5
"After","CSM7KOMZ",-0.154302557312145,-0.096875830118853,"HMP_2019_ibdmdb","IBD",7.3,5.5
"After","CSM7KON2",-0.019299973783644,-0.0984291844414327,"HMP_2019_ibdmdb","IBD",7.3,5.5
"After","CSM5MCZF",-0.0299154700700462,-0.160054363985838,"HMP_2019_ibdmdb","IBD",7.3,5.5
"After","CSM7KON8",-0.0831089575782405,-0.107056800949642,"HMP_2019_ibdmdb","IBD",7.3,5.5
"After","CSM67U9B",0.0495042386703295,-0.0996615547571791,"HMP_2019_ibdmdb","IBD",7.3,5.5
"After","CSM67U9D",-0.00549986613331178,-0.157062217343307,"HMP_2019_ibdmdb","IBD",7.3,5.5
"After","CSM79HOT",-0.107603185568007,-0.0726773222629618,"HMP_2019_ibdmdb","IBD",7.3,5.5
"After","CSM7KOMX",-0.177900906479393,-0.112015378268482,"HMP_2019_ibdmdb","IBD",7.3,5.5
"After","CSM5MCZD",0.00192967042526903,-0.125887320826859,"HMP_2019_ibdmdb","IBD",7.3,5.5
"After","CSM5MCZB",-0.138583100200507,-0.152013663269227,"HMP_2019_ibdmdb","IBD",7.3,5.5
"After","CSM79HOL",-0.131416458516096,-0.104383549796791,"HMP_2019_ibdmdb","IBD",7.3,5.5
"After","CSM79HOJ",-0.0754883632381364,-0.156043309917668,"HMP_2019_ibdmdb","IBD",7.3,5.5
"After","CSM79HGJ_P",0.00514654010096937,-0.043612032877841,"HMP_2019_ibdmdb","IBD",7.3,5.5
"After","CSM5MCYU_P",0.420912032891694,0.185569916769233,"HMP_2019_ibdmdb","IBD",7.3,5.5
"After","CSM67U9P_P",-0.0946536731991066,-0.173255920282834,"HMP_2019_ibdmdb","IBD",7.3,5.5
"After","CSM79HPM_P",0.221127213262832,0.0586784654391355,"HMP_2019_ibdmdb","IBD",7.3,5.5
"After","CSM67U9R_P",-0.184344941135258,-0.0642867746099274,"HMP_2019_ibdmdb","IBD",7.3,5.5
"After","CSM79HGH_P",-0.0761223510758309,-0.163308226007104,"HMP_2019_ibdmdb","IBD",7.3,5.5
"After","CSM79HGL_P",0.0425146186897598,-0.104472938223914,"HMP_2019_ibdmdb","IBD",7.3,5.5
"After","CSM79HGD_P",-0.035696974390276,-0.132404262008415,"HMP_2019_ibdmdb","IBD",7.3,5.5
"After","CSM7KONS_P",0.486923157240574,0.303277540280565,"HMP_2019_ibdmdb","IBD",7.3,5.5
"After","CSM79HPQ_P",0.422668478101098,0.227549664450235,"HMP_2019_ibdmdb","IBD",7.3,5.5
"After","CSM79HGF_P",0.0336724876458024,-0.178156837561733,"HMP_2019_ibdmdb","IBD",7.3,5.5
"After","CSM7KONW_P",0.074702643240851,-0.0588713171722605,"HMP_2019_ibdmdb","IBD",7.3,5.5
"After","CSM79HGN_P",0.414233538677188,0.288546418914629,"HMP_2019_ibdmdb","IBD",7.3,5.5
"After","CSM67U9H_P",0.491135425843919,0.292310309516185,"HMP_2019_ibdmdb","IBD",7.3,5.5
"After","CSM79HPU",0.202934886164759,0.495134931136011,"HMP_2019_ibdmdb","IBD",7.3,5.5
"After","CSM79HPO",0.0010451751426691,-0.028690273848725,"HMP_2019_ibdmdb","IBD",7.3,5.5
"After","CSM7KONU",0.309431323781425,0.131698469936238,"HMP_2019_ibdmdb","IBD",7.3,5.5
"After","CSM67U9N",0.0705967206670501,-0.0933349464015689,"HMP_2019_ibdmdb","IBD",7.3,5.5
"After","CSM79HGF",0.0281833279967171,-0.169099361509865,"HMP_2019_ibdmdb","IBD",7.3,5.5
"After","CSM67U9H",0.48540749710982,0.284939260626721,"HMP_2019_ibdmdb","IBD",7.3,5.5
"After","CSM79HPS",0.352798465522218,0.185793222217831,"HMP_2019_ibdmdb","IBD",7.3,5.5
"After","CSM79HPK",0.481470727764989,0.307132888908803,"HMP_2019_ibdmdb","IBD",7.3,5.5
"After","CSM67U9T_P",-0.0904070133129044,-0.304004740268919,"HMP_2019_ibdmdb","IBD",7.3,5.5
"After","CSM7KOJW",-0.0665592520339218,-0.332945647493135,"HMP_2019_ibdmdb","IBD",7.3,5.5
"After","CSM67UAO",-0.0892916101379463,-0.336531638724115,"HMP_2019_ibdmdb","IBD",7.3,5.5
"After","CSM7KOPO",-0.075370154329821,-0.3086484669384,"HMP_2019_ibdmdb","IBD",7.3,5.5
"After","CSM7KOJU",-0.0683552086134447,-0.289115275292671,"HMP_2019_ibdmdb","IBD",7.3,5.5
"After","CSM67UAK",-0.0601351007093296,-0.327912633425662,"HMP_2019_ibdmdb","IBD",7.3,5.5
"After","CSM79HIL",-0.0807021423640957,-0.330689481261131,"HMP_2019_ibdmdb","IBD",7.3,5.5
"After","CSM7KOPK",-0.0794679707218157,-0.342374484382807,"HMP_2019_ibdmdb","IBD",7.3,5.5
"After","CSM7KOJY",-0.0849564653030609,-0.317434765501943,"HMP_2019_ibdmdb","IBD",7.3,5.5
"After","CSM7KOPM",-0.0557864661294761,-0.327530552685985,"HMP_2019_ibdmdb","IBD",7.3,5.5
"After","CSM79HIJ",-0.0883287787237621,-0.346144526157408,"HMP_2019_ibdmdb","IBD",7.3,5.5
"After","CSM7KOPI",-0.0670158071736037,-0.332580890213945,"HMP_2019_ibdmdb","IBD",7.3,5.5
"After","CSM79HIN",-0.0394092032186929,-0.316845891029689,"HMP_2019_ibdmdb","IBD",7.3,5.5
"After","CSM7KOPG",-0.0708056763567727,-0.349647377754,"HMP_2019_ibdmdb","IBD",7.3,5.5
"After","CSM67UAQ",-0.0836731623976363,-0.319332265488766,"HMP_2019_ibdmdb","IBD",7.3,5.5
"After","CSM79HIH",-0.0937376949625793,-0.328129612838885,"HMP_2019_ibdmdb","IBD",7.3,5.5
"After","CSM79HIF",-0.0757072979333534,-0.3221496623842,"HMP_2019_ibdmdb","IBD",7.3,5.5
"After","CSM7KOJQ",-0.0738244966140457,-0.35193169721326,"HMP_2019_ibdmdb","IBD",7.3,5.5
"After","CSM67UAS",-0.0893239569094633,-0.304962217959247,"HMP_2019_ibdmdb","IBD",7.3,5.5
"After","CSM79HID",-0.0372562606649492,-0.277250548260432,"HMP_2019_ibdmdb","IBD",7.3,5.5
"After","CSM7KOJS",-0.0714676407367509,-0.300161017765418,"HMP_2019_ibdmdb","IBD",7.3,5.5
"After","CSM67UAM",0.0107614869060111,-0.258046799379441,"HMP_2019_ibdmdb","IBD",7.3,5.5
"After","CSM7KOK1",-0.0805997215884779,-0.335970268316838,"HMP_2019_ibdmdb","IBD",7.3,5.5
"After","CSM67U9V_P",-0.235134044652868,-0.0826559927351051,"HMP_2019_ibdmdb","IBD",7.3,5.5
"After","CSM7KOK3",-0.152797635149551,-0.107936526580994,"HMP_2019_ibdmdb","IBD",7.3,5.5
"After","CSM7KOQ1",-0.0589265801602929,0.0561757516161392,"HMP_2019_ibdmdb","IBD",7.3,5.5
"After","CSM7KOK5",-0.0942732002349919,-0.0591400668507047,"HMP_2019_ibdmdb","IBD",7.3,5.5
"After","CSM7KOK7",-0.166379211060506,-0.0872548908674017,"HMP_2019_ibdmdb","IBD",7.3,5.5
"After","CSM7KOKB",-0.259496246900547,-0.012176273990977,"HMP_2019_ibdmdb","IBD",7.3,5.5
"After","CSM79HIT",-0.11058861011845,0.0455739707632287,"HMP_2019_ibdmdb","IBD",7.3,5.5
"After","CSM7KOPW",-0.27641350037823,-0.00439243882095693,"HMP_2019_ibdmdb","IBD",7.3,5.5
"After","CSM67UAW",-0.161291194408667,0.112763829370924,"HMP_2019_ibdmdb","IBD",7.3,5.5
"After","CSM67UAY",-0.163618806946153,0.125507986648507,"HMP_2019_ibdmdb","IBD",7.3,5.5
"After","CSM67UB3",-0.203397292136037,0.169877379664635,"HMP_2019_ibdmdb","IBD",7.3,5.5
"After","CSM7KOPU",-0.273421157389379,0.0526330377142457,"HMP_2019_ibdmdb","IBD",7.3,5.5
"After","CSM7KOKD",-0.223357148988004,-0.0801267985851558,"HMP_2019_ibdmdb","IBD",7.3,5.5
"After","CSM79HIZ",-0.0742410906110524,-0.132496747108642,"HMP_2019_ibdmdb","IBD",7.3,5.5
"After","CSM7KOPS",-0.110580069708891,-0.072190638724573,"HMP_2019_ibdmdb","IBD",7.3,5.5
"After","CSM79HIV",-0.241034453801012,0.069730757598867,"HMP_2019_ibdmdb","IBD",7.3,5.5
"After","CSM79HIR",-0.260372085043961,0.102679224602044,"HMP_2019_ibdmdb","IBD",7.3,5.5
"After","CSM67UB1",-0.225558529829667,0.126518184142892,"HMP_2019_ibdmdb","IBD",7.3,5.5
"After","CSM79HIX",-0.292692459969537,0.0298014545865771,"HMP_2019_ibdmdb","IBD",7.3,5.5
"After","CSM67UAU",-0.133784048963245,0.0639420363534411,"HMP_2019_ibdmdb","IBD",7.3,5.5
"After","CSM79HJ6_P",-0.0319402749591582,0.0427334685748391,"HMP_2019_ibdmdb","IBD",7.3,5.5
"After","CSM67UB5_P",-0.246049567263383,0.0658890898207943,"HMP_2019_ibdmdb","IBD",7.3,5.5
"After","CSM7KOR4_P",-0.281091942301788,0.0603629086610163,"HMP_2019_ibdmdb","IBD",7.3,5.5
"After","CSM7KOKP_P",-0.289199839307617,0.166278000012531,"HMP_2019_ibdmdb","IBD",7.3,5.5
"After","CSM7KOKL_P",-0.219592407275497,0.17759307317528,"HMP_2019_ibdmdb","IBD",7.3,5.5
"After","CSM79HJC_P",-0.186764920564528,0.159868408423015,"HMP_2019_ibdmdb","IBD",7.3,5.5
"After","CSM67UB7_P",-0.303894904341037,0.0664134488009133,"HMP_2019_ibdmdb","IBD",7.3,5.5
"After","CSM7KOR8_P",-0.244814780940517,0.0106568113750645,"HMP_2019_ibdmdb","IBD",7.3,5.5
"After","CSM7KOQZ_P",-0.263887112558921,0.0981787515150283,"HMP_2019_ibdmdb","IBD",7.3,5.5
"After","CSM79HJ4_P",-0.343905866163527,0.233823450408644,"HMP_2019_ibdmdb","IBD",7.3,5.5
"After","CSM79HJ2_P",-0.233964041633507,0.233990621734131,"HMP_2019_ibdmdb","IBD",7.3,5.5
"After","CSM67U9X_P",-0.250818354119429,0.250105647567233,"HMP_2019_ibdmdb","IBD",7.3,5.5
"After","CSM79HJ8_P",-0.161719129654711,0.0644596814202736,"HMP_2019_ibdmdb","IBD",7.3,5.5
"After","CSM7KOKH_P",-0.313015165675705,0.164532520786145,"HMP_2019_ibdmdb","IBD",7.3,5.5
"After","CSM67UB9_P",-0.373259659695145,0.200026952797559,"HMP_2019_ibdmdb","IBD",7.3,5.5
"After","CSM79HJA",-0.287026148562568,0.0892249327019674,"HMP_2019_ibdmdb","IBD",7.3,5.5
"After","CSM7KOQX",-0.176791657646691,-0.0145074363786098,"HMP_2019_ibdmdb","IBD",7.3,5.5
"After","CSM7KOKN",-0.261781676959794,0.16987223587632,"HMP_2019_ibdmdb","IBD",7.3,5.5
"After","CSM7KOKJ",-0.241309449475679,0.221866137436505,"HMP_2019_ibdmdb","IBD",7.3,5.5
"After","CSM67UBB",0.0816428345055069,-0.0988955202590863,"HMP_2019_ibdmdb","IBD",7.3,5.5
"After","CSM7KOR2",-0.307799735899193,0.162102145880749,"HMP_2019_ibdmdb","IBD",7.3,5.5
"After","CSM67UB9",-0.363204032682262,0.223576048744825,"HMP_2019_ibdmdb","IBD",7.3,5.5
"After","CSM7KOKF",-0.253482321026352,0.206486801423497,"HMP_2019_ibdmdb","IBD",7.3,5.5
"After","CSM67UCU_P",-0.153147833587609,-0.180205024314401,"HMP_2019_ibdmdb","IBD",7.3,5.5
"After","CSM67UAI_P",0.219919339606149,0.0434254295729066,"HMP_2019_ibdmdb","IBD",7.3,5.5
"After","CSM79HHO",0.0260970512356485,-0.302982305767129,"HMP_2019_ibdmdb","IBD",7.3,5.5
"After","CSM79HN6",-0.0303071175690548,-0.334309458061093,"HMP_2019_ibdmdb","IBD",7.3,5.5
"After","CSM7KOSX",-0.0138401976615483,-0.347272076786878,"HMP_2019_ibdmdb","IBD",7.3,5.5
"After","CSM7KOLK",-0.0221564389900104,-0.302526129921701,"HMP_2019_ibdmdb","IBD",7.3,5.5
"After","CSM79HHU",-0.0504838001718036,-0.363250705171271,"HMP_2019_ibdmdb","IBD",7.3,5.5
"After","CSM7KOSV",-0.0844165362095621,-0.367324690267519,"HMP_2019_ibdmdb","IBD",7.3,5.5
"After","CSM79HHM",-0.011245623385416,-0.284419580394778,"HMP_2019_ibdmdb","IBD",7.3,5.5
"After","CSM79HN2",0.0648282061767068,-0.260187817508656,"HMP_2019_ibdmdb","IBD",7.3,5.5
"After","CSM7KOLM",-0.0809845476917331,-0.321565535377323,"HMP_2019_ibdmdb","IBD",7.3,5.5
"After","CSM79HGR_P",-0.0947455347435017,0.0716717238094323,"HMP_2019_ibdmdb","Healthy",7.3,5.5
"After","CSM79HGV_P",-0.029932363024045,0.0744263782986891,"HMP_2019_ibdmdb","Healthy",7.3,5.5
"After","CSM79HOV",-0.249181004226979,0.0714387818260481,"HMP_2019_ibdmdb","Healthy",7.3,5.5
"After","CSM79HGX",-0.175421332558767,0.100687239017923,"HMP_2019_ibdmdb","Healthy",7.3,5.5
"After","CSM7KOOL",-0.13326699186204,-0.0189691726748181,"HMP_2019_ibdmdb","Healthy",7.3,5.5
"After","CSM79HP4",0.0177821906436995,0.00967384794609686,"HMP_2019_ibdmdb","Healthy",7.3,5.5
"After","CSM7KOOH",-0.0306931195535827,-0.105322103989435,"HMP_2019_ibdmdb","Healthy",7.3,5.5
"After","CSM79HP6",-0.000755676395715494,0.010478938502875,"HMP_2019_ibdmdb","Healthy",7.3,5.5
"After","CSMAHYLR",-0.0189505553399854,-0.244288373719517,"HMP_2019_ibdmdb","Healthy",7.3,5.5
"After","CSM79HGZ",-0.0413534476803008,0.0274364789517081,"HMP_2019_ibdmdb","Healthy",7.3,5.5
"After","CSMAG78W",0.0165126022194764,-0.252005113127881,"HMP_2019_ibdmdb","Healthy",7.3,5.5
"After","CSM7KOON",-0.046945153518789,-0.105698892712901,"HMP_2019_ibdmdb","Healthy",7.3,5.5
"After","CSM79HOZ",-0.0781506995174325,0.0570566317788073,"HMP_2019_ibdmdb","Healthy",7.3,5.5
"After","CSM67UH7",0.0275634611758274,0.0721419129206991,"HMP_2019_ibdmdb","Healthy",7.3,5.5
"After","CSM7KOOP",-0.0407208279940938,-0.0877510670803884,"HMP_2019_ibdmdb","Healthy",7.3,5.5
"After","CSMAAEUA",-0.187591872589449,-0.043496787292742,"HMP_2019_ibdmdb","Healthy",7.3,5.5
"After","CSMAE44D",-0.18611631423315,0.0717984431439201,"HMP_2019_ibdmdb","Healthy",7.3,5.5
"After","CSM7KOOJ",-0.0778938348843511,-0.0392459737279982,"HMP_2019_ibdmdb","Healthy",7.3,5.5
"After","CSM79HOX",-0.0336941781973324,0.0474091110461607,"HMP_2019_ibdmdb","Healthy",7.3,5.5
"After","CSMA8M9R",-0.121657938188596,-0.0435782678417351,"HMP_2019_ibdmdb","Healthy",7.3,5.5
"After","CSM79HP2",-0.0428170486644981,0.035099245342156,"HMP_2019_ibdmdb","Healthy",7.3,5.5
"After","CSM79HH2_P",-0.0642860172198336,0.0424902838926088,"HMP_2019_ibdmdb","IBD",7.3,5.5
"After","CSM7KONA",-0.133966928352261,0.0665718271304289,"HMP_2019_ibdmdb","IBD",7.3,5.5
"After","CSM7KOTC",-0.0347824235491891,0.0103129864781279,"HMP_2019_ibdmdb","IBD",7.3,5.5
"After","CSM79HPA",0.0232806845166496,-0.0082051520658991,"HMP_2019_ibdmdb","IBD",7.3,5.5
"After","CSM79HH8",-0.0345345565402143,0.00432978910294276,"HMP_2019_ibdmdb","IBD",7.3,5.5
"After","CSM7KOTK",-0.0458653138297916,0.0358197416428893,"HMP_2019_ibdmdb","IBD",7.3,5.5
"After","CSM79HH4",-0.0207375541469093,0.0670754170411186,"HMP_2019_ibdmdb","IBD",7.3,5.5
"After","CSM79HPC",-0.0325867616966346,-0.0358476585648753,"HMP_2019_ibdmdb","IBD",7.3,5.5
"After","CSM79HHA",0.0565732692057632,0.037798955184709,"HMP_2019_ibdmdb","IBD",7.3,5.5
"After","CSM79HPA_TR",0.0585785853516723,0.0181731912594604,"HMP_2019_ibdmdb","IBD",7.3,5.5
"After","CSM7KONK",-0.211721498238309,0.0598564128385181,"HMP_2019_ibdmdb","IBD",7.3,5.5
"After","CSM7KOTA",-0.050637575149353,0.0462674006089941,"HMP_2019_ibdmdb","IBD",7.3,5.5
"After","CSM79HG7_P",-0.231735916953441,0.0985753949359477,"HMP_2019_ibdmdb","IBD",7.3,5.5
"After","CSM79HHW_P",-0.253973070062033,0.173093603230115,"HMP_2019_ibdmdb","IBD",7.3,5.5
"After","CSM79HJQ",0.225984772921689,0.0593981055730827,"HMP_2019_ibdmdb","IBD",7.3,5.5
"After","CSMA9J65",-0.215483103280678,0.140018850152498,"HMP_2019_ibdmdb","IBD",7.3,5.5
"After","CSM7KOOV",-0.236789754668715,0.13134855225655,"HMP_2019_ibdmdb","IBD",7.3,5.5
"After","CSM79HR4",-0.27189033498125,0.156523215176392,"HMP_2019_ibdmdb","IBD",7.3,5.5
"After","CSMA88CB",0.0110248245978254,-0.0175341186814726,"HMP_2019_ibdmdb","IBD",7.3,5.5
"After","CSMAIG7X",-0.218729751102788,0.0914993900218185,"HMP_2019_ibdmdb","IBD",7.3,5.5
"After","CSM79HHW",-0.260834755604916,0.177829006066641,"HMP_2019_ibdmdb","IBD",7.3,5.5
"After","CSM79HR6",-0.172266994095734,0.07517608527415,"HMP_2019_ibdmdb","IBD",7.3,5.5
"After","CSMAH393",0.00494279783815847,-0.0859809787594707,"HMP_2019_ibdmdb","IBD",7.3,5.5
"After","CSM79HJS",-0.188824538426348,0.134731200885076,"HMP_2019_ibdmdb","IBD",7.3,5.5
"After","CSM7KOOX",-0.26564943911119,0.242850748005003,"HMP_2019_ibdmdb","IBD",7.3,5.5
"After","CSM79HR2",-0.270951400311172,0.190810344474614,"HMP_2019_ibdmdb","IBD",7.3,5.5
"After","CSMACTZP",-0.17820488144261,0.110950929555127,"HMP_2019_ibdmdb","IBD",7.3,5.5
"After","CSM79HQX",-0.230880418275739,0.0986172019656382,"HMP_2019_ibdmdb","IBD",7.3,5.5
"After","CSM79HJU",0.124510984223918,-0.0796362183600188,"HMP_2019_ibdmdb","IBD",7.3,5.5
"After","CSM79HJO",-0.238767716594796,0.153899758696444,"HMP_2019_ibdmdb","IBD",7.3,5.5
"After","CSMAF72L",-0.182333198046955,0.0489630339178304,"HMP_2019_ibdmdb","IBD",7.3,5.5
"After","CSM7KOP2",-0.247647073478605,0.144715095298812,"HMP_2019_ibdmdb","IBD",7.3,5.5
"After","CSM79HJM",-0.208657492209338,0.125282792216587,"HMP_2019_ibdmdb","IBD",7.3,5.5
"After","CSM7KOOT",-0.217303275671568,0.0994407045767962,"HMP_2019_ibdmdb","IBD",7.3,5.5
"After","CSM79HQZ",-0.203402762536136,0.116496130378249,"HMP_2019_ibdmdb","IBD",7.3,5.5
"After","CSM7KOOZ",-0.187340028648885,0.0735697447015841,"HMP_2019_ibdmdb","IBD",7.3,5.5
"After","CSM79HQV",-0.249348358556912,0.191633876979447,"HMP_2019_ibdmdb","IBD",7.3,5.5
"After","CSM7KORC",-0.193572109587583,0.150130017917611,"HMP_2019_ibdmdb","IBD",7.3,5.5
"After","CSM7KOKT",-0.175214014984555,-0.106836798311056,"HMP_2019_ibdmdb","IBD",7.3,5.5
"After","CSM79HL6",-0.150147069936636,-0.042540749424815,"HMP_2019_ibdmdb","IBD",7.3,5.5
"After","CSM79HL4",-0.155203658887462,-0.0598002800418014,"HMP_2019_ibdmdb","IBD",7.3,5.5
"After","CSM7KOKR",-0.153612037809939,-0.0298807060997747,"HMP_2019_ibdmdb","IBD",7.3,5.5
"After","CSM7KORI",-0.332694696917944,0.151601403439041,"HMP_2019_ibdmdb","IBD",7.3,5.5
"After","CSM7KORG",-0.194105293648379,0.18806846373392,"HMP_2019_ibdmdb","IBD",7.3,5.5
"After","CSM7KORK",-0.212727527646779,0.137208971840344,"HMP_2019_ibdmdb","IBD",7.3,5.5
"After","CSM7KOL2",-0.249720689659614,0.178430446526339,"HMP_2019_ibdmdb","IBD",7.3,5.5
"After","CSM7KOKZ",-0.272349691120142,0.163934454148015,"HMP_2019_ibdmdb","IBD",7.3,5.5
"After","CSM79HKX",-0.217713540316183,0.00572945404288733,"HMP_2019_ibdmdb","IBD",7.3,5.5
"After","CSM79HKZ",-0.294659788022998,0.0477252892488664,"HMP_2019_ibdmdb","IBD",7.3,5.5
"After","CSM79HNG_P",0.154744294679573,-0.0545125985397288,"HMP_2019_ibdmdb","IBD",7.3,5.5
"After","CSM79HNE",0.17225441329392,-0.0122075773146099,"HMP_2019_ibdmdb","IBD",7.3,5.5
"After","CSM79HNK",0.162299177544112,-0.0789697875748297,"HMP_2019_ibdmdb","IBD",7.3,5.5
"After","CSM9X1Y5",0.181916738050872,-0.0686220814653436,"HMP_2019_ibdmdb","IBD",7.3,5.5
"After","CSM7KOSH",0.16074919297227,-0.088440049643572,"HMP_2019_ibdmdb","IBD",7.3,5.5
"After","CSM7KOS7",0.147819530737063,-0.0561119002386226,"HMP_2019_ibdmdb","IBD",7.3,5.5
"After","CSM79HNI",0.164407014987771,-0.0809145706149454,"HMP_2019_ibdmdb","IBD",7.3,5.5
"After","CSM79HNM",0.15318818609954,-0.0546740569158688,"HMP_2019_ibdmdb","IBD",7.3,5.5
"After","CSM7KOLY",0.163388506650734,-0.0448400044716031,"HMP_2019_ibdmdb","IBD",7.3,5.5
"After","CSM79HJI_P",0.0238681157802373,0.0641125776344729,"HMP_2019_ibdmdb","IBD",7.3,5.5
"After","CSM7KOSJ",0.180215707697547,0.0352876339666493,"HMP_2019_ibdmdb","IBD",7.3,5.5
"After","CSM7KOSL",0.147848130550645,0.0439471930587147,"HMP_2019_ibdmdb","IBD",7.3,5.5
"After","CSM79HNW",0.152879150536553,0.0486647171247735,"HMP_2019_ibdmdb","IBD",7.3,5.5
"After","CSM79HNU",0.14689015825802,0.0345444210740723,"HMP_2019_ibdmdb","IBD",7.3,5.5
"After","CSM7KOMB",-0.0405999601850094,-0.18875923745527,"HMP_2019_ibdmdb","IBD",7.3,5.5
"After","CSM79HNO",0.182415713602579,0.0320404591514519,"HMP_2019_ibdmdb","IBD",7.3,5.5
"After","CSM7KOST",0.194967664271964,0.00730112135539338,"HMP_2019_ibdmdb","IBD",7.3,5.5
"After","CSM7KOSP",0.192904023599222,0.0104051982793624,"HMP_2019_ibdmdb","IBD",7.3,5.5
"After","CSM7KOMH",0.156540563705406,0.0187950651991408,"HMP_2019_ibdmdb","IBD",7.3,5.5
"After","CSM79HNY_P",-0.25124966106416,0.0102364036632815,"HMP_2019_ibdmdb","IBD",7.3,5.5
"After","CSM79HR8",-0.269596292929773,0.035764004942655,"HMP_2019_ibdmdb","IBD",7.3,5.5
"After","CSM79HRG",-0.122230006498265,-0.0739374536264862,"HMP_2019_ibdmdb","IBD",7.3,5.5
"After","CSM9X1ZC",-0.18197836327419,-0.0779534876600015,"HMP_2019_ibdmdb","IBD",7.3,5.5
"After","CSM7KOOF",-0.0676564708186372,-0.163237637539535,"HMP_2019_ibdmdb","IBD",7.3,5.5
"After","CSM7KOO9",-0.201083424734683,-0.0606218494629813,"HMP_2019_ibdmdb","IBD",7.3,5.5
"After","CSM9X1Z4",-0.143267236504426,-0.117904417415961,"HMP_2019_ibdmdb","IBD",7.3,5.5
"After","CSM79HRC",-0.104600966579708,-0.0691066391300029,"HMP_2019_ibdmdb","IBD",7.3,5.5
"After","CSM7KOOD",-0.172720486127097,-0.0801205475696494,"HMP_2019_ibdmdb","IBD",7.3,5.5
"After","CSM7KOO5",-0.22802606759532,-0.0337846120981442,"HMP_2019_ibdmdb","IBD",7.3,5.5
"After","CSM79HRE",-0.2294946036141,-0.0167882625922909,"HMP_2019_ibdmdb","IBD",7.3,5.5
"After","CSM7KOU7_P",-0.139126986395594,-0.198351731959204,"HMP_2019_ibdmdb","IBD",7.3,5.5
"After","CSM9X1ZY",-0.197814589401556,-0.141770182494078,"HMP_2019_ibdmdb","IBD",7.3,5.5
"After","CSM9X22K",-0.126158387356625,-0.191651503500687,"HMP_2019_ibdmdb","IBD",7.3,5.5
"After","CSM7KOP6",-0.120843744955862,-0.221356596259712,"HMP_2019_ibdmdb","IBD",7.3,5.5
"After","CSM7KOUB",-0.0818789901440728,-0.220111921078966,"HMP_2019_ibdmdb","IBD",7.3,5.5
"After","CSM7KOU9",-0.0664263924909983,-0.298430560384122,"HMP_2019_ibdmdb","IBD",7.3,5.5
"After","CSM7KOPE",-0.117474554960163,-0.170382405987859,"HMP_2019_ibdmdb","IBD",7.3,5.5
"After","CSM9X22G",-0.0947454707644483,-0.226636889484339,"HMP_2019_ibdmdb","IBD",7.3,5.5
"After","CSM9X1ZO",-0.165628690619477,-0.140567644948531,"HMP_2019_ibdmdb","IBD",7.3,5.5
"After","CSM7KOP8",-0.108467078200289,-0.214819731333065,"HMP_2019_ibdmdb","IBD",7.3,5.5
"After","CSM9X22I",-0.0761674385653793,-0.244749650710757,"HMP_2019_ibdmdb","IBD",7.3,5.5
"After","CSM9X1ZQ",-0.164183673723443,-0.172583837746378,"HMP_2019_ibdmdb","IBD",7.3,5.5
"After","CSM7KOQP_P",0.208241865995833,0.062823545311455,"HMP_2019_ibdmdb","IBD",7.3,5.5
"After","CSM79HQR_P",0.170208172091217,0.0161653567718768,"HMP_2019_ibdmdb","IBD",7.3,5.5
"After","CSM7KORO",-0.214523304788816,0.136625756169658,"HMP_2019_ibdmdb","IBD",7.3,5.5
"After","CSM7KORU",-0.256436140332048,0.210231158143356,"HMP_2019_ibdmdb","IBD",7.3,5.5
"After","CSM9X1XU",-0.288271982361749,0.21943715990881,"HMP_2019_ibdmdb","IBD",7.3,5.5
"After","CSM7KORM",-0.232597433959408,0.0938489425034588,"HMP_2019_ibdmdb","IBD",7.3,5.5
"After","CSM9X1Y3",-0.141416407546402,0.103144856363453,"HMP_2019_ibdmdb","IBD",7.3,5.5
"After","CSM9X21L",-0.134654673438875,0.107403715708914,"HMP_2019_ibdmdb","IBD",7.3,5.5
"After","CSM9X21J",-0.194307944687472,0.141537993213926,"HMP_2019_ibdmdb","IBD",7.3,5.5
"After","CSM7KORS",-0.238994890877291,0.170291202882314,"HMP_2019_ibdmdb","IBD",7.3,5.5
"After","CSM9X21N",-0.250944800009175,0.158297719906501,"HMP_2019_ibdmdb","IBD",7.3,5.5
"After","CSM7KOTS",0.132527620716261,-0.061213900153613,"HMP_2019_ibdmdb","IBD",7.3,5.5
"After","CSM9X235",0.0577344030362232,-0.0745077280439662,"HMP_2019_ibdmdb","IBD",7.3,5.5
"After","CSM7KOTU",0.0628263167530915,-0.0540936902233844,"HMP_2019_ibdmdb","IBD",7.3,5.5
"After","CSM9X21T",0.0135359711281973,-0.056189182466739,"HMP_2019_ibdmdb","IBD",7.3,5.5
"After","CSM7KOTQ",0.0659160152865835,-0.0718795162589579,"HMP_2019_ibdmdb","IBD",7.3,5.5
"After","CSM9X237",0.208879822251115,-0.0314020646772765,"HMP_2019_ibdmdb","IBD",7.3,5.5
"After","CSM7KOTO",-0.0318193935749473,-0.0635656556040877,"HMP_2019_ibdmdb","IBD",7.3,5.5
"After","CSM9X233",0.180516196438177,-0.0592854631735805,"HMP_2019_ibdmdb","IBD",7.3,5.5
"After","CSM9X222",0.137001392976127,-0.0664737806701453,"HMP_2019_ibdmdb","IBD",7.3,5.5
"After","CSM9X23B",0.0793042458960377,-0.0825782834812384,"HMP_2019_ibdmdb","IBD",7.3,5.5
"After","CSM9X1YV",-0.0106567802336087,-0.0426121334474847,"HMP_2019_ibdmdb","IBD",7.3,5.5
"After","CSM9X21R",-0.0343156281917151,-0.0316194678229078,"HMP_2019_ibdmdb","IBD",7.3,5.5
"After","CSM7KOQ5_P",-0.137449560612954,0.303080954329964,"HMP_2019_ibdmdb","IBD",7.3,5.5
"After","CSM7KOUJ_P",-0.305435293423623,0.0108181709060495,"HMP_2019_ibdmdb","IBD",7.3,5.5
"After","CSM7KOUL",-0.182457687678614,-0.0925563624606864,"HMP_2019_ibdmdb","IBD",7.3,5.5
"After","CSM9X22S",-0.246046149266218,0.0727595474054257,"HMP_2019_ibdmdb","IBD",7.3,5.5
"After","CSM9X219",-0.205984896669158,0.0390391395433784,"HMP_2019_ibdmdb","IBD",7.3,5.5
"After","CSM9X23N",-0.28313528785551,-0.00196273156885244,"HMP_2019_ibdmdb","IBD",7.3,5.5
"After","CSM7KOUN",-0.139425870574036,-0.104578534060436,"HMP_2019_ibdmdb","IBD",7.3,5.5
"After","CSM9X22U",-0.184706373041241,0.0817987924407237,"HMP_2019_ibdmdb","IBD",7.3,5.5
"After","CSM9X213",-0.211338936734374,0.0165099144511972,"HMP_2019_ibdmdb","IBD",7.3,5.5
"After","CSM9X23H",-0.184158046938217,-0.04604551749902,"HMP_2019_ibdmdb","IBD",7.3,5.5
"After","CSM9X211",-0.188991575393408,-0.0430574703429232,"HMP_2019_ibdmdb","IBD",7.3,5.5
"After","CSM9X215",-0.205812371242328,0.0239727426153685,"HMP_2019_ibdmdb","IBD",7.3,5.5
"After","ESM5MEBA_P",-0.164414280540697,0.258487959581508,"HMP_2019_ibdmdb","IBD",7.3,5.5
"After","ESM5ME9G_P",-0.192387325739457,0.274489884870184,"HMP_2019_ibdmdb","IBD",7.3,5.5
"After","ESM5MEDZ_P",-0.185372171029095,0.241896811413215,"HMP_2019_ibdmdb","IBD",7.3,5.5
"After","HSM5MEE5_P",-0.229223141722647,0.313384798689349,"HMP_2019_ibdmdb","IBD",7.3,5.5
"After","ESM5ME9D_P",-0.176742641676327,0.258603141627276,"HMP_2019_ibdmdb","IBD",7.3,5.5
"After","ESM5MEE2_P",-0.175403278832996,0.265747747910414,"HMP_2019_ibdmdb","IBD",7.3,5.5
"After","ESM5MEE6_P",-0.115437309925238,0.212848487398319,"HMP_2019_ibdmdb","IBD",7.3,5.5
"After","ESM5MEBE",-0.167426501664204,0.261534866689726,"HMP_2019_ibdmdb","IBD",7.3,5.5
"After","ESM5MECQ",-0.0996927802082127,0.244809630364545,"HMP_2019_ibdmdb","IBD",7.3,5.5
"After","ESM5MEBG",-0.174070472528418,0.278958377687007,"HMP_2019_ibdmdb","IBD",7.3,5.5
"After","ESM5GEXY",-0.161948882590065,0.303763439330167,"HMP_2019_ibdmdb","IBD",7.3,5.5
"After","ESM5MECL",-0.171377053337064,0.231723544251783,"HMP_2019_ibdmdb","IBD",7.3,5.5
"After","ESM5MEBI",-0.202508233528868,0.268025913254579,"HMP_2019_ibdmdb","IBD",7.3,5.5
"After","ESM5GEZ3_P",-0.0371281869169722,0.0370265546287375,"HMP_2019_ibdmdb","Healthy",7.3,5.5
"After","ESM5MEBP_P",-0.107748113295074,0.127785755998878,"HMP_2019_ibdmdb","Healthy",7.3,5.5
"After","ESM5GEYU_P",-0.183218348313784,0.160559812671226,"HMP_2019_ibdmdb","Healthy",7.3,5.5
"After","ESM5GEZ1_P",-0.0176188791556677,0.0744784684373777,"HMP_2019_ibdmdb","Healthy",7.3,5.5
"After","ESM5ME9H_P",-0.247526384626033,0.104519420816464,"HMP_2019_ibdmdb","Healthy",7.3,5.5
"After","ESM5GEYX_P",0.0403311687807582,-0.209297356496212,"HMP_2019_ibdmdb","IBD",7.3,5.5
"After","ESM5MEEJ_P",-0.181141837648202,0.00496056636916118,"HMP_2019_ibdmdb","IBD",7.3,5.5
"After","ESM5GEZ6_P",-0.0796798839673658,-0.0786910720624332,"HMP_2019_ibdmdb","IBD",7.3,5.5
"After","ESM5GEZA_P",-0.221459443297749,-0.0499390903935775,"HMP_2019_ibdmdb","IBD",7.3,5.5
"After","ESM5GEZ4_P",-0.223885227148842,-0.0617149790946413,"HMP_2019_ibdmdb","IBD",7.3,5.5
"After","ESM5MEC5",-0.299922957782898,0.00057351694342753,"HMP_2019_ibdmdb","IBD",7.3,5.5
"After","ESM5MEDU",-0.213996294940162,-0.00886470573241517,"HMP_2019_ibdmdb","IBD",7.3,5.5
"After","ESM5MEBU",-0.226717741660062,0.00773471661421524,"HMP_2019_ibdmdb","IBD",7.3,5.5
"After","ESM5MEC3",-0.176201833786253,-0.0585172833664561,"HMP_2019_ibdmdb","IBD",7.3,5.5
"After","ESM5MEBS",-0.260730557647674,-0.0174247764165526,"HMP_2019_ibdmdb","IBD",7.3,5.5
"After","ESM5ME9U",-0.162739950455269,-0.0321511749622124,"HMP_2019_ibdmdb","IBD",7.3,5.5
"After","ESM718SY",-0.260410777612719,-0.0589674102277552,"HMP_2019_ibdmdb","IBD",7.3,5.5
"After","ESM5MEC9",-0.116335916063497,-0.00542212069794687,"HMP_2019_ibdmdb","IBD",7.3,5.5
"After","ESM5GEYW_P",0.182427967057887,-0.142362122862391,"HMP_2019_ibdmdb","IBD",7.3,5.5
"After","ESM5GEYY_P",-0.0311607810775499,0.121860928492114,"HMP_2019_ibdmdb","IBD",7.3,5.5
"After","ESM5MEAB_P",-0.0269379257172525,-0.0413327822787224,"HMP_2019_ibdmdb","IBD",7.3,5.5
"After","ESM5MEA7_P",-0.0471785410523591,0.0929456072932619,"HMP_2019_ibdmdb","IBD",7.3,5.5
"After","ESM5MEA9_P",-0.10079728609268,-0.0952616673315632,"HMP_2019_ibdmdb","IBD",7.3,5.5
"After","ESM5MEDP_P",-0.0839495161390055,-0.384463829973551,"HMP_2019_ibdmdb","IBD",7.3,5.5
"After","ESM5MEDN",0.0372249388379851,-0.294210348856467,"HMP_2019_ibdmdb","IBD",7.3,5.5
"After","ESM718UH",-0.0145514030921963,-0.342630476042378,"HMP_2019_ibdmdb","IBD",7.3,5.5
"After","ESM5MEDF",0.190145115204186,-0.0770834017720528,"HMP_2019_ibdmdb","IBD",7.3,5.5
"After","ESM7F5CB",-0.039201097216032,-0.301045534188867,"HMP_2019_ibdmdb","IBD",7.3,5.5
"After","ESM7F5AK",0.148919146826088,-0.242744517986635,"HMP_2019_ibdmdb","IBD",7.3,5.5
"After","ESM7F5CD",-0.0197855554608926,-0.296678666199236,"HMP_2019_ibdmdb","IBD",7.3,5.5
"After","ESM5MEDK",-0.0427263932010977,-0.357326296257634,"HMP_2019_ibdmdb","IBD",7.3,5.5
"After","ESM7F5CF",-0.00269811970108355,-0.287418284902003,"HMP_2019_ibdmdb","IBD",7.3,5.5
"After","ESM7F5AM",-0.0187036556330214,-0.308059799488126,"HMP_2019_ibdmdb","IBD",7.3,5.5
"After","ESM5MEDD",-0.0376255757218959,-0.376158506331821,"HMP_2019_ibdmdb","IBD",7.3,5.5
"After","ESM5MEB9_P",-0.0201183798384324,0.246063246916535,"HMP_2019_ibdmdb","IBD",7.3,5.5
"After","ESM718TM",0.422804783908174,0.243708758454271,"HMP_2019_ibdmdb","IBD",7.3,5.5
"After","ESM9IEP1",0.407265193392316,0.211550691499776,"HMP_2019_ibdmdb","IBD",7.3,5.5
"After","ESM7F5C5",0.48586826680488,0.186085928734671,"HMP_2019_ibdmdb","IBD",7.3,5.5
"After","ESM718T9",0.455085332862215,0.227112979042421,"HMP_2019_ibdmdb","IBD",7.3,5.5
"After","ESM718TF",0.478147824814569,0.241051681852475,"HMP_2019_ibdmdb","IBD",7.3,5.5
"After","ESM7F5C7",0.40609117463666,0.213607226069227,"HMP_2019_ibdmdb","IBD",7.3,5.5
"After","ESM5MEB7",0.430708058119737,0.155775924446279,"HMP_2019_ibdmdb","IBD",7.3,5.5
"After","ESM718TK",0.512568266705412,0.291835903999886,"HMP_2019_ibdmdb","IBD",7.3,5.5
"After","ESM718V4",0.51275621434193,0.276173402952737,"HMP_2019_ibdmdb","IBD",7.3,5.5
"After","ESM718V8",0.435449246049262,0.214285608426187,"HMP_2019_ibdmdb","IBD",7.3,5.5
"After","ESM718T7",0.478980707590656,0.220404022695537,"HMP_2019_ibdmdb","IBD",7.3,5.5
"After","ESM5MED2",0.477155543326507,0.21863322813945,"HMP_2019_ibdmdb","IBD",7.3,5.5
"After","ESM7F5AE_P",0.0622188251397197,0.0202937592747849,"HMP_2019_ibdmdb","IBD",7.3,5.5
"After","ESM5MEC7_P",-0.296341917085818,0.13178325857594,"HMP_2019_ibdmdb","IBD",7.3,5.5
"After","ESM718U9_P",0.0122226869595253,0.0496808202960714,"HMP_2019_ibdmdb","IBD",7.3,5.5
"After","HSM5FZBQ_P",0.0852102359594459,0.390154943958302,"HMP_2019_ibdmdb","IBD",7.3,5.5
"After","HSM5MD5H_P",0.168618491630336,0.303419383697869,"HMP_2019_ibdmdb","IBD",7.3,5.5
"After","HSM5MD5K_P",0.391738322987581,0.367291683663155,"HMP_2019_ibdmdb","IBD",7.3,5.5
"After","HSM5FZBP_P",0.290368594594501,0.291599465493244,"HMP_2019_ibdmdb","IBD",7.3,5.5
"After","HSM5FZC2_P",0.0815101108209339,0.443488788806127,"HMP_2019_ibdmdb","IBD",7.3,5.5
"After","HSM5MD7W_P",0.356441994357969,0.358657277253487,"HMP_2019_ibdmdb","IBD",7.3,5.5
"After","HSM5FZBR_P",0.12349293954801,0.397218279207005,"HMP_2019_ibdmdb","IBD",7.3,5.5
"After","HSM67VDZ",0.410441568503686,0.369485226283939,"HMP_2019_ibdmdb","IBD",7.3,5.5
"After","HSM67VE4",0.303869064171523,0.375081814239925,"HMP_2019_ibdmdb","IBD",7.3,5.5
"After","HSM5MD79",0.0764789376702701,0.270273336005045,"HMP_2019_ibdmdb","IBD",7.3,5.5
"After","HSM5FZBZ",0.387250848960768,0.334832571127464,"HMP_2019_ibdmdb","IBD",7.3,5.5
"After","HSM5MD7J",0.381669141860667,0.344744166727206,"HMP_2019_ibdmdb","IBD",7.3,5.5
"After","HSM5MD4U_P",-0.0101020096702931,-0.167292362323811,"HMP_2019_ibdmdb","IBD",7.3,5.5
"After","HSM5MD4W_P",-0.0106581076538552,-0.184573989279617,"HMP_2019_ibdmdb","IBD",7.3,5.5
"After","HSM5MD4Y",0.0131904827965494,-0.140951833400083,"HMP_2019_ibdmdb","IBD",7.3,5.5
"After","HSM7CYZT",-0.257133150549805,0.398465151355182,"HMP_2019_ibdmdb","IBD",7.3,5.5
"After","HSM67VDP",-0.251568026424138,0.390077935430264,"HMP_2019_ibdmdb","IBD",7.3,5.5
"After","HSM5MD53",-0.236266879179265,0.0738542802739151,"HMP_2019_ibdmdb","IBD",7.3,5.5
"After","HSM7CZ14",-0.256586825773067,0.392977316035539,"HMP_2019_ibdmdb","IBD",7.3,5.5
"After","HSM6XRSI",-0.231844751809404,0.42379399298089,"HMP_2019_ibdmdb","IBD",7.3,5.5
"After","HSM6XRSG",-0.25111696818216,0.425002886033993,"HMP_2019_ibdmdb","IBD",7.3,5.5
"After","HSM7CYZV",-0.269356858563893,0.394168118931343,"HMP_2019_ibdmdb","IBD",7.3,5.5
"After","HSM5MD5P",-0.286790353031815,0.0446247769799975,"HMP_2019_ibdmdb","IBD",7.3,5.5
"After","HSM5MD4B_P",0.213401906361853,-0.0294520260765325,"HMP_2019_ibdmdb","IBD",7.3,5.5
"After","HSM5MD4A_P",0.237191064248757,-0.054796914508265,"HMP_2019_ibdmdb","IBD",7.3,5.5
"After","HSM5MD49_P",0.203753143537828,-0.0540253531373158,"HMP_2019_ibdmdb","IBD",7.3,5.5
"After","HSM5MD7O",0.19564308786164,0.0546761820976741,"HMP_2019_ibdmdb","IBD",7.3,5.5
"After","HSM5MD7M",0.262335485326459,-0.0432178951336491,"HMP_2019_ibdmdb","IBD",7.3,5.5
"After","HSM67VEG",0.244193927498565,-0.0463464232766652,"HMP_2019_ibdmdb","IBD",7.3,5.5
"After","HSM5MD7Q",0.195037709079496,0.0569568390841873,"HMP_2019_ibdmdb","IBD",7.3,5.5
"After","HSM5MD7S",0.252666873004399,-0.00964752650798341,"HMP_2019_ibdmdb","IBD",7.3,5.5
"After","HSM67VEC",0.193790918149466,-0.000774413721270342,"HMP_2019_ibdmdb","IBD",7.3,5.5
"After","HSM7CYXC",0.0778488181330256,-0.177647311645525,"HMP_2019_ibdmdb","IBD",7.3,5.5
"After","HSM5MD7U",0.25527132725962,-0.0278775038215028,"HMP_2019_ibdmdb","IBD",7.3,5.5
"After","HSM67VEI",0.152278022001496,-0.146958404872755,"HMP_2019_ibdmdb","IBD",7.3,5.5
"After","HSM67VEM_TR",0.161882488743008,-0.144187436855748,"HMP_2019_ibdmdb","IBD",7.3,5.5
"After","HSM67VEE",0.226349527088192,-0.0117715462178899,"HMP_2019_ibdmdb","IBD",7.3,5.5
"After","HSM7CYXA",0.0937711086134561,-0.202158268905876,"HMP_2019_ibdmdb","IBD",7.3,5.5
"After","HSM5MD48",0.0062625850802647,-0.186911584764807,"HMP_2019_ibdmdb","IBD",7.3,5.5
"After","HSM7CYX6",0.131106514961306,-0.157218688706273,"HMP_2019_ibdmdb","IBD",7.3,5.5
"After","HSM7CYX8",0.114762933795587,-0.178272736104832,"HMP_2019_ibdmdb","IBD",7.3,5.5
"After","HSM5MD7K",0.0794364656886026,-0.177643509601466,"HMP_2019_ibdmdb","IBD",7.3,5.5
"After","HSM67VEK",0.237744311987221,-0.0693057679481575,"HMP_2019_ibdmdb","IBD",7.3,5.5
"After","HSM7CYX4",0.0174414123190617,-0.216221057191629,"HMP_2019_ibdmdb","IBD",7.3,5.5
"After","HSM67VEM",0.123933534138878,-0.173721770312855,"HMP_2019_ibdmdb","IBD",7.3,5.5
"After","HSM7CYX2",0.177572315876505,-0.109755832766422,"HMP_2019_ibdmdb","IBD",7.3,5.5
"After","HSM5MD4P_P",-0.197454957701293,0.152001798024923,"HMP_2019_ibdmdb","IBD",7.3,5.5
"After","HSM5MD7Z_P",-0.263368691572523,0.102605270254382,"HMP_2019_ibdmdb","IBD",7.3,5.5
"After","HSM7CYXQ",-0.244032160632997,0.0993296094748194,"HMP_2019_ibdmdb","IBD",7.3,5.5
"After","HSM67VHS",-0.229028526006567,0.160473546627493,"HMP_2019_ibdmdb","IBD",7.3,5.5
"After","HSM67VHQ",-0.246224834027581,0.102623897986133,"HMP_2019_ibdmdb","IBD",7.3,5.5
"After","HSM67VI1",-0.263532868885172,0.0843545209979853,"HMP_2019_ibdmdb","IBD",7.3,5.5
"After","HSM7CYXS",-0.165572399234664,0.0615865809801169,"HMP_2019_ibdmdb","IBD",7.3,5.5
"After","HSM67VHW",-0.198116656820951,0.140040756105844,"HMP_2019_ibdmdb","IBD",7.3,5.5
"After","HSM5MD4O",-0.170860481804871,0.130961123662832,"HMP_2019_ibdmdb","IBD",7.3,5.5
"After","HSM5MD4N",-0.192641614087157,0.118536003146922,"HMP_2019_ibdmdb","IBD",7.3,5.5
"After","HSM6XRSN",-0.245045584769451,0.195196539185178,"HMP_2019_ibdmdb","IBD",7.3,5.5
"After","HSM6XRST",-0.17325687357874,0.144548397212116,"HMP_2019_ibdmdb","IBD",7.3,5.5
"After","HSM7CZ2J_P",-0.146671078598881,-0.0531156873169851,"HMP_2019_ibdmdb","Healthy",7.3,5.5
"After","HSM7CZ2L_P",0.0101154677599309,-0.116169962352861,"HMP_2019_ibdmdb","Healthy",7.3,5.5
"After","HSM6XRT6_P",0.0999881503121591,0.0171616768243902,"HMP_2019_ibdmdb","Healthy",7.3,5.5
"After","HSM6XRT2_P",-0.259591858229549,0.0447330409307319,"HMP_2019_ibdmdb","Healthy",7.3,5.5
"After","CSM7CZ2F_P",-0.135363109209126,-0.0140835809812741,"HMP_2019_ibdmdb","Healthy",7.3,5.5
"After","HSM5MD57_P",-0.183810050215842,0.0599012767070522,"HMP_2019_ibdmdb","Healthy",7.3,5.5
"After","HSM67VG6_P",-0.019864077053729,-0.10174206800363,"HMP_2019_ibdmdb","Healthy",7.3,5.5
"After","HSM6XRSZ_P",-0.210334083909796,0.154911982556025,"HMP_2019_ibdmdb","Healthy",7.3,5.5
"After","HSM67VFX_P",0.00894840298386024,0.038868592926065,"HMP_2019_ibdmdb","Healthy",7.3,5.5
"After","HSM5MD5F_P",0.110784182740752,0.0130227582210843,"HMP_2019_ibdmdb","Healthy",7.3,5.5
"After","HSM6XRSX_P",-0.106148853822092,0.0836064217279148,"HMP_2019_ibdmdb","Healthy",7.3,5.5
"After","HSM5MD5D_P",-0.0205493665841684,0.0208358426865338,"HMP_2019_ibdmdb","Healthy",7.3,5.5
"After","HSM5MD8A_P",-0.123194484397708,-0.0270178553844819,"HMP_2019_ibdmdb","Healthy",7.3,5.5
"After","HSM67VG2_P",0.0422199276616017,0.0180149641688063,"HMP_2019_ibdmdb","Healthy",7.3,5.5
"After","HSM6XRT4_P",-0.213431982550111,0.182900444302971,"HMP_2019_ibdmdb","Healthy",7.3,5.5
"After","HSM5MD5B_P",0.0944125484729531,-0.0341568978725712,"HMP_2019_ibdmdb","Healthy",7.3,5.5
"After","HSM5MD59_P",0.0282893169673344,-0.0372679162584377,"HMP_2019_ibdmdb","Healthy",7.3,5.5
"After","HSM7CZ2H",-0.15504774283657,0.0607952810688304,"HMP_2019_ibdmdb","Healthy",7.3,5.5
"After","HSM67VFX",-0.0266220486808033,0.0516127354108112,"HMP_2019_ibdmdb","Healthy",7.3,5.5
"After","HSM5MD5D",0.0138754630858779,0.00822945073805621,"HMP_2019_ibdmdb","Healthy",7.3,5.5
"After","HSM6XRSX",-0.081516267856805,0.0723073805282902,"HMP_2019_ibdmdb","Healthy",7.3,5.5
"After","HSM67VFZ",-0.174365663339427,0.0701349452136653,"HMP_2019_ibdmdb","Healthy",7.3,5.5
"After","HSM5MD5B",0.155831781880815,-0.0549194384414325,"HMP_2019_ibdmdb","Healthy",7.3,5.5
"After","HSM67VG8",-0.093648025968719,-0.18021085634169,"HMP_2019_ibdmdb","Healthy",7.3,5.5
"After","HSM67VGI_P",0.15895119733294,0.179029475099238,"HMP_2019_ibdmdb","Healthy",7.3,5.5
"After","HSM7CYYV_P",0.390879935936375,0.172260501310788,"HMP_2019_ibdmdb","Healthy",7.3,5.5
"After","HSM67VGA_P",-0.181121007134351,-0.0596469603586251,"HMP_2019_ibdmdb","Healthy",7.3,5.5
"After","HSM6XRTA_P",0.0485501345435064,0.0882682417762564,"HMP_2019_ibdmdb","Healthy",7.3,5.5
"After","HSM6XRTC_P",0.287278004520506,0.107326592661389,"HMP_2019_ibdmdb","Healthy",7.3,5.5
"After","HSM5MD8P_P",0.295259635421879,0.303473272839193,"HMP_2019_ibdmdb","Healthy",7.3,5.5
"After","HSM5MD8D_P",0.416918367670693,0.225435773085075,"HMP_2019_ibdmdb","Healthy",7.3,5.5
"After","HSM6XRTE_P",0.0444455377833001,-0.0256546847197212,"HMP_2019_ibdmdb","Healthy",7.3,5.5
"After","HSM7CYYR_P",0.0803486108733434,0.206078734501969,"HMP_2019_ibdmdb","Healthy",7.3,5.5
"After","HSM67VGE_P",0.197287073460036,0.139896448919797,"HMP_2019_ibdmdb","Healthy",7.3,5.5
"After","HSM5MD82_P",0.198881299132739,0.11366914345189,"HMP_2019_ibdmdb","Healthy",7.3,5.5
"After","HSM6XRTG_P",0.377983969488612,0.196808465011305,"HMP_2019_ibdmdb","Healthy",7.3,5.5
"After","HSM5MD8L_P",0.444013284713211,0.228797001506772,"HMP_2019_ibdmdb","Healthy",7.3,5.5
"After","HSM5MD8B_P",0.337498230903793,0.188038227667893,"HMP_2019_ibdmdb","Healthy",7.3,5.5
"After","HSM5MD8N_P",-0.0286598473438677,-0.0596941161595221,"HMP_2019_ibdmdb","Healthy",7.3,5.5
"After","HSM67VGA",-0.140282442494182,-0.0554113935417861,"HMP_2019_ibdmdb","Healthy",7.3,5.5
"After","HSM6XRT8",-0.0137065420180286,-0.122135629855944,"HMP_2019_ibdmdb","Healthy",7.3,5.5
"After","HSM67VGC",-0.0258178598665843,-0.0728916208180275,"HMP_2019_ibdmdb","Healthy",7.3,5.5
"After","HSM67VGK",0.419205206615646,0.223525072076902,"HMP_2019_ibdmdb","Healthy",7.3,5.5
"After","HSM67VGG",-0.000161006284301798,0.00295934188436195,"HMP_2019_ibdmdb","Healthy",7.3,5.5
"After","HSM6XRTG",0.37907529811924,0.204183413882935,"HMP_2019_ibdmdb","Healthy",7.3,5.5
"After","HSM67VGK_TR",0.406852373584787,0.228280418212249,"HMP_2019_ibdmdb","Healthy",7.3,5.5
"After","HSM5MD47_P",0.230458752381751,-0.141299173560932,"HMP_2019_ibdmdb","IBD",7.3,5.5
"After","HSM5MD44_P",0.21787187176065,5.04503421140064e-05,"HMP_2019_ibdmdb","IBD",7.3,5.5
"After","HSM5MD87_P",0.0574563641378532,-0.268346897910108,"HMP_2019_ibdmdb","IBD",7.3,5.5
"After","HSM5MD43_P",-0.00578933225509456,-0.288222044440924,"HMP_2019_ibdmdb","IBD",7.3,5.5
"After","HSM6XRTQ",0.214252434315196,-0.165143338638468,"HMP_2019_ibdmdb","IBD",7.3,5.5
"After","HSM5MD3Y",0.0888499973320445,-0.211492286537146,"HMP_2019_ibdmdb","IBD",7.3,5.5
"After","HSM6XRTM",0.0270293637213548,-0.30847768829309,"HMP_2019_ibdmdb","IBD",7.3,5.5
"After","HSM67VH1",0.125725280178954,-0.217377072173129,"HMP_2019_ibdmdb","IBD",7.3,5.5
"After","HSM5MD43",-0.014284246807182,-0.28286667118527,"HMP_2019_ibdmdb","IBD",7.3,5.5
"After","HSM6XRTS",-0.0307069520383019,-0.317002030392384,"HMP_2019_ibdmdb","IBD",7.3,5.5
"After","HSM5MD41",-0.11885395348677,-0.273880772073791,"HMP_2019_ibdmdb","IBD",7.3,5.5
"After","HSM67VGY",0.0128030712863992,-0.326848878600709,"HMP_2019_ibdmdb","IBD",7.3,5.5
"After","HSM6XRTO",0.0124913655113662,-0.290847708224058,"HMP_2019_ibdmdb","IBD",7.3,5.5
"After","HSM5MD8J_P",0.116634803395349,0.0706223587482943,"HMP_2019_ibdmdb","IBD",7.3,5.5
"After","HSM5MD8F_P",-0.0689371480257172,0.136984281385509,"HMP_2019_ibdmdb","IBD",7.3,5.5
"After","HSM5MD8H_P",0.141162793088035,-0.112841559893593,"HMP_2019_ibdmdb","Healthy",7.3,5.5
"After","HSM5MD6I_P",0.111419856840775,-0.107495486185704,"HMP_2019_ibdmdb","Healthy",7.3,5.5
"After","HSM5MD6K_P",0.124502847543682,-0.115225584434823,"HMP_2019_ibdmdb","Healthy",7.3,5.5
"After","HSM5MD6E_P",0.103688220358316,-0.105206337756975,"HMP_2019_ibdmdb","Healthy",7.3,5.5
"After","HSM5MD6M",0.140913397489559,-0.0964561407488978,"HMP_2019_ibdmdb","Healthy",7.3,5.5
"After","HSM6XRVK",0.231238224663041,-0.0693451412907715,"HMP_2019_ibdmdb","Healthy",7.3,5.5
"After","HSM6XRVA",0.125557495016092,-0.123993098781717,"HMP_2019_ibdmdb","Healthy",7.3,5.5
"After","HSM7J4QZ",0.192564422027069,-0.111318669315622,"HMP_2019_ibdmdb","Healthy",7.3,5.5
"After","HSM5MD6K",0.13277129797053,-0.115895759993102,"HMP_2019_ibdmdb","Healthy",7.3,5.5
"After","HSM6XRVC_TR",0.198225921193966,-0.0940247074442693,"HMP_2019_ibdmdb","Healthy",7.3,5.5
"After","HSM6XRRJ",0.0646141035065922,-0.0758839507330185,"HMP_2019_ibdmdb","Healthy",7.3,5.5
"After","HSM5MD6I",0.118228999331167,-0.109041857288936,"HMP_2019_ibdmdb","Healthy",7.3,5.5
"After","HSM7J4R2",0.144680061476999,-0.111064829792237,"HMP_2019_ibdmdb","Healthy",7.3,5.5
"After","HSM6XRVC",0.165089522793222,-0.11720404284286,"HMP_2019_ibdmdb","Healthy",7.3,5.5
"After","HSM5MD3L_P",0.0476141738699651,-0.0207358488002569,"HMP_2019_ibdmdb","IBD",7.3,5.5
"After","HSM6XRS2",0.0190038902616767,0.0349071009843934,"HMP_2019_ibdmdb","IBD",7.3,5.5
"After","HSM7J4QT",-0.0747314099865259,-0.0721999600261779,"HMP_2019_ibdmdb","IBD",7.3,5.5
"After","HSM5MD6C",-0.00274864868288993,-0.026339184989572,"HMP_2019_ibdmdb","IBD",7.3,5.5
"After","HSM5MD66",-0.213778504114347,0.105506491575137,"HMP_2019_ibdmdb","IBD",7.3,5.5
"After","HSM6XRVM",0.0724918213274241,-0.0275534734686255,"HMP_2019_ibdmdb","IBD",7.3,5.5
"After","HSM6XRVO",0.0525203483840189,0.0296352342536892,"HMP_2019_ibdmdb","IBD",7.3,5.5
"After","HSM6XRRV",-0.0471920431522113,0.0125574655523298,"HMP_2019_ibdmdb","IBD",7.3,5.5
"After","HSM5MD6A",-0.181008935016002,0.0197818041872756,"HMP_2019_ibdmdb","IBD",7.3,5.5
"After","HSM5MD6A_TR",-0.212771900308452,0.042038314888421,"HMP_2019_ibdmdb","IBD",7.3,5.5
"After","HSM6XRVU",-0.0706075104127741,-0.0349620670170559,"HMP_2019_ibdmdb","IBD",7.3,5.5
"After","HSM6XRVW",0.0181337602377035,0.0691093205976968,"HMP_2019_ibdmdb","IBD",7.3,5.5
"After","HSM5MD5X_P",-0.120541178501418,0.140098512581915,"HMP_2019_ibdmdb","IBD",7.3,5.5
"After","HSM7J4QJ",0.199255293426704,0.038644159142364,"HMP_2019_ibdmdb","IBD",7.3,5.5
"After","HSM6XRS8",0.168247805514398,0.0593330529909409,"HMP_2019_ibdmdb","IBD",7.3,5.5
"After","HSM7J4QD",0.226063233467378,-0.0201657428800617,"HMP_2019_ibdmdb","IBD",7.3,5.5
"After","HSM5MD75",-0.12812223179747,0.142595080251201,"HMP_2019_ibdmdb","IBD",7.3,5.5
"After","HSM7CYZD",0.1780598901247,-0.0167930116797465,"HMP_2019_ibdmdb","IBD",7.3,5.5
"After","HSM6XRS4",0.193726714086283,0.0644556585803666,"HMP_2019_ibdmdb","IBD",7.3,5.5
"After","HSM6XRSE",0.0584475393238868,0.0554770639025092,"HMP_2019_ibdmdb","IBD",7.3,5.5
"After","HSM7CYZF",0.191955853557607,0.0017502227156446,"HMP_2019_ibdmdb","IBD",7.3,5.5
"After","HSM7CYZB",0.173139050476296,-0.022945657618704,"HMP_2019_ibdmdb","IBD",7.3,5.5
"After","HSM6XRS6",0.206318745077955,0.057761079442999,"HMP_2019_ibdmdb","IBD",7.3,5.5
"After","HSM7J4QB",0.213562726226072,0.00918347284104453,"HMP_2019_ibdmdb","IBD",7.3,5.5
"After","HSM7J4QH",0.232499365327745,-0.00407922554344948,"HMP_2019_ibdmdb","IBD",7.3,5.5
"After","HSM7CYZ9",0.135962300722374,0.0265476145186557,"HMP_2019_ibdmdb","IBD",7.3,5.5
"After","HSM5MD71",-0.0349990257752181,0.0444220552621894,"HMP_2019_ibdmdb","IBD",7.3,5.5
"After","HSM7J4QL",0.171179872252262,-0.0263667906190953,"HMP_2019_ibdmdb","IBD",7.3,5.5
"After","HSM5MD73",-0.115969205894336,0.0522184838467283,"HMP_2019_ibdmdb","IBD",7.3,5.5
"After","HSM7CYZ5",0.100249059242239,0.0347261496852463,"HMP_2019_ibdmdb","IBD",7.3,5.5
"After","HSM7CYZ7",0.168970236442451,0.0527328385911549,"HMP_2019_ibdmdb","IBD",7.3,5.5
"After","HSM5MD6Y",0.0504331116929749,0.0204245327368964,"HMP_2019_ibdmdb","IBD",7.3,5.5
"After","HSM5MD62",-0.270215422044784,0.0322477221806225,"HMP_2019_ibdmdb","IBD",7.3,5.5
"After","HSM7J4QF",0.150551841957537,-0.0102978921316848,"HMP_2019_ibdmdb","IBD",7.3,5.5
"After","HSM5MD5Z_P",-0.274883899550101,-0.0903916163562852,"HMP_2019_ibdmdb","Healthy",7.3,5.5
"After","HSM5MD6O_P",-0.207674707231237,-0.115846652162874,"HMP_2019_ibdmdb","Healthy",7.3,5.5
"After","HSM5MD6S_P",-0.123850348594014,-0.0879741590189499,"HMP_2019_ibdmdb","Healthy",7.3,5.5
"After","HSM5MD6U_P",-0.152407299749601,-0.0457699815419003,"HMP_2019_ibdmdb","Healthy",7.3,5.5
"After","HSM7CYXI",-0.237591731297886,-0.0320687719621323,"HMP_2019_ibdmdb","Healthy",7.3,5.5
"After","HSM5MD6Q",-0.166318667180564,-0.0924283250767637,"HMP_2019_ibdmdb","Healthy",7.3,5.5
"After","HSM7CYXG",-0.27234393040771,0.183692167030984,"HMP_2019_ibdmdb","Healthy",7.3,5.5
"After","HSM7J4KO",-0.285703030930035,0.190431468804802,"HMP_2019_ibdmdb","Healthy",7.3,5.5
"After","HSM7CYXE",-0.356209931895489,0.134972669592052,"HMP_2019_ibdmdb","Healthy",7.3,5.5
"After","HSM5MD6W",-0.165457518846672,0.100563310115343,"HMP_2019_ibdmdb","Healthy",7.3,5.5
"After","HSM7CYXO",-0.311792010737048,0.0906145140590041,"HMP_2019_ibdmdb","Healthy",7.3,5.5
"After","HSM7J4KQ",-0.238564230734146,0.0546690861439844,"HMP_2019_ibdmdb","Healthy",7.3,5.5
"After","HSM67VF3",-0.315994385028201,0.0628414958474423,"HMP_2019_ibdmdb","Healthy",7.3,5.5
"After","HSM7J4I3",-0.327140631999788,0.128879414041547,"HMP_2019_ibdmdb","Healthy",7.3,5.5
"After","HSM6XRQB_P",0.0585560950652303,0.0394482894403893,"HMP_2019_ibdmdb","IBD",7.3,5.5
"After","HSM67VHK",-0.283385360099698,0.379141489412496,"HMP_2019_ibdmdb","IBD",7.3,5.5
"After","HSM6XRQI",-0.343413934656612,0.126387603102302,"HMP_2019_ibdmdb","IBD",7.3,5.5
"After","HSM67VFH",-0.150063768293722,0.190355952299459,"HMP_2019_ibdmdb","IBD",7.3,5.5
"After","HSM7CYYB",0.193262805159826,0.0591774171357285,"HMP_2019_ibdmdb","IBD",7.3,5.5
"After","HSM6XRQO",-0.29486849070099,0.124394508064485,"HMP_2019_ibdmdb","IBD",7.3,5.5
"After","HSM7CYY5",-0.245747600516155,0.0945023478970536,"HMP_2019_ibdmdb","IBD",7.3,5.5
"After","HSM67VFF",-0.281445073138458,0.248014353632032,"HMP_2019_ibdmdb","IBD",7.3,5.5
"After","HSM7CYY3",-0.248000552408565,0.0290063218198706,"HMP_2019_ibdmdb","IBD",7.3,5.5
"After","HSM6XRQK",-0.349647929693238,0.14982560616351,"HMP_2019_ibdmdb","IBD",7.3,5.5
"After","HSM6XRQB",-0.0225139390270478,0.0673896126817204,"HMP_2019_ibdmdb","IBD",7.3,5.5
"After","HSM67VFD",-0.274597084590137,0.404096222375691,"HMP_2019_ibdmdb","IBD",7.3,5.5
"After","HSM67VFJ",-0.174577813767229,0.14663789246595,"HMP_2019_ibdmdb","IBD",7.3,5.5
"After","HSM6XRQM",-0.311666837220493,0.130568404854355,"HMP_2019_ibdmdb","IBD",7.3,5.5
"After","HSM7CYY7",-0.103633611215027,-0.152363653632968,"HMP_2019_ibdmdb","IBD",7.3,5.5
"After","HSM67VF9",-0.229021263820524,0.381491731498693,"HMP_2019_ibdmdb","IBD",7.3,5.5
"After","HSM7CYYD",-0.18300804397236,0.0714992224806346,"HMP_2019_ibdmdb","IBD",7.3,5.5
"After","HSM7CYY9",0.165266052870653,0.151753025420234,"HMP_2019_ibdmdb","IBD",7.3,5.5
"After","HSM6XRQC_P",0.0685667998630816,0.0614424307410665,"HMP_2019_ibdmdb","Healthy",7.3,5.5
"After","HSM7CYYP",-0.291997969860736,0.225949050233744,"HMP_2019_ibdmdb","Healthy",7.3,5.5
"After","HSM6XRQY",-0.26116833090742,0.176522188778825,"HMP_2019_ibdmdb","Healthy",7.3,5.5
"After","HSM7J4LF",-0.312455310414237,0.261565390492612,"HMP_2019_ibdmdb","Healthy",7.3,5.5
"After","HSM6XRQS",-0.21201979686994,0.125117543205573,"HMP_2019_ibdmdb","Healthy",7.3,5.5
"After","HSM6XRQW",-0.243321482743357,0.193365828286981,"HMP_2019_ibdmdb","Healthy",7.3,5.5
"After","HSM67VFR",-0.301148065303014,0.282791126217448,"HMP_2019_ibdmdb","Healthy",7.3,5.5
"After","HSM7CYYF",-0.158187615167248,0.105162369257188,"HMP_2019_ibdmdb","Healthy",7.3,5.5
"After","HSM6XRQU",-0.207831382054548,0.134123777765554,"HMP_2019_ibdmdb","Healthy",7.3,5.5
"After","HSM7J4LD",-0.195137022840496,0.135237468321323,"HMP_2019_ibdmdb","Healthy",7.3,5.5
"After","HSM7CYYH",-0.241318236873884,0.267491786210736,"HMP_2019_ibdmdb","Healthy",7.3,5.5
"After","HSM6XRQE_P",0.136281309372743,0.0678408034674005,"HMP_2019_ibdmdb","IBD",7.3,5.5
"After","HSM7J4PK",0.123905984808891,0.0611921683549193,"HMP_2019_ibdmdb","IBD",7.3,5.5
"After","HSM6XRR5",0.091833098672224,-0.0891877264414821,"HMP_2019_ibdmdb","IBD",7.3,5.5
"After","HSM6XRV2",0.116391868992158,-0.0477198163241346,"HMP_2019_ibdmdb","IBD",7.3,5.5
"After","HSM7J4PC",0.183331559467885,-0.0674083937439062,"HMP_2019_ibdmdb","IBD",7.3,5.5
"After","HSM6XRUZ",0.0770012161097939,-0.0266727558097448,"HMP_2019_ibdmdb","IBD",7.3,5.5
"After","HSM7J4M4",0.168283717423224,0.0439393846441976,"HMP_2019_ibdmdb","IBD",7.3,5.5
"After","HSM7J4PI",0.166332910412807,-0.0174055551190157,"HMP_2019_ibdmdb","IBD",7.3,5.5
"After","HSM7J4M6",0.0347946507671109,-0.0348583974005169,"HMP_2019_ibdmdb","IBD",7.3,5.5
"After","HSM7J4PE",0.122131780378533,-0.0578443088940583,"HMP_2019_ibdmdb","IBD",7.3,5.5
"After","HSM6XRR7",0.0412946339464407,-0.0893185836356127,"HMP_2019_ibdmdb","IBD",7.3,5.5
"After","HSM7J4PM",0.119809484386505,-0.0225068261730857,"HMP_2019_ibdmdb","IBD",7.3,5.5
"After","HSM6XRUX",-0.0463327813956266,-0.0925454845749238,"HMP_2019_ibdmdb","IBD",7.3,5.5
"After","HSM7J4M8",0.0671693429154257,-0.0913336948873901,"HMP_2019_ibdmdb","IBD",7.3,5.5
"After","HSM7J4PG",-0.146040688457214,0.0362668233249366,"HMP_2019_ibdmdb","IBD",7.3,5.5
"After","HSM7J4ME",0.183373855590162,-0.0465965880973697,"HMP_2019_ibdmdb","IBD",7.3,5.5
"After","HSM6XRV4",0.0737017465682049,-0.165591499576993,"HMP_2019_ibdmdb","IBD",7.3,5.5
"After","HSM7J4MC",0.0255351845840054,-0.0919844578718182,"HMP_2019_ibdmdb","IBD",7.3,5.5
"After","HSM7J4MA",0.108816791134027,-0.0755154729362727,"HMP_2019_ibdmdb","IBD",7.3,5.5
"After","HSM6XRV8",0.244008050293621,-0.0287435286185087,"HMP_2019_ibdmdb","IBD",7.3,5.5
"After","HSM6XRRD",0.0901771828271045,-0.0274510664324051,"HMP_2019_ibdmdb","IBD",7.3,5.5
"After","HSM6XRRB",0.197478043321376,-0.198835321858759,"HMP_2019_ibdmdb","IBD",7.3,5.5
"After","HSM6XRV6",0.121861214695249,-0.0645908647528421,"HMP_2019_ibdmdb","IBD",7.3,5.5
"After","HSM67VCX_P",-0.11016634233706,-0.176815808549778,"HMP_2019_ibdmdb","IBD",7.3,5.5
"After","HSM7J4PU",-0.096305099724055,-0.212703188872151,"HMP_2019_ibdmdb","IBD",7.3,5.5
"After","HSM67VHH",-0.0434793280601162,-0.152360812430292,"HMP_2019_ibdmdb","IBD",7.3,5.5
"After","HSM67VHD",-0.107923495383801,-0.218869560945045,"HMP_2019_ibdmdb","IBD",7.3,5.5
"After","HSM7J4IO",0.199218201743403,-0.0193985445965407,"HMP_2019_ibdmdb","IBD",7.3,5.5
"After","HSM7J4PW",0.000264410640020621,-0.201849078931157,"HMP_2019_ibdmdb","IBD",7.3,5.5
"After","HSM7J4PY",-0.0834189124314987,-0.185348638771738,"HMP_2019_ibdmdb","IBD",7.3,5.5
"After","HSM7J4IS",-0.0576449870703758,-0.15989451502946,"HMP_2019_ibdmdb","IBD",7.3,5.5
"After","HSM67VCZ",-0.124522983251367,-0.187336548565134,"HMP_2019_ibdmdb","IBD",7.3,5.5
"After","HSM7J4IP",-0.000721431903182181,-0.181758460979988,"HMP_2019_ibdmdb","IBD",7.3,5.5
"After","HSM67VD6",-0.0979191507762095,-0.182753505424748,"HMP_2019_ibdmdb","IBD",7.3,5.5
"After","HSM7J4PO",0.0129616997399629,-0.161487869707627,"HMP_2019_ibdmdb","IBD",7.3,5.5
"After","HSM67VHB",-0.119978690294252,-0.198939024571622,"HMP_2019_ibdmdb","IBD",7.3,5.5
"After","HSM67VD4",0.024169662856926,-0.0734438072622014,"HMP_2019_ibdmdb","IBD",7.3,5.5
"After","HSM6XRR3",-0.0461831793079516,-0.108141663455798,"HMP_2019_ibdmdb","IBD",7.3,5.5
"After","HSM7J4PS",-0.0597211704175722,-0.183362874901033,"HMP_2019_ibdmdb","IBD",7.3,5.5
"After","HSM7J4IR",-0.0376748948992885,-0.153499192454637,"HMP_2019_ibdmdb","IBD",7.3,5.5
"After","HSM7J4PQ",-0.11302575747194,-0.18999808343595,"HMP_2019_ibdmdb","IBD",7.3,5.5
"After","HSM7J4IQ",-0.0384103996299517,-0.158809753944122,"HMP_2019_ibdmdb","IBD",7.3,5.5
"After","HSM67VHF",-0.133283559815804,-0.225260555159399,"HMP_2019_ibdmdb","IBD",7.3,5.5
"After","HSM6XRUV",-0.136751692362798,-0.226156203223117,"HMP_2019_ibdmdb","IBD",7.3,5.5
"After","HSM67VD2",-0.140325045860925,-0.235241380337057,"HMP_2019_ibdmdb","IBD",7.3,5.5
"After","HSM67VHJ",-0.0786311763375928,-0.16046478854758,"HMP_2019_ibdmdb","IBD",7.3,5.5
"After","HSM67VDX_P",0.0799402551648996,-0.19564719979687,"HMP_2019_ibdmdb","Healthy",7.3,5.5
"After","HSM67VEW",0.0289967135756358,-0.315618205501706,"HMP_2019_ibdmdb","Healthy",7.3,5.5
"After","HSM7J4IW",0.0537719887428218,-0.313213886339363,"HMP_2019_ibdmdb","Healthy",7.3,5.5
"After","HSM7J4G1",0.0947831726804168,-0.181984372028423,"HMP_2019_ibdmdb","Healthy",7.3,5.5
"After","HSM7J4IU",0.0698167886652583,-0.302685116004913,"HMP_2019_ibdmdb","Healthy",7.3,5.5
"After","HSM67VEQ",0.0550994846705002,-0.2802244033724,"HMP_2019_ibdmdb","Healthy",7.3,5.5
"After","HSM7J4G8",0.0975138229296349,-0.253063144377303,"HMP_2019_ibdmdb","Healthy",7.3,5.5
"After","HSM7CYZL",0.075364306217564,-0.271019107950922,"HMP_2019_ibdmdb","Healthy",7.3,5.5
"After","HSM7J4RE",0.022988095329224,-0.337554851802113,"HMP_2019_ibdmdb","Healthy",7.3,5.5
"After","HSM7CYZJ",0.0486153144449957,-0.231524237546771,"HMP_2019_ibdmdb","Healthy",7.3,5.5
"After","HSM67VEO",0.0229675706085613,-0.317093884433957,"HMP_2019_ibdmdb","Healthy",7.3,5.5
"After","HSM7CYZR",0.0812123197525983,-0.295395673554657,"HMP_2019_ibdmdb","Healthy",7.3,5.5
"After","HSM67VEU",0.0583436016228426,-0.303048021820759,"HMP_2019_ibdmdb","Healthy",7.3,5.5
"After","HSM67VES",0.0134257787639213,-0.324168226031111,"HMP_2019_ibdmdb","Healthy",7.3,5.5
"After","HSM67VDR_P",-0.201413932611412,0.0711775274234025,"HMP_2019_ibdmdb","Healthy",7.3,5.5
"After","HSM7CZ18",0.128423867958667,0.0963785821897356,"HMP_2019_ibdmdb","Healthy",7.3,5.5
"After","HSM7J4HG",0.11885746906708,0.185872350153149,"HMP_2019_ibdmdb","Healthy",7.3,5.5
"After","HSM7CZ16",0.38650471704618,0.28165391575507,"HMP_2019_ibdmdb","Healthy",7.3,5.5
"After","HSM7J4KG",0.224407489505026,0.239473078232096,"HMP_2019_ibdmdb","Healthy",7.3,5.5
"After","HSM7J4HA",0.144865431093291,0.191196003787251,"HMP_2019_ibdmdb","Healthy",7.3,5.5
"After","HSM7J4HK",-0.019651257910665,0.0902048799028997,"HMP_2019_ibdmdb","Healthy",7.3,5.5
"After","HSM7CZ1G",0.345396745916144,0.282857159373399,"HMP_2019_ibdmdb","Healthy",7.3,5.5
"After","HSM7J4KM",0.260346191748299,0.188322798945343,"HMP_2019_ibdmdb","Healthy",7.3,5.5
"After","HSM6XRUN",-0.249985855243709,0.0201433067294726,"HMP_2019_ibdmdb","Healthy",7.3,5.5
"After","HSM7J4KI",-0.0315287520877652,0.0376015846229991,"HMP_2019_ibdmdb","Healthy",7.3,5.5
"After","HSM6XRUL",-0.269716305692183,0.000239411359452699,"HMP_2019_ibdmdb","Healthy",7.3,5.5
"After","HSM7J4HE",0.34828221370346,0.330467260163534,"HMP_2019_ibdmdb","Healthy",7.3,5.5
"After","HSM7CZ1E",0.408954199702728,0.344734293097749,"HMP_2019_ibdmdb","Healthy",7.3,5.5
"After","HSM7J4HI",0.11563467095643,0.18628554710859,"HMP_2019_ibdmdb","Healthy",7.3,5.5
"After","HSM7J4HC",-0.0151667225732761,0.245085306477116,"HMP_2019_ibdmdb","Healthy",7.3,5.5
"After","HSM6XRQ8",0.402630323393546,0.29450613880801,"HMP_2019_ibdmdb","Healthy",7.3,5.5
"After","HSM7J4KC",0.391293678858943,0.329690153442493,"HMP_2019_ibdmdb","Healthy",7.3,5.5
"After","HSM6XRUR",0.441290551697117,0.341961023830488,"HMP_2019_ibdmdb","Healthy",7.3,5.5
"After","HSM7CZ1C",-0.0454648876367745,-0.105585702289978,"HMP_2019_ibdmdb","Healthy",7.3,5.5
"After","HSM7J4KK",-0.0314375945345745,0.0433056120481051,"HMP_2019_ibdmdb","Healthy",7.3,5.5
"After","HSM7CZ1A",-0.0434003231489339,0.150201376031687,"HMP_2019_ibdmdb","Healthy",7.3,5.5
"After","HSM67VDT_P",-0.259474680451441,-0.00481704371950402,"HMP_2019_ibdmdb","Healthy",7.3,5.5
"After","HSM7J4I9",-0.0737001244883497,-0.0932514550252724,"HMP_2019_ibdmdb","Healthy",7.3,5.5
"After","HSM7CZ2A",-0.244739340891434,-0.0626735260678227,"HMP_2019_ibdmdb","Healthy",7.3,5.5
"After","HSM7CZ24",-0.232591361206469,0.0387761246713169,"HMP_2019_ibdmdb","Healthy",7.3,5.5
"After","HSM7J4I7",-0.169852644172649,-0.0717592100329322,"HMP_2019_ibdmdb","Healthy",7.3,5.5
"After","HSM7J4I5",-0.230879071234267,-0.101467851286778,"HMP_2019_ibdmdb","Healthy",7.3,5.5
"After","HSM67VI7",-0.1948480788754,0.015727963898675,"HMP_2019_ibdmdb","Healthy",7.3,5.5
"After","HSM7CZ2E",-0.304229011261032,-0.0532022132453276,"HMP_2019_ibdmdb","Healthy",7.3,5.5
"After","HSM7J4HW",-0.186212082444829,-0.0912820540593289,"HMP_2019_ibdmdb","Healthy",7.3,5.5
"After","HSM7J4O5",-0.218741641442588,-0.136994418555227,"HMP_2019_ibdmdb","Healthy",7.3,5.5
"After","HSM7CZ26",-0.184603258107828,-0.104630020154336,"HMP_2019_ibdmdb","Healthy",7.3,5.5
"After","HSM67VI3",-0.223603771622813,0.0902723124076397,"HMP_2019_ibdmdb","Healthy",7.3,5.5
"After","HSM7CZ28",-0.208948880575645,0.0682350119689624,"HMP_2019_ibdmdb","Healthy",7.3,5.5
"After","HSM7J4NY",-0.19994912641762,-0.0258394310615602,"HMP_2019_ibdmdb","Healthy",7.3,5.5
"After","HSM67VI5",-0.0900052999534692,-0.0104244747461031,"HMP_2019_ibdmdb","Healthy",7.3,5.5
"After","HSM7J4O1",-0.174825673879903,-0.11832302942715,"HMP_2019_ibdmdb","Healthy",7.3,5.5
"After","HSM7J4O3",-0.194168846025941,-0.117726811015416,"HMP_2019_ibdmdb","Healthy",7.3,5.5
"After","HSM67VDT",-0.246602327391192,-0.0193701551352976,"HMP_2019_ibdmdb","Healthy",7.3,5.5
"After","HSM7J4HY",-0.319659934688314,-0.032170487146635,"HMP_2019_ibdmdb","Healthy",7.3,5.5
"After","HSM67VIB",-0.156090129299666,-0.0752020461880536,"HMP_2019_ibdmdb","Healthy",7.3,5.5
"After","HSM7J4O9",-0.183226299316609,-0.0507840645024682,"HMP_2019_ibdmdb","Healthy",7.3,5.5
"After","HSM67VI9",-0.22192252573971,-0.00426110883134234,"HMP_2019_ibdmdb","Healthy",7.3,5.5
"After","HSM7J4O7",-0.136712801268396,-0.00201104737343181,"HMP_2019_ibdmdb","Healthy",7.3,5.5
"After","HSM7CZ1T_P",-0.308764903049295,0.0822217571454291,"HMP_2019_ibdmdb","IBD",7.3,5.5
"After","HSMA33O3",-0.230421301917307,0.200613644932497,"HMP_2019_ibdmdb","IBD",7.3,5.5
"After","HSMA33O1",-0.228761325221439,0.158971662109809,"HMP_2019_ibdmdb","IBD",7.3,5.5
"After","HSM7CZ22",-0.231306216933849,0.0219810564327733,"HMP_2019_ibdmdb","IBD",7.3,5.5
"After","HSM7J4NE",-0.21828077347629,0.110451301244672,"HMP_2019_ibdmdb","IBD",7.3,5.5
"After","HSM7J4NC",-0.142798360329236,0.0122510151741428,"HMP_2019_ibdmdb","IBD",7.3,5.5
"After","HSM7CZ1Z",-0.188777946795962,0.0769897016346221,"HMP_2019_ibdmdb","IBD",7.3,5.5
"After","HSM7J4GR",-0.32844119021191,0.114624645664638,"HMP_2019_ibdmdb","IBD",7.3,5.5
"After","HSM7J4NM",-0.0968587176009475,0.056527641517865,"HMP_2019_ibdmdb","IBD",7.3,5.5
"After","HSM7J4GP",-0.205490635429349,0.0669744912129951,"HMP_2019_ibdmdb","IBD",7.3,5.5
"After","HSM7CZ1V",-0.326501711479422,0.118707636747717,"HMP_2019_ibdmdb","IBD",7.3,5.5
"After","HSM67VIJ_P",0.28703293568195,0.246808707736385,"HMP_2019_ibdmdb","IBD",7.3,5.5
"After","HSM67VID",0.348406903392105,0.265923608592743,"HMP_2019_ibdmdb","IBD",7.3,5.5
"After","HSM67VIF",0.345160432399646,0.208891146477654,"HMP_2019_ibdmdb","IBD",7.3,5.5
"After","HSM7J4N4",0.0615479124492661,0.178833020990671,"HMP_2019_ibdmdb","IBD",7.3,5.5
"After","HSM7J4NA",-0.0235353347948462,0.122603276950134,"HMP_2019_ibdmdb","IBD",7.3,5.5
"After","HSM67VIL",0.36257645829885,0.344606107238015,"HMP_2019_ibdmdb","IBD",7.3,5.5
"After","HSM7J4GD",0.127295734428955,0.29124250162754,"HMP_2019_ibdmdb","IBD",7.3,5.5
"After","HSM7J4MY",0.181400349066975,0.248351986330034,"HMP_2019_ibdmdb","IBD",7.3,5.5
"After","HSM7J4N8",0.202955081858993,0.292997726752146,"HMP_2019_ibdmdb","IBD",7.3,5.5
"After","HSM7J4N6",0.344071206850248,0.311741238965349,"HMP_2019_ibdmdb","IBD",7.3,5.5
"After","HSM7CYWS_P",-0.177926019004918,0.0388776051676353,"HMP_2019_ibdmdb","IBD",7.3,5.5
"After","HSMA33JZ",-0.0810833565455842,0.170917811900949,"HMP_2019_ibdmdb","IBD",7.3,5.5
"After","HSM7CZ2Z",-0.11020259550669,-0.219771627193559,"HMP_2019_ibdmdb","IBD",7.3,5.5
"After","HSM7J4OP",-0.270010454001223,-0.0135094999814483,"HMP_2019_ibdmdb","IBD",7.3,5.5
"After","HSM7J4OV",0.232628462362006,0.0428866832059332,"HMP_2019_ibdmdb","IBD",7.3,5.5
"After","HSM7CZ32",-0.239067148311546,0.166706762920533,"HMP_2019_ibdmdb","IBD",7.3,5.5
"After","HSM7J4ON",-0.23052150022445,-0.0366233672195304,"HMP_2019_ibdmdb","IBD",7.3,5.5
"After","HSM7J4OT",0.178629631666723,0.042405163477673,"HMP_2019_ibdmdb","IBD",7.3,5.5
"After","HSM7CZ36",0.10629822474144,0.049975074849676,"HMP_2019_ibdmdb","IBD",7.3,5.5
"After","HSM7J4L9",-0.251070880950984,-0.0172398979803404,"HMP_2019_ibdmdb","IBD",7.3,5.5
"After","HSM7J4L5",-0.306275009206571,0.0643965191896644,"HMP_2019_ibdmdb","IBD",7.3,5.5
"After","HSM7J4OX",-0.00263947138081194,0.163336102035181,"HMP_2019_ibdmdb","IBD",7.3,5.5
"After","HSM7CZ38",-0.371802154294119,0.134496616961572,"HMP_2019_ibdmdb","IBD",7.3,5.5
"After","HSM7CZ2V_P",-0.285620765951991,0.0684863784637109,"HMP_2019_ibdmdb","IBD",7.3,5.5
"After","HSM7J4PA",-0.295231662820806,0.14617459354651,"HMP_2019_ibdmdb","IBD",7.3,5.5
"After","HSM7CZ3G",-0.314531306910239,0.00717729043787709,"HMP_2019_ibdmdb","IBD",7.3,5.5
"After","HSM7CZ3E",-0.159074629525676,-0.00525654622390739,"HMP_2019_ibdmdb","IBD",7.3,5.5
"After","HSMA33JD",-0.204539732955982,0.00990871486113725,"HMP_2019_ibdmdb","IBD",7.3,5.5
"After","HSM7J4MK",-0.216470711283546,-0.0021864291422722,"HMP_2019_ibdmdb","IBD",7.3,5.5
"After","HSM7CZ3C",-0.214151417992504,0.0738110832923941,"HMP_2019_ibdmdb","IBD",7.3,5.5
"After","HSM7CZ3A",-0.250599509598785,0.074473413566372,"HMP_2019_ibdmdb","IBD",7.3,5.5
"After","HSM7J4OB",-0.164560059707647,0.0697520655408808,"HMP_2019_ibdmdb","IBD",7.3,5.5
"After","HSM7J4OE",-0.269696376900772,0.0519943957359355,"HMP_2019_ibdmdb","IBD",7.3,5.5
"After","HSMA33JB",-0.220742505092112,-0.0988190187962574,"HMP_2019_ibdmdb","IBD",7.3,5.5
"After","HSM7J4OL",-0.328049159676788,0.114003855200152,"HMP_2019_ibdmdb","IBD",7.3,5.5
"After","HSM7J4Q3_P",0.188356500984847,-0.248518748565781,"HMP_2019_ibdmdb","IBD",7.3,5.5
"After","HSM7J4OZ",0.061644552105216,-0.265984524892189,"HMP_2019_ibdmdb","IBD",7.3,5.5
"After","HSM7J4MS",-0.0271703519184332,-0.2810832080646,"HMP_2019_ibdmdb","IBD",7.3,5.5
"After","HSM7J4MW",-0.000932197989067257,-0.307360146817529,"HMP_2019_ibdmdb","IBD",7.3,5.5
"After","HSM7J4Q7",0.117673637293934,-0.244336189646034,"HMP_2019_ibdmdb","IBD",7.3,5.5
"After","HSMA33JR",0.0116457252551404,-0.272383642167412,"HMP_2019_ibdmdb","IBD",7.3,5.5
"After","HSMA33MV",-0.0190957739839336,-0.298918374406482,"HMP_2019_ibdmdb","IBD",7.3,5.5
"After","HSM7J4IC",-0.0102451195366181,-0.317113688759038,"HMP_2019_ibdmdb","IBD",7.3,5.5
"After","HSM7J4Q9",-0.0295958216184792,-0.314197268572713,"HMP_2019_ibdmdb","IBD",7.3,5.5
"After","HSM7J4Q1",0.0896827486054289,-0.254561459503825,"HMP_2019_ibdmdb","IBD",7.3,5.5
"After","HSMA33JN",0.0108634841968759,-0.259657706071291,"HMP_2019_ibdmdb","IBD",7.3,5.5
"After","HSM7J4P2",0.00243070173619661,-0.29927009650086,"HMP_2019_ibdmdb","IBD",7.3,5.5
"After","HSMA33JP",-0.0345918747168989,-0.2931914461815,"HMP_2019_ibdmdb","IBD",7.3,5.5
"After","HSM7CZ2X_P",-0.230059666116994,0.287667255906123,"HMP_2019_ibdmdb","IBD",7.3,5.5
"After","HSM7J4KA",-0.100296785983392,0.227960584510573,"HMP_2019_ibdmdb","IBD",7.3,5.5
"After","HSM7J4K4",0.0846395665065008,0.0168983833847394,"HMP_2019_ibdmdb","IBD",7.3,5.5
"After","HSMA33MI",-0.219165890175063,0.166519693530827,"HMP_2019_ibdmdb","IBD",7.3,5.5
"After","HSMA33OP",-0.308214550468198,0.181498017381022,"HMP_2019_ibdmdb","IBD",7.3,5.5
"After","HSMA33MK",-0.156680223974788,0.233731388215459,"HMP_2019_ibdmdb","IBD",7.3,5.5
"After","HSMA33OT",-0.241208609361559,0.0420325410260451,"HMP_2019_ibdmdb","IBD",7.3,5.5
"After","HSM7J4JZ",0.0241837250416773,0.0858398959299093,"HMP_2019_ibdmdb","IBD",7.3,5.5
"After","HSMA33MG",-0.10138431900075,0.0983604813227333,"HMP_2019_ibdmdb","IBD",7.3,5.5
"After","HSMA33ME",-0.183705537971628,0.120732661703308,"HMP_2019_ibdmdb","IBD",7.3,5.5
"After","HSMA33OR",-0.135636362906652,0.128382496194201,"HMP_2019_ibdmdb","IBD",7.3,5.5
"After","HSM7J4HU",-0.247283536734514,0.178892899715128,"HMP_2019_ibdmdb","IBD",7.3,5.5
"After","HSM7J4HS",0.102440927467356,0.0490170690271349,"HMP_2019_ibdmdb","IBD",7.3,5.5
"After","HSMA33MC",-0.185078534806896,0.020318959554324,"HMP_2019_ibdmdb","IBD",7.3,5.5
"After","HSM7J4K8",0.0357054742691433,0.0294892919370664,"HMP_2019_ibdmdb","IBD",7.3,5.5
"After","HSM7J4K6",-0.0964950149266717,-0.052719548387587,"HMP_2019_ibdmdb","IBD",7.3,5.5
"After","HSMA33MA",0.003029691098739,0.00141140323307602,"HMP_2019_ibdmdb","IBD",7.3,5.5
"After","HSM7J4K2",-0.204724462594088,-0.0539287024846051,"HMP_2019_ibdmdb","IBD",7.3,5.5
"After","HSMA33OX",-0.0692832687427064,0.0318981201011002,"HMP_2019_ibdmdb","IBD",7.3,5.5
"After","HSM7J4HQ",-0.190650519614367,0.282954268126882,"HMP_2019_ibdmdb","IBD",7.3,5.5
"After","HSM7J4HO",-0.0665772827635813,0.158811401688955,"HMP_2019_ibdmdb","IBD",7.3,5.5
"After","HSM7J4HM",-0.0251706848309044,0.120119396876686,"HMP_2019_ibdmdb","IBD",7.3,5.5
"After","HSMA33OV",-0.17757189084143,0.0414840129564972,"HMP_2019_ibdmdb","IBD",7.3,5.5
"After","HSMA33OZ",-0.247216826115544,0.199029075095486,"HMP_2019_ibdmdb","IBD",7.3,5.5
"After","HSMA33NG_P",-0.359859735784401,0.135809336266516,"HMP_2019_ibdmdb","IBD",7.3,5.5
"After","HSMA33KO",-0.258582823946261,-0.0424394557771073,"HMP_2019_ibdmdb","IBD",7.3,5.5
"After","HSM7J4J9",-0.314355491676459,0.226108696588469,"HMP_2019_ibdmdb","IBD",7.3,5.5
"After","HSMA33KE",-0.223350786181328,0.077744808688758,"HMP_2019_ibdmdb","IBD",7.3,5.5
"After","HSMA33Q6",-0.299694189499383,0.122361237680279,"HMP_2019_ibdmdb","IBD",7.3,5.5
"After","HSMA33PX",-0.265918059398703,0.221483432983551,"HMP_2019_ibdmdb","IBD",7.3,5.5
"After","HSMA33KM",-0.139764684440917,-0.0414675452583857,"HMP_2019_ibdmdb","IBD",7.3,5.5
"After","HSM7J4J7",-0.316966425427657,0.220432733149659,"HMP_2019_ibdmdb","IBD",7.3,5.5
"After","HSMA33NA",-0.291745389128041,0.00356367400036029,"HMP_2019_ibdmdb","IBD",7.3,5.5
"After","HSMA33NC",-0.0887729037594646,0.0105840208421101,"HMP_2019_ibdmdb","IBD",7.3,5.5
"After","HSM7J4JD",-0.295321353317132,0.114253449831522,"HMP_2019_ibdmdb","IBD",7.3,5.5
"After","HSM7J4JF",-0.311084761943138,0.0738981354417964,"HMP_2019_ibdmdb","IBD",7.3,5.5
"After","HSMA33PZ",-0.372228623589647,0.168621536204103,"HMP_2019_ibdmdb","IBD",7.3,5.5
"After","HSM7J4LP",0.171473848007749,0.0486572339032085,"HMP_2019_ibdmdb","IBD",7.3,5.5
"After","HSM7J4JH",0.208037177836353,0.044698671181468,"HMP_2019_ibdmdb","IBD",7.3,5.5
"After","HSM7J4JN",0.222474446524333,-0.0240477100114291,"HMP_2019_ibdmdb","IBD",7.3,5.5
"After","HSMA33NQ",0.177113022121418,-0.00529790953321346,"HMP_2019_ibdmdb","IBD",7.3,5.5
"After","HSMA33KQ",0.25985179136998,-0.0129849495216402,"HMP_2019_ibdmdb","IBD",7.3,5.5
"After","HSM7J4JP",0.26086076488426,-0.0460192564007054,"HMP_2019_ibdmdb","IBD",7.3,5.5
"After","HSMA33L1",0.26160876858186,-0.0302255919144166,"HMP_2019_ibdmdb","IBD",7.3,5.5
"After","HSMA33PL",0.23846203614708,-0.0140413260531881,"HMP_2019_ibdmdb","IBD",7.3,5.5
"After","HSMA33KU",0.264021859397964,-0.0231639238643998,"HMP_2019_ibdmdb","IBD",7.3,5.5
"After","HSMA33PN",0.259931566270291,-0.0361045243051844,"HMP_2019_ibdmdb","IBD",7.3,5.5
"After","HSMA33KS",0.208451513519477,0.00271201722438487,"HMP_2019_ibdmdb","IBD",7.3,5.5
"After","HSM7J4JJ",0.27848750501482,-0.0478488786034277,"HMP_2019_ibdmdb","IBD",7.3,5.5
"After","HSMA33NO",0.203685623406445,-0.00262266484268956,"HMP_2019_ibdmdb","IBD",7.3,5.5
"After","HSM7J4JT_P",0.343195162644982,0.274404634457715,"HMP_2019_ibdmdb","IBD",7.3,5.5
"After","HSMA33M2",0.169376258105708,0.140538075375163,"HMP_2019_ibdmdb","IBD",7.3,5.5
"After","HSMA33M8",0.30095268693907,0.370272865328225,"HMP_2019_ibdmdb","IBD",7.3,5.5
"After","HSMA33OD",-0.0313407308656619,0.192109862836497,"HMP_2019_ibdmdb","IBD",7.3,5.5
"After","HSM7J4NS",0.227728725854191,0.14757945454562,"HMP_2019_ibdmdb","IBD",7.3,5.5
"After","HSMA33OL",0.285179126969797,0.362440421555489,"HMP_2019_ibdmdb","IBD",7.3,5.5
"After","HSM7J4NU",0.175519516747688,0.0781800489144008,"HMP_2019_ibdmdb","IBD",7.3,5.5
"After","HSMA33OJ",0.133111461694284,0.294143007728656,"HMP_2019_ibdmdb","IBD",7.3,5.5
"After","HSMA33LX",0.211234866633259,0.128128964587763,"HMP_2019_ibdmdb","IBD",7.3,5.5
"After","HSMA33LZ",0.211546727231083,0.273625748510958,"HMP_2019_ibdmdb","IBD",7.3,5.5
"After","HSM7J4NO",0.29797549119957,0.381689104843677,"HMP_2019_ibdmdb","IBD",7.3,5.5
"After","HSM7J4JV_P",0.358482208670338,0.290394528362751,"HMP_2019_ibdmdb","IBD",7.3,5.5
"After","HSMA33IO",-0.263619748041766,0.42283974413076,"HMP_2019_ibdmdb","IBD",7.3,5.5
"After","HSMA33N4",0.113388092903265,0.0378392696108281,"HMP_2019_ibdmdb","IBD",7.3,5.5
"After","HSMA33MX",0.384126314678312,0.431022612661006,"HMP_2019_ibdmdb","IBD",7.3,5.5
"After","HSMA33IS",0.224679560308234,0.0261761067473568,"HMP_2019_ibdmdb","IBD",7.3,5.5
"After","HSMA33MZ",0.499453334465583,0.326898075740631,"HMP_2019_ibdmdb","IBD",7.3,5.5
"After","HSMA33RF",0.325529715594313,0.207755687673014,"HMP_2019_ibdmdb","IBD",7.3,5.5
"After","HSMA33RD",0.472684375780855,0.210160942891103,"HMP_2019_ibdmdb","IBD",7.3,5.5
"After","HSMA33R9",-0.04735852755452,-0.0843872671617575,"HMP_2019_ibdmdb","IBD",7.3,5.5
"After","HSMA33QY",-0.0567804419633018,-0.0968295929338109,"HMP_2019_ibdmdb","IBD",7.3,5.5
"After","HSMA33IE",-0.201133506934572,-0.033349837375126,"HMP_2019_ibdmdb","IBD",7.3,5.5
"After","HSMA33R7",-0.216990956529174,0.091108969076297,"HMP_2019_ibdmdb","IBD",7.3,5.5
"After","HSMA33S4",-0.205909365043767,-0.0936664338224259,"HMP_2019_ibdmdb","IBD",7.3,5.5
"After","HSMA33IK",-0.244499488162932,0.021102325886758,"HMP_2019_ibdmdb","IBD",7.3,5.5
"After","HSMA33IG",-0.220859250383216,-0.104354384457917,"HMP_2019_ibdmdb","IBD",7.3,5.5
"After","HSMA33R1",-0.228661402749378,-0.0611020388102412,"HMP_2019_ibdmdb","IBD",7.3,5.5
"After","HSMA33R5",-0.0921120221955636,-0.0615766586287171,"HMP_2019_ibdmdb","IBD",7.3,5.5
"After","HSMA33LP",-0.1319300683516,-0.070979401805998,"HMP_2019_ibdmdb","IBD",7.3,5.5
"After","HSMA33P2_P",-0.018493491231613,-0.158140423191205,"HMP_2019_ibdmdb","IBD",7.3,5.5
"After","HSMA33LB",0.000831222393553603,0.0806159340809297,"HMP_2019_ibdmdb","IBD",7.3,5.5
"After","HSMA33RR",-0.0636839488081055,0.107296641519837,"HMP_2019_ibdmdb","IBD",7.3,5.5
"After","HSMA33LH",-0.244206048214374,0.0446995964742599,"HMP_2019_ibdmdb","IBD",7.3,5.5
"After","HSMA33LH_TR",-0.195577324078029,0.028942232059057,"HMP_2019_ibdmdb","IBD",7.3,5.5
"After","HSMA33NW",-0.248162935239511,0.0426606842635074,"HMP_2019_ibdmdb","IBD",7.3,5.5
"After","HSMA33P6",-0.119497031407681,-0.124866653672114,"HMP_2019_ibdmdb","IBD",7.3,5.5
"After","HSMA33LJ",-0.180792695711426,0.0499608819495725,"HMP_2019_ibdmdb","IBD",7.3,5.5
"After","HSMA33RT",-0.245018842543066,-0.0881239260608931,"HMP_2019_ibdmdb","IBD",7.3,5.5
"After","HSMA33RX_TR",-0.191238891037332,-0.151376138873864,"HMP_2019_ibdmdb","IBD",7.3,5.5
"After","HSMA33IC",-0.0893490261167872,-0.0987802278534839,"HMP_2019_ibdmdb","IBD",7.3,5.5
"After","HSMA33IA",-0.154454650870233,-0.150643666463332,"HMP_2019_ibdmdb","IBD",7.3,5.5
"After","HSMA33RX",-0.227505801094983,-0.124226318593344,"HMP_2019_ibdmdb","IBD",7.3,5.5
"After","HSMA33J1_P",-0.102569764587548,0.0978811349470225,"HMP_2019_ibdmdb","Healthy",7.3,5.5
"After","HSMA33SG",0.0127608526894558,-0.0761639064480068,"HMP_2019_ibdmdb","Healthy",7.3,5.5
"After","HSMA33J7",-0.0903978692320338,0.0696203925872908,"HMP_2019_ibdmdb","Healthy",7.3,5.5
"After","HSMA33J9",0.00392538267687909,0.00361565076044006,"HMP_2019_ibdmdb","Healthy",7.3,5.5
"After","HSMA33NY",0.0295139895280908,0.177211950714806,"HMP_2019_ibdmdb","Healthy",7.3,5.5
"After","HSMA33SI",0.154258305203923,0.0198212892568804,"HMP_2019_ibdmdb","Healthy",7.3,5.5
"After","HSMA33SK",0.091460716883442,0.0381384240870966,"HMP_2019_ibdmdb","Healthy",7.3,5.5
"After","HSMA33MS",0.235549998437575,0.220062980107651,"HMP_2019_ibdmdb","Healthy",7.3,5.5
"After","HSMA33J5",0.374016354132593,0.205257510188163,"HMP_2019_ibdmdb","Healthy",7.3,5.5
"After","HSMA33QM",-0.0695755354164128,-0.00996775887539052,"HMP_2019_ibdmdb","Healthy",7.3,5.5
"After","HSMA33SE",0.133027503899502,0.029727637864579,"HMP_2019_ibdmdb","Healthy",7.3,5.5
"After","HSMA33QO",0.333267341984101,0.291321243009154,"HMP_2019_ibdmdb","Healthy",7.3,5.5
"After","HSMA33J3",0.229053756416918,0.320017807357522,"HMP_2019_ibdmdb","Healthy",7.3,5.5
"After","MSM5LLD6_P",0.0538235379508612,-0.0781711289685417,"HMP_2019_ibdmdb","IBD",7.3,5.5
"After","MSM5LLI4_P",0.0871817995428803,-0.127608228753387,"HMP_2019_ibdmdb","IBD",7.3,5.5
"After","MSM5LLHQ_P",0.0505449514750399,-0.0995913268837467,"HMP_2019_ibdmdb","IBD",7.3,5.5
"After","MSM5LLHX_P",0.0954821425513632,-0.133031717716221,"HMP_2019_ibdmdb","IBD",7.3,5.5
"After","MSM5LLI6_P",0.00289013056401624,-0.108184020883337,"HMP_2019_ibdmdb","IBD",7.3,5.5
"After","MSM5LLI2_P",0.0278429555604558,-0.101100741561404,"HMP_2019_ibdmdb","IBD",7.3,5.5
"After","MSM5LLI8_P",0.0188208885813593,-0.0921849661023623,"HMP_2019_ibdmdb","IBD",7.3,5.5
"After","MSM5LLDU",0.0257456588630454,-0.0700490274913704,"HMP_2019_ibdmdb","IBD",7.3,5.5
"After","MSM6J2LB",-0.0295197401253305,-0.0311632181851654,"HMP_2019_ibdmdb","IBD",7.3,5.5
"After","MSM5LLDE",0.105176033108872,-0.0916350621292467,"HMP_2019_ibdmdb","IBD",7.3,5.5
"After","MSM5LLDS",-0.00769925210365034,-0.0994967238268054,"HMP_2019_ibdmdb","IBD",7.3,5.5
"After","MSM5LLDI",-0.0211349503743944,-0.106769451851704,"HMP_2019_ibdmdb","IBD",7.3,5.5
"After","MSM5LLDK",0.0264378231172299,-0.104702498476479,"HMP_2019_ibdmdb","IBD",7.3,5.5
"After","MSM5LLDA",0.0572730353869443,-0.125383960903376,"HMP_2019_ibdmdb","IBD",7.3,5.5
"After","MSM5LLDM",0.00483629347207118,-0.120391170531127,"HMP_2019_ibdmdb","IBD",7.3,5.5
"After","MSM5LLDC",0.0830969218392374,-0.0770203706154222,"HMP_2019_ibdmdb","IBD",7.3,5.5
"After","MSM5LLDQ",0.038872446083975,-0.107454922031094,"HMP_2019_ibdmdb","IBD",7.3,5.5
"After","MSM5LLE9_P",0.227249641214791,0.0323606305056623,"HMP_2019_ibdmdb","IBD",7.3,5.5
"After","MSM5LLE3_P",0.207000692466887,0.0489216570037815,"HMP_2019_ibdmdb","IBD",7.3,5.5
"After","MSM5FZ9N_P",0.209109403156307,0.0774809200391666,"HMP_2019_ibdmdb","IBD",7.3,5.5
"After","MSM633FF_P",0.239604136032324,0.00848191443298685,"HMP_2019_ibdmdb","IBD",7.3,5.5
"After","MSM5FZ9X_P",0.213575167618674,0.00611693060377216,"HMP_2019_ibdmdb","IBD",7.3,5.5
"After","MSM5FZA2_P",0.224450100998233,0.0107206401837494,"HMP_2019_ibdmdb","IBD",7.3,5.5
"After","MSM5ZOJY_P",0.237022042481268,0.0102248108897874,"HMP_2019_ibdmdb","IBD",7.3,5.5
"After","MSM5LLGF_P",0.0711033112369249,-0.2667307259107,"HMP_2019_ibdmdb","IBD",7.3,5.5
"After","MSM5LLGH_P",-0.106430557948188,-0.102383491708066,"HMP_2019_ibdmdb","IBD",7.3,5.5
"After","CSM5LLGB_P",-0.140103022155783,0.292703576156119,"HMP_2019_ibdmdb","IBD",7.3,5.5
"After","MSM5LLGD_P",-0.0122543251829768,-0.262733021211924,"HMP_2019_ibdmdb","IBD",7.3,5.5
"After","MSM5LLGJ_P",-0.0096900787929684,-0.0660351419470047,"HMP_2019_ibdmdb","IBD",7.3,5.5
"After","MSM6J2J1",-0.0827564092483652,-0.0125087396667212,"HMP_2019_ibdmdb","IBD",7.3,5.5
"After","MSM6J2QR",-0.210563719408805,0.0396806523085177,"HMP_2019_ibdmdb","IBD",7.3,5.5
"After","MSM6J2IQ",-0.0592150119922007,-0.152101062709138,"HMP_2019_ibdmdb","IBD",7.3,5.5
"After","MSM5LLGL",-0.187574731157637,0.00190510842729668,"HMP_2019_ibdmdb","IBD",7.3,5.5
"After","MSM6J2IY",-0.182772326659775,0.0742053649792304,"HMP_2019_ibdmdb","IBD",7.3,5.5
"After","MSM5LLIG_P",-0.169642731222514,0.121444007299468,"HMP_2019_ibdmdb","IBD",7.3,5.5
"After","MSM5LLIE_P",-0.119456317502205,0.0115757950730105,"HMP_2019_ibdmdb","IBD",7.3,5.5
"After","MSM5LLHR_P",-0.199830782659228,0.0758408252537775,"HMP_2019_ibdmdb","IBD",7.3,5.5
"After","MSM5LLIK_P",-0.331169104224116,0.0577723394368058,"HMP_2019_ibdmdb","IBD",7.3,5.5
"After","MSM5LLIM_P",-0.212063920884191,0.174713062777798,"HMP_2019_ibdmdb","IBD",7.3,5.5
"After","MSM5LLER",-0.209934399669659,0.166439398115839,"HMP_2019_ibdmdb","IBD",7.3,5.5
"After","MSM5LLEP",-0.156546663401978,0.0844440526524824,"HMP_2019_ibdmdb","IBD",7.3,5.5
"After","MSM6J2LT",-0.111886895785806,0.0321619165879156,"HMP_2019_ibdmdb","IBD",7.3,5.5
"After","MSM5LLHV_P",-0.0642323563511833,-0.193253510716556,"HMP_2019_ibdmdb","IBD",7.3,5.5
"After","MSM5LLHE_P",-0.0507750538517353,-0.0147129364175751,"HMP_2019_ibdmdb","IBD",7.3,5.5
"After","MSM5LLHG_P",-0.0992056894633169,0.022108827259492,"HMP_2019_ibdmdb","IBD",7.3,5.5
"After","MSM5LLIC_P",0.122865717632992,-0.0128146208776656,"HMP_2019_ibdmdb","IBD",7.3,5.5
"After","MSM5LLHI_P",-0.176514278440291,-0.0737971791910548,"HMP_2019_ibdmdb","IBD",7.3,5.5
"After","MSM5LLHO_P",-0.0847566070790992,0.00015740786090894,"HMP_2019_ibdmdb","IBD",7.3,5.5
"After","MSM6J2JB",-0.226464149438045,-0.0632287623220861,"HMP_2019_ibdmdb","IBD",7.3,5.5
"After","MSM6J2J3",0.159058839943891,-0.0845386874176422,"HMP_2019_ibdmdb","IBD",7.3,5.5
"After","MSM6J2J5",-0.0727021943711627,0.0132354491968267,"HMP_2019_ibdmdb","IBD",7.3,5.5
"After","MSM6J2JD",-0.128072822566277,-0.138195369192713,"HMP_2019_ibdmdb","IBD",7.3,5.5
"After","MSM6J2PK",-0.136898301078214,-0.169488986145767,"HMP_2019_ibdmdb","IBD",7.3,5.5
"After","MSM6J2PM",-0.0723508546469496,-0.000909673510368215,"HMP_2019_ibdmdb","IBD",7.3,5.5
"After","MSM5LLFK_P",-0.293036066050322,0.22423228685961,"HMP_2019_ibdmdb","IBD",7.3,5.5
"After","MSM5LLFM_P",-0.363348917948364,0.137432874501247,"HMP_2019_ibdmdb","IBD",7.3,5.5
"After","MSM5LLFU_P",-0.340757729963458,0.158334107195671,"HMP_2019_ibdmdb","IBD",7.3,5.5
"After","MSM5LLIQ_P",-0.238349081652767,0.410365672221893,"HMP_2019_ibdmdb","IBD",7.3,5.5
"After","MSM5LLFO_P",-0.318172946607919,0.21238180155364,"HMP_2019_ibdmdb","IBD",7.3,5.5
"After","MSM6J2HH",-0.272659114884083,0.134064560334036,"HMP_2019_ibdmdb","IBD",7.3,5.5
"After","MSM6J2OH",-0.336878887480833,0.176212483494771,"HMP_2019_ibdmdb","IBD",7.3,5.5
"After","MSM6J2HJ",-0.27870759284759,0.166668034071205,"HMP_2019_ibdmdb","IBD",7.3,5.5
"After","MSM6J2HD",-0.371357450334819,0.157121610620846,"HMP_2019_ibdmdb","IBD",7.3,5.5
"After","MSM6J2HF",-0.358143193314623,0.147999188674593,"HMP_2019_ibdmdb","IBD",7.3,5.5
"After","MSM6J2HL",-0.344110066708708,0.145323735625089,"HMP_2019_ibdmdb","IBD",7.3,5.5
"After","MSM6J2ON",-0.343496176924699,0.21782527151546,"HMP_2019_ibdmdb","IBD",7.3,5.5
"After","MSM6J2OL",-0.314681012502405,0.221989931896285,"HMP_2019_ibdmdb","IBD",7.3,5.5
"After","MSM6J2OP",-0.327980926717672,0.168111890312483,"HMP_2019_ibdmdb","IBD",7.3,5.5
"After","MSM79HEA",-0.314333930172021,0.124777276308328,"HMP_2019_ibdmdb","IBD",7.3,5.5
"After","MSM6J2OJ",-0.295651684849514,0.233615473152121,"HMP_2019_ibdmdb","IBD",7.3,5.5
"After","MSM5LLHA_P",0.39868211368846,0.287863679742007,"HMP_2019_ibdmdb","IBD",7.3,5.5
"After","MSM5LLH2_P",0.454375770751977,0.2099222634207,"HMP_2019_ibdmdb","IBD",7.3,5.5
"After","MSM5LLIS_P",0.453505622084241,0.299873145332277,"HMP_2019_ibdmdb","IBD",7.3,5.5
"After","MSM5LLH8_P",0.417025487648955,0.298719697308639,"HMP_2019_ibdmdb","IBD",7.3,5.5
"After","MSM5LLH4_P",0.429149844228076,0.299836995378796,"HMP_2019_ibdmdb","IBD",7.3,5.5
"After","MSM6J2KM",0.391841447125669,0.250649764112018,"HMP_2019_ibdmdb","IBD",7.3,5.5
"After","MSM6J2KE",0.476187744497249,0.266735246762236,"HMP_2019_ibdmdb","IBD",7.3,5.5
"After","MSM6J2RA",0.305591529818934,0.240421137000461,"HMP_2019_ibdmdb","IBD",7.3,5.5
"After","MSM5LLHC",0.473085949029746,0.228625188988736,"HMP_2019_ibdmdb","IBD",7.3,5.5
"After","MSM6J2R8",0.36440393790607,0.274163352602764,"HMP_2019_ibdmdb","IBD",7.3,5.5
"After","MSM6J2KC",0.445422842369431,0.263314694696291,"HMP_2019_ibdmdb","IBD",7.3,5.5
"After","MSM6J2R2",0.440001703533071,0.304399344979722,"HMP_2019_ibdmdb","IBD",7.3,5.5
"After","MSM6J2RC",0.211284322931735,0.254362827094416,"HMP_2019_ibdmdb","IBD",7.3,5.5
"After","MSM5LLFG_P",-0.104811095265817,-0.153666983996972,"HMP_2019_ibdmdb","IBD",7.3,5.5
"After","MSM5LLGR_P",-0.125562241322476,-0.18837830953024,"HMP_2019_ibdmdb","IBD",7.3,5.5
"After","MSM5LLGN_P",-0.23793389367167,-0.105937072660159,"HMP_2019_ibdmdb","IBD",7.3,5.5
"After","MSM6J2II",0.0154868573659168,-0.149558398875426,"HMP_2019_ibdmdb","IBD",7.3,5.5
"After","MSM79H67",-0.251244284136207,0.0732790646890279,"HMP_2019_ibdmdb","IBD",7.3,5.5
"After","MSM6J2IM",-0.0717446931949439,-0.100011828472839,"HMP_2019_ibdmdb","IBD",7.3,5.5
"After","MSM6J2Q3",-0.288115933247453,0.00112054830960219,"HMP_2019_ibdmdb","IBD",7.3,5.5
"After","MSM6J2IG",-0.142862986682679,-0.0908912379902447,"HMP_2019_ibdmdb","IBD",7.3,5.5
"After","MSM6J2QD",-0.208356858396476,-0.153762130900192,"HMP_2019_ibdmdb","IBD",7.3,5.5
"After","MSM79H69",-0.140859932932828,-0.127876154872585,"HMP_2019_ibdmdb","IBD",7.3,5.5
"After","MSM6J2IE",-0.282080951130266,-0.010575691171154,"HMP_2019_ibdmdb","IBD",7.3,5.5
"After","MSM6J2Q9",-0.140180419596758,-0.178518249148263,"HMP_2019_ibdmdb","IBD",7.3,5.5
"After","MSM6J2QB",-0.152560044000045,-0.133813865103492,"HMP_2019_ibdmdb","IBD",7.3,5.5
"After","MSM6J2IO",-0.223252352054875,-0.0462729612873494,"HMP_2019_ibdmdb","IBD",7.3,5.5
"After","MSM6J2IK",-0.03331012084981,-0.101007511709142,"HMP_2019_ibdmdb","IBD",7.3,5.5
"After","MSM79H65",-0.0582287192339689,-0.142904796380207,"HMP_2019_ibdmdb","IBD",7.3,5.5
"After","MSM79H63",-0.268536225244901,-0.0535450523538294,"HMP_2019_ibdmdb","IBD",7.3,5.5
"After","MSM6J2Q5",-0.186660626641109,-0.0910046401502138,"HMP_2019_ibdmdb","IBD",7.3,5.5
"After","MSM6J2Q7",-0.121786469341827,-0.162444626749149,"HMP_2019_ibdmdb","IBD",7.3,5.5
"After","MSM79H6B",-0.189383409810735,-0.143112207654088,"HMP_2019_ibdmdb","IBD",7.3,5.5
"After","MSM5LLF2_P",0.156473324566732,0.0917870602814766,"HMP_2019_ibdmdb","IBD",7.3,5.5
"After","MSM79HBP",0.0289647589003514,0.0802301370376027,"HMP_2019_ibdmdb","IBD",7.3,5.5
"After","MSM5LLF4",0.240192838231485,0.0457688580556138,"HMP_2019_ibdmdb","IBD",7.3,5.5
"After","MSM79HBV",0.200251176181789,0.0820334655189767,"HMP_2019_ibdmdb","IBD",7.3,5.5
"After","MSM79HBT",0.206188790834227,0.0868368776700357,"HMP_2019_ibdmdb","IBD",7.3,5.5
"After","MSM6J2MJ",0.264455068237888,-0.0168888332779708,"HMP_2019_ibdmdb","IBD",7.3,5.5
"After","MSM79HBN",0.218908827455497,0.0518587226572523,"HMP_2019_ibdmdb","IBD",7.3,5.5
"After","MSM6J2LH",0.259484613092924,0.00312266130937919,"HMP_2019_ibdmdb","IBD",7.3,5.5
"After","MSM5LLF8",0.244019885862808,0.00956254693673188,"HMP_2019_ibdmdb","IBD",7.3,5.5
"After","MSM6J2LR",0.242331002085386,0.0134358347577548,"HMP_2019_ibdmdb","IBD",7.3,5.5
"After","MSM6J2ML",0.21786924367145,0.049791197794854,"HMP_2019_ibdmdb","IBD",7.3,5.5
"After","MSM6J2MB",0.258818510331036,-0.00452905794174321,"HMP_2019_ibdmdb","IBD",7.3,5.5
"After","MSM6J2LL",0.25860057161044,0.014691297808598,"HMP_2019_ibdmdb","IBD",7.3,5.5
"After","MSM79HBR",0.193569705493654,0.0695366819861205,"HMP_2019_ibdmdb","IBD",7.3,5.5
"After","MSM6J2LJ",0.257956715779991,-0.00507035558902093,"HMP_2019_ibdmdb","IBD",7.3,5.5
"After","MSM6J2MH",0.259185858796002,-0.0104354661338153,"HMP_2019_ibdmdb","IBD",7.3,5.5
"After","MSM6J2MF",0.26734407900567,-0.00521970343610766,"HMP_2019_ibdmdb","IBD",7.3,5.5
"After","MSM5LLF6",0.261914974538495,-0.0024998406919051,"HMP_2019_ibdmdb","IBD",7.3,5.5
"After","MSM6J2MD",0.236274992185766,0.00137866298523606,"HMP_2019_ibdmdb","IBD",7.3,5.5
"After","MSM6J2LN",0.26631232148588,-0.00867107186940119,"HMP_2019_ibdmdb","IBD",7.3,5.5
"After","CSM6J2H9_P",-0.111473608093922,-0.051818766110162,"HMP_2019_ibdmdb","Healthy",7.3,5.5
"After","MSM6J2HP",-0.0980798346364027,-0.172304022219035,"HMP_2019_ibdmdb","Healthy",7.3,5.5
"After","MSM79H5U",-0.048405177074076,-0.250397292231029,"HMP_2019_ibdmdb","Healthy",7.3,5.5
"After","MSM6J2QJ",0.015512037313171,-0.0891749682559196,"HMP_2019_ibdmdb","Healthy",7.3,5.5
"After","MSM79HAH",-0.244069232639864,-0.069076283267372,"HMP_2019_ibdmdb","Healthy",7.3,5.5
"After","MSM79H5S",-0.194985313940146,-0.0387251101318493,"HMP_2019_ibdmdb","Healthy",7.3,5.5
"After","MSM6J2QH",-0.193775410060531,-0.0796767182716231,"HMP_2019_ibdmdb","Healthy",7.3,5.5
"After","MSM79H5Q",-0.190237455845853,-0.175515746877169,"HMP_2019_ibdmdb","Healthy",7.3,5.5
"After","MSM6J2QF",-0.243552542008714,-0.124734455008843,"HMP_2019_ibdmdb","Healthy",7.3,5.5
"After","MSM6J2QP",-0.268954550753851,-0.0944076209782253,"HMP_2019_ibdmdb","Healthy",7.3,5.5
"After","MSM79H5Y",-0.27286630975268,0.0208310892786588,"HMP_2019_ibdmdb","Healthy",7.3,5.5
"After","MSM6J2HR",-0.270947396769903,-0.0485844909897447,"HMP_2019_ibdmdb","Healthy",7.3,5.5
"After","MSM6J2QL",-0.27651717012936,-0.00129499175904714,"HMP_2019_ibdmdb","Healthy",7.3,5.5
"After","MSM6J2HT",-0.342016178336407,-0.0517426143958656,"HMP_2019_ibdmdb","Healthy",7.3,5.5
"After","MSM6J2HN",-0.258320983527501,0.0383536301674057,"HMP_2019_ibdmdb","Healthy",7.3,5.5
"After","MSM6J2JF_P",-0.170150835020972,-0.0516151505676298,"HMP_2019_ibdmdb","Healthy",7.3,5.5
"After","MSM79HEW",-0.0533145818833631,-0.0328259386373335,"HMP_2019_ibdmdb","Healthy",7.3,5.5
"After","MSM6J2JP",-0.0345182812876264,-0.0938936773461685,"HMP_2019_ibdmdb","Healthy",7.3,5.5
"After","MSM6J2LV",-0.173030450282432,-0.0177460711213347,"HMP_2019_ibdmdb","Healthy",7.3,5.5
"After","MSM79HB6",-0.169564261901062,-0.105377804189798,"HMP_2019_ibdmdb","Healthy",7.3,5.5
"After","MSM79HEU",-0.18926139489303,-0.0458522007438364,"HMP_2019_ibdmdb","Healthy",7.3,5.5
"After","MSM79HEY",-0.329937781255672,0.136878826313427,"HMP_2019_ibdmdb","Healthy",7.3,5.5
"After","MSM6J2SI",-0.217924247887356,-0.0171639602372271,"HMP_2019_ibdmdb","Healthy",7.3,5.5
"After","MSM79HES",-0.140669955828629,-0.0220781893422037,"HMP_2019_ibdmdb","Healthy",7.3,5.5
"After","MSM6J2JT",-0.0764641950144612,-0.207805581411297,"HMP_2019_ibdmdb","Healthy",7.3,5.5
"After","MSM6J2SE",-0.19207482058857,-0.0438404576152871,"HMP_2019_ibdmdb","Healthy",7.3,5.5
"After","MSM6J2SK",-0.377785362999371,0.11242942333764,"HMP_2019_ibdmdb","Healthy",7.3,5.5
"After","MSM6J2JR",-0.0428161512162826,-0.0164435534209319,"HMP_2019_ibdmdb","Healthy",7.3,5.5
"After","MSM6J2JN",-0.227534534836007,-0.0597965800390803,"HMP_2019_ibdmdb","Healthy",7.3,5.5
"After","MSM6J2JH_P",0.428066685456274,0.187285839471431,"HMP_2019_ibdmdb","Healthy",7.3,5.5
"After","MSM79H6F",0.117299551233417,-0.0263732048842875,"HMP_2019_ibdmdb","Healthy",7.3,5.5
"After","MSM6J2K8",0.180553597210108,-0.0110619420991622,"HMP_2019_ibdmdb","Healthy",7.3,5.5
"After","MSM6J2K2",0.426923017677802,0.245013897577475,"HMP_2019_ibdmdb","Healthy",7.3,5.5
"After","MSM6J2JZ",0.368694853046451,0.25295789191542,"HMP_2019_ibdmdb","Healthy",7.3,5.5
"After","MSM79H9Y",0.234363769971279,-0.0595474818395469,"HMP_2019_ibdmdb","Healthy",7.3,5.5
"After","MSM6J2KA",0.17690978660344,0.0446264827665305,"HMP_2019_ibdmdb","Healthy",7.3,5.5
"After","MSM79H6H",0.349862589840468,0.166468661650563,"HMP_2019_ibdmdb","Healthy",7.3,5.5
"After","MSM6J2RO",0.37925860091012,0.226396102476802,"HMP_2019_ibdmdb","Healthy",7.3,5.5
"After","MSM79HA7",0.222876410162409,0.0752931117620373,"HMP_2019_ibdmdb","Healthy",7.3,5.5
"After","MSM79H6L",0.213058443213468,0.0138733475862946,"HMP_2019_ibdmdb","Healthy",7.3,5.5
"After","MSM79HA3",0.408372522419342,0.236583334629148,"HMP_2019_ibdmdb","Healthy",7.3,5.5
"After","MSM79H6J",0.276187911375273,0.0443865410297034,"HMP_2019_ibdmdb","Healthy",7.3,5.5
"After","MSM6J2RS",0.46038753468447,0.308858932406952,"HMP_2019_ibdmdb","Healthy",7.3,5.5
"After","MSM6J2K6",0.309579108530333,0.242264452293491,"HMP_2019_ibdmdb","Healthy",7.3,5.5
"After","MSM6J2RM",-0.10996576158008,-0.046443693903287,"HMP_2019_ibdmdb","Healthy",7.3,5.5
"After","MSM79H6N",0.202970507972846,0.0404602455335652,"HMP_2019_ibdmdb","Healthy",7.3,5.5
"After","MSM79HA1",0.30316649954881,0.0835322560838068,"HMP_2019_ibdmdb","Healthy",7.3,5.5
"After","MSM79H6D",0.20422787941451,0.040130919506325,"HMP_2019_ibdmdb","Healthy",7.3,5.5
"After","MSM6J2RK",0.234766433030528,0.101902832909725,"HMP_2019_ibdmdb","Healthy",7.3,5.5
"After","MSM6J2RU",0.246054380623707,0.0582472719595833,"HMP_2019_ibdmdb","Healthy",7.3,5.5
"After","MSM6J2K4",0.235709275060915,0.137017501855721,"HMP_2019_ibdmdb","Healthy",7.3,5.5
"After","MSM6J2RQ",0.274730378749284,0.124289795513539,"HMP_2019_ibdmdb","Healthy",7.3,5.5
"After","MSM6J2PQ_P",0.169948833036597,-0.00516686573691493,"HMP_2019_ibdmdb","Healthy",7.3,5.5
"After","MSM6J2PU",0.207811458011797,-0.0238808007085276,"HMP_2019_ibdmdb","Healthy",7.3,5.5
"After","MSM6J2PO",0.00860309250258682,-0.00679269951834579,"HMP_2019_ibdmdb","Healthy",7.3,5.5
"After","MSM9VZNH_TR",0.193805053099482,-0.0113629910827766,"HMP_2019_ibdmdb","Healthy",7.3,5.5
"After","MSM6J2PW",0.126330775107505,0.0360448126601624,"HMP_2019_ibdmdb","Healthy",7.3,5.5
"After","MSM9VZNL",0.164104043641673,-0.112778135454302,"HMP_2019_ibdmdb","Healthy",7.3,5.5
"After","MSM79H7Y",0.073155546304223,-0.114638248037598,"HMP_2019_ibdmdb","Healthy",7.3,5.5
"After","MSM79HC8",0.182485510492776,-0.0725397476692359,"HMP_2019_ibdmdb","Healthy",7.3,5.5
"After","MSM9VZNH",0.207764517978731,-0.0113130236241482,"HMP_2019_ibdmdb","Healthy",7.3,5.5
"After","MSM79H7W",0.14672329257401,-0.0975040508752193,"HMP_2019_ibdmdb","Healthy",7.3,5.5
"After","MSM6J2PS",0.173998538431112,-0.063903731327016,"HMP_2019_ibdmdb","Healthy",7.3,5.5
"After","MSM79H7O",0.0388685112236654,-0.110243894221164,"HMP_2019_ibdmdb","Healthy",7.3,5.5
"After","MSM79HC4",0.193966678993568,-0.0206459146723911,"HMP_2019_ibdmdb","Healthy",7.3,5.5
"After","MSM79H7Q",0.110578458954199,-0.0250325020038656,"HMP_2019_ibdmdb","Healthy",7.3,5.5
"After","MSM6J2M3_P",0.139180860250476,-0.0645246327925531,"HMP_2019_ibdmdb","Healthy",7.3,5.5
"After","MSM79H6Y",-0.010084491539966,-0.113080848708498,"HMP_2019_ibdmdb","Healthy",7.3,5.5
"After","MSM79HBB",0.0726382024689672,-0.14203448262076,"HMP_2019_ibdmdb","Healthy",7.3,5.5
"After","MSM6J2LY",-0.113504095351368,-0.0938988903711834,"HMP_2019_ibdmdb","Healthy",7.3,5.5
"After","MSM6J2M3",0.118078305509937,-0.0612119017474349,"HMP_2019_ibdmdb","Healthy",7.3,5.5
"After","MSM79HBL",0.0399689259959242,-0.110312574748455,"HMP_2019_ibdmdb","Healthy",7.3,5.5
"After","MSM79HFW",-0.0420092406262664,-0.160003648148803,"HMP_2019_ibdmdb","Healthy",7.3,5.5
"After","MSM79HFY",-0.0682537669560779,-0.172338928551803,"HMP_2019_ibdmdb","Healthy",7.3,5.5
"After","MSM6J2Q1",0.0348838618310362,-0.104263084862037,"HMP_2019_ibdmdb","Healthy",7.3,5.5
"After","MSM6J2LW",0.114752408064815,-0.0769452441416944,"HMP_2019_ibdmdb","Healthy",7.3,5.5
"After","MSM6J2RG_P",0.0707555212583549,-0.32070702102957,"HMP_2019_ibdmdb","IBD",7.3,5.5
"After","MSM6J2N6_P",0.453944323848514,0.312391657540112,"HMP_2019_ibdmdb","IBD",7.3,5.5
"After","MSM79H52_P",0.0705767709800941,-0.0864549571860555,"HMP_2019_ibdmdb","Healthy",7.3,5.5
"After","MSM79H9K",0.0240277203530047,-0.173617359039754,"HMP_2019_ibdmdb","Healthy",7.3,5.5
"After","MSM79H5A",0.0475242532866767,-0.136822921445633,"HMP_2019_ibdmdb","Healthy",7.3,5.5
"After","MSM79H9C",0.0592877195701618,-0.101121251693856,"HMP_2019_ibdmdb","Healthy",7.3,5.5
"After","MSM79H54",0.00859530432799415,-0.181728808555396,"HMP_2019_ibdmdb","Healthy",7.3,5.5
"After","MSM79H58",0.0713431452545598,-0.106260007270104,"HMP_2019_ibdmdb","Healthy",7.3,5.5
"After","MSM9VZFH",-0.0239497711995442,-0.194068323104578,"HMP_2019_ibdmdb","Healthy",7.3,5.5
"After","MSM79H9G",0.0340680818578241,-0.150696925683568,"HMP_2019_ibdmdb","Healthy",7.3,5.5
"After","MSM9VZFF",-0.00699800620079082,-0.207247013534135,"HMP_2019_ibdmdb","Healthy",7.3,5.5
"After","MSM79H9A",-0.0103641458740431,-0.17330678042108,"HMP_2019_ibdmdb","Healthy",7.3,5.5
"After","MSM9VZPT",0.00208877389268678,-0.142866547249159,"HMP_2019_ibdmdb","Healthy",7.3,5.5
"After","MSM9VZF7",-0.0514771144393452,-0.238397067208804,"HMP_2019_ibdmdb","Healthy",7.3,5.5
"After","MSM9VZGS",0.253453432010123,-0.0225783002028517,"HMP_2019_ibdmdb","Healthy",7.3,5.5
"After","MSM9VZHF",0.214031006586392,-0.0066416762803462,"HMP_2019_ibdmdb","Healthy",7.3,5.5
"After","MSM9VZGU",0.270797349597571,0.00472242991766699,"HMP_2019_ibdmdb","Healthy",7.3,5.5
"After","MSM79H5E",0.101224148987875,0.0870245904812021,"HMP_2019_ibdmdb","Healthy",7.3,5.5
"After","MSM79H9Q",0.345437573478544,0.153299799683581,"HMP_2019_ibdmdb","Healthy",7.3,5.5
"After","MSM9VZGO",0.290234141376857,-0.00590908461373713,"HMP_2019_ibdmdb","Healthy",7.3,5.5
"After","MSM79H5G",0.137121081536616,0.089150021072947,"HMP_2019_ibdmdb","Healthy",7.3,5.5
"After","MSM9VZHB",0.276631377395808,0.177871587444233,"HMP_2019_ibdmdb","Healthy",7.3,5.5
"After","MSM9VZLJ",0.241513801745557,-0.0315698852911692,"HMP_2019_ibdmdb","Healthy",7.3,5.5
"After","MSM79H9M",0.295958597648391,0.122789846522951,"HMP_2019_ibdmdb","Healthy",7.3,5.5
"After","MSM79H9W",0.0773193817079805,-0.0815731723227009,"HMP_2019_ibdmdb","Healthy",7.3,5.5
"After","MSM79H5K",0.0523609043431067,-0.0103434030476085,"HMP_2019_ibdmdb","Healthy",7.3,5.5
"After","MSM79H5M",0.156592806643221,-0.0118284872706511,"HMP_2019_ibdmdb","Healthy",7.3,5.5
"After","MSM79HF1_P",0.22754642807213,-0.0790600967868481,"HMP_2019_ibdmdb","IBD",7.3,5.5
"After","MSM79HF9_TR",0.0887305730097683,-0.0574575230756446,"HMP_2019_ibdmdb","IBD",7.3,5.5
"After","MSMA26ER",0.193953758386764,-0.0110331502887346,"HMP_2019_ibdmdb","IBD",7.3,5.5
"After","MSM79HF9",0.0975853020138486,-0.06646123164385,"HMP_2019_ibdmdb","IBD",7.3,5.5
"After","MSM79HF3",0.161749349148827,-0.114304034030411,"HMP_2019_ibdmdb","IBD",7.3,5.5
"After","MSM9VZLP",-0.00757169978053986,-0.117709280304099,"HMP_2019_ibdmdb","IBD",7.3,5.5
"After","MSM9VZLR",0.0595124056643146,-0.100376155178428,"HMP_2019_ibdmdb","IBD",7.3,5.5
"After","MSMA26ET",0.195296667002205,-0.0069346825488887,"HMP_2019_ibdmdb","IBD",7.3,5.5
"After","MSM9VZLT",0.249043743114882,-0.0628641300313524,"HMP_2019_ibdmdb","IBD",7.3,5.5
"After","MSMA26EZ",0.214901377518922,-0.0383449613510245,"HMP_2019_ibdmdb","IBD",7.3,5.5
"After","MSM79HAJ",0.183313334955826,-0.127984957622637,"HMP_2019_ibdmdb","IBD",7.3,5.5
"After","MSM79HAT",0.0870312214122458,-0.101646677988813,"HMP_2019_ibdmdb","IBD",7.3,5.5
"After","MSMA2688",0.154859386309758,-0.0362301205622422,"HMP_2019_ibdmdb","IBD",7.3,5.5
"After","MSM79HAL",0.0348610133822768,-0.172784421224017,"HMP_2019_ibdmdb","IBD",7.3,5.5
"After","MSM9VZLV",0.238813110424282,-0.0453323885244844,"HMP_2019_ibdmdb","IBD",7.3,5.5
"After","MSM79HF5",-0.0102574100303847,-0.14530142604345,"HMP_2019_ibdmdb","IBD",7.3,5.5
"After","MSM9VZLN",-0.00794979392527681,-0.116101686525449,"HMP_2019_ibdmdb","IBD",7.3,5.5
"After","MSM79HAR",-0.00697479607335538,-0.163674067580636,"HMP_2019_ibdmdb","IBD",7.3,5.5
"After","MSM79HAN",0.120819305786646,-0.102907408206482,"HMP_2019_ibdmdb","IBD",7.3,5.5
"After","MSM9VZLL",-0.0263075078634035,-0.0803863345434484,"HMP_2019_ibdmdb","IBD",7.3,5.5
"After","MSM79HF7",0.0993146043472871,-0.110330811045139,"HMP_2019_ibdmdb","IBD",7.3,5.5
"After","MSM79HFB",0.107145538588031,-0.11100760344915,"HMP_2019_ibdmdb","IBD",7.3,5.5
"After","MSM79H9U_P",0.431531361615256,0.256384915177897,"HMP_2019_ibdmdb","IBD",7.3,5.5
"After","MSM79HBX_P",0.0306458459245046,-0.0108179679398213,"HMP_2019_ibdmdb","IBD",7.3,5.5
"After","MSM79HDO",-0.0381620130753243,-0.0347108412420904,"HMP_2019_ibdmdb","IBD",7.3,5.5
"After","MSM9VZEK_TR",0.0476004367280221,-0.019950816072336,"HMP_2019_ibdmdb","IBD",7.3,5.5
"After","MSMA26AN",-0.156377115777984,0.108591478079367,"HMP_2019_ibdmdb","IBD",7.3,5.5
"After","MSM79HDS",-0.216819570727252,-0.0323682812099304,"HMP_2019_ibdmdb","IBD",7.3,5.5
"After","MSM9VZEK",-0.289503508626088,-0.00280165449757825,"HMP_2019_ibdmdb","IBD",7.3,5.5
"After","MSM79HDQ_TR",-0.15481883262785,-0.0215431072940077,"HMP_2019_ibdmdb","IBD",7.3,5.5
"After","MSM79HDM",-0.231498729258692,-0.0380013417293185,"HMP_2019_ibdmdb","IBD",7.3,5.5
"After","MSMA26AR",-0.0390204541152965,0.0160477540543615,"HMP_2019_ibdmdb","IBD",7.3,5.5
"After","MSMA26AL",-0.138577531667854,0.042652645549942,"HMP_2019_ibdmdb","IBD",7.3,5.5
"After","MSM9VZES",-0.13748854889046,-0.0809438892386489,"HMP_2019_ibdmdb","IBD",7.3,5.5
"After","MSM7J16N",0.0718391159463245,-0.0250202058499041,"HMP_2019_ibdmdb","IBD",7.3,5.5
"After","MSM7J16J",-0.077430816033762,0.015310675782159,"HMP_2019_ibdmdb","IBD",7.3,5.5
"After","MSMA26AT",-0.148399079675911,0.0176096804909135,"HMP_2019_ibdmdb","IBD",7.3,5.5
"After","MSM9VZEM",-0.278707587044004,0.0198463214998686,"HMP_2019_ibdmdb","IBD",7.3,5.5
"After","MSM79HDQ",-0.158317920371789,-0.00611249608790385,"HMP_2019_ibdmdb","IBD",7.3,5.5
"After","MSM9VZJB",-0.290946659587952,0.0888412534645521,"HMP_2019_ibdmdb","IBD",7.3,5.5
"After","MSMA26AP",-0.205241767159529,0.136040973361977,"HMP_2019_ibdmdb","IBD",7.3,5.5
"After","MSM79HDK",-0.0296388707845591,-0.0484196700442085,"HMP_2019_ibdmdb","IBD",7.3,5.5
"After","MSM79HDU",-0.306125906461269,-0.0182040319985097,"HMP_2019_ibdmdb","IBD",7.3,5.5
"After","MSM9VZEO",-0.24869024079127,-0.0668426922965348,"HMP_2019_ibdmdb","IBD",7.3,5.5
"After","MSM7J16P",-0.1407970354317,0.0392710302549002,"HMP_2019_ibdmdb","IBD",7.3,5.5
"After","MSM9VZEQ",-0.339906207820707,0.0406999885825698,"HMP_2019_ibdmdb","IBD",7.3,5.5
"After","MSM7J16R",-0.167165178439834,0.0789526914294676,"HMP_2019_ibdmdb","IBD",7.3,5.5
"After","MSM7J16L",-0.231439506401316,0.180668597378649,"HMP_2019_ibdmdb","IBD",7.3,5.5
"After","MSM79H98",-0.263735137803485,-0.0329650410885412,"HMP_2019_ibdmdb","IBD",7.3,5.5
"After","MSM79HD8_P",0.136881832025943,0.0905092690607218,"HMP_2019_ibdmdb","IBD",7.3,5.5
"After","MSMA26EP",0.197950361134166,0.0689871371751464,"HMP_2019_ibdmdb","IBD",7.3,5.5
"After","MSMA26EH",0.196311728986477,0.0756700425542127,"HMP_2019_ibdmdb","IBD",7.3,5.5
"After","MSM79HBZ",0.26082087653122,0.0201189014846609,"HMP_2019_ibdmdb","IBD",7.3,5.5
"After","MSM9VZOU",0.237773802498864,-0.00295220005888778,"HMP_2019_ibdmdb","IBD",7.3,5.5
"After","MSMA26EN",0.276270507153204,-0.0405863094821626,"HMP_2019_ibdmdb","IBD",7.3,5.5
"After","MSMA26EL",0.241738645114918,-0.0179481455564845,"HMP_2019_ibdmdb","IBD",7.3,5.5
"After","MSM9VZF5",0.262394458079072,-0.0342507133786642,"HMP_2019_ibdmdb","IBD",7.3,5.5
"After","MSM79HDA",0.266299323996225,0.0068770640905504,"HMP_2019_ibdmdb","IBD",7.3,5.5
"After","MSM79HDG",0.281875073809516,-0.0455906669195803,"HMP_2019_ibdmdb","IBD",7.3,5.5
"After","MSM9VZOY",0.265768438698525,-0.0343665549733028,"HMP_2019_ibdmdb","IBD",7.3,5.5
"After","MSM9VZF1",0.276764927775387,-0.0396837533440576,"HMP_2019_ibdmdb","IBD",7.3,5.5
"After","MSMA26EJ",0.270642281749091,-0.00947395354725115,"HMP_2019_ibdmdb","IBD",7.3,5.5
"After","MSM9VZP3",0.208264293778798,0.0194136169659373,"HMP_2019_ibdmdb","IBD",7.3,5.5
"After","MSM79HDI",0.28949651545338,-0.0388021289608304,"HMP_2019_ibdmdb","IBD",7.3,5.5
"After","MSM9VZOS",0.219186015963173,0.0133803816815931,"HMP_2019_ibdmdb","IBD",7.3,5.5
"After","MSM79HDG_TR",0.278464241222592,-0.0443143550178602,"HMP_2019_ibdmdb","IBD",7.3,5.5
"After","MSM9VZP1",0.227798232697937,0.00678279577288764,"HMP_2019_ibdmdb","IBD",7.3,5.5
"After","MSM9VZEU",0.274586754125508,-0.0400005490871038,"HMP_2019_ibdmdb","IBD",7.3,5.5
"After","MSM9VZEW",0.251852165057299,-0.0298730644897206,"HMP_2019_ibdmdb","IBD",7.3,5.5
"After","MSM9VZF3",0.243354062548434,-0.0188162095682856,"HMP_2019_ibdmdb","IBD",7.3,5.5
"After","MSM79HDE",0.27893817506005,-0.0416873816991036,"HMP_2019_ibdmdb","IBD",7.3,5.5
"After","MSM79HDC",0.276576012933268,-0.0240529368659092,"HMP_2019_ibdmdb","IBD",7.3,5.5
"After","MSM9VZOW",0.224312787899272,-0.00322986298329264,"HMP_2019_ibdmdb","IBD",7.3,5.5
"After","MSM9VZEY",0.2434857920679,-0.0309081935324021,"HMP_2019_ibdmdb","IBD",7.3,5.5
"After","MSM79HD6_P",-0.223406874865885,0.081949996143001,"HMP_2019_ibdmdb","IBD",7.3,5.5
"After","MSMA26AX",-0.0791555134611458,-0.040206097368504,"HMP_2019_ibdmdb","IBD",7.3,5.5
"After","MSMA26AV",0.0592335407998113,-0.0683883468920722,"HMP_2019_ibdmdb","IBD",7.3,5.5
"After","MSMA26AZ_TR",-0.0734159640746243,-0.00215984797383393,"HMP_2019_ibdmdb","IBD",7.3,5.5
"After","MSM79H7M",-0.227852187709029,0.0628407359593709,"HMP_2019_ibdmdb","IBD",7.3,5.5
"After","MSMB4LZ4",0.136973139266767,-0.0320978774916663,"HMP_2019_ibdmdb","IBD",7.3,5.5
"After","MSMA26AZ",-0.0780649469231642,0.0190041765561536,"HMP_2019_ibdmdb","IBD",7.3,5.5
"After","MSM79H7E",-0.0833864505871369,0.0635649874612261,"HMP_2019_ibdmdb","IBD",7.3,5.5
"After","MSM79H7G",-0.218943601566845,0.0689727359433114,"HMP_2019_ibdmdb","IBD",7.3,5.5
"After","MSM79H7C",-0.144453657470599,0.0475005597571625,"HMP_2019_ibdmdb","IBD",7.3,5.5
"After","MSM79HCN_P",0.149731814675735,-0.239691219568787,"HMP_2019_ibdmdb","Healthy",7.3,5.5
"After","MSM9VZHL",0.256290012877512,-0.185764911255909,"HMP_2019_ibdmdb","Healthy",7.3,5.5
"After","MSM79HCR",0.165992199197045,-0.219612861651901,"HMP_2019_ibdmdb","Healthy",7.3,5.5
"After","MSM9VZOK",0.225665230614179,-0.228775223280774,"HMP_2019_ibdmdb","Healthy",7.3,5.5
"After","MSM9VZHT",0.244058430040638,-0.240553870766128,"HMP_2019_ibdmdb","Healthy",7.3,5.5
"After","MSM9VZOQ",0.189933112514505,-0.213699204666511,"HMP_2019_ibdmdb","Healthy",7.3,5.5
"After","MSM9VZHP",0.259611392321355,-0.215039050526626,"HMP_2019_ibdmdb","Healthy",7.3,5.5
"After","MSM9VZHJ",0.223134943163474,-0.236464479863417,"HMP_2019_ibdmdb","Healthy",7.3,5.5
"After","MSM79H89",0.179806195160465,-0.234615506933538,"HMP_2019_ibdmdb","Healthy",7.3,5.5
"After","MSM9VZOO",0.158249663554545,-0.211748111476466,"HMP_2019_ibdmdb","Healthy",7.3,5.5
"After","MSM79HCK",0.152030227764136,-0.231098165458718,"HMP_2019_ibdmdb","Healthy",7.3,5.5
"After","MSM9VZHR",0.261543640764024,-0.230840801569358,"HMP_2019_ibdmdb","Healthy",7.3,5.5
"After","MSM79H8B",0.174836895930323,-0.227754797490988,"HMP_2019_ibdmdb","Healthy",7.3,5.5
"After","MSM9VZOI",0.149532289914686,-0.217211808286996,"HMP_2019_ibdmdb","Healthy",7.3,5.5
"After","MSM79H81",0.198938287858353,-0.23561628714561,"HMP_2019_ibdmdb","Healthy",7.3,5.5
"After","MSM79HCI",0.15884451109248,-0.23738854510606,"HMP_2019_ibdmdb","Healthy",7.3,5.5
"After","MSM9VZOM",0.156366700226675,-0.224986181603937,"HMP_2019_ibdmdb","Healthy",7.3,5.5
"After","MSM79HCP",0.153389647634726,-0.234738734654109,"HMP_2019_ibdmdb","Healthy",7.3,5.5
"After","MSM9VZHN",0.231287664117652,-0.242887979250672,"HMP_2019_ibdmdb","Healthy",7.3,5.5
"After","MSM79H85",0.172236144314539,-0.227974747135315,"HMP_2019_ibdmdb","Healthy",7.3,5.5
"After","MSM79H87",0.155834332145241,-0.221992099232574,"HMP_2019_ibdmdb","Healthy",7.3,5.5
"After","MSM9VZOG",0.195590844173062,-0.197688697300629,"HMP_2019_ibdmdb","Healthy",7.3,5.5
"After","MSM79HCG",0.17420961366013,-0.226581659983972,"HMP_2019_ibdmdb","Healthy",7.3,5.5
"After","MSM79H83",0.177053668883054,-0.225385368748927,"HMP_2019_ibdmdb","Healthy",7.3,5.5
"After","MSM79H8J_P",0.117143175772467,-0.202011563954326,"HMP_2019_ibdmdb","Healthy",7.3,5.5
"After","MSM9VZGY",0.150991685632184,-0.223787405116326,"HMP_2019_ibdmdb","Healthy",7.3,5.5
"After","MSM9VZH7",0.221436569552997,-0.190790519546255,"HMP_2019_ibdmdb","Healthy",7.3,5.5
"After","MSM79H8H",0.110816551050245,-0.258494500468472,"HMP_2019_ibdmdb","Healthy",7.3,5.5
"After","MSM79H8L",-0.00693944946491992,-0.323131132349499,"HMP_2019_ibdmdb","Healthy",7.3,5.5
"After","MSM9VZGW",0.263512705226999,-0.152441373054606,"HMP_2019_ibdmdb","Healthy",7.3,5.5
"After","MSM79H8F",0.0222571229764709,-0.282076176551098,"HMP_2019_ibdmdb","Healthy",7.3,5.5
"After","MSMAPC7J",0.220671735682551,-0.189521636504543,"HMP_2019_ibdmdb","Healthy",7.3,5.5
"After","MSM79H8N",0.20013748739688,-0.168861625251076,"HMP_2019_ibdmdb","Healthy",7.3,5.5
"After","MSM79H8D",0.00523270207740899,-0.343628535486357,"HMP_2019_ibdmdb","Healthy",7.3,5.5
"After","MSM9VZJZ",0.141626354244985,-0.163096680163884,"HMP_2019_ibdmdb","Healthy",7.3,5.5
"After","MSM79H94_P",-0.275124608100591,0.224644099324057,"HMP_2019_ibdmdb","Healthy",7.3,5.5
"After","MSM9VZHZ",-0.177280912892154,0.196742915204632,"HMP_2019_ibdmdb","Healthy",7.3,5.5
"After","MSMB4LZC",-0.267772276197044,0.264633361133457,"HMP_2019_ibdmdb","Healthy",7.3,5.5
"After","MSM9VZME",-0.312117574751744,0.1995060255404,"HMP_2019_ibdmdb","Healthy",7.3,5.5
"After","MSMAPC7P",-0.234503614794914,0.240068376129737,"HMP_2019_ibdmdb","Healthy",7.3,5.5
"After","MSMAPC7R",-0.297440863132429,0.237458640580087,"HMP_2019_ibdmdb","Healthy",7.3,5.5
"After","MSMAPC7T",-0.262272528645628,0.144744145441181,"HMP_2019_ibdmdb","Healthy",7.3,5.5
"After","MSM9VZMA_TR",-0.304878800102308,0.202767601106244,"HMP_2019_ibdmdb","Healthy",7.3,5.5
"After","MSM9VZI2",-0.294951932103738,0.19146336211971,"HMP_2019_ibdmdb","Healthy",7.3,5.5
"After","MSM9VZHX",-0.31677327939996,0.262035847706023,"HMP_2019_ibdmdb","Healthy",7.3,5.5
"After","MSM9VZI6",-0.238997506864157,0.345766907480884,"HMP_2019_ibdmdb","Healthy",7.3,5.5
"After","MSM9VZMC",-0.286611161043489,0.236584033433859,"HMP_2019_ibdmdb","Healthy",7.3,5.5
"After","MSM9VZMA",-0.278473174892486,0.250128227722785,"HMP_2019_ibdmdb","Healthy",7.3,5.5
"After","MSM9VZMI",-0.30113375401429,0.289881275382823,"HMP_2019_ibdmdb","Healthy",7.3,5.5
"After","MSM9VZFJ_P",-0.263349513405139,0.0171515756694265,"HMP_2019_ibdmdb","Healthy",7.3,5.5
"After","MSMA26BV",0.0493187350232666,-0.0859111679227777,"HMP_2019_ibdmdb","Healthy",7.3,5.5
"After","MSMA26BR",-0.106724882942126,-0.0675214078234411,"HMP_2019_ibdmdb","Healthy",7.3,5.5
"After","MSM9VZKC",-0.092808066619086,-0.104603018129647,"HMP_2019_ibdmdb","Healthy",7.3,5.5
"After","MSM9VZFT",-0.147496627005242,-0.0285087012376753,"HMP_2019_ibdmdb","Healthy",7.3,5.5
"After","MSMA26BX",-0.177914984697885,-0.0548684919357732,"HMP_2019_ibdmdb","Healthy",7.3,5.5
"After","MSM9VZFN",-0.25188954834352,-0.00584162625576849,"HMP_2019_ibdmdb","Healthy",7.3,5.5
"After","MSM9VZFL",-0.252195944500963,-0.0153421863106455,"HMP_2019_ibdmdb","Healthy",7.3,5.5
"After","MSMB4LZ8",-0.0866919615650164,-0.00834857269636741,"HMP_2019_ibdmdb","Healthy",7.3,5.5
"After","MSM9VZKI",-0.218353206168946,-0.0351812597619767,"HMP_2019_ibdmdb","Healthy",7.3,5.5
"After","MSMA26BN",0.0458588057243414,-0.1051025051758,"HMP_2019_ibdmdb","Healthy",7.3,5.5
"After","MSM9VZFR",-0.314864076390068,0.0948692564591259,"HMP_2019_ibdmdb","Healthy",7.3,5.5
"After","MSM9VZKE",-0.227180351156941,-0.0050555402788004,"HMP_2019_ibdmdb","Healthy",7.3,5.5
"After","MSMA26BT",-0.230191127252659,0.0281422176314949,"HMP_2019_ibdmdb","Healthy",7.3,5.5
"After","MSM9VZN4_P",0.140177185876125,-0.13081585628759,"HMP_2019_ibdmdb","IBD",7.3,5.5
"After","MSM9VZLX_P",-0.27666397018064,0.12501121208643,"HMP_2019_ibdmdb","IBD",7.3,5.5
"After","MSM9VZLZ",0.180101354684155,0.0561026275486096,"HMP_2019_ibdmdb","IBD",7.3,5.5
"After","MSM9VZIO",-0.056755401955039,0.214507999587773,"HMP_2019_ibdmdb","IBD",7.3,5.5
"After","MSMAPC5B",-0.188953795875564,0.335413252292969,"HMP_2019_ibdmdb","IBD",7.3,5.5
"After","MSM9VZIM",-0.17674198539873,0.325774470521895,"HMP_2019_ibdmdb","IBD",7.3,5.5
"After","MSMAPC57",-0.106907426379467,0.265569199808713,"HMP_2019_ibdmdb","IBD",7.3,5.5
"After","MSMB4LZP",-0.147862536457539,0.290690917644651,"HMP_2019_ibdmdb","IBD",7.3,5.5
"After","MSMAPC59",0.0307476096973238,0.151033101807825,"HMP_2019_ibdmdb","IBD",7.3,5.5
"After","MSM9VZNR",-0.228060287330704,0.369627358186108,"HMP_2019_ibdmdb","IBD",7.3,5.5
"After","MSM9VZNZ",-0.0940445216600233,0.24795421599677,"HMP_2019_ibdmdb","IBD",7.3,5.5
"After","MSM9VZIW",-0.207647252907384,0.353471855154443,"HMP_2019_ibdmdb","IBD",7.3,5.5
"After","MSMAPC5D",-0.0745306888895378,0.224814112832336,"HMP_2019_ibdmdb","IBD",7.3,5.5
"After","MSM9VZIS",-0.217121239788023,0.374747818694828,"HMP_2019_ibdmdb","IBD",7.3,5.5
"After","MSMB4LZR",-0.2375416832334,0.381686089747747,"HMP_2019_ibdmdb","IBD",7.3,5.5
"After","MSMAPC55",0.0752130738488167,-0.190534293158515,"HMP_2019_ibdmdb","IBD",7.3,5.5
"After","MSM9VZIQ",-0.199838342461537,0.348320109357219,"HMP_2019_ibdmdb","IBD",7.3,5.5
"After","MSM9VZO2",-0.237149309740896,0.375069427915551,"HMP_2019_ibdmdb","IBD",7.3,5.5
"After","MSM9VZIU",-0.189647588996825,0.332174717543084,"HMP_2019_ibdmdb","IBD",7.3,5.5
"After","MSM9VZNX",-0.187340892058504,0.335174708048994,"HMP_2019_ibdmdb","IBD",7.3,5.5
"After","MSMB4LZV",0.222855429839604,-0.164783777321885,"HMP_2019_ibdmdb","Healthy",7.3,5.5
"After","MSMB4LZX",0.168946320956824,-0.164074880366067,"HMP_2019_ibdmdb","Healthy",7.3,5.5
"After","MSM9VZLD",0.118341383757671,-0.202846888058078,"HMP_2019_ibdmdb","Healthy",7.3,5.5
"After","MSM9VZLF",0.18143866337629,-0.184806867762128,"HMP_2019_ibdmdb","Healthy",7.3,5.5
"After","MSM9VZL7",0.122510772071993,-0.196549566629785,"HMP_2019_ibdmdb","Healthy",7.3,5.5
"After","MSMA26BD",0.115104007514369,-0.195778052662145,"HMP_2019_ibdmdb","Healthy",7.3,5.5
"After","MSM9VZLH",0.139492696432007,-0.195757990126082,"HMP_2019_ibdmdb","Healthy",7.3,5.5
"After","MSMAPC6O",0.137165793962919,-0.210944724102987,"HMP_2019_ibdmdb","Healthy",7.3,5.5
"After","MSMA26BH",0.0513322590344618,-0.209707958718232,"HMP_2019_ibdmdb","Healthy",7.3,5.5
"After","MSMA26BJ",0.18256405210106,-0.163775532273451,"HMP_2019_ibdmdb","Healthy",7.3,5.5
"After","MSM9VZMO",-0.0177455717886585,-0.256579543352448,"HMP_2019_ibdmdb","Healthy",7.3,5.5
"After","MSMA26BF",0.108822441604212,-0.215221081086334,"HMP_2019_ibdmdb","Healthy",7.3,5.5
"After","MSMAPC6M",0.148261092500926,-0.167622946808956,"HMP_2019_ibdmdb","Healthy",7.3,5.5
"After","MSM9VZMW",-0.0121826570920401,-0.247546900847854,"HMP_2019_ibdmdb","Healthy",7.3,5.5
"After","MSM9VZMS",-0.0146897950184118,-0.246937072835405,"HMP_2019_ibdmdb","Healthy",7.3,5.5
"After","MSMB4LZZ",0.0341032236950826,-0.198890740571645,"HMP_2019_ibdmdb","Healthy",7.3,5.5
"After","MSMA26BL",0.0631377318649034,-0.206638113610813,"HMP_2019_ibdmdb","Healthy",7.3,5.5
"After","MSM9VZL9",0.156483360723954,-0.176891893187939,"HMP_2019_ibdmdb","Healthy",7.3,5.5
"After","MSMAPC6K",0.106255780584871,-0.197871717264523,"HMP_2019_ibdmdb","Healthy",7.3,5.5
"After","MSMA26BB",0.114751719268844,-0.214355798502977,"HMP_2019_ibdmdb","Healthy",7.3,5.5
"After","MSM9VZMU",-0.0241163336318673,-0.254422680363033,"HMP_2019_ibdmdb","Healthy",7.3,5.5
"After","MSM9VZLB",0.110333718663077,-0.17700342336138,"HMP_2019_ibdmdb","Healthy",7.3,5.5
"After","MSM9VZMM",-0.223516193535626,-0.132275304557996,"HMP_2019_ibdmdb","Healthy",7.3,5.5
"After","MSM9VZM4_P",0.0241182290805799,-0.232392404323288,"HMP_2019_ibdmdb","IBD",7.3,5.5
"After","MSM9VZPN",0.0803253305176192,-0.221480544251444,"HMP_2019_ibdmdb","IBD",7.3,5.5
"After","MSMAPC6A",0.0240796913875375,-0.237203229210957,"HMP_2019_ibdmdb","IBD",7.3,5.5
"After","MSM9VZIY",0.0400469395046819,-0.24059606449958,"HMP_2019_ibdmdb","IBD",7.3,5.5
"After","MSMA26CV",0.00340763754657566,-0.243796171458538,"HMP_2019_ibdmdb","IBD",7.3,5.5
"After","MSMB4LYB",0.035592823353072,-0.226835637713939,"HMP_2019_ibdmdb","IBD",7.3,5.5
"After","MSM9VZPH",0.0234918686686428,-0.23132531306369,"HMP_2019_ibdmdb","IBD",7.3,5.5
"After","MSMAPC6C",-0.0152696795296151,-0.228752190739853,"HMP_2019_ibdmdb","IBD",7.3,5.5
"After","MSM9VZPL",0.107811087231741,-0.212015041955717,"HMP_2019_ibdmdb","IBD",7.3,5.5
"After","MSMAPC6E",0.00404709078854484,-0.23943446941969,"HMP_2019_ibdmdb","IBD",7.3,5.5
"After","MSMAPC6G",0.0401124398779556,-0.241364780897703,"HMP_2019_ibdmdb","IBD",7.3,5.5
"After","MSMA26CX",-0.0215989570997436,-0.217455714985208,"HMP_2019_ibdmdb","IBD",7.3,5.5
"After","MSMB4LXY",0.0575063033831893,-0.14650171582492,"HMP_2019_ibdmdb","IBD",7.3,5.5
"After","MSM9VZJ3",-0.0442770585782744,-0.220979754615665,"HMP_2019_ibdmdb","IBD",7.3,5.5
"After","MSM9VZJJ_P",-0.272283071681232,0.0397408341582594,"HMP_2019_ibdmdb","IBD",7.3,5.5
"After","MSM9VZJF_P",0.274129616302818,0.0151923566457813,"HMP_2019_ibdmdb","IBD",7.3,5.5
"After","MSMB4LXW",-0.0566506073331517,-0.0368285586478784,"HMP_2019_ibdmdb","Healthy",7.3,5.5
"After","MSMA26DG",0.0505380386828551,-0.127990626772522,"HMP_2019_ibdmdb","Healthy",7.3,5.5
"After","MSMAPC5H",-0.142365096542839,-0.171796733664164,"HMP_2019_ibdmdb","Healthy",7.3,5.5
"After","MSMB4LXS",-0.0707905669487112,0.140360052735505,"HMP_2019_ibdmdb","Healthy",7.3,5.5
"After","MSMAPC5L",-0.110852519428198,-0.159586754109303,"HMP_2019_ibdmdb","Healthy",7.3,5.5
"After","MSMA26DI",0.0505548074561119,-0.102596644924534,"HMP_2019_ibdmdb","Healthy",7.3,5.5
"After","MSMB4LZK",-0.114696638626749,-0.05260379180429,"HMP_2019_ibdmdb","Healthy",7.3,5.5
"After","MSMA26DM",-0.13141616784601,-0.0276981452847782,"HMP_2019_ibdmdb","Healthy",7.3,5.5
"After","MSMA26DO",-0.0965116678314928,0.0191936947009655,"HMP_2019_ibdmdb","Healthy",7.3,5.5
"After","MSMA26DK",-0.0731354945221406,-0.132611960623039,"HMP_2019_ibdmdb","Healthy",7.3,5.5
"After","MSM9VZL5",-0.047994353972991,-0.0861185950575605,"HMP_2019_ibdmdb","Healthy",7.3,5.5
"After","MSMAPC66",0.11904396687943,-0.0772464043797767,"HMP_2019_ibdmdb","IBD",7.3,5.5
"After","MSMAPC64",0.173284230781302,-0.0554968881506451,"HMP_2019_ibdmdb","IBD",7.3,5.5
"After","MSMB4LYH",0.154734959345366,-0.0913492937753443,"HMP_2019_ibdmdb","IBD",7.3,5.5
"After","MSMA2684",0.0719528687299815,-0.0937463885619166,"HMP_2019_ibdmdb","IBD",7.3,5.5
"After","MSMA267X",0.0871658389566007,-0.112387344405144,"HMP_2019_ibdmdb","IBD",7.3,5.5
"After","MSMAPC5Z",0.0911683910677277,-0.114967194106882,"HMP_2019_ibdmdb","IBD",7.3,5.5
"After","MSMA267V",0.176023405757573,-0.0685129085778113,"HMP_2019_ibdmdb","IBD",7.3,5.5
"After","PSM6XBQM_P",-0.14607258227921,-0.0381881398005882,"HMP_2019_ibdmdb","IBD",7.3,5.5
"After","PSM6XBQY",-0.078789596504197,-0.123931650585942,"HMP_2019_ibdmdb","IBD",7.3,5.5
"After","PSM6XBQY_TR",-0.112903174761626,-0.15558078268338,"HMP_2019_ibdmdb","IBD",7.3,5.5
"After","PSM6XBT1",-0.128210599384198,-0.125322243471153,"HMP_2019_ibdmdb","IBD",7.3,5.5
"After","PSM7J13E",-0.0479140768276966,-0.0417782925815252,"HMP_2019_ibdmdb","IBD",7.3,5.5
"After","PSM6XBQS",-0.278524738197208,-0.010169378045096,"HMP_2019_ibdmdb","IBD",7.3,5.5
"After","PSM6XBSU",-0.204144360942877,-0.104059939863533,"HMP_2019_ibdmdb","IBD",7.3,5.5
"After","PSM7J136",-0.0898697194736087,-0.19083789580487,"HMP_2019_ibdmdb","IBD",7.3,5.5
"After","PSM6XBQU",-0.0523998069445865,-0.207831625289574,"HMP_2019_ibdmdb","IBD",7.3,5.5
"After","PSM6XBR1",-0.172108686853961,-0.120057973415277,"HMP_2019_ibdmdb","IBD",7.3,5.5
"After","PSM7J1CC",-0.130480398265375,-0.108817137940027,"HMP_2019_ibdmdb","IBD",7.3,5.5
"After","PSM7J1CI",-0.189075321869198,-0.0355302563861813,"HMP_2019_ibdmdb","IBD",7.3,5.5
"After","PSM7J1CG",-0.181330229293042,-0.139141684143894,"HMP_2019_ibdmdb","IBD",7.3,5.5
"After","PSM7J1C8",-0.212078147460359,-0.0874460138093889,"HMP_2019_ibdmdb","IBD",7.3,5.5
"After","PSM6XBSS",-0.139534634472356,-0.143228368838766,"HMP_2019_ibdmdb","IBD",7.3,5.5
"After","PSM7J13U_P",-0.000105763360895097,-0.284654482701232,"HMP_2019_ibdmdb","IBD",7.3,5.5
"After","PSM7J1CS_P",0.0135774391908421,-0.322102409462412,"HMP_2019_ibdmdb","IBD",7.3,5.5
"After","PSM6XBSC_P",-0.042604598178235,0.00725478818576256,"HMP_2019_ibdmdb","IBD",7.3,5.5
"After","PSM7J1CK_P",-0.213630699957935,0.0475510593971894,"HMP_2019_ibdmdb","IBD",7.3,5.5
"After","PSM6XBTF_P",-0.195039058747045,0.0580042370224512,"HMP_2019_ibdmdb","IBD",7.3,5.5
"After","PSM7J13Y_P",-0.0403488952822572,-0.255418476195009,"HMP_2019_ibdmdb","IBD",7.3,5.5
"After","PSM6XBTH_P",-0.0990461885317042,-0.0128135355196205,"HMP_2019_ibdmdb","IBD",7.3,5.5
"After","PSM7J143_P",-0.0135500353512064,-0.329480130707742,"HMP_2019_ibdmdb","IBD",7.3,5.5
"After","PSM6XBTN_P",-0.0811174557160166,-0.145482195476658,"HMP_2019_ibdmdb","IBD",7.3,5.5
"After","PSM6XBS2_P",-0.159012088141519,-0.00355015661722765,"HMP_2019_ibdmdb","IBD",7.3,5.5
"After","PSM6XBS4_P",0.118831552839149,0.0151095890095191,"HMP_2019_ibdmdb","IBD",7.3,5.5
"After","PSM6XBRK_P",-0.249601423499537,0.0677190563459574,"HMP_2019_ibdmdb","IBD",7.3,5.5
"After","PSM6XBRK_TR",-0.209928617002747,0.0828757379350848,"HMP_2019_ibdmdb","IBD",7.3,5.5
"After","PSM6XBRK",-0.242756688297851,0.0874373085087205,"HMP_2019_ibdmdb","IBD",7.3,5.5
"After","PSM6XBS8",-0.227513101578508,0.099971479765892,"HMP_2019_ibdmdb","IBD",7.3,5.5
"After","PSM6XBSA",0.0175344521546699,-0.0238715978586126,"HMP_2019_ibdmdb","IBD",7.3,5.5
"After","PSM7J1CU",0.197409376615707,-0.213164990585976,"HMP_2019_ibdmdb","IBD",7.3,5.5
"After","PSM7J13Y",-0.0333955511360456,-0.260751432217706,"HMP_2019_ibdmdb","IBD",7.3,5.5
"After","PSM6XBTP",-0.11233443486572,0.0619513871437439,"HMP_2019_ibdmdb","IBD",7.3,5.5
"After","PSM6XBS4",0.116485597023193,0.0225285678957958,"HMP_2019_ibdmdb","IBD",7.3,5.5
"After","PSM6XBTL",-0.165454693375058,0.110177799700975,"HMP_2019_ibdmdb","IBD",7.3,5.5
"After","PSM7J141",0.0155779948058633,-0.279077586854389,"HMP_2019_ibdmdb","IBD",7.3,5.5
"After","PSM6XBRM_P",-0.214899288968269,0.0213652101672067,"HMP_2019_ibdmdb","IBD",7.3,5.5
"After","PSM6XBUI",-0.0150027143095554,-0.100388390024665,"HMP_2019_ibdmdb","IBD",7.3,5.5
"After","PSM6XBSO",-0.149651408949614,0.0452624989551466,"HMP_2019_ibdmdb","IBD",7.3,5.5
"After","PSM6XBV2",-0.182512794869701,0.0406585140462532,"HMP_2019_ibdmdb","IBD",7.3,5.5
"After","PSM7J14T",0.109135778492618,0.0167870914629804,"HMP_2019_ibdmdb","IBD",7.3,5.5
"After","PSM6XBSM",-0.0232690828733418,-0.0257511021663553,"HMP_2019_ibdmdb","IBD",7.3,5.5
"After","PSM7J18M",-0.11132435071004,0.0336612691640549,"HMP_2019_ibdmdb","IBD",7.3,5.5
"After","PSM6XBUG",-0.0114194424941132,-0.00392205804551725,"HMP_2019_ibdmdb","IBD",7.3,5.5
"After","PSM7J14L",0.188853910503841,0.0641406267453446,"HMP_2019_ibdmdb","IBD",7.3,5.5
"After","PSM6XBV4",-0.320268146608335,0.216134557280257,"HMP_2019_ibdmdb","IBD",7.3,5.5
"After","PSM6XBSI",-0.159285748539645,-0.13074869602191,"HMP_2019_ibdmdb","IBD",7.3,5.5
"After","PSM6XBSK",-0.100840778994278,0.0734611903899743,"HMP_2019_ibdmdb","IBD",7.3,5.5
"After","PSM7J14N",0.234004912107422,-0.00309308084559821,"HMP_2019_ibdmdb","IBD",7.3,5.5
"After","PSM7J18K",-0.195481153454897,0.181947688056549,"HMP_2019_ibdmdb","IBD",7.3,5.5
"After","PSM6XBUO",-0.0337355699590948,-0.0720983845881509,"HMP_2019_ibdmdb","IBD",7.3,5.5
"After","PSM7J14P",-0.0657012029100063,0.0282321394144217,"HMP_2019_ibdmdb","IBD",7.3,5.5
"After","PSM6XBUM",-0.106864469283727,-0.0471975681291159,"HMP_2019_ibdmdb","IBD",7.3,5.5
"After","PSM7J18I",0.0887677911459405,0.0426166036225737,"HMP_2019_ibdmdb","IBD",7.3,5.5
"After","PSM7J18G",0.0136290071333986,0.0435200177958228,"HMP_2019_ibdmdb","IBD",7.3,5.5
"After","PSM6XBUK",-0.0548176854796231,-0.136729354002528,"HMP_2019_ibdmdb","IBD",7.3,5.5
"After","PSM7J18E",0.0230984004439185,-0.0470951793443909,"HMP_2019_ibdmdb","IBD",7.3,5.5
"After","PSM6XBUQ",-0.0986171680757397,-0.0378655979506203,"HMP_2019_ibdmdb","IBD",7.3,5.5
"After","PSM7J14R",0.0434263291901844,0.0111808691363278,"HMP_2019_ibdmdb","IBD",7.3,5.5
"After","PSM6XBSE_P",-0.0928480601019608,0.194694105246889,"HMP_2019_ibdmdb","IBD",7.3,5.5
"After","PSM6XBSE",-0.0110201422377581,0.1884522285936,"HMP_2019_ibdmdb","IBD",7.3,5.5
"After","PSM7J1BD",-0.0772572729761746,-0.00653982983801394,"HMP_2019_ibdmdb","IBD",7.3,5.5
"After","PSM6XBVO",-0.278002167895073,0.148944122750219,"HMP_2019_ibdmdb","IBD",7.3,5.5
"After","PSM6XBVM",-0.234330168456806,0.254434765273868,"HMP_2019_ibdmdb","IBD",7.3,5.5
"After","PSM6XBVK",-0.239681781953284,0.328885860500747,"HMP_2019_ibdmdb","IBD",7.3,5.5
"After","PSM7J1B9",-0.239356885001533,0.205861897029673,"HMP_2019_ibdmdb","IBD",7.3,5.5
"After","PSM7J1B7",-0.321284249163204,0.110213483112827,"HMP_2019_ibdmdb","IBD",7.3,5.5
"After","PSM6XBVI",-0.263022868223765,0.210520007342599,"HMP_2019_ibdmdb","IBD",7.3,5.5
"After","PSM7J18Q",-0.227009831239662,0.166640185889808,"HMP_2019_ibdmdb","IBD",7.3,5.5
"After","PSM7J1BF",-0.074365710572874,0.0238607683299142,"HMP_2019_ibdmdb","IBD",7.3,5.5
"After","PSM6XBVS",-0.243230251081498,0.19706460529394,"HMP_2019_ibdmdb","IBD",7.3,5.5
"After","PSM7J1BB",-0.162389815535684,0.181375221679984,"HMP_2019_ibdmdb","IBD",7.3,5.5
"After","PSM6XBVQ",-0.190139232305353,0.245728075242083,"HMP_2019_ibdmdb","IBD",7.3,5.5
"After","PSM6XBSG_P",-0.0470636212789349,0.163038740068092,"HMP_2019_ibdmdb","IBD",7.3,5.5
"After","PSM7J16H",0.180539282351586,0.0585330267772368,"HMP_2019_ibdmdb","IBD",7.3,5.5
"After","PSM7J16B",0.174177439926935,0.0630621363118555,"HMP_2019_ibdmdb","IBD",7.3,5.5
"After","PSM6XBT9",-0.111239249626821,0.199377666149742,"HMP_2019_ibdmdb","IBD",7.3,5.5
"After","PSM6XBT5",-0.265476719550041,0.28351767832968,"HMP_2019_ibdmdb","IBD",7.3,5.5
"After","PSM6XBT3",-0.141135069668843,0.154223053157664,"HMP_2019_ibdmdb","IBD",7.3,5.5
"After","PSM6XBT7",-0.141760909638356,0.194219995700183,"HMP_2019_ibdmdb","IBD",7.3,5.5
"After","PSM7J12F",-0.264390249748438,0.273507902771057,"HMP_2019_ibdmdb","IBD",7.3,5.5
"After","PSM7J1AM",-0.0943534285217643,0.142861351021789,"HMP_2019_ibdmdb","IBD",7.3,5.5
"After","PSM6XBTB",-0.234627190559008,0.264693658236828,"HMP_2019_ibdmdb","IBD",7.3,5.5
"After","PSM7J1AO",-0.2016140041831,0.240288746414891,"HMP_2019_ibdmdb","IBD",7.3,5.5
"After","PSM7J169",-0.12791499778404,0.19667991185213,"HMP_2019_ibdmdb","IBD",7.3,5.5
"After","PSM7J16F",-0.194253438998953,0.225470097578966,"HMP_2019_ibdmdb","IBD",7.3,5.5
"After","PSM7J1AU",-0.215327644789379,0.236198746588975,"HMP_2019_ibdmdb","IBD",7.3,5.5
"After","PSM7J1AQ",-0.21388742159152,0.248569506805144,"HMP_2019_ibdmdb","IBD",7.3,5.5
"After","PSM7J12D",-0.222429086751337,0.227013260943566,"HMP_2019_ibdmdb","IBD",7.3,5.5
"After","PSM7J193",-0.187729352456624,0.207967045740845,"HMP_2019_ibdmdb","IBD",7.3,5.5
"After","PSM7J1AS",-0.209081881491714,0.231400046315908,"HMP_2019_ibdmdb","IBD",7.3,5.5
"After","PSM7J12B",-0.238666690708238,0.253013162938266,"HMP_2019_ibdmdb","IBD",7.3,5.5
"After","PSM7J127",-0.156613868376458,0.18357496845338,"HMP_2019_ibdmdb","IBD",7.3,5.5
"After","PSM6XBTZ_P",-0.272728673687625,-0.0759285545769479,"HMP_2019_ibdmdb","Healthy",7.3,5.5
"After","PSM7J1DF",-0.0995004457663869,-0.134812781409992,"HMP_2019_ibdmdb","Healthy",7.3,5.5
"After","PSM6XBTX",-0.220126487439578,-0.0578535463505432,"HMP_2019_ibdmdb","Healthy",7.3,5.5
"After","PSM7J14X",0.122170349252565,-0.134997656269865,"HMP_2019_ibdmdb","Healthy",7.3,5.5
"After","PSM7J156",0.113816963184705,-0.119954712447104,"HMP_2019_ibdmdb","Healthy",7.3,5.5
"After","PSM7J1DL",-0.0853055178584537,-0.234767971135556,"HMP_2019_ibdmdb","Healthy",7.3,5.5
"After","PSM6XBU2",-0.235572997947765,0.0606940442742299,"HMP_2019_ibdmdb","Healthy",7.3,5.5
"After","PSM7J154",0.0110785778023847,-0.132908413247987,"HMP_2019_ibdmdb","Healthy",7.3,5.5
"After","PSM6XBTT",-0.194107305400394,0.0290535705170395,"HMP_2019_ibdmdb","Healthy",7.3,5.5
"After","PSM6XBTR",-0.318846382532279,0.0353760914310578,"HMP_2019_ibdmdb","Healthy",7.3,5.5
"After","PSM6XBVY_P",-0.10813625348698,-0.0204221770001965,"HMP_2019_ibdmdb","IBD",7.3,5.5
"After","PSM7J19F",-0.25701283193678,0.124505441404897,"HMP_2019_ibdmdb","IBD",7.3,5.5
"After","PSM7J19H",-0.227930599090924,0.0124570370914775,"HMP_2019_ibdmdb","IBD",7.3,5.5
"After","PSMA265N",-0.170274279093921,-0.0886011843316372,"HMP_2019_ibdmdb","IBD",7.3,5.5
"After","PSM7J15I",-0.148812715576328,-0.0740933252724483,"HMP_2019_ibdmdb","IBD",7.3,5.5
"After","PSM7J17T",-0.0897621083603771,-0.181759782560455,"HMP_2019_ibdmdb","IBD",7.3,5.5
"After","PSM7J15A",-0.0948126196740975,-0.184327611283211,"HMP_2019_ibdmdb","IBD",7.3,5.5
"After","PSM7J158",-0.152329833786664,-0.189674143581694,"HMP_2019_ibdmdb","IBD",7.3,5.5
"After","PSM7J15G",-0.0698724206256511,0.0262445889868805,"HMP_2019_ibdmdb","IBD",7.3,5.5
"After","PSMA265T",-0.183055210239328,0.081864813438457,"HMP_2019_ibdmdb","IBD",7.3,5.5
"After","PSM7J19J",-0.132734464049936,-0.111863047019514,"HMP_2019_ibdmdb","IBD",7.3,5.5
"After","PSM7J17L",-0.109640487922443,-0.0471095102992444,"HMP_2019_ibdmdb","IBD",7.3,5.5
"After","PSM7J19B",-0.323405115594498,0.0120226163097554,"HMP_2019_ibdmdb","IBD",7.3,5.5
"After","PSM7J199",-0.274993037843608,-0.0801458053280222,"HMP_2019_ibdmdb","IBD",7.3,5.5
"After","PSM6XBW1_P",0.23212858931511,0.197211629735183,"HMP_2019_ibdmdb","Healthy",7.3,5.5
"After","PSM7J171",0.360884364957244,0.256327315783349,"HMP_2019_ibdmdb","Healthy",7.3,5.5
"After","PSM7J16U",0.284419558945202,0.367751314754503,"HMP_2019_ibdmdb","Healthy",7.3,5.5
"After","PSM7J19R",0.10891591686896,-0.0210242319410033,"HMP_2019_ibdmdb","Healthy",7.3,5.5
"After","PSM7J16Y",-0.092089845454192,-0.0497276738398839,"HMP_2019_ibdmdb","Healthy",7.3,5.5
"After","PSM7J16W",0.398895829099544,0.226641351923342,"HMP_2019_ibdmdb","Healthy",7.3,5.5
"After","PSM7J19N",0.29492505038358,0.174962161941162,"HMP_2019_ibdmdb","Healthy",7.3,5.5
"After","PSM7J173",0.263312671315388,0.227166145297337,"HMP_2019_ibdmdb","Healthy",7.3,5.5
"After","PSM7J19T",0.332736792124679,0.259685122270972,"HMP_2019_ibdmdb","Healthy",7.3,5.5
"After","PSM7J19P",0.387185151952649,0.207384819132754,"HMP_2019_ibdmdb","Healthy",7.3,5.5
"After","PSM7J19X_P",0.183155084421236,0.0511390533952605,"HMP_2019_ibdmdb","Healthy",7.3,5.5
"After","PSM7J17X",0.203388767350859,0.0636596715571536,"HMP_2019_ibdmdb","Healthy",7.3,5.5
"After","PSM6XBW3",0.198467699247294,0.0730617392591583,"HMP_2019_ibdmdb","Healthy",7.3,5.5
"After","PSM7J19Z",0.198907152081875,0.0473830928485974,"HMP_2019_ibdmdb","Healthy",7.3,5.5
"After","PSM7J15U",0.272480678418758,-0.00234278796704583,"HMP_2019_ibdmdb","Healthy",7.3,5.5
"After","PSM7J15M",0.265319877104229,-0.00157796842479134,"HMP_2019_ibdmdb","Healthy",7.3,5.5
"After","PSM7J1A6",0.197218488041171,0.0679645068340111,"HMP_2019_ibdmdb","Healthy",7.3,5.5
"After","PSM7J1A2",0.198898636477314,0.0497122250602192,"HMP_2019_ibdmdb","Healthy",7.3,5.5
"After","PSMA265H",0.268366964830298,-0.00807277832256208,"HMP_2019_ibdmdb","Healthy",7.3,5.5
"After","PSM7J1A4",0.188616561356773,0.0517764355321555,"HMP_2019_ibdmdb","Healthy",7.3,5.5
"After","PSM7J15O",0.263001749777877,0.00216697425273623,"HMP_2019_ibdmdb","Healthy",7.3,5.5
"After","PSM7J15K",0.268057362375008,-0.000368777863065596,"HMP_2019_ibdmdb","Healthy",7.3,5.5
"After","PSMA265F",0.257365238593315,-0.0118163477777042,"HMP_2019_ibdmdb","Healthy",7.3,5.5
"After","PSM7J17V",0.208076400755425,0.0684697978485185,"HMP_2019_ibdmdb","Healthy",7.3,5.5
"After","PSM7J15Q",0.261492969882485,0.0112439667826141,"HMP_2019_ibdmdb","Healthy",7.3,5.5
"After","PSM7J186",0.26217469221126,0.000207712691428944,"HMP_2019_ibdmdb","Healthy",7.3,5.5
"After","PSM7J15S",0.26098494164917,0.00970291054336063,"HMP_2019_ibdmdb","Healthy",7.3,5.5
"After","PSM7J17Z",0.263468541700175,-0.000471462064736951,"HMP_2019_ibdmdb","Healthy",7.3,5.5
"After","PSMA265D",0.278179071121209,-0.00317969050632599,"HMP_2019_ibdmdb","Healthy",7.3,5.5
"After","PSMA265L",0.278286210982483,-0.0164057938222959,"HMP_2019_ibdmdb","Healthy",7.3,5.5
"After","PSM7J184",0.264301471922266,-0.00247877883280105,"HMP_2019_ibdmdb","Healthy",7.3,5.5
"After","PSM7J1A8",0.209861116687837,0.0723824956970374,"HMP_2019_ibdmdb","Healthy",7.3,5.5
"After","PSM7J182",0.260334899719529,0.00437486286178722,"HMP_2019_ibdmdb","Healthy",7.3,5.5
"After","PSMA265J",0.295849590586341,-0.0233274699198903,"HMP_2019_ibdmdb","Healthy",7.3,5.5
"After","PSMA265J_TR",0.295849590586341,-0.0233274699198903,"HMP_2019_ibdmdb","Healthy",7.3,5.5
"After","PSM7J1BN_P",0.162360145607425,0.0485221101201163,"HMP_2019_ibdmdb","IBD",7.3,5.5
"After","PSM7J1BL",0.199215929010758,0.0620320423826781,"HMP_2019_ibdmdb","IBD",7.3,5.5
"After","PSM7J1BJ",0.194273332656371,0.0635762273504383,"HMP_2019_ibdmdb","IBD",7.3,5.5
"After","PSM7J1BP",0.204782423027647,0.0645385132571653,"HMP_2019_ibdmdb","IBD",7.3,5.5
"After","PSM7J1BR",0.143538737488,0.0397638934886029,"HMP_2019_ibdmdb","IBD",7.3,5.5
"After","PSMA263W",0.106371171165485,0.0226735509098039,"HMP_2019_ibdmdb","IBD",7.3,5.5
"After","PSM7J12J",0.139536057409916,0.0358948347479013,"HMP_2019_ibdmdb","IBD",7.3,5.5
"After","PSMA263U",0.12576293701648,0.0306612072147399,"HMP_2019_ibdmdb","IBD",7.3,5.5
"After","PSMA263S",0.11014908572787,0.0233382927243792,"HMP_2019_ibdmdb","IBD",7.3,5.5
"After","PSM7J12R",0.107422301010953,0.0220386965088533,"HMP_2019_ibdmdb","IBD",7.3,5.5
"After","PSMA263M",0.114291769570178,0.0225248594933031,"HMP_2019_ibdmdb","IBD",7.3,5.5
"After","PSM7J1C2_P",-0.102967080140874,-0.225616306208664,"HMP_2019_ibdmdb","IBD",7.3,5.5
"After","PSM7J1BX",-0.0925885027457549,-0.0405865886293968,"HMP_2019_ibdmdb","IBD",7.3,5.5
"After","PSM7J1C4",-0.0626455702387192,-0.0506666027940399,"HMP_2019_ibdmdb","IBD",7.3,5.5
"After","PSM7J1BV",-0.120524248888556,-0.0295544930523201,"HMP_2019_ibdmdb","IBD",7.3,5.5
"After","PSM7J12V",0.0229886230532562,-0.0876718293386162,"HMP_2019_ibdmdb","IBD",7.3,5.5
"After","PSMA264K",-0.0161137979194131,0.017993870229012,"HMP_2019_ibdmdb","IBD",7.3,5.5
"After","PSM7J12Z",0.0439554319637717,-0.122980121395151,"HMP_2019_ibdmdb","IBD",7.3,5.5
"After","PSM7J1B3_P",0.145977270598661,0.167573610152047,"HMP_2019_ibdmdb","IBD",7.3,5.5
"After","PSM7J17F",0.17951275155779,0.0577361194616291,"HMP_2019_ibdmdb","IBD",7.3,5.5
"After","PSM7J17D",0.169049357933597,0.0492862852798222,"HMP_2019_ibdmdb","IBD",7.3,5.5
"After","PSM7J179",0.316499088821683,0.200367342338816,"HMP_2019_ibdmdb","IBD",7.3,5.5
"After","PSM7J17B",0.171974137750714,0.0480062472712096,"HMP_2019_ibdmdb","IBD",7.3,5.5
"After","PSM7J15W",-0.144261606097817,0.0508478098879865,"HMP_2019_ibdmdb","IBD",7.3,5.5
"After","PSM7J163",0.197544918108071,0.071749483597016,"HMP_2019_ibdmdb","IBD",7.3,5.5
"After","PSMA2668",0.18536736103653,0.0611555731810071,"HMP_2019_ibdmdb","IBD",7.3,5.5
"After","PSM7J161",0.196353566301567,0.0707035494024252,"HMP_2019_ibdmdb","IBD",7.3,5.5
"After","PSMA2651_P",-0.0240417896337284,-0.354224233796978,"HMP_2019_ibdmdb","IBD",7.3,5.5
"After","PSM7J13K",-0.0581120846784541,-0.286723827784453,"HMP_2019_ibdmdb","IBD",7.3,5.5
"After","PSMA265B",-0.0357264470862634,-0.355117867058204,"HMP_2019_ibdmdb","IBD",7.3,5.5
"After","PSMA2653",0.0257153244846121,-0.323649544293171,"HMP_2019_ibdmdb","IBD",7.3,5.5
"After","PSM7J13I",-0.0801601158953786,-0.327099523130648,"HMP_2019_ibdmdb","IBD",7.3,5.5
"After","PSMA267H",-0.0323951739111633,-0.356090583900184,"HMP_2019_ibdmdb","IBD",7.3,5.5
"After","PSM7J13M",-0.0610409201426128,-0.354726253469092,"HMP_2019_ibdmdb","IBD",7.3,5.5
"After","PSMA2659",-0.0146186825719513,-0.344823065556852,"HMP_2019_ibdmdb","IBD",7.3,5.5
"After","PSMA267F",-0.0453133708898395,-0.355419184763011,"HMP_2019_ibdmdb","IBD",7.3,5.5
"After","PSMA267D",-0.021317440264109,-0.340428519534141,"HMP_2019_ibdmdb","IBD",7.3,5.5
"After","PSM7J13Q",-0.0781948191549876,-0.34866219478259,"HMP_2019_ibdmdb","IBD",7.3,5.5
"After","PSMB4MC7",0.271869798489951,0.190236402430698,"HMP_2019_ibdmdb","IBD",7.3,5.5
"After","PSMA264Q",0.237350459618727,0.283667269322779,"HMP_2019_ibdmdb","IBD",7.3,5.5
"After","PSMB4MBK",0.202158970329272,-0.00307793451528104,"HMP_2019_ibdmdb","IBD",7.3,5.5
"After","PSMA264S",0.346821879641149,0.281478806980836,"HMP_2019_ibdmdb","IBD",7.3,5.5
"After","PSMA264O",0.33035908191838,0.270298023019203,"HMP_2019_ibdmdb","IBD",7.3,5.5
"After","PSMA264W",0.311419747874875,0.194732931601002,"HMP_2019_ibdmdb","IBD",7.3,5.5
"After","PSMA267R",0.440686299179018,0.268740589570533,"HMP_2019_ibdmdb","IBD",7.3,5.5
"After","PSMA264U",0.3320223523221,0.253086262583454,"HMP_2019_ibdmdb","IBD",7.3,5.5
"After","PSMB4MBI",0.431666577820936,0.254431266088174,"HMP_2019_ibdmdb","IBD",7.3,5.5
"After","PSMA267P",0.311581611492952,0.233408667802313,"HMP_2019_ibdmdb","IBD",7.3,5.5
"After","PSMA267J",0.323149537344245,0.226616777363983,"HMP_2019_ibdmdb","IBD",7.3,5.5
"After","PSM7J4EF",0.143683604498987,-0.230173551314598,"HMP_2019_ibdmdb","IBD",7.3,5.5
"After","PSMA266Q",0.0403427082704418,-0.343434389757958,"HMP_2019_ibdmdb","IBD",7.3,5.5
"After","PSMA269G",0.0824440158777387,-0.249120916797402,"HMP_2019_ibdmdb","IBD",7.3,5.5
"After","PSMA266O",0.0116652887468445,-0.336862257532814,"HMP_2019_ibdmdb","IBD",7.3,5.5
"After","PSMA266I",0.00478544501526632,-0.369979040104139,"HMP_2019_ibdmdb","IBD",7.3,5.5
"After","PSMB4MBS",0.030914938206616,-0.322472689136702,"HMP_2019_ibdmdb","IBD",7.3,5.5
"After","PSMA266M",0.0328224820736672,-0.329057170675764,"HMP_2019_ibdmdb","IBD",7.3,5.5
"After","PSMA269O",0.0260962382647051,-0.372397081668566,"HMP_2019_ibdmdb","IBD",7.3,5.5
"After","PSMA266U",-0.00846407655720844,0.0968313712271091,"HMP_2019_ibdmdb","IBD",7.3,5.5
"After","PSMB4MC5",-0.0881222904954673,0.188027941083249,"HMP_2019_ibdmdb","IBD",7.3,5.5
"After","PSMB4MC3",-0.282132614367018,0.124431230847715,"HMP_2019_ibdmdb","IBD",7.3,5.5
"After","PSMA269S",-0.1271933894579,0.0251724637363972,"HMP_2019_ibdmdb","IBD",7.3,5.5
"After","PSMA2671",-0.187601039736178,0.111676475933155,"HMP_2019_ibdmdb","IBD",7.3,5.5
"After","PSMA266Y",-0.227678338258652,0.203719229362124,"HMP_2019_ibdmdb","IBD",7.3,5.5
"After","PSMA26A3",-0.142588013560204,0.0959837063260376,"HMP_2019_ibdmdb","IBD",7.3,5.5
"After","PSMA2675",-0.0766508156687841,-0.0124900591514436,"HMP_2019_ibdmdb","IBD",7.3,5.5
"After","PSMA269W",-0.1446997991642,0.0362752459183685,"HMP_2019_ibdmdb","IBD",7.3,5.5
"After","PSMA265X",-0.259279140961425,0.103010992238692,"HMP_2019_ibdmdb","IBD",7.3,5.5
"After","PSMA26A1",-0.177297724316781,-0.0348207358967964,"HMP_2019_ibdmdb","IBD",7.3,5.5
"After","PSMB4MC1",-0.239813194450405,0.0728600950948714,"HMP_2019_ibdmdb","IBD",7.3,5.5
"After","SKST006_7_G102965",0.185058293800533,0.0496809004090428,"HallAB_2017","IBD",7.3,5.5
"After","SKST006_9_G103014",0.199593475761547,0.0562059038177549,"HallAB_2017","IBD",7.3,5.5
"After","SKST006_6_G102964",0.170421372988494,0.0480167262450986,"HallAB_2017","IBD",7.3,5.5
"After","SKST006_5_G102963",0.176141891772237,0.0552076933029764,"HallAB_2017","IBD",7.3,5.5
"After","SKST006_3_G102961",-0.366556179842167,0.23882059405706,"HallAB_2017","IBD",7.3,5.5
"After","SKST006_1_G102959",0.160837494527667,0.0441836014253632,"HallAB_2017","IBD",7.3,5.5
"After","SKST006_4_G102962",0.17950322572616,0.0680956494272507,"HallAB_2017","IBD",7.3,5.5
"After","SKST006_2_G102960",-0.363150738298346,0.24364525467712,"HallAB_2017","IBD",7.3,5.5
"After","SKST006_10_G102994",0.168444574034586,0.0474812386292483,"HallAB_2017","Healthy",7.3,5.5
"After","SKST007_8_G102999",-0.263471269398787,-0.0548404280624967,"HallAB_2017","Healthy",7.3,5.5
"After","SKST007_2_G102967",-0.314968926966697,-0.0195751291849507,"HallAB_2017","Healthy",7.3,5.5
"After","SKST007_1_G102966",-0.166845532121359,-0.188271709965788,"HallAB_2017","Healthy",7.3,5.5
"After","SKST007_6_G102995",-0.040464494626068,-0.0178448458355237,"HallAB_2017","Healthy",7.3,5.5
"After","SKST007_3_G102949",-0.187801584588389,-0.121334710655103,"HallAB_2017","Healthy",7.3,5.5
"After","SKST007_7_G103016",-0.193776184674362,-0.0749102689554461,"HallAB_2017","Healthy",7.3,5.5
"After","SKST007_4_G102948",-0.308306368165301,-0.000821844066881808,"HallAB_2017","Healthy",7.3,5.5
"After","SKST010_6_G103004",-0.287552145754697,0.0672142198621492,"HallAB_2017","Healthy",7.3,5.5
"After","SKST010_3_G102970",-0.004158660718531,0.00265845451922548,"HallAB_2017","Healthy",7.3,5.5
"After","SKST010_4_G102956",-0.267139092309392,-0.027803783663514,"HallAB_2017","Healthy",7.3,5.5
"After","SKST010_7_G103003",-0.194973718079888,-0.0688826963104793,"HallAB_2017","Healthy",7.3,5.5
"After","SKST010_2_G102969",-0.229203249967465,0.0183716181011171,"HallAB_2017","Healthy",7.3,5.5
"After","SKST010_1_G102968",-0.108733318031447,-0.00267217445930411,"HallAB_2017","Healthy",7.3,5.5
"After","SKST010_5_G102990",-0.242266684187133,0.0287219440895723,"HallAB_2017","Healthy",7.3,5.5
"After","SKST010_8_G102998",-0.31851321252269,0.101582421747226,"HallAB_2017","Healthy",7.3,5.5
"After","SKST011_7_G103017",-0.00300700486176586,-0.262872384885333,"HallAB_2017","Healthy",7.3,5.5
"After","SKST011_8_G103000",-0.0288003053516951,-0.12011873266139,"HallAB_2017","Healthy",7.3,5.5
"After","SKST011_3_G102973",-0.0240727046106516,-0.333178992951368,"HallAB_2017","Healthy",7.3,5.5
"After","SKST011_4_G102952",-0.0154912901074169,-0.328228649571934,"HallAB_2017","Healthy",7.3,5.5
"After","SKST011_5_G102993",-0.0147224706515814,-0.275280418335671,"HallAB_2017","Healthy",7.3,5.5
"After","SKST011_1_G102971",-0.0163092539957044,-0.327292775987176,"HallAB_2017","Healthy",7.3,5.5
"After","SKST011_2_G102972",-0.0194819728166293,-0.351679444570163,"HallAB_2017","Healthy",7.3,5.5
"After","SKST011_6_G103002",0.0133290113053945,-0.24624771250957,"HallAB_2017","Healthy",7.3,5.5
"After","SKST012_2_G102975",-0.210490791145519,-0.0600395196757189,"HallAB_2017","Healthy",7.3,5.5
"After","SKST012_3_G102950",-0.285063766903854,0.114666325426836,"HallAB_2017","Healthy",7.3,5.5
"After","SKST012_6_G102997",-0.16343289813672,-0.0644420693063838,"HallAB_2017","Healthy",7.3,5.5
"After","SKST012_5_G102992",-0.285529660139884,-0.00120294711256025,"HallAB_2017","Healthy",7.3,5.5
"After","SKST012_1_G102974",-0.231193005620322,0.0351775942648905,"HallAB_2017","Healthy",7.3,5.5
"After","SKST012_4_G102954",-0.25707095887998,0.113847881937368,"HallAB_2017","Healthy",7.3,5.5
"After","SKST014_4_G102979",0.175657636238025,0.0494403477163879,"HallAB_2017","IBD",7.3,5.5
"After","SKST014_3_G102978",0.222489917734558,0.0485891678062679,"HallAB_2017","IBD",7.3,5.5
"After","SKST014_7_G102940",0.193282727479862,-0.00626528147600493,"HallAB_2017","IBD",7.3,5.5
"After","SKST014_1_G102976",0.171561501115795,0.0478538039637114,"HallAB_2017","IBD",7.3,5.5
"After","SKST014_6_G102951",0.246389649841724,0.00239433607100177,"HallAB_2017","IBD",7.3,5.5
"After","SKST014_2_G102977",0.20644995306048,0.0738413960397299,"HallAB_2017","IBD",7.3,5.5
"After","SKST014_5_G102980",0.238027561698913,0.0492824596667805,"HallAB_2017","IBD",7.3,5.5
"After","SKST023_4_G102937",0.157713553343316,-0.162693041577987,"HallAB_2017","Healthy",7.3,5.5
"After","SKST023_6_G103009",0.116644654957413,-0.145528842097242,"HallAB_2017","Healthy",7.3,5.5
"After","SKST023_7_G103015",0.0733858187707491,-0.222582162803624,"HallAB_2017","Healthy",7.3,5.5
"After","SKST023_5_G103007",-0.113007883196004,-0.331693559982936,"HallAB_2017","Healthy",7.3,5.5
"After","SKST023_3_G102941",0.137042108621865,-0.18285855819517,"HallAB_2017","Healthy",7.3,5.5
"After","SKST023_1_G102981",-0.057260948374987,-0.341071661724262,"HallAB_2017","Healthy",7.3,5.5
"After","SKST023_2_G102987",-0.0842045560034493,-0.348836526143012,"HallAB_2017","Healthy",7.3,5.5
"After","SKST024_5_G103001",-0.390730910187549,0.130839054978733,"HallAB_2017","Healthy",7.3,5.5
"After","SKST024_8_G103031",-0.130680707763303,-0.0143052697816218,"HallAB_2017","Healthy",7.3,5.5
"After","SKST024_2_G102953",0.0534412204359,-0.0324363428790203,"HallAB_2017","Healthy",7.3,5.5
"After","SKST024_1_G102982",-0.372475406782361,0.102706955818468,"HallAB_2017","Healthy",7.3,5.5
"After","SKST024_7_G103022",-0.326863951132576,0.214017506332017,"HallAB_2017","Healthy",7.3,5.5
"After","SKST024_6_G103012",-0.18650103229538,0.136998006461059,"HallAB_2017","Healthy",7.3,5.5
"After","SKST024_4_G102938",-0.16369174333489,-0.0214719044410123,"HallAB_2017","Healthy",7.3,5.5
"After","SKST024_3_G102944",-0.18766076838301,0.116151238096269,"HallAB_2017","Healthy",7.3,5.5
"After","SKST025_6_G103010",0.180255630238697,0.0363763432753992,"HallAB_2017","IBD",7.3,5.5
"After","SKST025_4_G102939",0.183840722924949,0.0315195829233305,"HallAB_2017","IBD",7.3,5.5
"After","SKST025_5_G103006",-0.0198507805910205,-0.235869913856154,"HallAB_2017","IBD",7.3,5.5
"After","SKST025_1_G102983",-0.015568455605769,-0.172100596202796,"HallAB_2017","IBD",7.3,5.5
"After","SKST025_9_G103021",-0.123219478603648,-0.311441710385264,"HallAB_2017","IBD",7.3,5.5
"After","SKST025_3_G102942",0.143424735036549,-0.0435038659422336,"HallAB_2017","IBD",7.3,5.5
"After","SKST025_2_G102986",-0.0196471250032811,-0.149065184128992,"HallAB_2017","IBD",7.3,5.5
"After","SKST027_12_G103011",0.181019997146274,0.0762317717500082,"HallAB_2017","IBD",7.3,5.5
"After","SKST027_10_G102936",0.194772562050425,0.0727247763832953,"HallAB_2017","IBD",7.3,5.5
"After","SKST027_1_G102984",0.00623672532995613,0.111636228569877,"HallAB_2017","IBD",7.3,5.5
"After","SKST027_6_G102955",0.167609659656852,0.0480996338812509,"HallAB_2017","IBD",7.3,5.5
"After","SKST027_9_G102947",0.174217232969967,0.0532965119564145,"HallAB_2017","IBD",7.3,5.5
"After","SKST027_11_G102996",0.189132786354683,0.0639121344591255,"HallAB_2017","IBD",7.3,5.5
"After","SKST027_2_G102985",-0.202226413491733,0.0521946053626987,"HallAB_2017","IBD",7.3,5.5
"After","SKST027_4_G102958",-0.250617268678927,0.16288055918477,"HallAB_2017","IBD",7.3,5.5
"After","SKST027_3_G102945",-0.218674169622685,0.159724676202633,"HallAB_2017","IBD",7.3,5.5
"After","SKST032_1_G102943",0.0445615011901694,-0.200092447153616,"HallAB_2017","IBD",7.3,5.5
"After","SKST032_3_G102989",-0.0634761985779856,-0.135566713026675,"HallAB_2017","IBD",7.3,5.5
"After","SKST032_5_G103024",-0.0762848003431746,-0.261753493045567,"HallAB_2017","IBD",7.3,5.5
"After","SKST032_4_G103008",-0.150695570131237,-0.237099888236093,"HallAB_2017","IBD",7.3,5.5
"After","SKST032_2_G102946",-0.0371134088840832,-0.178445913887918,"HallAB_2017","IBD",7.3,5.5
"After","SKST036_2_G103020",-0.154167618279825,-0.0407174793620946,"HallAB_2017","Healthy",7.3,5.5
"After","SKST036_1_G103013",-0.337012275962733,0.150308708095407,"HallAB_2017","Healthy",7.3,5.5
"After","SKST036_3_G103025",-0.25465218968908,-0.0262763517981447,"HallAB_2017","Healthy",7.3,5.5
"After","SKST037_3_G103026",0.128317931832096,-0.144865122488227,"HallAB_2017","Healthy",7.3,5.5
"After","SKST037_2_G103023",-0.0263334621119779,0.0347682960404934,"HallAB_2017","Healthy",7.3,5.5
"After","SKST041_1_G103005",-0.180365256252159,0.0997237342989993,"HallAB_2017","Healthy",7.3,5.5
"After","SKST041_2_G103027",-0.142857483844906,0.171145465993597,"HallAB_2017","Healthy",7.3,5.5
"After","SKST041_3_G103028",-0.15978447937829,0.132603620386933,"HallAB_2017","Healthy",7.3,5.5
"After","p8582_mo9",0.0475034778783207,-0.281606089096026,"HallAB_2017","IBD",7.3,5.5
"After","p8582_mo3",0.113827723649126,-0.238581708639123,"HallAB_2017","IBD",7.3,5.5
"After","p8582_mo6",0.173054684551168,-0.121894346024864,"HallAB_2017","IBD",7.3,5.5
"After","p8582_mo7",0.106057871372927,-0.222575510424009,"HallAB_2017","IBD",7.3,5.5
"After","p8582_mo4",0.0174632089678027,-0.29063258784229,"HallAB_2017","IBD",7.3,5.5
"After","p8582_mo5",0.10356568537933,-0.202260618589401,"HallAB_2017","IBD",7.3,5.5
"After","p8582_mo2",0.0479977595842033,-0.273486739819789,"HallAB_2017","IBD",7.3,5.5
"After","p8582_mo1",0.0415468790130447,-0.269297695139842,"HallAB_2017","IBD",7.3,5.5
"After","p8582_mo12",0.0619093549023778,-0.313461551789193,"HallAB_2017","IBD",7.3,5.5
"After","p8582_mo8",-0.00720015548363189,-0.307500562217652,"HallAB_2017","IBD",7.3,5.5
"After","p8582_mo10",0.0165498827655912,-0.305275478386709,"HallAB_2017","IBD",7.3,5.5
"After","p8582_mo11",0.020143246321937,-0.310841623328755,"HallAB_2017","IBD",7.3,5.5
"After","p8585_mo2",0.346100809917099,0.374958855468702,"HallAB_2017","IBD",7.3,5.5
"After","p8585_mo3",0.455465950346287,0.362903501235534,"HallAB_2017","IBD",7.3,5.5
"After","p8585_mo6",0.178974086031854,0.429952695846219,"HallAB_2017","IBD",7.3,5.5
"After","p8585_mo4",0.182526646880383,0.198771892233534,"HallAB_2017","IBD",7.3,5.5
"After","p8585_mo8",0.3931530229403,0.359286823579824,"HallAB_2017","IBD",7.3,5.5
"After","p8585_mo9",0.205826927450863,0.321733515554449,"HallAB_2017","IBD",7.3,5.5
"After","p8585_mo1",0.166644000251913,0.0719409023713782,"HallAB_2017","IBD",7.3,5.5
"After","p8585_mo7",0.308414368109915,0.369067422614124,"HallAB_2017","IBD",7.3,5.5
"After","p8600_mo4",-0.322198865872,0.154893829668721,"HallAB_2017","IBD",7.3,5.5
"After","p8600_mo3",0.182685035493499,0.0741237013889486,"HallAB_2017","IBD",7.3,5.5
"After","p8600_mo6",-0.218269697683846,0.228417949768571,"HallAB_2017","IBD",7.3,5.5
"After","p8600_mo5",-0.244324757194747,0.0905581296390669,"HallAB_2017","IBD",7.3,5.5
"After","p8600_mo1",-0.2434778794367,0.351370863112516,"HallAB_2017","IBD",7.3,5.5
"After","p8600_mo12",-0.325311345097944,0.155105092385644,"HallAB_2017","IBD",7.3,5.5
"After","p8600_mo7",-0.335005846223712,0.180404677730425,"HallAB_2017","IBD",7.3,5.5
"After","p8600_mo11",-0.311922593779709,0.160342516964352,"HallAB_2017","IBD",7.3,5.5
"After","p8600_mo10",-0.288940567535482,0.139578967807194,"HallAB_2017","IBD",7.3,5.5
"After","p8600_mo2",-0.211110073585044,0.24183612914692,"HallAB_2017","IBD",7.3,5.5
"After","p8600_mo9",-0.290877429796854,0.124836600608612,"HallAB_2017","IBD",7.3,5.5
"After","p8600_mo8",-0.318338495881416,0.190562661711779,"HallAB_2017","IBD",7.3,5.5
"After","p8646_mo1",-0.0519394488635686,0.169016521271746,"HallAB_2017","IBD",7.3,5.5
"After","p8646_mo3",0.0191214659266467,0.113782070823729,"HallAB_2017","IBD",7.3,5.5
"After","p8646_mo2",-0.0108016075336122,0.161156039630621,"HallAB_2017","IBD",7.3,5.5
"After","p8646_mo4",-0.18558401620879,0.167832424988378,"HallAB_2017","IBD",7.3,5.5
"After","p8646_mo12",-0.238764946612737,0.138292392811455,"HallAB_2017","IBD",7.3,5.5
"After","p8646_mo10",-0.221406750690533,0.19422762466323,"HallAB_2017","IBD",7.3,5.5
"After","p8646_mo9",-0.182587470179381,0.248013596890961,"HallAB_2017","IBD",7.3,5.5
"After","p8646_mo11",-0.202510025221653,0.178363494821304,"HallAB_2017","IBD",7.3,5.5
"After","p8646_mo8",-0.112681204582705,0.223540766303899,"HallAB_2017","IBD",7.3,5.5
"After","p8646_mo7",-0.146402119562093,0.268538386792006,"HallAB_2017","IBD",7.3,5.5
"After","p8646_mo5",-0.142029743321025,0.233744470895106,"HallAB_2017","IBD",7.3,5.5
"After","p8646_mo6",-0.206144587617631,0.287540107121412,"HallAB_2017","IBD",7.3,5.5
"After","p8649_mo5",0.202855690225422,0.0732729887901916,"HallAB_2017","IBD",7.3,5.5
"After","p8649_mo11",0.11791361370209,-0.0539017967672517,"HallAB_2017","IBD",7.3,5.5
"After","p8649_mo10",0.273044830176037,0.176547683991921,"HallAB_2017","IBD",7.3,5.5
"After","p8649_mo9",-0.172077784875817,0.119005382235252,"HallAB_2017","IBD",7.3,5.5
"After","p8649_mo12",0.390164746124133,0.282504383714353,"HallAB_2017","IBD",7.3,5.5
"After","p8649_mo8",-0.224719698719606,0.0362167889555248,"HallAB_2017","IBD",7.3,5.5
"After","p8649_mo4",0.19319247281169,0.260323895803747,"HallAB_2017","IBD",7.3,5.5
"After","p8649_mo7",-0.253558363695231,0.130122588562087,"HallAB_2017","IBD",7.3,5.5
"After","p8649_mo2",-0.0430237770433318,0.186720311863337,"HallAB_2017","IBD",7.3,5.5
"After","p8649_mo3",0.242487421645273,0.350017800059917,"HallAB_2017","IBD",7.3,5.5
"After","p8649_mo1",0.0656890412552282,0.203171723301229,"HallAB_2017","IBD",7.3,5.5
"After","p8649_mo6",0.166979682419368,0.354202960699537,"HallAB_2017","IBD",7.3,5.5
"After","p8712_mo11",-0.153512844446663,0.103515897133066,"HallAB_2017","IBD",7.3,5.5
"After","p8712_mo12",-0.244544879474058,0.118938784994575,"HallAB_2017","IBD",7.3,5.5
"After","p8712_mo10",-0.20006625432107,0.0542497895028572,"HallAB_2017","IBD",7.3,5.5
"After","p8712_mo6",-0.201594846908759,0.0407712684955107,"HallAB_2017","IBD",7.3,5.5
"After","p8712_mo9",-0.180697736315476,0.155240414121163,"HallAB_2017","IBD",7.3,5.5
"After","p8712_mo5",-0.276650331358224,0.0459453571302853,"HallAB_2017","IBD",7.3,5.5
"After","p8712_mo1",-0.190310410213791,0.176486415786466,"HallAB_2017","IBD",7.3,5.5
"After","p8712_mo8",-0.118588221886483,-0.0526656475975572,"HallAB_2017","IBD",7.3,5.5
"After","p8712_mo7",-0.277894236774932,0.111007994679659,"HallAB_2017","IBD",7.3,5.5
"After","p8712_mo2",-0.184384648785191,0.173610537611392,"HallAB_2017","IBD",7.3,5.5
"After","p8712_mo3",-0.244458760614356,0.0307548605786486,"HallAB_2017","IBD",7.3,5.5
"After","p8712_mo4",-0.237098307193404,0.185705955516939,"HallAB_2017","IBD",7.3,5.5
"After","p8748_mo11",-0.182235081662741,0.0400616083080735,"HallAB_2017","IBD",7.3,5.5
"After","p8748_mo9",-0.203725040023208,0.099286283720333,"HallAB_2017","IBD",7.3,5.5
"After","p8748_mo8",-0.249275479662632,0.139930342510874,"HallAB_2017","IBD",7.3,5.5
"After","p8748_mo10",-0.21799632638528,0.124995678055986,"HallAB_2017","IBD",7.3,5.5
"After","p8748_mo7",-0.268808122574263,0.014794817927609,"HallAB_2017","IBD",7.3,5.5
"After","p8748_mo12",-0.150557783312188,0.00298868994393893,"HallAB_2017","IBD",7.3,5.5
"After","p8748_mo6",-0.123100367021415,0.0948865318447063,"HallAB_2017","IBD",7.3,5.5
"After","p8748_mo5",-0.152856449864117,0.00944844652609947,"HallAB_2017","IBD",7.3,5.5
"After","p8748_mo4",-0.284980567359346,0.015777599955777,"HallAB_2017","IBD",7.3,5.5
"After","p8775_mo11",0.0128453499465473,-0.351231246133982,"HallAB_2017","IBD",7.3,5.5
"After","p8775_mo10",0.00612922387787766,-0.297854008958525,"HallAB_2017","IBD",7.3,5.5
"After","p8775_mo9",-0.0367928547320763,-0.372518574593769,"HallAB_2017","IBD",7.3,5.5
"After","p8775_mo5",0.0248502103941121,-0.339316592801635,"HallAB_2017","IBD",7.3,5.5
"After","p8775_mo4",0.0424492878280314,-0.329633911173594,"HallAB_2017","IBD",7.3,5.5
"After","p8775_mo3",0.0144024539612306,-0.343216959581403,"HallAB_2017","IBD",7.3,5.5
"After","p8775_mo6",0.0208140552591104,-0.299109755723723,"HallAB_2017","IBD",7.3,5.5
"After","p8775_mo7",-0.0171689817523936,-0.343617263537043,"HallAB_2017","IBD",7.3,5.5
"After","p8775_mo8",0.0627075135553207,-0.295499680802891,"HallAB_2017","IBD",7.3,5.5
"After","p8775_mo12",-0.0224687865518697,-0.338057258359467,"HallAB_2017","IBD",7.3,5.5
"After","p8775_mo2",-0.0114982171596403,-0.335464138762814,"HallAB_2017","IBD",7.3,5.5
"After","p8775_mo1",-0.0206398771068307,-0.273406272050717,"HallAB_2017","IBD",7.3,5.5
"After","p8808_mo10",0.27839477483912,-0.0206304778385186,"HallAB_2017","IBD",7.3,5.5
"After","p8808_mo6",0.266144375336651,-0.0270924530198534,"HallAB_2017","IBD",7.3,5.5
"After","p8808_mo9",0.268679397065688,-0.0251402604864878,"HallAB_2017","IBD",7.3,5.5
"After","p8808_mo5",0.269135217617568,-0.021428672597705,"HallAB_2017","IBD",7.3,5.5
"After","p8808_mo4",0.254262741390209,-0.00789838449677599,"HallAB_2017","IBD",7.3,5.5
"After","p8808_mo12",0.218653126408911,0.0313302413999499,"HallAB_2017","IBD",7.3,5.5
"After","p8808_mo8",0.264419052393429,-0.03441218512975,"HallAB_2017","IBD",7.3,5.5
"After","p8808_mo7",0.261849791352762,-0.0246131504280305,"HallAB_2017","IBD",7.3,5.5
"After","p8808_mo11",0.231172281190803,0.0536390912338254,"HallAB_2017","IBD",7.3,5.5
"After","p8816_mo9",-0.219413383744101,0.155420858956506,"HallAB_2017","IBD",7.3,5.5
"After","p8816_mo11",-0.172867131769486,0.0833401896409421,"HallAB_2017","IBD",7.3,5.5
"After","p8816_mo8",-0.260672043458767,0.0911232783698546,"HallAB_2017","IBD",7.3,5.5
"After","p8816_mo7",-0.217813373494989,0.176391706437631,"HallAB_2017","IBD",7.3,5.5
"After","p8816_mo4",-0.237671455043341,0.0568638115809921,"HallAB_2017","IBD",7.3,5.5
"After","p8816_mo6",-0.185366272413647,0.0266330984564858,"HallAB_2017","IBD",7.3,5.5
"After","p8816_mo3",-0.204988175393392,0.0681641779069978,"HallAB_2017","IBD",7.3,5.5
"After","p8816_mo5",-0.257583205915486,0.0977849775439067,"HallAB_2017","IBD",7.3,5.5
"After","p8816_mo12",-0.250935560878008,0.169277924324391,"HallAB_2017","IBD",7.3,5.5
"After","p8816_mo10",-0.248502095549858,0.151122387859749,"HallAB_2017","IBD",7.3,5.5
"After","p8816_mo2",-0.165467896649861,0.191742961738406,"HallAB_2017","IBD",7.3,5.5
"After","p8816_mo1",-0.0721884042162409,0.0376615286683028,"HallAB_2017","IBD",7.3,5.5
"After","p8855_mo10",0.230002834318505,0.0479347135894687,"HallAB_2017","IBD",7.3,5.5
"After","p8855_mo8",0.225705113577271,0.0346231971679213,"HallAB_2017","IBD",7.3,5.5
"After","p8855_mo9",0.192113546028093,0.0832362578332048,"HallAB_2017","IBD",7.3,5.5
"After","p8855_mo3",0.232564396686995,0.0467787215785331,"HallAB_2017","IBD",7.3,5.5
"After","p8855_mo11",0.226596312099364,0.0457650519957916,"HallAB_2017","IBD",7.3,5.5
"After","p8855_mo4",0.215503353692038,0.0523636456437738,"HallAB_2017","IBD",7.3,5.5
"After","p8855_mo12",0.241097283630096,0.0490338945907834,"HallAB_2017","IBD",7.3,5.5
"After","p8883_mo4",-0.18559317285964,0.253047692871808,"HallAB_2017","IBD",7.3,5.5
"After","p8883_mo10",-0.123579184284905,0.186092641397307,"HallAB_2017","IBD",7.3,5.5
"After","p8883_mo12",-0.221039626179163,0.236637014533757,"HallAB_2017","IBD",7.3,5.5
"After","p8883_mo9",-0.155391219444009,0.219807617336495,"HallAB_2017","IBD",7.3,5.5
"After","p8883_mo8",-0.241839771763884,0.263307113638309,"HallAB_2017","IBD",7.3,5.5
"After","p8883_mo6",-0.200348751445362,0.231113909051967,"HallAB_2017","IBD",7.3,5.5
"After","p8883_mo11",-0.221702195037487,0.266957403849796,"HallAB_2017","IBD",7.3,5.5
"After","p8883_mo3",-0.245889698031961,0.287654322615617,"HallAB_2017","IBD",7.3,5.5
"After","p8883_mo2",-0.211296151882093,0.255641186587513,"HallAB_2017","IBD",7.3,5.5
"After","p8883_mo7",-0.218674472053634,0.245902412653667,"HallAB_2017","IBD",7.3,5.5
"After","p9061_mo6",0.465695918741213,0.281378293805397,"HallAB_2017","IBD",7.3,5.5
"After","p9061_mo2",0.486595916363411,0.291961201585403,"HallAB_2017","IBD",7.3,5.5
"After","p9061_mo7",0.487273045844572,0.290496482401445,"HallAB_2017","IBD",7.3,5.5
"After","p9061_mo5",0.495435303175268,0.311491259606539,"HallAB_2017","IBD",7.3,5.5
"After","p9061_mo4",0.494757206396533,0.307455843647856,"HallAB_2017","IBD",7.3,5.5
"After","p9061_mo1",0.474754735234045,0.262762307508765,"HallAB_2017","IBD",7.3,5.5
"After","p9061_mo3",0.487269501999437,0.306834087800176,"HallAB_2017","IBD",7.3,5.5
"After","p9061_mo8",0.495284590643325,0.33074684618761,"HallAB_2017","IBD",7.3,5.5
"After","p9193_mo7",0.00255731685305582,-0.322245508191096,"HallAB_2017","IBD",7.3,5.5
"After","p9193_mo6",0.0367172007606931,-0.305447784417872,"HallAB_2017","IBD",7.3,5.5
"After","p9193_mo4",0.00848737531869345,-0.351613624010495,"HallAB_2017","IBD",7.3,5.5
"After","p9193_mo1",0.0586815770194385,-0.322879061349667,"HallAB_2017","IBD",7.3,5.5
"After","p9193_mo2",-0.0652540042091557,-0.364380102511469,"HallAB_2017","IBD",7.3,5.5
"After","p9193_mo5",0.0223494333986315,-0.304784902525377,"HallAB_2017","IBD",7.3,5.5
"After","p9216_mo2",-0.159047912662884,0.34056964961139,"HallAB_2017","IBD",7.3,5.5
"After","p9216_mo1",-0.218515977337082,0.00450329691489373,"HallAB_2017","IBD",7.3,5.5
"After","p9216_mo5",-0.256430622608174,0.0119392797546386,"HallAB_2017","IBD",7.3,5.5
"After","p9216_mo6",-0.148594847173301,-0.134583470015813,"HallAB_2017","IBD",7.3,5.5
"After","p9216_mo8",-0.0897918817124826,-0.178906629604856,"HallAB_2017","IBD",7.3,5.5
"After","p9216_mo3",-0.207958239773975,-0.0226249012856685,"HallAB_2017","IBD",7.3,5.5
"After","p9216_mo4",-0.230428290544643,-0.0387368899918286,"HallAB_2017","IBD",7.3,5.5
"After","p9216_mo7",-0.0587593216215907,-0.194742653684675,"HallAB_2017","IBD",7.3,5.5
"After","p9220_mo1",0.130899489403077,-0.24785225729681,"HallAB_2017","Healthy",7.3,5.5
"After","p9220_mo7",0.0570468554558912,-0.286272013002879,"HallAB_2017","Healthy",7.3,5.5
"After","p9220_mo2",0.0561105952128227,-0.303289953949038,"HallAB_2017","Healthy",7.3,5.5
"After","p9220_mo3",0.148337277552539,-0.238082648266683,"HallAB_2017","Healthy",7.3,5.5
"After","p9220_mo5",0.048830579375788,-0.273046304464676,"HallAB_2017","Healthy",7.3,5.5
"After","p9220_mo6",0.125186078666277,-0.160604726579456,"HallAB_2017","Healthy",7.3,5.5
"After","p9220_mo4",0.113715479705517,-0.269676507097785,"HallAB_2017","Healthy",7.3,5.5
"After","p9223_mo5",0.354692223746057,0.209565719806893,"HallAB_2017","Healthy",7.3,5.5
"After","p9223_mo4",0.456574961850718,0.298093777515649,"HallAB_2017","Healthy",7.3,5.5
"After","p9223_mo6",0.415516420957981,0.275586221105774,"HallAB_2017","Healthy",7.3,5.5
"After","p9223_mo7",0.40657834101861,0.286632587418476,"HallAB_2017","Healthy",7.3,5.5
"After","p9223_mo3",0.436346247711796,0.288389457230639,"HallAB_2017","Healthy",7.3,5.5
"After","p9223_mo8",0.410566492777427,0.293438327682957,"HallAB_2017","Healthy",7.3,5.5
"After","p9223_mo1",0.481208832411818,0.3292178320105,"HallAB_2017","Healthy",7.3,5.5
"After","p9223_mo2",0.434636998379919,0.28219143201428,"HallAB_2017","Healthy",7.3,5.5
"After","p9281_mo6",0.257217447870095,0.26650365333186,"HallAB_2017","Healthy",7.3,5.5
"After","p9281_mo3",-0.131993204277021,0.0561919780167123,"HallAB_2017","Healthy",7.3,5.5
"After","p9281_mo1",-0.193687675705643,0.0207872318292742,"HallAB_2017","Healthy",7.3,5.5
"After","p9281_mo5",-0.069458798071107,-0.00436798600549674,"HallAB_2017","Healthy",7.3,5.5
"After","p9281_mo4",0.013509891534647,-0.0105876044881056,"HallAB_2017","Healthy",7.3,5.5
"After","p9281_mo2",-0.168479252777183,0.0921698590081725,"HallAB_2017","Healthy",7.3,5.5
"After","S1_a_WGS",0.213460082537265,-0.0073793266444368,"IjazUZ_2017","IBD",7.3,5.5
"After","S5_a_WGS",0.195466262029355,0.0230372865167411,"IjazUZ_2017","IBD",7.3,5.5
"After","S3_a_WGS",0.150245261466019,0.0233303163406955,"IjazUZ_2017","IBD",7.3,5.5
"After","S2_a_WGS",0.126529830930805,-0.00771076039909795,"IjazUZ_2017","IBD",7.3,5.5
"After","S4_a_WGS",-0.0540369791694457,0.121541468837772,"IjazUZ_2017","IBD",7.3,5.5
"After","S57_a_WGS",-0.0862661705536719,0.221060581593155,"IjazUZ_2017","IBD",7.3,5.5
"After","S59_a_WGS",-0.0297092818732499,-0.0464799634730247,"IjazUZ_2017","IBD",7.3,5.5
"After","S56_a_WGS",-0.045579612283096,0.202957969443597,"IjazUZ_2017","IBD",7.3,5.5
"After","S60_a_WGS",-0.0452937215283768,-0.0738820013084103,"IjazUZ_2017","IBD",7.3,5.5
"After","S58_a_WGS",-0.218918419560841,0.270735746540572,"IjazUZ_2017","IBD",7.3,5.5
"After","S63_a_WGS",0.164907009700473,0.0281239917871383,"IjazUZ_2017","IBD",7.3,5.5
"After","S65_a_WGS",0.169030584233253,0.0365874790071207,"IjazUZ_2017","IBD",7.3,5.5
"After","S62_a_WGS",0.142961519633646,0.0278018977352026,"IjazUZ_2017","IBD",7.3,5.5
"After","S64_a_WGS",0.187480868330018,0.0323222522344282,"IjazUZ_2017","IBD",7.3,5.5
"After","S66_a_WGS",-0.204571508631689,0.321372276105525,"IjazUZ_2017","IBD",7.3,5.5
"After","S67_a_WGS",0.113010727680131,0.029177566869687,"IjazUZ_2017","Healthy",7.3,5.5
"After","S70_a_WGS",-0.26880197464388,0.39784606629101,"IjazUZ_2017","IBD",7.3,5.5
"After","S69_a_WGS",-0.265322304892064,0.419344996740737,"IjazUZ_2017","IBD",7.3,5.5
"After","S68_a_WGS",-0.260761228892551,0.396322071607519,"IjazUZ_2017","IBD",7.3,5.5
"After","S71_a_WGS",0.204585725801896,0.0128693709765707,"IjazUZ_2017","IBD",7.3,5.5
"After","S72_a_WGS",0.0290332963307858,-0.0910525512195262,"IjazUZ_2017","Healthy",7.3,5.5
"After","S73_a_WGS",-0.252908102570222,0.0345153316699525,"IjazUZ_2017","Healthy",7.3,5.5
"After","S79_a_WGS",0.0963732287476338,-0.218861810353365,"IjazUZ_2017","Healthy",7.3,5.5
"After","S81_a_WGS",0.176643288175561,-0.0220117507258416,"IjazUZ_2017","IBD",7.3,5.5
"After","S82_a_WGS",0.188947986539582,0.0245602055997149,"IjazUZ_2017","IBD",7.3,5.5
"After","S80_a_WGS",0.10090347791146,-0.238564116517726,"IjazUZ_2017","IBD",7.3,5.5
"After","S83_a_WGS",-0.0376150859111741,-0.385246301833818,"IjazUZ_2017","IBD",7.3,5.5
"After","S84_a_WGS",-0.00115698059418824,-0.267581268833931,"IjazUZ_2017","Healthy",7.3,5.5
"After","S87_a_WGS",-0.0264062029085401,-0.0093465782025722,"IjazUZ_2017","Healthy",7.3,5.5
"After","S6_a_WGS",0.306942191745931,-0.0703210824215254,"IjazUZ_2017","Healthy",7.3,5.5
"After","S101_a_WGS",0.195151413339016,0.0434623913353244,"IjazUZ_2017","IBD",7.3,5.5
"After","S102_a_WGS",0.163490216529772,0.0357223238000568,"IjazUZ_2017","IBD",7.3,5.5
"After","S103_a_WGS",0.162908131827113,0.0487877285617092,"IjazUZ_2017","IBD",7.3,5.5
"After","S139_a_WGS",0.228198132601603,-0.0628887467373594,"IjazUZ_2017","Healthy",7.3,5.5
"After","S117_a_WGS",0.18494675538403,0.0443752855717429,"IjazUZ_2017","Healthy",7.3,5.5
"After","S140_a_WGS",0.369707066760026,0.183020027028242,"IjazUZ_2017","Healthy",7.3,5.5
"After","S15_a_WGS",0.119626036522524,0.103578895193558,"IjazUZ_2017","IBD",7.3,5.5
"After","S17_a_WGS",0.261981935852044,-0.0273682688155297,"IjazUZ_2017","IBD",7.3,5.5
"After","S16_a_WGS",0.127300459166429,0.0925814147628536,"IjazUZ_2017","IBD",7.3,5.5
"After","S13_a_WGS",0.140126679839415,-0.0750395158513673,"IjazUZ_2017","IBD",7.3,5.5
"After","S14_a_WGS",-0.225824381708911,0.260209506863066,"IjazUZ_2017","IBD",7.3,5.5
"After","S142_a_WGS",0.452897057463054,0.149565241731586,"IjazUZ_2017","Healthy",7.3,5.5
"After","S144_a_WGS",0.0403748225856905,-0.0966983161881796,"IjazUZ_2017","Healthy",7.3,5.5
"After","S146_a_WGS",-0.324896689898189,0.0213739567760866,"IjazUZ_2017","Healthy",7.3,5.5
"After","S148_a_WGS",-0.273863599742679,0.146351291125002,"IjazUZ_2017","IBD",7.3,5.5
"After","S149_a_WGS",0.1814626563389,0.0359731403232635,"IjazUZ_2017","IBD",7.3,5.5
"After","S152_a_WGS",-0.0309429107713517,0.121152587290006,"IjazUZ_2017","IBD",7.3,5.5
"After","S150_a_WGS",-0.0360100062388881,-0.20912655900445,"IjazUZ_2017","IBD",7.3,5.5
"After","S151_a_WGS",0.0916411154717904,-0.146471050584528,"IjazUZ_2017","IBD",7.3,5.5
"After","S153_a_WGS",0.128030307841625,-0.203792844373711,"IjazUZ_2017","Healthy",7.3,5.5
"After","S154_a_WGS",0.0711928756774094,-0.185725220797092,"IjazUZ_2017","Healthy",7.3,5.5
"After","S155_a_WGS",-0.322888648433125,0.117221979073263,"IjazUZ_2017","Healthy",7.3,5.5
"After","S156_a_WGS",0.139926444825066,-0.102265473140441,"IjazUZ_2017","Healthy",7.3,5.5
"After","S157_a_WGS",-0.19373336366255,0.319704691958737,"IjazUZ_2017","Healthy",7.3,5.5
"After","S158_a_WGS",-0.0806051846958011,0.142377243204004,"IjazUZ_2017","Healthy",7.3,5.5
"After","S159_a_WGS",0.034390083506241,-0.131125803109878,"IjazUZ_2017","Healthy",7.3,5.5
"After","S18_a_WGS",0.154808501596813,-0.162615759721906,"IjazUZ_2017","Healthy",7.3,5.5
"After","S160_a_WGS",0.218210973545647,-0.00787516239765117,"IjazUZ_2017","Healthy",7.3,5.5
"After","S161_a_WGS",0.183041131721571,-0.0920787549167403,"IjazUZ_2017","Healthy",7.3,5.5
"After","S162_a_WGS",0.275644655343326,-0.0450695721426336,"IjazUZ_2017","Healthy",7.3,5.5
"After","S163_a_WGS",0.274567416821531,-0.0548242944685789,"IjazUZ_2017","Healthy",7.3,5.5
"After","S164_a_WGS",0.296705329586975,-0.0528131008835987,"IjazUZ_2017","Healthy",7.3,5.5
"After","S165_a_WGS",0.170810644867384,-0.10370465494927,"IjazUZ_2017","Healthy",7.3,5.5
"After","S166_a_WGS",0.27562894282807,-0.0732490918083275,"IjazUZ_2017","Healthy",7.3,5.5
"After","S167_a_WGS",0.197419892462149,-0.137014455196564,"IjazUZ_2017","Healthy",7.3,5.5
"After","S26_a_WGS",0.236653338191061,0.0189374233789996,"IjazUZ_2017","Healthy",7.3,5.5
"After","S29_a_WGS",-0.222087628239298,0.411740601148552,"IjazUZ_2017","IBD",7.3,5.5
"After","S31_a_WGS",-0.211049473188845,0.403054792289961,"IjazUZ_2017","IBD",7.3,5.5
"After","S27_a_WGS",-0.247448211156431,0.43137206722905,"IjazUZ_2017","IBD",7.3,5.5
"After","S28_a_WGS",-0.110908023323896,0.294732257574123,"IjazUZ_2017","IBD",7.3,5.5
"After","S30_a_WGS",-0.0930130471378361,0.284357659310537,"IjazUZ_2017","IBD",7.3,5.5
"After","S128_a_WGS",0.0314822656181417,-0.107801345385785,"IjazUZ_2017","Healthy",7.3,5.5
"After","S130_a_WGS",0.237948701445614,-0.0458504771456493,"IjazUZ_2017","Healthy",7.3,5.5
"After","S132_a_WGS",0.120474711613259,-0.171061849650057,"IjazUZ_2017","Healthy",7.3,5.5
"After","S134_a_WGS",0.130281912364443,-0.134632652531531,"IjazUZ_2017","Healthy",7.3,5.5
"After","S119_a_WGS",0.291821614230652,0.0291882869539054,"IjazUZ_2017","Healthy",7.3,5.5
"After","S32_a_WGS",0.257226711591729,-0.0252984190628428,"IjazUZ_2017","IBD",7.3,5.5
"After","S33_a_WGS",0.188258223613858,0.0463644744609619,"IjazUZ_2017","IBD",7.3,5.5
"After","S34_a_WGS",0.188111190218663,0.0417859746735509,"IjazUZ_2017","IBD",7.3,5.5
"After","S36_a_WGS",0.248496173030846,-0.0976904884877032,"IjazUZ_2017","IBD",7.3,5.5
"After","S35_a_WGS",0.188805158053816,0.0414574205720895,"IjazUZ_2017","IBD",7.3,5.5
"After","S138_a_WGS",0.25607777433672,-0.00809961383192346,"IjazUZ_2017","Healthy",7.3,5.5
"After","S43_a_WGS",-0.265419913678855,0.0298705882366724,"IjazUZ_2017","Healthy",7.3,5.5
"After","S49_a_WGS",0.233997888022208,0.0158267368952992,"IjazUZ_2017","IBD",7.3,5.5
"After","S45_a_WGS",-0.0460400899239485,0.211404721597146,"IjazUZ_2017","IBD",7.3,5.5
"After","S46_a_WGS",-0.278985851944406,0.384446987253774,"IjazUZ_2017","IBD",7.3,5.5
"After","S48_a_WGS",-0.229343163345101,0.379468706929817,"IjazUZ_2017","IBD",7.3,5.5
"After","S47_a_WGS",-0.158436564899466,0.308212046279342,"IjazUZ_2017","IBD",7.3,5.5
"After","S50_a_WGS",0.214112194079671,-0.092214297075814,"IjazUZ_2017","Healthy",7.3,5.5
"After","S51_a_WGS",-0.162321199494164,-0.0611259550537407,"IjazUZ_2017","IBD",7.3,5.5
"After","S53_a_WGS",-0.215400035136253,0.279731653461765,"IjazUZ_2017","IBD",7.3,5.5
"After","S52_a_WGS",0.139211252862309,0.0711261091697673,"IjazUZ_2017","IBD",7.3,5.5
"After","S54_a_WGS",-0.125213911695547,0.234198532581009,"IjazUZ_2017","IBD",7.3,5.5
"After","S55_a_WGS",-0.283172380133834,0.0304489466132619,"IjazUZ_2017","IBD",7.3,5.5
"After","DLF005-IE",0.0407396503935816,-0.0338287541035672,"LiJ_2014","IBD",7.3,5.5
"After","DLM006-IE",0.0361303923524529,-0.121337797172678,"LiJ_2014","IBD",7.3,5.5
"After","DOM005-IE",0.10232303637976,0.0261599248850236,"LiJ_2014","IBD",7.3,5.5
"After","DOM017-IE",-0.104703567340738,-0.121575579811023,"LiJ_2014","IBD",7.3,5.5
"After","MH0192",0.277470049510656,0.0195314311995444,"LiJ_2014","IBD",7.3,5.5
"After","MH0221",-0.0688497872671891,-0.160127719482836,"LiJ_2014","IBD",7.3,5.5
"After","MH0222",0.125689732604399,0.168404578952577,"LiJ_2014","IBD",7.3,5.5
"After","MH0234",-0.118334853565972,0.10829437339963,"LiJ_2014","IBD",7.3,5.5
"After","MH0238",0.0622935287931606,-0.0817081735009645,"LiJ_2014","IBD",7.3,5.5
"After","MH0245",0.217137353921104,-0.0280811439332395,"LiJ_2014","IBD",7.3,5.5
"After","MH0246",-0.0144811855843244,-0.233110309421108,"LiJ_2014","IBD",7.3,5.5
"After","MH0252",0.0194410379902197,-0.125212216419537,"LiJ_2014","IBD",7.3,5.5
"After","MH0259",-0.0358976751230694,0.093058202775194,"LiJ_2014","IBD",7.3,5.5
"After","MH0260",0.40011604012407,0.282917301096839,"LiJ_2014","IBD",7.3,5.5
"After","MH0261",0.469218703290174,0.238879410810692,"LiJ_2014","IBD",7.3,5.5
"After","MH0262",0.0236418552139319,-0.0286251260346353,"LiJ_2014","IBD",7.3,5.5
"After","MH0264",0.492783855132526,0.306969786950203,"LiJ_2014","IBD",7.3,5.5
"After","MH0265",0.0402027215398598,0.00737647202933187,"LiJ_2014","IBD",7.3,5.5
"After","MH0266",-0.0849111957274157,-0.309028935059993,"LiJ_2014","IBD",7.3,5.5
"After","MH0268",-0.274392514170914,0.130107157468625,"LiJ_2014","IBD",7.3,5.5
"After","MH0270",-0.0579984175735179,0.049367066631793,"LiJ_2014","IBD",7.3,5.5
"After","MH0271",-0.250582688336122,0.0515958642025562,"LiJ_2014","IBD",7.3,5.5
"After","MH0280",0.0788294545189312,-0.152886098449252,"LiJ_2014","IBD",7.3,5.5
"After","MH0281",0.0224315040435596,-0.284070599107889,"LiJ_2014","IBD",7.3,5.5
"After","MH0283",0.477946258434387,0.311451262787563,"LiJ_2014","IBD",7.3,5.5
"After","MH0284",0.346006099249831,0.27501823720392,"LiJ_2014","IBD",7.3,5.5
"After","MH0290",0.0544012732143505,-0.115741826243057,"LiJ_2014","Healthy",7.3,5.5
"After","MH0293",0.0169149788389754,-0.162982128664672,"LiJ_2014","IBD",7.3,5.5
"After","MH0297",-0.191809266325543,-0.0991256732968948,"LiJ_2014","IBD",7.3,5.5
"After","MH0298",0.0383944774471984,-0.227341488572723,"LiJ_2014","IBD",7.3,5.5
"After","MH0299",0.341480802412677,0.356278778360408,"LiJ_2014","IBD",7.3,5.5
"After","MH0301",-0.220306026173121,0.190123555069658,"LiJ_2014","IBD",7.3,5.5
"After","MH0303",0.210798468138401,-0.108160346380545,"LiJ_2014","IBD",7.3,5.5
"After","MH0308",-0.0554299107350113,-0.0942428251273522,"LiJ_2014","IBD",7.3,5.5
"After","MH0309",0.0160413551665257,-0.275448767201208,"LiJ_2014","IBD",7.3,5.5
"After","MH0310",-0.238982297420741,-0.00707720503031529,"LiJ_2014","IBD",7.3,5.5
"After","MH0311",-0.288589312571489,0.0691268615016915,"LiJ_2014","IBD",7.3,5.5
"After","MH0314",-0.0973619204356008,0.167062776592576,"LiJ_2014","IBD",7.3,5.5
"After","MH0315",0.125012509153528,-0.2394753242009,"LiJ_2014","IBD",7.3,5.5
"After","MH0319",-0.0248846817157359,0.250251400046272,"LiJ_2014","IBD",7.3,5.5
"After","MH0323",0.243413045345789,0.0130515981482782,"LiJ_2014","IBD",7.3,5.5
"After","MH0325",-0.0435382031586668,-0.101251691895766,"LiJ_2014","IBD",7.3,5.5
"After","MH0326",0.0860674965826101,-0.225918620122413,"LiJ_2014","IBD",7.3,5.5
"After","MH0327",-0.0634372614540731,-0.312192885264894,"LiJ_2014","IBD",7.3,5.5
"After","MH0328",0.232646700674089,-0.0562423055466937,"LiJ_2014","IBD",7.3,5.5
"After","MH0329",0.0735783073313399,-0.102292512167575,"LiJ_2014","IBD",7.3,5.5
"After","MH0330",0.062269301536223,-0.0580811338992083,"LiJ_2014","IBD",7.3,5.5
"After","MH0332",0.221996528639679,0.0382221352081735,"LiJ_2014","IBD",7.3,5.5
"After","MH0334",0.0278302217555732,0.00527103614441867,"LiJ_2014","IBD",7.3,5.5
"After","MH0335",-0.308445442332703,0.111298784551294,"LiJ_2014","IBD",7.3,5.5
"After","MH0336",0.124372702344215,-0.0791699354308761,"LiJ_2014","Healthy",7.3,5.5
"After","MH0337",-0.169906728073456,0.226300397889033,"LiJ_2014","IBD",7.3,5.5
"After","MH0338",0.0965202393745131,-0.0480741021518443,"LiJ_2014","IBD",7.3,5.5
"After","MH0339",0.121905349750938,-0.212573897860741,"LiJ_2014","IBD",7.3,5.5
"After","MH0340",-0.028356062737517,-0.345791053518748,"LiJ_2014","Healthy",7.3,5.5
"After","MH0341",-0.27478754099492,0.330553650728487,"LiJ_2014","IBD",7.3,5.5
"After","MH0342",-0.287794456483773,0.116452398503967,"LiJ_2014","IBD",7.3,5.5
"After","MH0343",-0.0195699715699742,-0.311767701272604,"LiJ_2014","IBD",7.3,5.5
"After","MH0345",0.0314339737480969,0.152094603954481,"LiJ_2014","IBD",7.3,5.5
"After","MH0346",-0.2141481000082,0.0348547575190076,"LiJ_2014","IBD",7.3,5.5
"After","MH0347",-0.058959821818277,0.112103921976868,"LiJ_2014","IBD",7.3,5.5
"After","MH0348",0.0294467898403814,-0.193787431211942,"LiJ_2014","IBD",7.3,5.5
"After","MH0349",0.0562338540983178,-0.0920980379585583,"LiJ_2014","IBD",7.3,5.5
"After","MH0350",-0.109962534182971,0.0357744810743323,"LiJ_2014","IBD",7.3,5.5
"After","MH0351",-0.168507828347296,0.0255031875385854,"LiJ_2014","IBD",7.3,5.5
"After","MH0354",0.300405553914623,0.264065183929835,"LiJ_2014","IBD",7.3,5.5
"After","MH0355",0.184832981712561,-0.0832467131802955,"LiJ_2014","IBD",7.3,5.5
"After","MH0356",0.0950295510042547,-0.158217465457294,"LiJ_2014","IBD",7.3,5.5
"After","MH0357",0.347775621213677,0.0895224963395724,"LiJ_2014","IBD",7.3,5.5
"After","MH0358",0.016734927088631,-0.186684977743504,"LiJ_2014","IBD",7.3,5.5
"After","MH0359",-0.118940592195401,0.0696507971712235,"LiJ_2014","IBD",7.3,5.5
"After","MH0360",-0.142197424326033,-0.0340075783441022,"LiJ_2014","IBD",7.3,5.5
"After","MH0361",0.0100771849738505,-0.341132981890106,"LiJ_2014","IBD",7.3,5.5
"After","MH0362",-0.050833895196667,-0.142383177138672,"LiJ_2014","IBD",7.3,5.5
"After","MH0363",-0.0532755696014511,-0.00104134089176184,"LiJ_2014","IBD",7.3,5.5
"After","MH0364",-0.0141654374846232,-0.200072902684804,"LiJ_2014","IBD",7.3,5.5
"After","MH0365",0.380938908572145,0.117722780468049,"LiJ_2014","IBD",7.3,5.5
"After","MH0366",0.0726854120570298,0.0274797965289995,"LiJ_2014","IBD",7.3,5.5
"After","MH0367",0.0648973836516915,-0.247543000946497,"LiJ_2014","IBD",7.3,5.5
"After","MH0368",-0.0654503548119369,-0.00433119328976408,"LiJ_2014","IBD",7.3,5.5
"After","MH0369",0.07159955372184,-0.305415351506228,"LiJ_2014","IBD",7.3,5.5
"After","MH0370",-0.120880363347551,-0.196265400806916,"LiJ_2014","IBD",7.3,5.5
"After","MH0371",-0.100945780090912,-0.0254233308979359,"LiJ_2014","IBD",7.3,5.5
"After","MH0372",-0.175365199458749,0.115948187648124,"LiJ_2014","IBD",7.3,5.5
"After","MH0373",-0.227543737619406,0.0247988476323553,"LiJ_2014","IBD",7.3,5.5
"After","MH0374",0.174050253624508,0.141071844031311,"LiJ_2014","IBD",7.3,5.5
"After","MH0375",0.00127513955264548,-0.330247248658013,"LiJ_2014","IBD",7.3,5.5
"After","MH0376",-0.176390983051665,0.160282815322858,"LiJ_2014","IBD",7.3,5.5
"After","MH0377",0.107948656390917,-0.21167682755469,"LiJ_2014","IBD",7.3,5.5
"After","MH0378",0.0121013078772807,-0.320224335002339,"LiJ_2014","IBD",7.3,5.5
"After","MH0379",-0.188887588181148,-0.108289147541575,"LiJ_2014","IBD",7.3,5.5
"After","MH0381",-0.159193130058091,0.0712574251345946,"LiJ_2014","IBD",7.3,5.5
"After","MH0382",0.11172636340975,-0.217099332621423,"LiJ_2014","IBD",7.3,5.5
"After","MH0383",0.402303064637624,0.266459569153607,"LiJ_2014","IBD",7.3,5.5
"After","MH0384",0.376586177422821,0.135412137586366,"LiJ_2014","IBD",7.3,5.5
"After","MH0385",0.154114241620842,-0.0595485799220763,"LiJ_2014","IBD",7.3,5.5
"After","MH0386",0.017461075945589,0.019314092360668,"LiJ_2014","IBD",7.3,5.5
"After","MH0387",-0.245875740275732,0.241761215661513,"LiJ_2014","IBD",7.3,5.5
"After","MH0388",-0.25448914094387,0.0640660173633111,"LiJ_2014","IBD",7.3,5.5
"After","MH0389",0.0280474075880048,-0.127471464279496,"LiJ_2014","IBD",7.3,5.5
"After","MH0390",-0.191102133402248,0.146004297189841,"LiJ_2014","IBD",7.3,5.5
"After","MH0391",-0.0201166367990093,-0.00992635430519547,"LiJ_2014","IBD",7.3,5.5
"After","MH0392",-0.0340389246213863,0.170937054877502,"LiJ_2014","IBD",7.3,5.5
"After","MH0393",0.0128727168976413,-0.286379454403034,"LiJ_2014","IBD",7.3,5.5
"After","MH0394",-0.017576213304306,-0.00450159060726825,"LiJ_2014","IBD",7.3,5.5
"After","MH0395",-0.207362699478829,0.174113134680824,"LiJ_2014","IBD",7.3,5.5
"After","MH0396",0.200612341030284,-0.233827798628261,"LiJ_2014","IBD",7.3,5.5
"After","MH0397",0.177780672480499,-0.16859342431345,"LiJ_2014","IBD",7.3,5.5
"After","MH0398",-0.107128729306476,-0.0631246639421744,"LiJ_2014","IBD",7.3,5.5
"After","MH0399",-0.122210902958569,-0.0307259087208068,"LiJ_2014","IBD",7.3,5.5
"After","MH0400",0.448313205664206,0.163788841336579,"LiJ_2014","IBD",7.3,5.5
"After","MH0401",0.406433256555872,0.225114834523275,"LiJ_2014","IBD",7.3,5.5
"After","MH0402",0.221156649468591,-0.0873307431993587,"LiJ_2014","IBD",7.3,5.5
"After","NLF002-IE",0.0964540809475537,-0.199943817287702,"LiJ_2014","Healthy",7.3,5.5
"After","NLF009-IE",-0.193344815491266,-0.0778678056231839,"LiJ_2014","Healthy",7.3,5.5
"After","NLM009-IE",0.462223849060508,0.325971143666337,"LiJ_2014","Healthy",7.3,5.5
"After","NLM025-IE",0.429768419930151,0.206994538262675,"LiJ_2014","Healthy",7.3,5.5
"After","NOF002-IE",-0.002738466227093,-0.155343670711641,"LiJ_2014","Healthy",7.3,5.5
"After","NOF007-IE",-0.245391429673911,0.0487295518490445,"LiJ_2014","Healthy",7.3,5.5
"After","NOF013-IE",-0.198003063593758,0.00759377040747665,"LiJ_2014","Healthy",7.3,5.5
"After","O2.CD1-0-PT",-0.233254739959807,0.212025129122803,"LiJ_2014","IBD",7.3,5.5
"After","O2.CD2-0",0.496441902493719,0.317541107378442,"LiJ_2014","IBD",7.3,5.5
"After","O2.CD2-0-PT",0.0171791165700911,-0.223006636267184,"LiJ_2014","IBD",7.3,5.5
"After","O2.CD3-0-PT",0.0668379388244242,-0.307877899383969,"LiJ_2014","IBD",7.3,5.5
"After","O2.CD1-0",-0.158239362130946,0.110973971230962,"LiJ_2014","IBD",7.3,5.5
"After","O2.UC1-1",0.328683882259571,0.178397741601347,"LiJ_2014","IBD",7.3,5.5
"After","O2.UC11-1",-0.0788910708680564,0.0824039272060263,"LiJ_2014","IBD",7.3,5.5
"After","O2.UC12-1",0.376116316110507,0.208088440888127,"LiJ_2014","IBD",7.3,5.5
"After","O2.UC13-1",0.143745433360021,-0.113389715365032,"LiJ_2014","IBD",7.3,5.5
"After","O2.UC14-1",0.338308622229325,0.105392655394554,"LiJ_2014","IBD",7.3,5.5
"After","O2.UC15-1",0.145728821347811,0.0324075615790463,"LiJ_2014","IBD",7.3,5.5
"After","O2.UC15-2",0.291576830745146,0.266565242772605,"LiJ_2014","IBD",7.3,5.5
"After","O2.UC15-0",-0.299647630880528,0.041900671897841,"LiJ_2014","IBD",7.3,5.5
"After","O2.UC16-1",0.365387248045271,0.20371940525557,"LiJ_2014","IBD",7.3,5.5
"After","O2.UC17-1",0.205789595784083,0.39516619545908,"LiJ_2014","IBD",7.3,5.5
"After","O2.UC18-1",0.10450275778482,-0.102125029735346,"LiJ_2014","IBD",7.3,5.5
"After","O2.UC19-1",0.124306124568654,-0.181117050745974,"LiJ_2014","IBD",7.3,5.5
"After","O2.UC2-1",0.199810385701694,-0.0542070172937446,"LiJ_2014","IBD",7.3,5.5
"After","O2.UC20-1",0.00465420914971641,0.0175526219977451,"LiJ_2014","IBD",7.3,5.5
"After","O2.UC21-1",-0.0739311444467935,-0.149184566636279,"LiJ_2014","IBD",7.3,5.5
"After","O2.UC22-1",0.0215155930483533,-0.127411890053352,"LiJ_2014","IBD",7.3,5.5
"After","O2.UC23-1",-0.0895402422176849,-0.052904726092301,"LiJ_2014","IBD",7.3,5.5
"After","O2.UC24-1",0.478386907964686,0.263010689256595,"LiJ_2014","IBD",7.3,5.5
"After","O2.UC26-1",-0.290398074565312,0.216688400143667,"LiJ_2014","IBD",7.3,5.5
"After","O2.UC27-1",0.122641976754194,-0.305258692987917,"LiJ_2014","IBD",7.3,5.5
"After","O2.UC28-1",-0.125572569878963,-0.0915277896157508,"LiJ_2014","IBD",7.3,5.5
"After","O2.UC28-2",0.165321818507826,-0.0761539283103006,"LiJ_2014","IBD",7.3,5.5
"After","O2.UC28-0",0.0629336391456556,-0.141577070113224,"LiJ_2014","IBD",7.3,5.5
"After","O2.UC29-1",-0.181863731140513,-0.00671999146232165,"LiJ_2014","IBD",7.3,5.5
"After","O2.UC3-1",-0.272887346265797,0.045300918119852,"LiJ_2014","IBD",7.3,5.5
"After","O2.UC30-1",-0.0697145765819362,0.100234359810386,"LiJ_2014","IBD",7.3,5.5
"After","O2.UC31-1",-0.0396368970658032,-0.034881571283501,"LiJ_2014","IBD",7.3,5.5
"After","O2.UC32-1",0.0164890957047329,-0.0351621424399254,"LiJ_2014","IBD",7.3,5.5
"After","O2.UC35-1",-0.0176351254649255,-0.319243918664403,"LiJ_2014","IBD",7.3,5.5
"After","O2.UC36-1",-0.266021751924861,-0.0332608747744871,"LiJ_2014","IBD",7.3,5.5
"After","O2.UC36-0",-0.0688589473426373,0.0127211342827039,"LiJ_2014","IBD",7.3,5.5
"After","O2.UC37-1",-0.115872610126079,-0.0154782298512295,"LiJ_2014","IBD",7.3,5.5
"After","O2.UC38-1",0.126008658939977,0.0904040180856523,"LiJ_2014","IBD",7.3,5.5
"After","O2.UC4-1",0.0696686605299568,-0.301144957247183,"LiJ_2014","IBD",7.3,5.5
"After","O2.UC40-1",0.150900274479178,-0.0968046484015552,"LiJ_2014","IBD",7.3,5.5
"After","O2.UC41-1",-0.216924945879559,0.0523958645984377,"LiJ_2014","IBD",7.3,5.5
"After","O2.UC43-1",0.482447668125733,0.303537787748345,"LiJ_2014","IBD",7.3,5.5
"After","O2.UC44-1",0.23891539289029,0.110937355049251,"LiJ_2014","IBD",7.3,5.5
"After","O2.UC46-1",0.126519171963653,-0.122561515012192,"LiJ_2014","IBD",7.3,5.5
"After","O2.UC47-1",0.0335473878746768,-0.0822057264670423,"LiJ_2014","IBD",7.3,5.5
"After","O2.UC48-1",-0.0283213493629375,0.00361716108076079,"LiJ_2014","IBD",7.3,5.5
"After","O2.UC5-1",-0.175044108165481,0.103110005612961,"LiJ_2014","IBD",7.3,5.5
"After","O2.UC6-2",0.1743878133891,-0.0622356143645052,"LiJ_2014","IBD",7.3,5.5
"After","O2.UC6-0",0.208858519361364,0.0668981195830423,"LiJ_2014","IBD",7.3,5.5
"After","O2.UC6-1",0.168801292645822,-0.0656836564756731,"LiJ_2014","IBD",7.3,5.5
"After","O2.UC7-1",0.0787114984534476,-0.271996178392095,"LiJ_2014","IBD",7.3,5.5
"After","O2.UC7-0",0.105359908809808,-0.21298588243617,"LiJ_2014","IBD",7.3,5.5
"After","O2.UC8-0",0.0888572846300332,-0.141315884392276,"LiJ_2014","IBD",7.3,5.5
"After","O2.UC8-1",0.102464717261234,-0.201429720037551,"LiJ_2014","IBD",7.3,5.5
"After","O2.UC8-2",0.0281407907834576,-0.0693773380177304,"LiJ_2014","IBD",7.3,5.5
"After","O2.UC9-1",-0.000720299515828597,-0.0637646441921613,"LiJ_2014","IBD",7.3,5.5
"After","V1.CD1-0-PN",-0.136555633451138,-0.14274708038686,"LiJ_2014","IBD",7.3,5.5
"After","V1.CD1-0-PT",-0.0173395006576608,-0.341518932380222,"LiJ_2014","IBD",7.3,5.5
"After","V1.CD1-3-PN",-0.200027529798743,0.0474562115393418,"LiJ_2014","IBD",7.3,5.5
"After","V1.CD12-3",0.0656292864218625,-0.258886237768401,"LiJ_2014","IBD",7.3,5.5
"After","V1.CD2-0-PN",-0.223713169411215,0.0959951046330091,"LiJ_2014","IBD",7.3,5.5
"After","V1.CD2-0-PT",0.0299843058682376,0.055625650432153,"LiJ_2014","IBD",7.3,5.5
"After","V1.CD3-0-PN",0.122017086273574,0.0351047635888115,"LiJ_2014","IBD",7.3,5.5
"After","V1.CD3-0-PT",0.188294222661704,0.0766509909696678,"LiJ_2014","IBD",7.3,5.5
"After","V1.CD3-3-PN",0.0772625736156561,-0.212829621028741,"LiJ_2014","IBD",7.3,5.5
"After","V1.CD32-0",0.00362998425741393,0.0556888401287548,"LiJ_2014","IBD",7.3,5.5
"After","V1.CD32-4",0.0199214358176369,0.0419911647563259,"LiJ_2014","IBD",7.3,5.5
"After","V1.CD37-4",-0.339947212999473,0.0131994570761032,"LiJ_2014","IBD",7.3,5.5
"After","V1.CD4-0-PN",-0.0416014009016211,-0.315296566799528,"LiJ_2014","IBD",7.3,5.5
"After","V1.CD4-0-PT",0.167189954066345,0.0584312041590275,"LiJ_2014","IBD",7.3,5.5
"After","V1.CD40-0",0.423952097956776,0.214881181572595,"LiJ_2014","IBD",7.3,5.5
"After","V1.CD43-0",0.0702364990961277,-0.0272701900320487,"LiJ_2014","IBD",7.3,5.5
"After","V1.CD44-0",0.428558945397287,0.30364981125084,"LiJ_2014","IBD",7.3,5.5
"After","V1.CD44-4",0.241811588671085,0.362385220886259,"LiJ_2014","IBD",7.3,5.5
"After","V1.CD45-0",0.454608469483383,0.220848255776712,"LiJ_2014","IBD",7.3,5.5
"After","V1.CD46-0",0.161752982717542,-0.19310152880163,"LiJ_2014","IBD",7.3,5.5
"After","V1.CD48-0",-0.199169083371456,0.294228254731874,"LiJ_2014","IBD",7.3,5.5
"After","V1.CD49-0",-0.174922895412751,0.0213635621557134,"LiJ_2014","IBD",7.3,5.5
"After","V1.CD5-0-PN",0.184690952014406,0.0237306064380372,"LiJ_2014","IBD",7.3,5.5
"After","V1.CD50-0",0.0117460462187139,0.0485381445739347,"LiJ_2014","IBD",7.3,5.5
"After","V1.CD51-0",-0.00645219560565309,0.0495701650243241,"LiJ_2014","IBD",7.3,5.5
"After","V1.CD52-0",-0.0683576165865366,-0.113902582579862,"LiJ_2014","IBD",7.3,5.5
"After","V1.CD53-0",-0.326372052605337,0.268062825795511,"LiJ_2014","IBD",7.3,5.5
"After","V1.CD54-0",0.138268253307582,-0.0466379168665169,"LiJ_2014","IBD",7.3,5.5
"After","V1.CD55-0",-0.103387366069206,0.0352015168659663,"LiJ_2014","IBD",7.3,5.5
"After","V1.CD6-0-PN",0.168743988665387,-0.0788092413813456,"LiJ_2014","IBD",7.3,5.5
"After","V1.CD6-0-PT",0.124768575162278,-0.0183625861150804,"LiJ_2014","IBD",7.3,5.5
"After","V1.CD7-0-PN",0.183684515091735,0.0605062457075363,"LiJ_2014","IBD",7.3,5.5
"After","V1.CD8-0-PN",0.0851261877944974,-0.0774251981221426,"LiJ_2014","IBD",7.3,5.5
"After","V1.FI01",-0.104023733826107,0.00473333568382099,"LiJ_2014","IBD",7.3,5.5
"After","V1.FI02",-0.181999104958106,0.0270020875569429,"LiJ_2014","IBD",7.3,5.5
"After","V1.FI03",0.095053002145231,-0.228923478480237,"LiJ_2014","IBD",7.3,5.5
"After","V1.FI04",-0.121852783962345,-0.0959305951307691,"LiJ_2014","IBD",7.3,5.5
"After","V1.FI05",-0.0440356640010282,-0.0667856018292562,"LiJ_2014","IBD",7.3,5.5
"After","V1.FI06",0.0218826147963689,-0.0490692789484431,"LiJ_2014","IBD",7.3,5.5
"After","V1.FI07",0.356312696594819,0.0489339680070183,"LiJ_2014","IBD",7.3,5.5
"After","V1.FI08",-0.0115713384741891,0.00700223219192888,"LiJ_2014","IBD",7.3,5.5
"After","V1.FI09",0.366946498033639,0.0766657523583228,"LiJ_2014","IBD",7.3,5.5
"After","V1.FI10",0.0487762393625851,-0.0543407291084825,"LiJ_2014","IBD",7.3,5.5
"After","V1.FI11",-0.242976934653503,0.0419692219976821,"LiJ_2014","IBD",7.3,5.5
"After","V1.FI12",0.139030743820751,0.0252044910275017,"LiJ_2014","IBD",7.3,5.5
"After","V1.FI13",-0.246236569453631,0.0170174026484137,"LiJ_2014","IBD",7.3,5.5
"After","V1.FI14",0.0915151415027863,-0.0539948856814178,"LiJ_2014","IBD",7.3,5.5
"After","V1.FI15",0.0483418456235624,-0.00854057193930866,"LiJ_2014","IBD",7.3,5.5
"After","V1.FI16",0.187215691245204,0.162159928918657,"LiJ_2014","IBD",7.3,5.5
"After","V1.FI17",-0.0291091634576374,0.00918168264774612,"LiJ_2014","IBD",7.3,5.5
"After","V1.FI18",-0.148870000678914,0.0307228939859274,"LiJ_2014","IBD",7.3,5.5
"After","V1.FI19",-0.0071499296369113,-0.32201599016505,"LiJ_2014","IBD",7.3,5.5
"After","V1.FI20",-0.0675551742309226,0.0325712575947022,"LiJ_2014","IBD",7.3,5.5
"After","V1.FI21",0.0137665562528293,-0.117283630165761,"LiJ_2014","IBD",7.3,5.5
"After","V1.FI22",0.0410489951354891,-0.247344653604336,"LiJ_2014","IBD",7.3,5.5
"After","V1.FI23",-0.335502513012848,0.200093825050446,"LiJ_2014","IBD",7.3,5.5
"After","V1.FI24",-0.248549697914851,0.0628784293957049,"LiJ_2014","IBD",7.3,5.5
"After","V1.FI25",-0.176290040817649,-0.0485607884410173,"LiJ_2014","IBD",7.3,5.5
"After","V1.FI26",-0.0336794018284682,-0.0469676342937459,"LiJ_2014","IBD",7.3,5.5
"After","V1.FI27",0.395863392342043,0.166811025449783,"LiJ_2014","IBD",7.3,5.5
"After","V1.FI28",0.0257323600191837,-0.13570084179078,"LiJ_2014","IBD",7.3,5.5
"After","V1.FI29",0.221690147617537,-0.227637922386264,"LiJ_2014","IBD",7.3,5.5
"After","V1.FI30",-0.0329653616676264,-0.0197409998849238,"LiJ_2014","IBD",7.3,5.5
"After","V1.FI31",0.449319126967898,0.248035912784354,"LiJ_2014","IBD",7.3,5.5
"After","V1.FI32",0.222534654675172,-0.1048905447873,"LiJ_2014","IBD",7.3,5.5
"After","V1.FI33",0.0745514958751983,-0.170726795790756,"LiJ_2014","IBD",7.3,5.5
"After","V1.FI34",-0.0125866949470354,-0.143682931736706,"LiJ_2014","IBD",7.3,5.5
"After","V1.FI35",-0.287198983861667,0.0810130317561342,"LiJ_2014","IBD",7.3,5.5
"After","V1.FI36",-0.0672608575312039,0.00851682855179529,"LiJ_2014","IBD",7.3,5.5
"After","V1.FI37",0.149384403139873,-0.127937127834802,"LiJ_2014","IBD",7.3,5.5
"After","V1.CD20-0",-0.237254682144086,0.219429269175263,"LiJ_2014","IBD",7.3,5.5
"After","V1.UC22-1",0.0690805655577294,-0.0326407079380576,"LiJ_2014","IBD",7.3,5.5
"After","V1.UC38-4",-0.236096250028485,0.213601947060674,"LiJ_2014","IBD",7.3,5.5
"After","V1.UC39-4",0.0694249992432632,-0.201926672888873,"LiJ_2014","IBD",7.3,5.5
"After","V1.UC40-1",-0.0276209031884839,0.0389221849245806,"LiJ_2014","IBD",7.3,5.5
"After","V1.UC47-4",-0.135591906627392,0.0119650296818179,"LiJ_2014","IBD",7.3,5.5
"After","V1.UC54-4",-0.0382325152366538,-0.205730291313223,"LiJ_2014","IBD",7.3,5.5
"After","V1.UC56-1",0.0875304978014101,0.563026439412803,"LiJ_2014","IBD",7.3,5.5
"After","V1.UC58-4",-0.0744568587971862,-0.135844525302574,"LiJ_2014","IBD",7.3,5.5
"After","V1.UC59-4",0.222406900637715,0.191042092850917,"LiJ_2014","IBD",7.3,5.5
"After","V1.UC59-0",-0.269757988509034,-0.0251710595975067,"LiJ_2014","IBD",7.3,5.5
"After","V1.UC60-0",-0.10447977436297,0.146609632338803,"LiJ_2014","IBD",7.3,5.5
"After","V1.UC63-0",0.0549672066481531,-0.0535740627573895,"LiJ_2014","IBD",7.3,5.5
"After","V1.UC64-0",-0.0250395265839226,-0.034973140537368,"LiJ_2014","IBD",7.3,5.5
"After","MH0001",0.49157372747907,0.298461151087546,"NielsenHB_2014","Healthy",7.3,5.5
"After","MH0002",-0.0565884208634297,-0.12027035085962,"NielsenHB_2014","Healthy",7.3,5.5
"After","MH0003",-0.0110878912126097,-0.101215811437278,"NielsenHB_2014","Healthy",7.3,5.5
"After","MH0004",0.180594464918457,-0.121298667388291,"NielsenHB_2014","Healthy",7.3,5.5
"After","MH0005",0.505031864407694,0.308102565233305,"NielsenHB_2014","Healthy",7.3,5.5
"After","MH0006",0.430982692225071,0.23080625120069,"NielsenHB_2014","Healthy",7.3,5.5
"After","MH0007",0.0690468366147048,-0.0933884661533115,"NielsenHB_2014","Healthy",7.3,5.5
"After","MH0008",-0.0264678930277263,0.00831483202771907,"NielsenHB_2014","Healthy",7.3,5.5
"After","MH0009",0.268654804868365,0.107534580576567,"NielsenHB_2014","Healthy",7.3,5.5
"After","MH0010",-0.161621671143892,-0.0385083676671576,"NielsenHB_2014","Healthy",7.3,5.5
"After","MH0011",-0.00888258325158066,-0.0705574554336145,"NielsenHB_2014","Healthy",7.3,5.5
"After","MH0012",0.136288484446459,-0.211622154198223,"NielsenHB_2014","Healthy",7.3,5.5
"After","MH0013",-0.00601186025728559,-0.159391520476087,"NielsenHB_2014","Healthy",7.3,5.5
"After","MH0014",-0.0359076125051603,-0.0582426633943376,"NielsenHB_2014","Healthy",7.3,5.5
"After","MH0015",0.00825413230878527,-0.129514677800543,"NielsenHB_2014","Healthy",7.3,5.5
"After","MH0016",-0.324668605825366,0.100856798781755,"NielsenHB_2014","Healthy",7.3,5.5
"After","MH0017",-0.0369648752045731,-0.0252669537862247,"NielsenHB_2014","Healthy",7.3,5.5
"After","MH0018",0.233542313384547,0.409933566924573,"NielsenHB_2014","Healthy",7.3,5.5
"After","MH0019",-0.199281562126411,0.03429756841809,"NielsenHB_2014","Healthy",7.3,5.5
"After","MH0020",0.0736246755693174,-0.253969506085607,"NielsenHB_2014","Healthy",7.3,5.5
"After","MH0021",-0.0881488832332562,0.0659426395973503,"NielsenHB_2014","Healthy",7.3,5.5
"After","MH0022",0.172402944382917,-0.11364025288172,"NielsenHB_2014","Healthy",7.3,5.5
"After","MH0023",0.373929571632773,0.100424617897822,"NielsenHB_2014","Healthy",7.3,5.5
"After","MH0024",-0.0399457034476835,-0.225257414443259,"NielsenHB_2014","Healthy",7.3,5.5
"After","MH0025",-0.0696719020126178,-0.109413547060039,"NielsenHB_2014","Healthy",7.3,5.5
"After","MH0026",0.187896643113683,0.225942539126872,"NielsenHB_2014","Healthy",7.3,5.5
"After","MH0027",-0.0660715402891491,-0.165190678806181,"NielsenHB_2014","Healthy",7.3,5.5
"After","MH0028",-0.0403036839024958,-0.0921201765171679,"NielsenHB_2014","Healthy",7.3,5.5
"After","MH0030",0.378644484307094,0.0648008365851403,"NielsenHB_2014","Healthy",7.3,5.5
"After","MH0031",0.250258543232594,0.0629691857224018,"NielsenHB_2014","Healthy",7.3,5.5
"After","MH0032",0.364608599572644,0.294176177054291,"NielsenHB_2014","Healthy",7.3,5.5
"After","MH0033",-0.169485304928292,0.138828240011725,"NielsenHB_2014","Healthy",7.3,5.5
"After","MH0034",0.435817188927524,0.330530586070727,"NielsenHB_2014","Healthy",7.3,5.5
"After","MH0035",-0.210891029331315,0.0536131856093276,"NielsenHB_2014","Healthy",7.3,5.5
"After","MH0036",0.134625899564966,-0.189988912173546,"NielsenHB_2014","Healthy",7.3,5.5
"After","MH0037",-0.231521258660047,0.211784173561412,"NielsenHB_2014","Healthy",7.3,5.5
"After","MH0038",-0.158429601476576,0.0310502334725083,"NielsenHB_2014","Healthy",7.3,5.5
"After","MH0039",-0.265116825565289,0.197118068573634,"NielsenHB_2014","Healthy",7.3,5.5
"After","MH0040",0.0191309993558,-0.285551951407546,"NielsenHB_2014","Healthy",7.3,5.5
"After","MH0041",-0.114809489339298,-0.170427887872674,"NielsenHB_2014","Healthy",7.3,5.5
"After","MH0042",-0.224073328853407,0.0982937135530369,"NielsenHB_2014","Healthy",7.3,5.5
"After","MH0043",-0.271993829431847,0.115693107783133,"NielsenHB_2014","Healthy",7.3,5.5
"After","MH0044",-0.177414456460081,0.14694068227691,"NielsenHB_2014","Healthy",7.3,5.5
"After","MH0045",-0.216623041855221,0.0401842895285364,"NielsenHB_2014","Healthy",7.3,5.5
"After","MH0046",0.213056532834653,0.0379473013386113,"NielsenHB_2014","Healthy",7.3,5.5
"After","MH0047",0.0546608484474004,0.0168993580970101,"NielsenHB_2014","Healthy",7.3,5.5
"After","MH0048",-0.170405845621268,-0.0826829775111976,"NielsenHB_2014","Healthy",7.3,5.5
"After","MH0049",-0.0613804379006709,0.219216505444204,"NielsenHB_2014","Healthy",7.3,5.5
"After","MH0050",0.230020268066648,0.0325173071603212,"NielsenHB_2014","Healthy",7.3,5.5
"After","MH0051",-0.0278972561285034,-0.233068339687578,"NielsenHB_2014","Healthy",7.3,5.5
"After","MH0052",0.0988832742357501,-0.0861988414886825,"NielsenHB_2014","Healthy",7.3,5.5
"After","MH0053",0.343687864132205,0.0648885192817743,"NielsenHB_2014","Healthy",7.3,5.5
"After","MH0054",0.160084956975378,-0.0384323010014095,"NielsenHB_2014","Healthy",7.3,5.5
"After","MH0055",0.0327830188242998,-0.114333648557094,"NielsenHB_2014","Healthy",7.3,5.5
"After","MH0056",-0.0728812593829923,0.0683500252121771,"NielsenHB_2014","Healthy",7.3,5.5
"After","MH0057",-0.0268641337388111,-0.113981829797108,"NielsenHB_2014","Healthy",7.3,5.5
"After","MH0058",-0.109477120378843,0.0948392094112172,"NielsenHB_2014","Healthy",7.3,5.5
"After","MH0059",-0.0466205360467746,0.00348081104000947,"NielsenHB_2014","Healthy",7.3,5.5
"After","MH0060",-0.0197572621612543,-0.142163753821163,"NielsenHB_2014","Healthy",7.3,5.5
"After","MH0061",0.0721052517002882,-0.235821859871111,"NielsenHB_2014","Healthy",7.3,5.5
"After","MH0062",0.156484357887002,-0.198915792713824,"NielsenHB_2014","Healthy",7.3,5.5
"After","MH0063",0.392690947102709,0.227390419013529,"NielsenHB_2014","Healthy",7.3,5.5
"After","MH0064",0.390493463888093,0.0889881717495437,"NielsenHB_2014","Healthy",7.3,5.5
"After","MH0065",0.185221580750345,0.167988474426161,"NielsenHB_2014","Healthy",7.3,5.5
"After","MH0066",-0.0599199567276902,-0.20265402707385,"NielsenHB_2014","Healthy",7.3,5.5
"After","MH0067",0.0394440387977434,-0.273441052406029,"NielsenHB_2014","Healthy",7.3,5.5
"After","MH0068",-0.260041623707691,0.32924928486748,"NielsenHB_2014","Healthy",7.3,5.5
"After","MH0069",0.0210367195113407,-0.165251572133577,"NielsenHB_2014","Healthy",7.3,5.5
"After","MH0070",0.0771854858083162,-0.069329698389622,"NielsenHB_2014","Healthy",7.3,5.5
"After","MH0071",-0.0433553592761175,-0.0464516509105799,"NielsenHB_2014","Healthy",7.3,5.5
"After","MH0072",-0.274268736549038,0.133238540266535,"NielsenHB_2014","Healthy",7.3,5.5
"After","MH0073",0.109458592037492,-0.245873242932068,"NielsenHB_2014","Healthy",7.3,5.5
"After","MH0074",0.0676399727552959,-0.0478084585365699,"NielsenHB_2014","Healthy",7.3,5.5
"After","MH0075",0.1128334166852,-0.0924323895406706,"NielsenHB_2014","Healthy",7.3,5.5
"After","MH0076",-0.224909051283715,0.267966004449765,"NielsenHB_2014","Healthy",7.3,5.5
"After","MH0077",0.336856202871196,-0.0804517026969481,"NielsenHB_2014","Healthy",7.3,5.5
"After","MH0078",0.483948166045565,0.277510006308523,"NielsenHB_2014","Healthy",7.3,5.5
"After","MH0079",0.0812726378872112,-0.049578405346347,"NielsenHB_2014","Healthy",7.3,5.5
"After","MH0080",-0.111092707877535,0.138542842922565,"NielsenHB_2014","Healthy",7.3,5.5
"After","MH0081",-0.141140973025498,-0.0587628797431237,"NielsenHB_2014","Healthy",7.3,5.5
"After","MH0082",-0.0240643165905692,0.123340736050478,"NielsenHB_2014","Healthy",7.3,5.5
"After","MH0083",0.0443398642685948,-0.188337652002861,"NielsenHB_2014","Healthy",7.3,5.5
"After","MH0084",0.230971177486634,0.444942814315094,"NielsenHB_2014","Healthy",7.3,5.5
"After","MH0085",0.0918047494561812,0.171277717298528,"NielsenHB_2014","Healthy",7.3,5.5
"After","MH0086",0.154616722227472,-0.175151742889658,"NielsenHB_2014","Healthy",7.3,5.5
"After","MH0087",-0.0673121003328028,-0.336775075762062,"NielsenHB_2014","Healthy",7.3,5.5
"After","MH0088",-0.087086083515593,-0.122280695917851,"NielsenHB_2014","Healthy",7.3,5.5
"After","MH0089",0.0584952590412359,-0.324343782946426,"NielsenHB_2014","Healthy",7.3,5.5
"After","MH0090",-0.00499868632643839,-0.271512603700699,"NielsenHB_2014","Healthy",7.3,5.5
"After","MH0091",0.230633673915726,0.240936983298394,"NielsenHB_2014","Healthy",7.3,5.5
"After","MH0092",-0.137623908204762,-0.0860245230068015,"NielsenHB_2014","Healthy",7.3,5.5
"After","MH0093",-0.170355382398408,0.0957565907909952,"NielsenHB_2014","Healthy",7.3,5.5
"After","MH0094",-0.0358305748805973,-0.153999241126034,"NielsenHB_2014","Healthy",7.3,5.5
"After","MH0095",-0.10696012035493,0.0819767346110126,"NielsenHB_2014","Healthy",7.3,5.5
"After","MH0096",0.492061396505134,0.254647518439452,"NielsenHB_2014","Healthy",7.3,5.5
"After","MH0097",-0.165081177246007,0.166177700489497,"NielsenHB_2014","Healthy",7.3,5.5
"After","MH0098",0.211833936670619,0.113036599271904,"NielsenHB_2014","Healthy",7.3,5.5
"After","MH0099",-0.0263255530723115,-0.0987452344058884,"NielsenHB_2014","Healthy",7.3,5.5
"After","MH0100",0.118702058182688,-0.220168074218222,"NielsenHB_2014","Healthy",7.3,5.5
"After","MH0101",0.0684996981450059,0.0241621184124383,"NielsenHB_2014","Healthy",7.3,5.5
"After","MH0102",0.0933737395002102,-0.180424221574691,"NielsenHB_2014","Healthy",7.3,5.5
"After","MH0103",0.280363507268977,0.233211831395917,"NielsenHB_2014","Healthy",7.3,5.5
"After","MH0104",0.209878224394617,-0.062442862052574,"NielsenHB_2014","Healthy",7.3,5.5
"After","MH0105",0.220597202829499,0.308950825502549,"NielsenHB_2014","Healthy",7.3,5.5
"After","MH0106",0.312491053729573,0.064842087162465,"NielsenHB_2014","Healthy",7.3,5.5
"After","MH0107",0.169349345281242,-0.0172022140963467,"NielsenHB_2014","Healthy",7.3,5.5
"After","MH0109",-0.329519675683133,0.0565534198516475,"NielsenHB_2014","Healthy",7.3,5.5
"After","MH0110",-0.247290666625688,0.063094199118983,"NielsenHB_2014","Healthy",7.3,5.5
"After","MH0111",-0.0960274710627022,0.116251861455802,"NielsenHB_2014","Healthy",7.3,5.5
"After","MH0113",-0.0706762691008871,-0.0708325952372142,"NielsenHB_2014","Healthy",7.3,5.5
"After","MH0114",-0.335898389299041,0.205901639920654,"NielsenHB_2014","Healthy",7.3,5.5
"After","MH0115",0.0610163247956393,-0.229164014510561,"NielsenHB_2014","Healthy",7.3,5.5
"After","MH0116",-0.00975117742664331,-0.185362915072177,"NielsenHB_2014","Healthy",7.3,5.5
"After","MH0117",0.0235533642213592,0.0552690117246564,"NielsenHB_2014","Healthy",7.3,5.5
"After","MH0118",0.219898071238166,-0.110733177997835,"NielsenHB_2014","Healthy",7.3,5.5
"After","MH0120",0.373746498174763,0.220418457136766,"NielsenHB_2014","Healthy",7.3,5.5
"After","MH0121",-0.217496034827518,0.2043987297277,"NielsenHB_2014","Healthy",7.3,5.5
"After","MH0122",-0.0693161003077248,-0.0588206824270188,"NielsenHB_2014","Healthy",7.3,5.5
"After","MH0123",0.0426924796434697,-0.296679297381545,"NielsenHB_2014","Healthy",7.3,5.5
"After","MH0124",0.0966463564334518,-0.0803771891858468,"NielsenHB_2014","Healthy",7.3,5.5
"After","MH0125",0.0858606229621749,-0.211978223165474,"NielsenHB_2014","Healthy",7.3,5.5
"After","MH0126",0.234629332521541,-0.0542716784178134,"NielsenHB_2014","Healthy",7.3,5.5
"After","MH0127",0.0224448080825399,-0.235240198117223,"NielsenHB_2014","Healthy",7.3,5.5
"After","MH0128",-0.039098010695284,-0.339970938100236,"NielsenHB_2014","Healthy",7.3,5.5
"After","MH0129",-0.190192480759871,0.0744264798917996,"NielsenHB_2014","Healthy",7.3,5.5
"After","MH0130",0.484066918565629,0.316465831869476,"NielsenHB_2014","Healthy",7.3,5.5
"After","MH0132",0.239032745667182,0.00463441465362062,"NielsenHB_2014","Healthy",7.3,5.5
"After","MH0133",-0.0328306686741371,-0.330682949180962,"NielsenHB_2014","Healthy",7.3,5.5
"After","MH0134",-0.241471394013442,0.174275256649749,"NielsenHB_2014","Healthy",7.3,5.5
"After","MH0135",-0.0526947171523639,-0.0724514352894674,"NielsenHB_2014","Healthy",7.3,5.5
"After","MH0136",-0.147750578884649,-0.120629218129444,"NielsenHB_2014","Healthy",7.3,5.5
"After","MH0137",0.242566091796642,0.0681711776991707,"NielsenHB_2014","Healthy",7.3,5.5
"After","MH0138",0.505655303762892,0.328953792885384,"NielsenHB_2014","Healthy",7.3,5.5
"After","MH0139",-0.15614448141433,0.0312246521348674,"NielsenHB_2014","Healthy",7.3,5.5
"After","MH0140",0.0623781365568277,-0.148676097330477,"NielsenHB_2014","Healthy",7.3,5.5
"After","MH0141",0.320350194814959,0.0767701844258088,"NielsenHB_2014","Healthy",7.3,5.5
"After","MH0142",0.0028486158568577,-0.121738163824607,"NielsenHB_2014","Healthy",7.3,5.5
"After","MH0143",0.214633360971848,-0.0393903281649593,"NielsenHB_2014","Healthy",7.3,5.5
"After","MH0144",0.310691981969669,0.207062202299438,"NielsenHB_2014","Healthy",7.3,5.5
"After","MH0145",0.101447162248043,-0.200127452291081,"NielsenHB_2014","Healthy",7.3,5.5
"After","MH0146",-0.0422324251490271,-0.310740556528937,"NielsenHB_2014","Healthy",7.3,5.5
"After","MH0147",0.00959720901901636,-0.137887511796579,"NielsenHB_2014","Healthy",7.3,5.5
"After","MH0148",0.0330184446538727,-0.226690162579987,"NielsenHB_2014","Healthy",7.3,5.5
"After","MH0149",-0.150242763512103,-0.0031053641808794,"NielsenHB_2014","Healthy",7.3,5.5
"After","MH0151",0.329860713679981,0.169699191345343,"NielsenHB_2014","Healthy",7.3,5.5
"After","MH0152",0.288936290774445,0.0235877699945624,"NielsenHB_2014","Healthy",7.3,5.5
"After","MH0153",0.0671048378497519,-0.297146453796412,"NielsenHB_2014","Healthy",7.3,5.5
"After","MH0154",-0.0263489088079027,0.0437392905683769,"NielsenHB_2014","Healthy",7.3,5.5
"After","MH0155",-0.0172642001661698,-0.297350413127062,"NielsenHB_2014","Healthy",7.3,5.5
"After","MH0156",-0.327118129097802,0.0693543491244105,"NielsenHB_2014","Healthy",7.3,5.5
"After","MH0157",0.104926689511373,0.0313512801773434,"NielsenHB_2014","Healthy",7.3,5.5
"After","MH0158",-0.169235592138024,0.0282214850953064,"NielsenHB_2014","Healthy",7.3,5.5
"After","MH0159",-0.131811896178101,-0.0780407868834848,"NielsenHB_2014","Healthy",7.3,5.5
"After","MH0160",0.122675767052462,-0.288751902427315,"NielsenHB_2014","Healthy",7.3,5.5
"After","MH0162",-0.0759000167215302,-0.207417726231907,"NielsenHB_2014","Healthy",7.3,5.5
"After","MH0163",0.148137366556838,0.00383187667625508,"NielsenHB_2014","Healthy",7.3,5.5
"After","MH0164",0.471624235446705,0.307857459881839,"NielsenHB_2014","Healthy",7.3,5.5
"After","MH0165",0.150701140844154,0.110220558580743,"NielsenHB_2014","Healthy",7.3,5.5
"After","MH0166",-0.0151576356404822,-0.367491277614439,"NielsenHB_2014","Healthy",7.3,5.5
"After","MH0167",-0.195511454005024,0.0891751042647924,"NielsenHB_2014","Healthy",7.3,5.5
"After","MH0168",0.289399495930359,0.154302972509595,"NielsenHB_2014","Healthy",7.3,5.5
"After","MH0169",0.188039047988841,-0.0476565031520968,"NielsenHB_2014","Healthy",7.3,5.5
"After","MH0170",0.0928458714431298,-0.305920283311565,"NielsenHB_2014","Healthy",7.3,5.5
"After","MH0172",-0.035540149107795,-0.00484710590569232,"NielsenHB_2014","Healthy",7.3,5.5
"After","MH0173",0.280753950499073,0.175122058815653,"NielsenHB_2014","Healthy",7.3,5.5
"After","MH0174",-0.0517562900697127,-0.0015074668473538,"NielsenHB_2014","Healthy",7.3,5.5
"After","MH0175",0.148971829586349,-0.0278871640570401,"NielsenHB_2014","Healthy",7.3,5.5
"After","MH0177",-0.1062083411348,0.0190702333742012,"NielsenHB_2014","Healthy",7.3,5.5
"After","MH0178",-0.0600856938827904,-0.296074997780149,"NielsenHB_2014","Healthy",7.3,5.5
"After","MH0179",-0.175722952137292,0.222835837585746,"NielsenHB_2014","Healthy",7.3,5.5
"After","MH0180",-0.152564320165381,0.096469003106758,"NielsenHB_2014","Healthy",7.3,5.5
"After","MH0181",0.0676246255648904,-0.15130849730479,"NielsenHB_2014","Healthy",7.3,5.5
"After","MH0182",-0.301889390051507,-0.00543501222652485,"NielsenHB_2014","Healthy",7.3,5.5
"After","MH0183",0.361506561554159,0.112939097789252,"NielsenHB_2014","Healthy",7.3,5.5
"After","MH0184",-0.275124341070385,0.0802945462098798,"NielsenHB_2014","Healthy",7.3,5.5
"After","MH0185",-0.270164925448079,0.0224236308443393,"NielsenHB_2014","Healthy",7.3,5.5
"After","MH0186",-0.227887981816641,0.264512778522785,"NielsenHB_2014","Healthy",7.3,5.5
"After","O2_UC1_0",0.394694669419274,0.134161194604428,"NielsenHB_2014","IBD",7.3,5.5
"After","O2_UC1_2",0.289412792129471,0.00345171248233281,"NielsenHB_2014","IBD",7.3,5.5
"After","O2_UC11_0",0.261679053136889,-0.0266022619059661,"NielsenHB_2014","IBD",7.3,5.5
"After","O2_UC11_2",0.258857207186895,-0.0293810636477274,"NielsenHB_2014","IBD",7.3,5.5
"After","O2_UC12_0",-0.0389203980128887,0.143512981247328,"NielsenHB_2014","IBD",7.3,5.5
"After","O2_UC12_2",0.360233150144928,0.17802038291454,"NielsenHB_2014","IBD",7.3,5.5
"After","O2_UC13_2",0.123503825077968,-0.163865490173376,"NielsenHB_2014","IBD",7.3,5.5
"After","O2_UC13_0",0.0793143445838476,-0.0906557358519042,"NielsenHB_2014","IBD",7.3,5.5
"After","O2_UC14_0",0.347779512513,0.111819272177554,"NielsenHB_2014","IBD",7.3,5.5
"After","O2_UC14_2",0.042489650785722,-0.184779972221582,"NielsenHB_2014","IBD",7.3,5.5
"After","O2_UC16_0",0.472799513906619,0.208205976695006,"NielsenHB_2014","IBD",7.3,5.5
"After","O2_UC16_2",0.454157088025831,0.143065148303991,"NielsenHB_2014","IBD",7.3,5.5
"After","O2_UC17_0",0.185876374463839,0.434489377139861,"NielsenHB_2014","IBD",7.3,5.5
"After","O2_UC17_2",-0.168245862460496,0.221693012716176,"NielsenHB_2014","IBD",7.3,5.5
"After","O2_UC18_0",-0.00518788787440746,-0.251680047081839,"NielsenHB_2014","IBD",7.3,5.5
"After","O2_UC18_2",0.148554424515924,-0.167697682727354,"NielsenHB_2014","IBD",7.3,5.5
"After","O2_UC19_0",0.103653531848644,0.0143613172171406,"NielsenHB_2014","IBD",7.3,5.5
"After","O2_UC19_2",-0.0131115927426317,-0.22656677363952,"NielsenHB_2014","IBD",7.3,5.5
"After","O2_UC2_0",0.240707586672969,-0.0714245789326429,"NielsenHB_2014","IBD",7.3,5.5
"After","O2_UC2_2",0.0102449599638998,-0.0756753826019276,"NielsenHB_2014","IBD",7.3,5.5
"After","O2_UC20_0",-0.186281109798827,-0.079041458748326,"NielsenHB_2014","IBD",7.3,5.5
"After","O2_UC20_2",-0.109638785603866,-0.0597762618049687,"NielsenHB_2014","IBD",7.3,5.5
"After","O2_UC21_0",0.0640138659427338,-0.144630363154495,"NielsenHB_2014","IBD",7.3,5.5
"After","O2_UC21_2",-0.000359627348317051,-0.160975284854131,"NielsenHB_2014","IBD",7.3,5.5
"After","O2_UC22_0",-0.189944251079353,-0.0483499676979025,"NielsenHB_2014","IBD",7.3,5.5
"After","O2_UC22_2",0.00985261394587719,-0.230673069769893,"NielsenHB_2014","IBD",7.3,5.5
"After","O2_UC23_0",-0.0757716472396508,-0.219391991838172,"NielsenHB_2014","IBD",7.3,5.5
"After","O2_UC23_2",0.0979801128164613,-0.0999162170944097,"NielsenHB_2014","IBD",7.3,5.5
"After","O2_UC24_0",0.498276173863232,0.283488076653919,"NielsenHB_2014","IBD",7.3,5.5
"After","O2_UC24_2",0.291278919201784,-0.0242254028075007,"NielsenHB_2014","IBD",7.3,5.5
"After","O2_UC26_2",-0.273499096005837,0.220556861171488,"NielsenHB_2014","IBD",7.3,5.5
"After","O2_UC26_0",-0.267179850739773,0.20380864696435,"NielsenHB_2014","IBD",7.3,5.5
"After","O2_UC27_2",0.0799037277788071,-0.331144292446353,"NielsenHB_2014","IBD",7.3,5.5
"After","O2_UC27_0",0.129403387338323,-0.300088207853247,"NielsenHB_2014","IBD",7.3,5.5
"After","O2_UC29_2",0.101513588940586,-0.229911796612178,"NielsenHB_2014","IBD",7.3,5.5
"After","O2_UC29_0",0.0568198429069361,-0.264750779848011,"NielsenHB_2014","IBD",7.3,5.5
"After","O2_UC3_2",-0.0990672382338798,-0.0353606802984855,"NielsenHB_2014","IBD",7.3,5.5
"After","O2_UC3_0",0.00835079548340465,-0.0633438180686748,"NielsenHB_2014","IBD",7.3,5.5
"After","O2_UC30_0",0.189898824865652,-0.0251287993627691,"NielsenHB_2014","IBD",7.3,5.5
"After","O2_UC30_2",-0.17148142576643,0.0581384722579451,"NielsenHB_2014","IBD",7.3,5.5
"After","O2_UC31_0",-0.0494283633659428,-0.129170125217159,"NielsenHB_2014","IBD",7.3,5.5
"After","O2_UC31_2",0.131917286918294,-0.0660274750560585,"NielsenHB_2014","IBD",7.3,5.5
"After","O2_UC32_0",0.0829255376242986,-0.101113505041029,"NielsenHB_2014","IBD",7.3,5.5
"After","O2_UC32_2",0.141266881195234,-0.101179706046524,"NielsenHB_2014","IBD",7.3,5.5
"After","O2_UC34_0",0.293076498476327,0.323090980966346,"NielsenHB_2014","IBD",7.3,5.5
"After","O2_UC34_2",-0.291302469204936,0.26860314605673,"NielsenHB_2014","IBD",7.3,5.5
"After","O2_UC35_0",0.0789150297662302,-0.309014517698853,"NielsenHB_2014","IBD",7.3,5.5
"After","O2_UC35_2",0.163878434431133,-0.177042804169956,"NielsenHB_2014","IBD",7.3,5.5
"After","O2_UC36_2",-0.117650061428162,-0.177403142684268,"NielsenHB_2014","IBD",7.3,5.5
"After","O2_UC37_0",-0.231055787681017,0.0713057593352,"NielsenHB_2014","IBD",7.3,5.5
"After","O2_UC37_2",0.066480062077554,-0.0617029907195668,"NielsenHB_2014","IBD",7.3,5.5
"After","O2_UC38_0",0.379214621214523,0.213863738156174,"NielsenHB_2014","IBD",7.3,5.5
"After","O2_UC38_2",0.352258866078187,0.225656499452359,"NielsenHB_2014","IBD",7.3,5.5
"After","O2_UC4_0",0.17900796480026,-0.252289887480226,"NielsenHB_2014","IBD",7.3,5.5
"After","O2_UC4_2",0.204513329236564,-0.261081082135395,"NielsenHB_2014","IBD",7.3,5.5
"After","O2_UC40_0",0.0653236418408957,-0.0404560731381607,"NielsenHB_2014","IBD",7.3,5.5
"After","O2_UC40_2",0.0372140317619164,-0.047772881994237,"NielsenHB_2014","IBD",7.3,5.5
"After","O2_UC41_2",-0.130399269542215,-0.0477365821684733,"NielsenHB_2014","IBD",7.3,5.5
"After","O2_UC41_0",-0.0452963970305616,-0.0197191576669576,"NielsenHB_2014","IBD",7.3,5.5
"After","O2_UC43_2",0.516117123861726,0.304277037947099,"NielsenHB_2014","IBD",7.3,5.5
"After","O2_UC43_0",0.471599461359711,0.235866258710133,"NielsenHB_2014","IBD",7.3,5.5
"After","O2_UC44_2",0.26355074667039,-0.0135415610396068,"NielsenHB_2014","IBD",7.3,5.5
"After","O2_UC44_0",0.118714311604833,-0.0153116396850891,"NielsenHB_2014","IBD",7.3,5.5
"After","O2_UC46_0",-0.0159340590129935,-0.168183502708208,"NielsenHB_2014","IBD",7.3,5.5
"After","O2_UC46_2",0.00511502149965217,-0.165583466618732,"NielsenHB_2014","IBD",7.3,5.5
"After","O2_UC47_2",0.0367565261578212,-0.113744730644323,"NielsenHB_2014","IBD",7.3,5.5
"After","O2_UC47_0",0.048510306835405,-0.146779829491454,"NielsenHB_2014","IBD",7.3,5.5
"After","O2_UC48_2",-0.083907125895597,-0.0418447634278233,"NielsenHB_2014","IBD",7.3,5.5
"After","O2_UC48_0",0.0381375381717426,-0.159607238762121,"NielsenHB_2014","IBD",7.3,5.5
"After","O2_UC49_2",-0.116164046275546,-0.206379803546106,"NielsenHB_2014","Healthy",7.3,5.5
"After","O2_UC49_0",-0.115860218256792,0.0137966291482298,"NielsenHB_2014","Healthy",7.3,5.5
"After","O2_UC5_2",0.0866113391308423,0.0344362067735041,"NielsenHB_2014","IBD",7.3,5.5
"After","O2_UC5_0",-0.0602981738224467,0.00269918082883726,"NielsenHB_2014","IBD",7.3,5.5
"After","O2_UC50_2",-0.0839892751035297,-0.10791857459951,"NielsenHB_2014","Healthy",7.3,5.5
"After","O2_UC50_0",-0.0776179802550201,-0.200289426754389,"NielsenHB_2014","Healthy",7.3,5.5
"After","O2_UC51_0",-0.0243515506950837,-0.271831957348725,"NielsenHB_2014","Healthy",7.3,5.5
"After","O2_UC51_2",-0.00489814080376835,-0.266988865061539,"NielsenHB_2014","Healthy",7.3,5.5
"After","O2_UC52_2",0.0269456827954596,-0.260342319398893,"NielsenHB_2014","Healthy",7.3,5.5
"After","O2_UC52_0",-0.0074888144162152,-0.324383288678758,"NielsenHB_2014","Healthy",7.3,5.5
"After","O2_UC53_0",0.0888580578541702,-0.0188864007758,"NielsenHB_2014","Healthy",7.3,5.5
"After","O2_UC53_2",-0.0644897345842454,-0.106528965693799,"NielsenHB_2014","Healthy",7.3,5.5
"After","O2_UC54_0",-0.0667922024841456,-0.088215097783463,"NielsenHB_2014","Healthy",7.3,5.5
"After","O2_UC54_2",-0.133053586255821,-0.0735384518378756,"NielsenHB_2014","Healthy",7.3,5.5
"After","O2_UC55_0",0.0288180195056276,-0.218835426797533,"NielsenHB_2014","Healthy",7.3,5.5
"After","O2_UC55_2",-0.0822462509839454,-0.197085834762387,"NielsenHB_2014","Healthy",7.3,5.5
"After","O2_UC56_2",-0.212341858519724,0.110828311370059,"NielsenHB_2014","Healthy",7.3,5.5
"After","O2_UC56_0",-0.273756616412475,0.0700412877387905,"NielsenHB_2014","Healthy",7.3,5.5
"After","O2_UC57_0",0.11582763179233,-0.113057122066412,"NielsenHB_2014","Healthy",7.3,5.5
"After","O2_UC57_2",0.195589521759748,-0.043191857467358,"NielsenHB_2014","Healthy",7.3,5.5
"After","O2_UC58_0",0.0289502524440618,-0.134548675002261,"NielsenHB_2014","Healthy",7.3,5.5
"After","O2_UC58_2",0.0914052513707071,-0.15513397524383,"NielsenHB_2014","Healthy",7.3,5.5
"After","O2_UC59_2",0.0758144425308654,-0.30784667114954,"NielsenHB_2014","Healthy",7.3,5.5
"After","O2_UC59_0",0.0774915346449238,-0.303427432746756,"NielsenHB_2014","Healthy",7.3,5.5
"After","O2_UC60_0",0.203370604308366,-0.0555616307045733,"NielsenHB_2014","Healthy",7.3,5.5
"After","O2_UC60_2",0.265988760225212,-0.00326000101209251,"NielsenHB_2014","Healthy",7.3,5.5
"After","O2_UC9_0",0.172319775627865,-0.134881089018452,"NielsenHB_2014","IBD",7.3,5.5
"After","O2_UC9_2",0.099454186424886,-0.123356653133172,"NielsenHB_2014","IBD",7.3,5.5
"After","V1_CD1_0",-0.369780749929296,0.159087597357863,"NielsenHB_2014","IBD",7.3,5.5
"After","V1_CD10_0",0.19653046355799,0.068108733046428,"NielsenHB_2014","IBD",7.3,5.5
"After","V1_CD11_0",0.144506118738341,-0.0602054318542891,"NielsenHB_2014","Healthy",7.3,5.5
"After","V1_CD12_0",0.124030168161323,-0.192242654864335,"NielsenHB_2014","IBD",7.3,5.5
"After","V1_CD13_0",0.201825418053618,-0.0595917365646178,"NielsenHB_2014","Healthy",7.3,5.5
"After","V1_CD14_0",-0.018433617270589,-0.18302013798199,"NielsenHB_2014","Healthy",7.3,5.5
"After","V1_CD15_0",-0.317344606413286,-0.0177427477636013,"NielsenHB_2014","IBD",7.3,5.5
"After","V1_CD15_3",-0.223995006531732,0.0207602473775774,"NielsenHB_2014","IBD",7.3,5.5
"After","V1_CD16_0",0.049743651568469,-0.164592970740776,"NielsenHB_2014","Healthy",7.3,5.5
"After","V1_CD17_0",-0.15070663989025,0.0958002900951335,"NielsenHB_2014","IBD",7.3,5.5
"After","V1_CD17_4",-0.22893588945859,0.0106961058643044,"NielsenHB_2014","IBD",7.3,5.5
"After","V1_CD18_3",0.00537071082281002,0.575173592222665,"NielsenHB_2014","IBD",7.3,5.5
"After","V1_CD18_0",-0.0302711204048838,0.484373657898556,"NielsenHB_2014","IBD",7.3,5.5
"After","V1_CD19_0",0.186201269104502,-0.101073991829893,"NielsenHB_2014","Healthy",7.3,5.5
"After","V1_CD2_0",0.476279028437916,0.318680557343735,"NielsenHB_2014","Healthy",7.3,5.5
"After","V1_CD20_4",-0.275675710600865,0.180637934988531,"NielsenHB_2014","IBD",7.3,5.5
"After","V1_CD21_4",-0.365574692331011,0.184004277461146,"NielsenHB_2014","IBD",7.3,5.5
"After","V1_CD21_0",-0.306252102419059,0.256093880017623,"NielsenHB_2014","IBD",7.3,5.5
"After","V1_CD22_0",0.187228873334516,-0.072280687951437,"NielsenHB_2014","Healthy",7.3,5.5
"After","V1_CD24_0",-0.108101580823286,0.0175075057044677,"NielsenHB_2014","Healthy",7.3,5.5
"After","V1_CD25_0",-0.0833859183932495,-0.347952311979189,"NielsenHB_2014","IBD",7.3,5.5
"After","V1_CD25_4",-0.0886496290563993,-0.383150530110382,"NielsenHB_2014","IBD",7.3,5.5
"After","V1_CD27_0",0.104720336865543,-0.0998122036352988,"NielsenHB_2014","Healthy",7.3,5.5
"After","V1_CD28_0",0.210397830578452,0.308675368250264,"NielsenHB_2014","Healthy",7.3,5.5
"After","V1_CD29_0",-0.0387822619614526,0.0349951276204809,"NielsenHB_2014","Healthy",7.3,5.5
"After","V1_CD3_0",0.0465512769487804,-0.253715709154762,"NielsenHB_2014","Healthy",7.3,5.5
"After","V1_CD30_0",0.099083145779914,-0.0719940952017888,"NielsenHB_2014","Healthy",7.3,5.5
"After","V1_CD31_0",0.102256780363282,-0.0876699139117198,"NielsenHB_2014","Healthy",7.3,5.5
"After","V1_CD34_0",0.438112772952256,0.231633538972096,"NielsenHB_2014","Healthy",7.3,5.5
"After","V1_CD35_1",-0.104855192121403,0.16413683172621,"NielsenHB_2014","IBD",7.3,5.5
"After","V1_CD35_0",-0.345934309541574,0.238171630678902,"NielsenHB_2014","IBD",7.3,5.5
"After","V1_CD36_0",-0.13737752782261,0.224117716237776,"NielsenHB_2014","Healthy",7.3,5.5
"After","V1_CD38_0",-0.0168410791990141,-0.219989504204107,"NielsenHB_2014","Healthy",7.3,5.5
"After","V1_CD4_0",0.0384739743814109,-0.318446355654523,"NielsenHB_2014","Healthy",7.3,5.5
"After","V1_CD41_0",-0.0446234642163661,0.18616122104485,"NielsenHB_2014","IBD",7.3,5.5
"After","V1_CD42_0",-0.244135780942265,0.321478249628251,"NielsenHB_2014","Healthy",7.3,5.5
"After","V1_CD6_0",-0.137925979783509,-0.111863568707456,"NielsenHB_2014","IBD",7.3,5.5
"After","V1_CD6_4",-0.12837893885822,-0.0636183695186812,"NielsenHB_2014","IBD",7.3,5.5
"After","V1_CD7_0",-0.281919248692762,0.342712560897038,"NielsenHB_2014","IBD",7.3,5.5
"After","V1_CD7_4",0.0779808922339135,-0.0378474409588015,"NielsenHB_2014","IBD",7.3,5.5
"After","V1_CD8_0",-0.185538429186201,0.224176879300888,"NielsenHB_2014","Healthy",7.3,5.5
"After","V1_CD9_0",-0.216464945769867,0.0377612021607149,"NielsenHB_2014","Healthy",7.3,5.5
"After","V1_UC1_0",0.111446703497648,-0.12650130904026,"NielsenHB_2014","IBD",7.3,5.5
"After","V1_UC10_0",0.168746812691201,-0.274614405696344,"NielsenHB_2014","IBD",7.3,5.5
"After","V1_UC10_2",0.111748906703139,-0.178779351306247,"NielsenHB_2014","IBD",7.3,5.5
"After","V1_UC11_0",0.0380363018474819,-0.244545194632444,"NielsenHB_2014","IBD",7.3,5.5
"After","V1_UC11_5",-0.119245511447908,-0.0610942089315664,"NielsenHB_2014","IBD",7.3,5.5
"After","V1_UC12_0",0.220204473189988,-0.040466766740811,"NielsenHB_2014","IBD",7.3,5.5
"After","V1_UC12_4",0.421770111007076,0.100989395144054,"NielsenHB_2014","IBD",7.3,5.5
"After","V1_UC13_0",-0.0892209373461292,-0.220310717695867,"NielsenHB_2014","IBD",7.3,5.5
"After","V1_UC13_3",-0.0265109155709601,-0.195681275944826,"NielsenHB_2014","IBD",7.3,5.5
"After","V1_UC14_0",0.01885175863825,0.00976531522495251,"NielsenHB_2014","IBD",7.3,5.5
"After","V1_UC14_1",-0.260582397011042,0.393892110115916,"NielsenHB_2014","IBD",7.3,5.5
"After","V1_UC15_0",0.207994358171901,-0.0689409425935557,"NielsenHB_2014","IBD",7.3,5.5
"After","V1_UC15_3",0.0101211402292345,-0.06798415129548,"NielsenHB_2014","IBD",7.3,5.5
"After","V1_UC16_0",0.177468476437855,0.0266850542523603,"NielsenHB_2014","Healthy",7.3,5.5
"After","V1_UC17_0",-0.0124323684372557,-0.167536617125588,"NielsenHB_2014","IBD",7.3,5.5
"After","V1_UC17_2",-0.0647584518344473,-0.135879450078138,"NielsenHB_2014","IBD",7.3,5.5
"After","V1_UC18_0",-0.223583872908219,0.151842428556537,"NielsenHB_2014","Healthy",7.3,5.5
"After","V1_UC19_0",-0.180913733437442,0.12844100603499,"NielsenHB_2014","Healthy",7.3,5.5
"After","V1_UC2_4",-0.0283493015009594,0.0162410061756256,"NielsenHB_2014","IBD",7.3,5.5
"After","V1_UC2_0",-0.0017344978485539,-0.0979247859377339,"NielsenHB_2014","IBD",7.3,5.5
"After","V1_UC21_0",0.0150809899041096,0.127004947006837,"NielsenHB_2014","IBD",7.3,5.5
"After","V1_UC21_4",-0.0145612541493675,0.107465792847251,"NielsenHB_2014","IBD",7.3,5.5
"After","V1_UC23_1",0.0156817987066021,0.00936097377896886,"NielsenHB_2014","IBD",7.3,5.5
"After","V1_UC23_0",-0.0970351396473526,0.096392715734933,"NielsenHB_2014","IBD",7.3,5.5
"After","V1_UC24_0",-0.135213673039176,-0.0794164656297514,"NielsenHB_2014","Healthy",7.3,5.5
"After","V1_UC25_0",0.365063984799307,0.225994338689294,"NielsenHB_2014","IBD",7.3,5.5
"After","V1_UC25_1",-0.117241563167648,-0.317966810224475,"NielsenHB_2014","IBD",7.3,5.5
"After","V1_UC26_0",0.169008143973621,-0.0460891436120147,"NielsenHB_2014","IBD",7.3,5.5
"After","V1_UC26_4",0.19369947037256,-0.00717678365020019,"NielsenHB_2014","IBD",7.3,5.5
"After","V1_UC27_0",0.0681794999385813,-0.14806400434105,"NielsenHB_2014","Healthy",7.3,5.5
"After","V1_UC28_0",0.180681161101505,0.169818616294135,"NielsenHB_2014","Healthy",7.3,5.5
"After","V1_UC29_0",-0.271604800294432,-0.00821822216914517,"NielsenHB_2014","Healthy",7.3,5.5
"After","V1_UC3_2",0.504300793738172,0.27545756951296,"NielsenHB_2014","IBD",7.3,5.5
"After","V1_UC3_0",0.468509171800668,0.230951947512401,"NielsenHB_2014","IBD",7.3,5.5
"After","V1_UC30_0",0.194902073441434,-0.0434242490013436,"NielsenHB_2014","Healthy",7.3,5.5
"After","V1_UC31_0",-0.0116103306566078,0.00283165200460865,"NielsenHB_2014","IBD",7.3,5.5
"After","V1_UC31_4",-0.158016063497875,0.00673864619813552,"NielsenHB_2014","IBD",7.3,5.5
"After","V1_UC32_0",0.0712953370812756,-0.24361381956529,"NielsenHB_2014","Healthy",7.3,5.5
"After","V1_UC33_0",0.164153299113762,-0.0895953002467489,"NielsenHB_2014","Healthy",7.3,5.5
"After","V1_UC34_0",0.113283565103358,-0.268758785212172,"NielsenHB_2014","Healthy",7.3,5.5
"After","V1_UC35_0",-0.105849812624797,-0.0516323935725678,"NielsenHB_2014","IBD",7.3,5.5
"After","V1_UC35_4",-0.136328107643157,-0.0958948639681452,"NielsenHB_2014","IBD",7.3,5.5
"After","V1_UC36_0",0.112623205017582,-0.0787998758951429,"NielsenHB_2014","Healthy",7.3,5.5
"After","V1_UC37_0",0.0750423692391573,-0.0790180286076645,"NielsenHB_2014","Healthy",7.3,5.5
"After","V1_UC38_0",0.163264980027175,0.133367116915043,"NielsenHB_2014","IBD",7.3,5.5
"After","V1_UC39_0",0.324144119374109,0.0106539085151096,"NielsenHB_2014","IBD",7.3,5.5
"After","V1_UC4_0",0.276469236406011,0.0278923458577393,"NielsenHB_2014","IBD",7.3,5.5
"After","V1_UC4_5",-0.00294114077183663,-0.104655816983114,"NielsenHB_2014","IBD",7.3,5.5
"After","V1_UC40_0",-0.0641937270853519,0.01069608652794,"NielsenHB_2014","IBD",7.3,5.5
"After","V1_UC41_0",0.0224815544121338,0.0160452559476749,"NielsenHB_2014","Healthy",7.3,5.5
"After","V1_UC42_0",-0.0759010731254598,-0.0595069737051397,"NielsenHB_2014","Healthy",7.3,5.5
"After","V1_UC43_0",0.161805475655187,-0.111101953723337,"NielsenHB_2014","Healthy",7.3,5.5
"After","V1_UC44_0",0.0736301972831501,0.166546563933512,"NielsenHB_2014","Healthy",7.3,5.5
"After","V1_UC45_0",0.0664653938141163,-0.161230679736391,"NielsenHB_2014","IBD",7.3,5.5
"After","V1_UC46_0",-0.253212337793815,0.118817556700311,"NielsenHB_2014","Healthy",7.3,5.5
"After","V1_UC47_0",-0.0451241333611104,-0.0252378961714768,"NielsenHB_2014","IBD",7.3,5.5
"After","V1_UC48_0",0.069729568840299,-0.222891412252793,"NielsenHB_2014","Healthy",7.3,5.5
"After","V1_UC49_0",0.0628913511021003,-0.216622005710333,"NielsenHB_2014","IBD",7.3,5.5
"After","V1_UC49_1",0.0786786493534539,-0.289420880193971,"NielsenHB_2014","IBD",7.3,5.5
"After","V1_UC5_0",-0.30388788437247,0.0800000831794445,"NielsenHB_2014","IBD",7.3,5.5
"After","V1_UC5_3",0.0791878784499639,-0.124494020609045,"NielsenHB_2014","IBD",7.3,5.5
"After","V1_UC50_1",0.0450799993334623,-0.254246788105703,"NielsenHB_2014","IBD",7.3,5.5
"After","V1_UC51_0",-0.149857145361133,-0.0247659053709579,"NielsenHB_2014","IBD",7.3,5.5
"After","V1_UC51_4",0.0116810317741832,-0.223697442078929,"NielsenHB_2014","IBD",7.3,5.5
"After","V1_UC52_0",-0.0295422349285451,-0.0376470424578153,"NielsenHB_2014","IBD",7.3,5.5
"After","V1_UC52_1",-0.089328179800527,-0.0676848010732194,"NielsenHB_2014","IBD",7.3,5.5
"After","V1_UC53_0",0.470109374001611,0.198653131436576,"NielsenHB_2014","IBD",7.3,5.5
"After","V1_UC53_4",0.50957948390926,0.311653257361912,"NielsenHB_2014","IBD",7.3,5.5
"After","V1_UC54_0",0.0392827197054644,-0.181749909951883,"NielsenHB_2014","IBD",7.3,5.5
"After","V1_UC55_0",0.177578407825545,-0.0911230843425216,"NielsenHB_2014","IBD",7.3,5.5
"After","V1_UC55_4",0.0294231384919477,-0.137182423855868,"NielsenHB_2014","IBD",7.3,5.5
"After","V1_UC56_0",0.494980890714714,0.308571195212641,"NielsenHB_2014","IBD",7.3,5.5
"After","V1_UC57_0",0.333267171787892,0.113415256020199,"NielsenHB_2014","Healthy",7.3,5.5
"After","V1_UC58_0",0.0381569364812328,-0.107887558563783,"NielsenHB_2014","IBD",7.3,5.5
"After","V1_UC6_0",0.0618060952984044,-0.205992454001112,"NielsenHB_2014","Healthy",7.3,5.5
"After","V1_UC61_0",-0.293787581722929,0.0487470457690591,"NielsenHB_2014","Healthy",7.3,5.5
"After","V1_UC62_0",-0.21601145332267,-0.0349270883471484,"NielsenHB_2014","Healthy",7.3,5.5
"After","V1_UC7_0",0.221025735762853,0.39045848439181,"NielsenHB_2014","Healthy",7.3,5.5
"After","V1_UC8_0",0.0234939516453706,-0.156841749578262,"NielsenHB_2014","Healthy",7.3,5.5
"After","V1_UC9_0",0.115278223385904,-0.0259543548760603,"NielsenHB_2014","Healthy",7.3,5.5
